date,district,state,latitude,longitude,temp_mean,temp_min,temp_max,rainfall,humidity
2023-01-01,Nashik,Maharashtra,19.9975,73.7898,23.42,19.34,28.11,0.0,53.77
2023-01-02,Nashik,Maharashtra,19.9975,73.7898,19.54,12.86,26.42,0.0,55.29
2023-01-03,Nashik,Maharashtra,19.9975,73.7898,17.71,13.16,24.85,0.0,54.44
2023-01-04,Nashik,Maharashtra,19.9975,73.7898,19.91,14.09,26.82,0.0,49.35
2023-01-05,Nashik,Maharashtra,19.9975,73.7898,20.32,16.17,24.87,0.0,61.87
2023-01-06,Nashik,Maharashtra,19.9975,73.7898,20.08,14.35,27.02,0.0,51.23
2023-01-07,Nashik,Maharashtra,19.9975,73.7898,18.01,11.15,23.38,0.0,43.05
2023-01-08,Nashik,Maharashtra,19.9975,73.7898,20.22,13.45,24.61,0.0,57.61
2023-01-09,Nashik,Maharashtra,19.9975,73.7898,20.8,16.32,25.9,0.0,51.98
2023-01-10,Nashik,Maharashtra,19.9975,73.7898,20.63,15.17,27.36,0.0,44.91
2023-01-11,Nashik,Maharashtra,19.9975,73.7898,18.82,13.32,23.37,0.0,51.18
2023-01-12,Nashik,Maharashtra,19.9975,73.7898,19.73,13.1,27.53,0.0,42.3
2023-01-13,Nashik,Maharashtra,19.9975,73.7898,22.59,17.62,27.06,0.0,46.34
2023-01-14,Nashik,Maharashtra,19.9975,73.7898,21.36,15.35,27.97,0.0,52.99
2023-01-15,Nashik,Maharashtra,19.9975,73.7898,18.64,12.66,24.76,0.0,53.66
2023-01-16,Nashik,Maharashtra,19.9975,73.7898,20.12,14.06,26.91,0.0,49.12
2023-01-17,Nashik,Maharashtra,19.9975,73.7898,18.8,14.65,26.41,0.0,45.55
2023-01-18,Nashik,Maharashtra,19.9975,73.7898,21.94,16.81,25.99,0.0,57.92
2023-01-19,Nashik,Maharashtra,19.9975,73.7898,21.17,15.04,27.87,0.0,37.15
2023-01-20,Nashik,Maharashtra,19.9975,73.7898,18.84,14.12,26.72,0.0,39.41
2023-01-21,Nashik,Maharashtra,19.9975,73.7898,19.84,13.64,27.49,0.0,52.91
2023-01-22,Nashik,Maharashtra,19.9975,73.7898,20.75,14.54,25.7,0.0,49.11
2023-01-23,Nashik,Maharashtra,19.9975,73.7898,19.37,14.77,26.22,0.0,58.44
2023-01-24,Nashik,Maharashtra,19.9975,73.7898,18.92,13.85,23.88,0.0,37.99
2023-01-25,Nashik,Maharashtra,19.9975,73.7898,22.02,16.93,27.44,0.0,43.31
2023-01-26,Nashik,Maharashtra,19.9975,73.7898,22.68,18.45,30.25,0.0,60.15
2023-01-27,Nashik,Maharashtra,19.9975,73.7898,19.16,13.03,26.69,0.0,51.52
2023-01-28,Nashik,Maharashtra,19.9975,73.7898,20.65,14.91,26.09,0.0,48.57
2023-01-29,Nashik,Maharashtra,19.9975,73.7898,21.11,16.98,28.65,0.0,45.75
2023-01-30,Nashik,Maharashtra,19.9975,73.7898,21.19,14.21,25.44,0.0,50.98
2023-01-31,Nashik,Maharashtra,19.9975,73.7898,21.04,15.4,26.1,0.0,50.16
2023-02-01,Nashik,Maharashtra,19.9975,73.7898,22.89,17.36,27.78,0.0,46.28
2023-02-02,Nashik,Maharashtra,19.9975,73.7898,20.65,15.74,27.09,0.0,51.46
2023-02-03,Nashik,Maharashtra,19.9975,73.7898,21.49,14.88,29.06,0.0,46.63
2023-02-04,Nashik,Maharashtra,19.9975,73.7898,20.14,15.65,24.88,0.0,54.68
2023-02-05,Nashik,Maharashtra,19.9975,73.7898,20.53,13.78,26.94,0.0,51.28
2023-02-06,Nashik,Maharashtra,19.9975,73.7898,19.26,13.33,26.49,0.0,40.87
2023-02-07,Nashik,Maharashtra,19.9975,73.7898,19.7,15.09,26.22,5.47,62.3
2023-02-08,Nashik,Maharashtra,19.9975,73.7898,17.78,12.51,22.84,0.0,52.69
2023-02-09,Nashik,Maharashtra,19.9975,73.7898,17.26,13.06,23.75,0.0,59.14
2023-02-10,Nashik,Maharashtra,19.9975,73.7898,22.86,16.67,27.46,0.0,46.97
2023-02-11,Nashik,Maharashtra,19.9975,73.7898,20.49,15.17,26.97,0.0,44.33
2023-02-12,Nashik,Maharashtra,19.9975,73.7898,18.77,12.99,23.5,0.0,44.76
2023-02-13,Nashik,Maharashtra,19.9975,73.7898,21.46,15.65,27.43,0.0,51.72
2023-02-14,Nashik,Maharashtra,19.9975,73.7898,20.18,15.41,25.11,0.0,43.81
2023-02-15,Nashik,Maharashtra,19.9975,73.7898,20.79,16.7,27.16,0.0,54.13
2023-02-16,Nashik,Maharashtra,19.9975,73.7898,20.36,15.42,27.79,0.0,50.02
2023-02-17,Nashik,Maharashtra,19.9975,73.7898,23.04,16.45,30.38,0.0,54.17
2023-02-18,Nashik,Maharashtra,19.9975,73.7898,19.8,13.32,26.08,0.0,43.42
2023-02-19,Nashik,Maharashtra,19.9975,73.7898,22.57,15.88,29.59,0.0,47.31
2023-02-20,Nashik,Maharashtra,19.9975,73.7898,21.6,16.84,27.79,0.22,46.1
2023-02-21,Nashik,Maharashtra,19.9975,73.7898,20.71,14.98,25.54,0.0,44.68
2023-02-22,Nashik,Maharashtra,19.9975,73.7898,22.27,15.99,30.26,0.0,43.54
2023-02-23,Nashik,Maharashtra,19.9975,73.7898,19.61,13.38,24.9,0.0,42.97
2023-02-24,Nashik,Maharashtra,19.9975,73.7898,20.34,15.98,26.62,0.0,59.62
2023-02-25,Nashik,Maharashtra,19.9975,73.7898,22.29,16.96,28.82,0.0,49.69
2023-02-26,Nashik,Maharashtra,19.9975,73.7898,23.4,16.94,28.65,0.0,55.58
2023-02-27,Nashik,Maharashtra,19.9975,73.7898,21.01,15.24,28.55,0.0,39.16
2023-02-28,Nashik,Maharashtra,19.9975,73.7898,20.67,14.21,26.76,0.0,48.48
2023-03-01,Nashik,Maharashtra,19.9975,73.7898,23.4,16.72,29.53,0.0,57.65
2023-03-02,Nashik,Maharashtra,19.9975,73.7898,20.91,14.92,26.82,0.0,45.68
2023-03-03,Nashik,Maharashtra,19.9975,73.7898,21.86,17.48,29.4,0.0,61.25
2023-03-04,Nashik,Maharashtra,19.9975,73.7898,22.93,16.12,29.25,0.0,49.16
2023-03-05,Nashik,Maharashtra,19.9975,73.7898,21.74,16.41,26.22,0.0,61.9
2023-03-06,Nashik,Maharashtra,19.9975,73.7898,20.78,15.87,28.34,0.3,34.59
2023-03-07,Nashik,Maharashtra,19.9975,73.7898,21.05,14.51,26.3,0.0,60.3
2023-03-08,Nashik,Maharashtra,19.9975,73.7898,22.01,17.03,29.68,0.0,62.87
2023-03-09,Nashik,Maharashtra,19.9975,73.7898,21.79,16.23,27.93,0.0,54.12
2023-03-10,Nashik,Maharashtra,19.9975,73.7898,22.56,18.46,27.99,0.0,51.19
2023-03-11,Nashik,Maharashtra,19.9975,73.7898,22.75,18.75,29.53,0.0,48.56
2023-03-12,Nashik,Maharashtra,19.9975,73.7898,23.2,16.63,30.05,0.0,42.32
2023-03-13,Nashik,Maharashtra,19.9975,73.7898,22.21,17.02,26.62,1.77,61.73
2023-03-14,Nashik,Maharashtra,19.9975,73.7898,20.95,15.29,27.71,3.09,56.35
2023-03-15,Nashik,Maharashtra,19.9975,73.7898,23.39,19.19,28.86,0.0,53.51
2023-03-16,Nashik,Maharashtra,19.9975,73.7898,21.45,14.76,29.2,0.0,47.71
2023-03-17,Nashik,Maharashtra,19.9975,73.7898,24.7,19.53,29.88,0.0,50.37
2023-03-18,Nashik,Maharashtra,19.9975,73.7898,23.82,19.77,28.85,2.28,49.56
2023-03-19,Nashik,Maharashtra,19.9975,73.7898,23.86,17.12,29.31,0.0,52.76
2023-03-20,Nashik,Maharashtra,19.9975,73.7898,23.94,18.93,30.72,0.0,54.19
2023-03-21,Nashik,Maharashtra,19.9975,73.7898,23.59,18.56,28.85,0.0,47.02
2023-03-22,Nashik,Maharashtra,19.9975,73.7898,24.38,17.41,29.3,0.0,60.55
2023-03-23,Nashik,Maharashtra,19.9975,73.7898,24.69,18.37,31.72,0.0,55.92
2023-03-24,Nashik,Maharashtra,19.9975,73.7898,21.4,15.95,27.72,0.0,42.12
2023-03-25,Nashik,Maharashtra,19.9975,73.7898,23.92,18.78,31.9,0.0,53.83
2023-03-26,Nashik,Maharashtra,19.9975,73.7898,26.01,21.97,32.31,0.0,42.12
2023-03-27,Nashik,Maharashtra,19.9975,73.7898,22.29,17.81,27.69,0.0,44.23
2023-03-28,Nashik,Maharashtra,19.9975,73.7898,24.32,20.1,29.81,0.0,50.93
2023-03-29,Nashik,Maharashtra,19.9975,73.7898,24.88,20.83,31.93,0.0,49.97
2023-03-30,Nashik,Maharashtra,19.9975,73.7898,23.26,17.36,28.65,0.0,50.73
2023-03-31,Nashik,Maharashtra,19.9975,73.7898,23.57,18.32,28.64,0.0,51.09
2023-04-01,Nashik,Maharashtra,19.9975,73.7898,24.94,19.56,29.56,0.0,57.64
2023-04-02,Nashik,Maharashtra,19.9975,73.7898,27.93,23.83,34.56,0.0,50.25
2023-04-03,Nashik,Maharashtra,19.9975,73.7898,26.64,21.21,33.29,0.0,58.88
2023-04-04,Nashik,Maharashtra,19.9975,73.7898,24.14,19.29,29.29,0.0,55.94
2023-04-05,Nashik,Maharashtra,19.9975,73.7898,24.81,17.9,29.39,0.0,50.19
2023-04-06,Nashik,Maharashtra,19.9975,73.7898,23.81,19.39,30.24,0.0,50.87
2023-04-07,Nashik,Maharashtra,19.9975,73.7898,24.22,19.4,28.67,0.0,44.18
2023-04-08,Nashik,Maharashtra,19.9975,73.7898,23.71,19.42,29.32,0.0,54.64
2023-04-09,Nashik,Maharashtra,19.9975,73.7898,25.58,19.0,33.05,0.0,46.68
2023-04-10,Nashik,Maharashtra,19.9975,73.7898,26.74,20.32,33.77,0.0,62.98
2023-04-11,Nashik,Maharashtra,19.9975,73.7898,23.35,17.5,29.93,0.0,49.21
2023-04-12,Nashik,Maharashtra,19.9975,73.7898,25.82,19.5,31.04,0.0,52.87
2023-04-13,Nashik,Maharashtra,19.9975,73.7898,27.02,22.99,31.77,1.07,44.49
2023-04-14,Nashik,Maharashtra,19.9975,73.7898,24.21,17.52,31.57,0.0,49.95
2023-04-15,Nashik,Maharashtra,19.9975,73.7898,26.98,22.28,32.17,0.0,49.75
2023-04-16,Nashik,Maharashtra,19.9975,73.7898,25.53,20.1,31.78,0.0,53.54
2023-04-17,Nashik,Maharashtra,19.9975,73.7898,25.04,19.18,32.05,0.0,58.75
2023-04-18,Nashik,Maharashtra,19.9975,73.7898,25.63,18.64,31.62,0.0,48.34
2023-04-19,Nashik,Maharashtra,19.9975,73.7898,26.14,20.98,31.92,0.0,53.97
2023-04-20,Nashik,Maharashtra,19.9975,73.7898,24.72,17.76,28.88,0.0,54.48
2023-04-21,Nashik,Maharashtra,19.9975,73.7898,27.6,20.63,33.59,0.0,51.85
2023-04-22,Nashik,Maharashtra,19.9975,73.7898,25.45,18.68,29.81,0.0,53.76
2023-04-23,Nashik,Maharashtra,19.9975,73.7898,27.39,20.7,32.12,0.0,56.65
2023-04-24,Nashik,Maharashtra,19.9975,73.7898,25.14,19.95,33.05,0.0,43.26
2023-04-25,Nashik,Maharashtra,19.9975,73.7898,24.21,18.49,30.08,0.0,42.8
2023-04-26,Nashik,Maharashtra,19.9975,73.7898,27.52,22.49,33.44,0.0,53.49
2023-04-27,Nashik,Maharashtra,19.9975,73.7898,27.5,20.55,34.87,0.0,62.23
2023-04-28,Nashik,Maharashtra,19.9975,73.7898,28.72,23.28,34.4,0.0,41.76
2023-04-29,Nashik,Maharashtra,19.9975,73.7898,27.37,21.56,32.79,0.0,50.42
2023-04-30,Nashik,Maharashtra,19.9975,73.7898,25.73,20.7,32.78,0.0,45.39
2023-05-01,Nashik,Maharashtra,19.9975,73.7898,27.83,21.5,33.83,0.0,45.92
2023-05-02,Nashik,Maharashtra,19.9975,73.7898,24.79,20.74,31.31,0.0,62.12
2023-05-03,Nashik,Maharashtra,19.9975,73.7898,27.06,22.6,32.07,0.0,57.87
2023-05-04,Nashik,Maharashtra,19.9975,73.7898,29.99,25.18,35.46,0.0,44.16
2023-05-05,Nashik,Maharashtra,19.9975,73.7898,26.73,22.48,31.22,0.0,51.04
2023-05-06,Nashik,Maharashtra,19.9975,73.7898,25.84,19.46,32.98,0.0,58.73
2023-05-07,Nashik,Maharashtra,19.9975,73.7898,26.78,21.26,33.22,0.0,48.13
2023-05-08,Nashik,Maharashtra,19.9975,73.7898,26.53,21.54,31.19,0.0,53.17
2023-05-09,Nashik,Maharashtra,19.9975,73.7898,27.96,22.13,32.98,0.0,47.75
2023-05-10,Nashik,Maharashtra,19.9975,73.7898,27.74,20.88,34.28,0.0,43.85
2023-05-11,Nashik,Maharashtra,19.9975,73.7898,27.28,20.96,34.35,0.0,59.36
2023-05-12,Nashik,Maharashtra,19.9975,73.7898,29.78,23.9,37.58,0.0,56.55
2023-05-13,Nashik,Maharashtra,19.9975,73.7898,27.42,22.82,32.88,0.0,55.74
2023-05-14,Nashik,Maharashtra,19.9975,73.7898,30.66,25.41,37.04,0.0,40.17
2023-05-15,Nashik,Maharashtra,19.9975,73.7898,25.69,19.62,30.88,0.0,54.17
2023-05-16,Nashik,Maharashtra,19.9975,73.7898,28.51,23.08,36.01,0.0,59.29
2023-05-17,Nashik,Maharashtra,19.9975,73.7898,28.13,21.15,35.66,0.0,51.91
2023-05-18,Nashik,Maharashtra,19.9975,73.7898,30.39,26.21,38.29,0.0,46.4
2023-05-19,Nashik,Maharashtra,19.9975,73.7898,29.28,24.78,37.12,0.0,48.05
2023-05-20,Nashik,Maharashtra,19.9975,73.7898,28.21,23.51,32.38,0.0,52.6
2023-05-21,Nashik,Maharashtra,19.9975,73.7898,31.35,25.69,35.9,0.0,41.74
2023-05-22,Nashik,Maharashtra,19.9975,73.7898,30.97,26.38,36.25,0.0,53.22
2023-05-23,Nashik,Maharashtra,19.9975,73.7898,28.23,21.52,35.42,0.0,62.48
2023-05-24,Nashik,Maharashtra,19.9975,73.7898,29.94,24.63,36.12,0.0,39.27
2023-05-25,Nashik,Maharashtra,19.9975,73.7898,29.62,25.21,34.49,0.0,51.08
2023-05-26,Nashik,Maharashtra,19.9975,73.7898,28.95,24.85,36.26,0.0,49.82
2023-05-27,Nashik,Maharashtra,19.9975,73.7898,29.73,23.23,37.22,0.0,46.86
2023-05-28,Nashik,Maharashtra,19.9975,73.7898,32.49,27.87,37.13,0.0,51.63
2023-05-29,Nashik,Maharashtra,19.9975,73.7898,29.17,24.94,35.91,0.0,44.96
2023-05-30,Nashik,Maharashtra,19.9975,73.7898,27.8,21.2,32.3,0.0,82.31
2023-05-31,Nashik,Maharashtra,19.9975,73.7898,28.47,21.83,34.93,6.77,84.55
2023-06-01,Nashik,Maharashtra,19.9975,73.7898,27.8,21.18,33.11,48.22,77.78
2023-06-02,Nashik,Maharashtra,19.9975,73.7898,31.41,24.41,38.96,41.99,76.24
2023-06-03,Nashik,Maharashtra,19.9975,73.7898,31.15,25.43,37.57,0.0,72.3
2023-06-04,Nashik,Maharashtra,19.9975,73.7898,30.92,24.49,37.4,0.12,88.05
2023-06-05,Nashik,Maharashtra,19.9975,73.7898,31.84,27.58,36.26,0.0,83.05
2023-06-06,Nashik,Maharashtra,19.9975,73.7898,29.31,23.35,35.12,0.0,75.56
2023-06-07,Nashik,Maharashtra,19.9975,73.7898,30.49,24.64,37.15,14.38,82.91
2023-06-08,Nashik,Maharashtra,19.9975,73.7898,31.84,25.72,39.68,2.58,85.83
2023-06-09,Nashik,Maharashtra,19.9975,73.7898,31.11,26.91,36.2,0.0,75.72
2023-06-10,Nashik,Maharashtra,19.9975,73.7898,31.66,27.38,36.34,32.64,77.32
2023-06-11,Nashik,Maharashtra,19.9975,73.7898,30.96,25.49,35.29,0.0,82.24
2023-06-12,Nashik,Maharashtra,19.9975,73.7898,29.04,24.03,33.71,0.0,76.6
2023-06-13,Nashik,Maharashtra,19.9975,73.7898,32.75,28.32,40.57,0.0,82.21
2023-06-14,Nashik,Maharashtra,19.9975,73.7898,31.69,25.62,37.65,10.69,84.16
2023-06-15,Nashik,Maharashtra,19.9975,73.7898,30.43,23.51,34.52,7.02,75.63
2023-06-16,Nashik,Maharashtra,19.9975,73.7898,32.42,28.11,39.0,6.13,95.21
2023-06-17,Nashik,Maharashtra,19.9975,73.7898,29.56,24.47,36.94,37.56,82.74
2023-06-18,Nashik,Maharashtra,19.9975,73.7898,29.16,25.14,34.23,0.0,94.58
2023-06-19,Nashik,Maharashtra,19.9975,73.7898,32.25,26.39,37.65,0.0,74.95
2023-06-20,Nashik,Maharashtra,19.9975,73.7898,32.36,27.75,38.35,4.94,80.43
2023-06-21,Nashik,Maharashtra,19.9975,73.7898,33.73,28.42,39.58,0.0,79.47
2023-06-22,Nashik,Maharashtra,19.9975,73.7898,30.38,24.95,35.62,21.95,92.18
2023-06-23,Nashik,Maharashtra,19.9975,73.7898,31.43,25.53,36.63,0.0,86.85
2023-06-24,Nashik,Maharashtra,19.9975,73.7898,31.13,26.38,36.69,3.25,89.12
2023-06-25,Nashik,Maharashtra,19.9975,73.7898,32.5,25.97,38.86,0.0,86.96
2023-06-26,Nashik,Maharashtra,19.9975,73.7898,31.33,26.87,36.71,0.0,78.54
2023-06-27,Nashik,Maharashtra,19.9975,73.7898,30.94,24.63,38.69,4.75,87.53
2023-06-28,Nashik,Maharashtra,19.9975,73.7898,31.83,26.86,39.1,3.95,98.0
2023-06-29,Nashik,Maharashtra,19.9975,73.7898,31.77,25.28,36.93,26.97,89.49
2023-06-30,Nashik,Maharashtra,19.9975,73.7898,32.7,28.04,38.72,0.0,82.16
2023-07-01,Nashik,Maharashtra,19.9975,73.7898,29.35,22.59,36.93,5.42,85.3
2023-07-02,Nashik,Maharashtra,19.9975,73.7898,31.17,25.82,36.26,0.0,86.7
2023-07-03,Nashik,Maharashtra,19.9975,73.7898,32.12,27.27,40.1,0.0,84.97
2023-07-04,Nashik,Maharashtra,19.9975,73.7898,28.27,21.47,35.82,0.0,81.79
2023-07-05,Nashik,Maharashtra,19.9975,73.7898,32.55,25.74,40.1,34.89,84.87
2023-07-06,Nashik,Maharashtra,19.9975,73.7898,33.15,27.89,37.52,7.74,87.15
2023-07-07,Nashik,Maharashtra,19.9975,73.7898,31.66,26.18,39.44,0.0,90.65
2023-07-08,Nashik,Maharashtra,19.9975,73.7898,32.97,26.76,39.19,0.0,90.15
2023-07-09,Nashik,Maharashtra,19.9975,73.7898,29.86,25.63,37.73,28.66,84.67
2023-07-10,Nashik,Maharashtra,19.9975,73.7898,30.09,23.86,38.03,0.0,84.25
2023-07-11,Nashik,Maharashtra,19.9975,73.7898,31.77,26.37,39.24,0.0,81.07
2023-07-12,Nashik,Maharashtra,19.9975,73.7898,32.84,28.45,39.08,24.94,87.54
2023-07-13,Nashik,Maharashtra,19.9975,73.7898,31.26,25.58,38.11,14.48,84.93
2023-07-14,Nashik,Maharashtra,19.9975,73.7898,34.35,28.6,40.63,0.0,88.54
2023-07-15,Nashik,Maharashtra,19.9975,73.7898,30.92,25.2,35.49,0.0,78.03
2023-07-16,Nashik,Maharashtra,19.9975,73.7898,29.61,24.53,33.71,0.0,88.0
2023-07-17,Nashik,Maharashtra,19.9975,73.7898,30.08,23.45,35.58,4.49,89.11
2023-07-18,Nashik,Maharashtra,19.9975,73.7898,30.2,23.57,37.69,11.68,88.2
2023-07-19,Nashik,Maharashtra,19.9975,73.7898,31.09,26.82,38.62,0.0,85.66
2023-07-20,Nashik,Maharashtra,19.9975,73.7898,31.36,27.16,36.76,39.73,86.39
2023-07-21,Nashik,Maharashtra,19.9975,73.7898,33.61,28.35,37.63,2.36,85.57
2023-07-22,Nashik,Maharashtra,19.9975,73.7898,32.39,27.23,38.7,6.57,83.16
2023-07-23,Nashik,Maharashtra,19.9975,73.7898,31.99,25.1,39.06,0.0,74.08
2023-07-24,Nashik,Maharashtra,19.9975,73.7898,31.11,25.33,37.99,0.0,80.11
2023-07-25,Nashik,Maharashtra,19.9975,73.7898,34.52,29.49,42.37,0.0,84.89
2023-07-26,Nashik,Maharashtra,19.9975,73.7898,33.11,28.36,40.28,8.9,88.77
2023-07-27,Nashik,Maharashtra,19.9975,73.7898,31.75,26.03,39.12,0.0,77.64
2023-07-28,Nashik,Maharashtra,19.9975,73.7898,31.61,27.13,38.66,0.0,89.41
2023-07-29,Nashik,Maharashtra,19.9975,73.7898,31.66,26.52,36.31,0.0,79.88
2023-07-30,Nashik,Maharashtra,19.9975,73.7898,31.54,25.56,38.43,0.0,77.91
2023-07-31,Nashik,Maharashtra,19.9975,73.7898,30.6,23.73,36.76,0.0,81.94
2023-08-01,Nashik,Maharashtra,19.9975,73.7898,31.6,25.47,38.21,0.0,86.23
2023-08-02,Nashik,Maharashtra,19.9975,73.7898,32.24,28.0,37.95,0.0,93.38
2023-08-03,Nashik,Maharashtra,19.9975,73.7898,31.84,26.41,38.81,0.0,68.51
2023-08-04,Nashik,Maharashtra,19.9975,73.7898,33.18,27.58,39.43,0.0,90.19
2023-08-05,Nashik,Maharashtra,19.9975,73.7898,31.79,26.06,36.05,0.0,74.68
2023-08-06,Nashik,Maharashtra,19.9975,73.7898,32.72,25.89,40.23,0.0,80.72
2023-08-07,Nashik,Maharashtra,19.9975,73.7898,31.04,26.51,36.13,0.0,80.41
2023-08-08,Nashik,Maharashtra,19.9975,73.7898,30.82,23.85,37.67,31.65,86.79
2023-08-09,Nashik,Maharashtra,19.9975,73.7898,32.72,27.14,38.34,0.0,89.26
2023-08-10,Nashik,Maharashtra,19.9975,73.7898,30.2,25.42,37.45,17.98,78.83
2023-08-11,Nashik,Maharashtra,19.9975,73.7898,29.71,24.38,34.78,0.0,75.32
2023-08-12,Nashik,Maharashtra,19.9975,73.7898,30.49,26.3,38.1,1.0,85.35
2023-08-13,Nashik,Maharashtra,19.9975,73.7898,31.87,27.1,36.34,17.31,84.36
2023-08-14,Nashik,Maharashtra,19.9975,73.7898,31.07,24.42,36.86,0.0,82.05
2023-08-15,Nashik,Maharashtra,19.9975,73.7898,30.79,25.06,34.94,0.0,86.19
2023-08-16,Nashik,Maharashtra,19.9975,73.7898,31.78,26.59,37.45,14.64,83.96
2023-08-17,Nashik,Maharashtra,19.9975,73.7898,29.62,23.14,34.59,19.31,87.55
2023-08-18,Nashik,Maharashtra,19.9975,73.7898,30.7,25.78,34.71,5.79,81.81
2023-08-19,Nashik,Maharashtra,19.9975,73.7898,30.64,25.37,36.14,12.69,76.3
2023-08-20,Nashik,Maharashtra,19.9975,73.7898,30.34,23.82,34.7,0.66,85.3
2023-08-21,Nashik,Maharashtra,19.9975,73.7898,29.93,24.32,37.24,7.75,80.01
2023-08-22,Nashik,Maharashtra,19.9975,73.7898,28.4,21.97,32.41,5.03,94.57
2023-08-23,Nashik,Maharashtra,19.9975,73.7898,30.35,24.91,37.45,0.0,85.7
2023-08-24,Nashik,Maharashtra,19.9975,73.7898,32.32,27.18,36.71,0.0,88.15
2023-08-25,Nashik,Maharashtra,19.9975,73.7898,30.26,24.23,37.55,23.8,80.84
2023-08-26,Nashik,Maharashtra,19.9975,73.7898,30.37,24.35,37.73,0.0,81.71
2023-08-27,Nashik,Maharashtra,19.9975,73.7898,32.02,27.78,39.42,0.0,82.16
2023-08-28,Nashik,Maharashtra,19.9975,73.7898,31.06,26.95,37.74,6.41,88.25
2023-08-29,Nashik,Maharashtra,19.9975,73.7898,30.3,25.52,34.71,0.0,81.34
2023-08-30,Nashik,Maharashtra,19.9975,73.7898,29.48,25.05,36.35,29.15,75.1
2023-08-31,Nashik,Maharashtra,19.9975,73.7898,31.62,27.19,36.27,2.46,84.27
2023-09-01,Nashik,Maharashtra,19.9975,73.7898,31.18,26.51,35.53,3.54,88.07
2023-09-02,Nashik,Maharashtra,19.9975,73.7898,29.48,24.15,36.84,0.0,77.36
2023-09-03,Nashik,Maharashtra,19.9975,73.7898,32.09,27.45,37.96,11.65,81.31
2023-09-04,Nashik,Maharashtra,19.9975,73.7898,28.26,21.87,32.6,0.0,81.09
2023-09-05,Nashik,Maharashtra,19.9975,73.7898,30.38,24.18,34.9,3.98,87.87
2023-09-06,Nashik,Maharashtra,19.9975,73.7898,28.78,22.05,35.25,0.0,82.36
2023-09-07,Nashik,Maharashtra,19.9975,73.7898,29.56,25.38,36.97,0.0,88.05
2023-09-08,Nashik,Maharashtra,19.9975,73.7898,31.33,26.34,39.25,14.92,83.18
2023-09-09,Nashik,Maharashtra,19.9975,73.7898,30.58,25.12,37.42,6.66,92.05
2023-09-10,Nashik,Maharashtra,19.9975,73.7898,28.97,23.99,34.67,0.0,74.85
2023-09-11,Nashik,Maharashtra,19.9975,73.7898,30.09,25.75,37.25,0.0,84.68
2023-09-12,Nashik,Maharashtra,19.9975,73.7898,28.9,23.12,33.38,0.0,87.22
2023-09-13,Nashik,Maharashtra,19.9975,73.7898,29.42,22.81,37.15,0.0,89.19
2023-09-14,Nashik,Maharashtra,19.9975,73.7898,30.61,24.52,38.3,0.0,86.04
2023-09-15,Nashik,Maharashtra,19.9975,73.7898,28.86,23.24,36.28,11.06,80.01
2023-09-16,Nashik,Maharashtra,19.9975,73.7898,31.77,25.47,38.82,5.16,94.34
2023-09-17,Nashik,Maharashtra,19.9975,73.7898,27.92,22.77,34.88,0.0,94.78
2023-09-18,Nashik,Maharashtra,19.9975,73.7898,29.2,24.54,33.32,2.41,88.21
2023-09-19,Nashik,Maharashtra,19.9975,73.7898,28.46,23.69,35.39,0.0,90.07
2023-09-20,Nashik,Maharashtra,19.9975,73.7898,29.37,22.59,34.39,0.0,81.5
2023-09-21,Nashik,Maharashtra,19.9975,73.7898,28.42,21.91,33.73,24.06,86.92
2023-09-22,Nashik,Maharashtra,19.9975,73.7898,28.38,24.01,34.35,0.0,85.06
2023-09-23,Nashik,Maharashtra,19.9975,73.7898,29.67,24.99,34.97,0.0,82.74
2023-09-24,Nashik,Maharashtra,19.9975,73.7898,30.7,26.43,36.87,0.0,79.79
2023-09-25,Nashik,Maharashtra,19.9975,73.7898,27.8,23.69,35.05,8.45,79.67
2023-09-26,Nashik,Maharashtra,19.9975,73.7898,26.94,22.85,32.37,0.0,87.82
2023-09-27,Nashik,Maharashtra,19.9975,73.7898,28.42,24.14,33.27,0.0,81.0
2023-09-28,Nashik,Maharashtra,19.9975,73.7898,26.85,20.16,33.81,0.0,55.26
2023-09-29,Nashik,Maharashtra,19.9975,73.7898,27.96,20.99,33.44,0.0,46.72
2023-09-30,Nashik,Maharashtra,19.9975,73.7898,29.56,25.4,35.06,0.0,52.16
2023-10-01,Nashik,Maharashtra,19.9975,73.7898,28.96,24.67,36.54,0.0,44.61
2023-10-02,Nashik,Maharashtra,19.9975,73.7898,26.81,20.3,33.75,0.0,54.19
2023-10-03,Nashik,Maharashtra,19.9975,73.7898,28.51,23.36,35.61,0.0,44.1
2023-10-04,Nashik,Maharashtra,19.9975,73.7898,28.01,22.81,32.58,0.0,62.45
2023-10-05,Nashik,Maharashtra,19.9975,73.7898,25.9,21.67,31.01,0.0,60.11
2023-10-06,Nashik,Maharashtra,19.9975,73.7898,27.97,23.48,33.92,0.0,61.0
2023-10-07,Nashik,Maharashtra,19.9975,73.7898,27.04,21.42,33.1,0.0,69.63
2023-10-08,Nashik,Maharashtra,19.9975,73.7898,28.49,22.86,34.24,0.0,46.82
2023-10-09,Nashik,Maharashtra,19.9975,73.7898,24.65,18.69,29.13,0.0,55.3
2023-10-10,Nashik,Maharashtra,19.9975,73.7898,26.33,19.67,31.58,0.0,56.0
2023-10-11,Nashik,Maharashtra,19.9975,73.7898,27.08,21.5,32.01,0.0,53.98
2023-10-12,Nashik,Maharashtra,19.9975,73.7898,26.88,21.13,33.4,0.0,37.5
2023-10-13,Nashik,Maharashtra,19.9975,73.7898,27.15,22.03,33.92,0.0,46.7
2023-10-14,Nashik,Maharashtra,19.9975,73.7898,25.56,19.23,30.13,0.0,46.3
2023-10-15,Nashik,Maharashtra,19.9975,73.7898,26.66,19.79,30.99,0.0,49.89
2023-10-16,Nashik,Maharashtra,19.9975,73.7898,25.95,19.33,30.17,0.0,46.89
2023-10-17,Nashik,Maharashtra,19.9975,73.7898,27.75,21.99,35.06,0.0,53.32
2023-10-18,Nashik,Maharashtra,19.9975,73.7898,26.74,19.98,34.08,0.0,45.55
2023-10-19,Nashik,Maharashtra,19.9975,73.7898,22.82,17.87,29.65,0.0,54.12
2023-10-20,Nashik,Maharashtra,19.9975,73.7898,24.73,19.28,32.27,0.0,49.9
2023-10-21,Nashik,Maharashtra,19.9975,73.7898,24.6,19.15,29.59,0.0,58.25
2023-10-22,Nashik,Maharashtra,19.9975,73.7898,25.21,19.22,33.18,0.0,50.01
2023-10-23,Nashik,Maharashtra,19.9975,73.7898,25.11,18.22,32.08,0.0,49.31
2023-10-24,Nashik,Maharashtra,19.9975,73.7898,27.94,22.52,35.62,0.0,48.41
2023-10-25,Nashik,Maharashtra,19.9975,73.7898,24.68,20.36,30.16,0.0,51.48
2023-10-26,Nashik,Maharashtra,19.9975,73.7898,26.25,19.89,31.22,0.0,56.49
2023-10-27,Nashik,Maharashtra,19.9975,73.7898,26.34,21.46,30.61,0.0,56.49
2023-10-28,Nashik,Maharashtra,19.9975,73.7898,25.21,19.9,32.02,0.0,47.37
2023-10-29,Nashik,Maharashtra,19.9975,73.7898,23.57,17.55,29.96,0.0,43.67
2023-10-30,Nashik,Maharashtra,19.9975,73.7898,22.08,15.33,28.91,0.0,47.24
2023-10-31,Nashik,Maharashtra,19.9975,73.7898,22.87,16.67,28.62,0.0,55.42
2023-11-01,Nashik,Maharashtra,19.9975,73.7898,24.03,19.42,28.68,0.0,49.72
2023-11-02,Nashik,Maharashtra,19.9975,73.7898,23.55,17.69,28.88,0.0,50.36
2023-11-03,Nashik,Maharashtra,19.9975,73.7898,23.52,18.02,29.01,0.0,42.62
2023-11-04,Nashik,Maharashtra,19.9975,73.7898,22.73,15.95,27.87,0.0,51.13
2023-11-05,Nashik,Maharashtra,19.9975,73.7898,22.83,18.06,27.49,0.0,45.8
2023-11-06,Nashik,Maharashtra,19.9975,73.7898,24.97,20.13,31.97,0.0,59.08
2023-11-07,Nashik,Maharashtra,19.9975,73.7898,24.52,19.16,31.08,0.0,46.51
2023-11-08,Nashik,Maharashtra,19.9975,73.7898,25.62,19.26,30.4,0.0,45.01
2023-11-09,Nashik,Maharashtra,19.9975,73.7898,23.38,17.39,31.07,0.0,55.2
2023-11-10,Nashik,Maharashtra,19.9975,73.7898,23.38,18.71,28.01,0.0,36.85
2023-11-11,Nashik,Maharashtra,19.9975,73.7898,21.65,16.21,26.88,0.0,42.67
2023-11-12,Nashik,Maharashtra,19.9975,73.7898,23.23,16.91,27.92,0.0,54.59
2023-11-13,Nashik,Maharashtra,19.9975,73.7898,23.95,17.99,29.89,0.0,49.44
2023-11-14,Nashik,Maharashtra,19.9975,73.7898,23.5,18.8,29.62,0.0,56.79
2023-11-15,Nashik,Maharashtra,19.9975,73.7898,20.91,13.95,27.24,0.0,44.97
2023-11-16,Nashik,Maharashtra,19.9975,73.7898,23.15,19.07,30.99,0.0,49.29
2023-11-17,Nashik,Maharashtra,19.9975,73.7898,22.72,15.93,28.0,0.0,48.05
2023-11-18,Nashik,Maharashtra,19.9975,73.7898,22.65,17.62,26.98,0.0,44.9
2023-11-19,Nashik,Maharashtra,19.9975,73.7898,21.81,17.53,27.09,0.0,48.94
2023-11-20,Nashik,Maharashtra,19.9975,73.7898,21.48,15.35,27.49,0.0,37.28
2023-11-21,Nashik,Maharashtra,19.9975,73.7898,21.54,16.7,29.23,0.0,47.29
2023-11-22,Nashik,Maharashtra,19.9975,73.7898,24.24,19.78,32.05,0.0,54.46
2023-11-23,Nashik,Maharashtra,19.9975,73.7898,22.87,17.99,30.5,0.0,46.05
2023-11-24,Nashik,Maharashtra,19.9975,73.7898,24.15,18.81,31.28,0.0,45.37
2023-11-25,Nashik,Maharashtra,19.9975,73.7898,22.16,15.75,27.0,0.0,50.02
2023-11-26,Nashik,Maharashtra,19.9975,73.7898,21.76,15.07,28.43,0.0,47.51
2023-11-27,Nashik,Maharashtra,19.9975,73.7898,23.05,16.11,29.42,1.76,51.46
2023-11-28,Nashik,Maharashtra,19.9975,73.7898,21.8,16.81,28.32,0.0,57.28
2023-11-29,Nashik,Maharashtra,19.9975,73.7898,20.98,16.41,26.43,0.0,44.32
2023-11-30,Nashik,Maharashtra,19.9975,73.7898,21.63,16.8,25.84,0.0,60.7
2023-12-01,Nashik,Maharashtra,19.9975,73.7898,23.11,19.1,29.36,0.0,53.98
2023-12-02,Nashik,Maharashtra,19.9975,73.7898,21.95,16.02,29.15,0.0,49.53
2023-12-03,Nashik,Maharashtra,19.9975,73.7898,22.38,16.47,27.57,0.0,40.13
2023-12-04,Nashik,Maharashtra,19.9975,73.7898,21.93,17.68,27.48,0.0,59.51
2023-12-05,Nashik,Maharashtra,19.9975,73.7898,22.05,17.39,28.54,0.0,48.01
2023-12-06,Nashik,Maharashtra,19.9975,73.7898,23.16,18.49,28.49,0.0,51.92
2023-12-07,Nashik,Maharashtra,19.9975,73.7898,22.17,17.66,26.44,0.0,49.74
2023-12-08,Nashik,Maharashtra,19.9975,73.7898,21.37,17.19,27.32,0.0,47.42
2023-12-09,Nashik,Maharashtra,19.9975,73.7898,22.8,18.62,26.93,0.0,54.62
2023-12-10,Nashik,Maharashtra,19.9975,73.7898,20.93,15.11,27.8,0.0,54.16
2023-12-11,Nashik,Maharashtra,19.9975,73.7898,23.28,19.17,30.4,0.0,54.11
2023-12-12,Nashik,Maharashtra,19.9975,73.7898,21.23,15.7,27.61,0.0,47.68
2023-12-13,Nashik,Maharashtra,19.9975,73.7898,22.43,16.92,27.0,0.0,38.87
2023-12-14,Nashik,Maharashtra,19.9975,73.7898,21.48,16.07,28.12,0.0,46.57
2023-12-15,Nashik,Maharashtra,19.9975,73.7898,21.51,17.39,27.26,0.0,49.77
2023-12-16,Nashik,Maharashtra,19.9975,73.7898,17.89,11.33,22.13,0.0,55.64
2023-12-17,Nashik,Maharashtra,19.9975,73.7898,19.18,14.8,26.52,8.32,48.81
2023-12-18,Nashik,Maharashtra,19.9975,73.7898,20.59,15.18,27.68,0.0,48.41
2023-12-19,Nashik,Maharashtra,19.9975,73.7898,20.18,16.15,26.91,0.0,48.28
2023-12-20,Nashik,Maharashtra,19.9975,73.7898,20.81,14.41,28.03,0.0,46.41
2023-12-21,Nashik,Maharashtra,19.9975,73.7898,22.29,17.81,29.82,0.0,36.51
2023-12-22,Nashik,Maharashtra,19.9975,73.7898,19.58,14.41,25.4,0.0,61.01
2023-12-23,Nashik,Maharashtra,19.9975,73.7898,19.64,13.5,26.28,0.0,46.66
2023-12-24,Nashik,Maharashtra,19.9975,73.7898,19.32,14.95,24.98,0.0,52.36
2023-12-25,Nashik,Maharashtra,19.9975,73.7898,20.21,14.82,28.16,0.0,43.61
2023-12-26,Nashik,Maharashtra,19.9975,73.7898,22.41,15.87,29.71,0.0,56.32
2023-12-27,Nashik,Maharashtra,19.9975,73.7898,20.25,13.65,25.5,0.0,55.41
2023-12-28,Nashik,Maharashtra,19.9975,73.7898,19.22,12.99,27.09,0.0,48.77
2023-12-29,Nashik,Maharashtra,19.9975,73.7898,19.11,14.66,24.38,0.0,56.47
2023-12-30,Nashik,Maharashtra,19.9975,73.7898,20.38,14.23,26.38,0.0,51.49
2023-12-31,Nashik,Maharashtra,19.9975,73.7898,18.1,13.42,24.37,0.0,46.92
2024-01-01,Nashik,Maharashtra,19.9975,73.7898,19.75,14.24,25.58,0.0,50.95
2024-01-02,Nashik,Maharashtra,19.9975,73.7898,19.46,15.11,24.95,0.0,52.37
2024-01-03,Nashik,Maharashtra,19.9975,73.7898,18.34,12.13,22.68,0.0,61.35
2024-01-04,Nashik,Maharashtra,19.9975,73.7898,19.98,15.72,24.48,0.0,47.58
2024-01-05,Nashik,Maharashtra,19.9975,73.7898,18.93,12.4,24.75,0.0,51.35
2024-01-06,Nashik,Maharashtra,19.9975,73.7898,19.08,14.71,25.72,0.0,43.41
2024-01-07,Nashik,Maharashtra,19.9975,73.7898,20.98,15.67,28.45,0.39,54.2
2024-01-08,Nashik,Maharashtra,19.9975,73.7898,19.1,14.03,23.5,0.0,48.94
2024-01-09,Nashik,Maharashtra,19.9975,73.7898,21.66,15.81,28.36,0.0,51.73
2024-01-10,Nashik,Maharashtra,19.9975,73.7898,20.81,16.67,26.61,0.0,38.88
2024-01-11,Nashik,Maharashtra,19.9975,73.7898,19.46,13.79,24.01,0.0,59.93
2024-01-12,Nashik,Maharashtra,19.9975,73.7898,20.98,16.66,28.14,0.0,55.13
2024-01-13,Nashik,Maharashtra,19.9975,73.7898,18.05,13.83,22.43,0.0,53.64
2024-01-14,Nashik,Maharashtra,19.9975,73.7898,21.22,15.24,28.78,0.0,58.51
2024-01-15,Nashik,Maharashtra,19.9975,73.7898,17.71,12.5,22.98,0.0,53.11
2024-01-16,Nashik,Maharashtra,19.9975,73.7898,20.23,14.56,27.86,0.0,60.26
2024-01-17,Nashik,Maharashtra,19.9975,73.7898,20.91,16.73,25.39,0.0,53.51
2024-01-18,Nashik,Maharashtra,19.9975,73.7898,18.04,11.75,23.46,0.0,47.88
2024-01-19,Nashik,Maharashtra,19.9975,73.7898,22.43,16.92,28.13,0.0,58.18
2024-01-20,Nashik,Maharashtra,19.9975,73.7898,21.23,15.07,27.36,0.0,51.05
2024-01-21,Nashik,Maharashtra,19.9975,73.7898,21.4,16.9,28.52,0.0,45.01
2024-01-22,Nashik,Maharashtra,19.9975,73.7898,23.08,17.85,29.88,0.0,45.66
2024-01-23,Nashik,Maharashtra,19.9975,73.7898,20.6,14.75,26.91,3.87,50.04
2024-01-24,Nashik,Maharashtra,19.9975,73.7898,20.87,16.13,28.8,0.0,53.83
2024-01-25,Nashik,Maharashtra,19.9975,73.7898,20.56,13.7,24.7,0.0,55.05
2024-01-26,Nashik,Maharashtra,19.9975,73.7898,19.52,14.7,26.05,0.0,52.55
2024-01-27,Nashik,Maharashtra,19.9975,73.7898,21.61,14.71,25.96,0.0,56.0
2024-01-28,Nashik,Maharashtra,19.9975,73.7898,20.09,13.83,26.88,0.0,46.69
2024-01-29,Nashik,Maharashtra,19.9975,73.7898,19.21,12.76,26.98,0.25,54.56
2024-01-30,Nashik,Maharashtra,19.9975,73.7898,22.87,17.69,29.95,0.0,54.98
2024-01-31,Nashik,Maharashtra,19.9975,73.7898,20.15,15.53,27.04,0.0,56.74
2024-02-01,Nashik,Maharashtra,19.9975,73.7898,17.51,13.21,23.87,0.0,46.55
2024-02-02,Nashik,Maharashtra,19.9975,73.7898,19.05,12.6,24.16,0.0,53.31
2024-02-03,Nashik,Maharashtra,19.9975,73.7898,19.19,12.92,26.67,0.0,52.33
2024-02-04,Nashik,Maharashtra,19.9975,73.7898,21.7,17.12,25.86,0.0,48.17
2024-02-05,Nashik,Maharashtra,19.9975,73.7898,20.84,16.34,25.16,0.0,49.13
2024-02-06,Nashik,Maharashtra,19.9975,73.7898,20.93,14.55,24.97,8.41,47.53
2024-02-07,Nashik,Maharashtra,19.9975,73.7898,20.22,13.54,25.19,0.0,41.19
2024-02-08,Nashik,Maharashtra,19.9975,73.7898,20.67,14.69,25.08,0.0,64.19
2024-02-09,Nashik,Maharashtra,19.9975,73.7898,22.14,16.66,26.96,0.0,43.53
2024-02-10,Nashik,Maharashtra,19.9975,73.7898,20.42,13.67,26.29,0.0,38.22
2024-02-11,Nashik,Maharashtra,19.9975,73.7898,21.58,17.41,27.45,0.0,57.38
2024-02-12,Nashik,Maharashtra,19.9975,73.7898,19.96,14.65,24.38,0.0,56.12
2024-02-13,Nashik,Maharashtra,19.9975,73.7898,20.93,16.26,25.13,0.0,50.07
2024-02-14,Nashik,Maharashtra,19.9975,73.7898,20.48,14.58,27.06,0.0,49.11
2024-02-15,Nashik,Maharashtra,19.9975,73.7898,19.15,13.73,25.18,0.0,54.32
2024-02-16,Nashik,Maharashtra,19.9975,73.7898,19.8,14.32,25.81,0.0,46.8
2024-02-17,Nashik,Maharashtra,19.9975,73.7898,21.4,16.34,26.84,0.0,40.36
2024-02-18,Nashik,Maharashtra,19.9975,73.7898,22.03,16.21,28.27,0.0,51.53
2024-02-19,Nashik,Maharashtra,19.9975,73.7898,20.99,15.4,27.29,0.0,52.6
2024-02-20,Nashik,Maharashtra,19.9975,73.7898,18.92,12.18,26.65,0.0,52.99
2024-02-21,Nashik,Maharashtra,19.9975,73.7898,21.82,17.6,27.63,0.0,53.29
2024-02-22,Nashik,Maharashtra,19.9975,73.7898,21.17,15.85,26.75,0.0,42.19
2024-02-23,Nashik,Maharashtra,19.9975,73.7898,22.61,16.68,28.29,0.0,47.12
2024-02-24,Nashik,Maharashtra,19.9975,73.7898,19.81,14.44,25.36,0.0,49.94
2024-02-25,Nashik,Maharashtra,19.9975,73.7898,19.69,15.05,26.02,0.0,56.65
2024-02-26,Nashik,Maharashtra,19.9975,73.7898,20.79,16.69,27.26,0.0,51.19
2024-02-27,Nashik,Maharashtra,19.9975,73.7898,20.25,13.52,26.53,0.0,43.49
2024-02-28,Nashik,Maharashtra,19.9975,73.7898,21.03,16.25,27.94,0.0,54.1
2024-02-29,Nashik,Maharashtra,19.9975,73.7898,21.86,16.13,29.22,0.0,59.24
2024-03-01,Nashik,Maharashtra,19.9975,73.7898,24.25,18.02,31.06,0.0,42.82
2024-03-02,Nashik,Maharashtra,19.9975,73.7898,23.03,18.4,28.35,0.0,48.17
2024-03-03,Nashik,Maharashtra,19.9975,73.7898,21.82,17.04,27.59,0.0,55.53
2024-03-04,Nashik,Maharashtra,19.9975,73.7898,22.87,17.27,28.27,0.0,48.71
2024-03-05,Nashik,Maharashtra,19.9975,73.7898,21.36,14.7,27.42,0.0,42.76
2024-03-06,Nashik,Maharashtra,19.9975,73.7898,22.09,16.64,28.81,0.0,50.58
2024-03-07,Nashik,Maharashtra,19.9975,73.7898,22.3,15.69,27.97,0.0,46.95
2024-03-08,Nashik,Maharashtra,19.9975,73.7898,23.04,19.0,29.51,0.0,50.73
2024-03-09,Nashik,Maharashtra,19.9975,73.7898,23.41,16.82,30.54,0.0,57.54
2024-03-10,Nashik,Maharashtra,19.9975,73.7898,23.01,18.23,30.28,0.0,55.44
2024-03-11,Nashik,Maharashtra,19.9975,73.7898,22.15,17.05,29.99,0.0,43.69
2024-03-12,Nashik,Maharashtra,19.9975,73.7898,22.18,15.84,29.78,13.29,49.56
2024-03-13,Nashik,Maharashtra,19.9975,73.7898,21.52,15.19,25.92,0.0,47.48
2024-03-14,Nashik,Maharashtra,19.9975,73.7898,23.28,16.44,28.03,0.0,51.7
2024-03-15,Nashik,Maharashtra,19.9975,73.7898,21.79,15.47,25.86,0.0,61.1
2024-03-16,Nashik,Maharashtra,19.9975,73.7898,24.5,18.4,30.88,0.0,51.21
2024-03-17,Nashik,Maharashtra,19.9975,73.7898,24.18,19.62,31.85,0.0,46.83
2024-03-18,Nashik,Maharashtra,19.9975,73.7898,21.8,15.69,26.41,0.0,54.02
2024-03-19,Nashik,Maharashtra,19.9975,73.7898,24.18,18.21,30.03,0.0,55.79
2024-03-20,Nashik,Maharashtra,19.9975,73.7898,24.84,18.8,30.84,0.0,51.26
2024-03-21,Nashik,Maharashtra,19.9975,73.7898,24.81,19.69,30.53,0.0,51.56
2024-03-22,Nashik,Maharashtra,19.9975,73.7898,23.17,17.15,28.8,0.0,49.13
2024-03-23,Nashik,Maharashtra,19.9975,73.7898,26.82,22.36,34.49,0.0,53.05
2024-03-24,Nashik,Maharashtra,19.9975,73.7898,23.18,18.12,30.22,0.0,53.95
2024-03-25,Nashik,Maharashtra,19.9975,73.7898,23.6,17.72,30.28,0.0,51.51
2024-03-26,Nashik,Maharashtra,19.9975,73.7898,22.11,16.61,28.14,0.0,54.76
2024-03-27,Nashik,Maharashtra,19.9975,73.7898,24.56,19.54,29.0,0.0,56.84
2024-03-28,Nashik,Maharashtra,19.9975,73.7898,25.23,20.37,31.14,0.0,49.6
2024-03-29,Nashik,Maharashtra,19.9975,73.7898,25.61,20.98,31.48,0.0,50.87
2024-03-30,Nashik,Maharashtra,19.9975,73.7898,25.0,20.41,29.88,0.0,46.34
2024-03-31,Nashik,Maharashtra,19.9975,73.7898,21.74,15.22,28.51,0.0,50.8
2024-04-01,Nashik,Maharashtra,19.9975,73.7898,24.22,18.69,31.8,0.0,48.47
2024-04-02,Nashik,Maharashtra,19.9975,73.7898,24.8,19.31,29.74,0.0,56.33
2024-04-03,Nashik,Maharashtra,19.9975,73.7898,23.73,17.32,30.6,1.55,47.89
2024-04-04,Nashik,Maharashtra,19.9975,73.7898,24.9,20.26,31.42,0.0,48.19
2024-04-05,Nashik,Maharashtra,19.9975,73.7898,24.8,17.95,30.39,0.0,40.05
2024-04-06,Nashik,Maharashtra,19.9975,73.7898,25.03,18.71,32.33,0.0,45.46
2024-04-07,Nashik,Maharashtra,19.9975,73.7898,26.16,20.98,32.7,0.14,60.5
2024-04-08,Nashik,Maharashtra,19.9975,73.7898,22.88,17.18,29.05,0.0,53.92
2024-04-09,Nashik,Maharashtra,19.9975,73.7898,25.29,20.75,29.38,0.0,50.87
2024-04-10,Nashik,Maharashtra,19.9975,73.7898,26.23,20.46,33.08,0.0,46.16
2024-04-11,Nashik,Maharashtra,19.9975,73.7898,25.07,20.52,32.91,0.0,47.57
2024-04-12,Nashik,Maharashtra,19.9975,73.7898,23.95,19.12,30.63,0.0,50.05
2024-04-13,Nashik,Maharashtra,19.9975,73.7898,24.57,19.01,32.15,0.0,52.77
2024-04-14,Nashik,Maharashtra,19.9975,73.7898,27.68,20.82,34.73,0.0,43.47
2024-04-15,Nashik,Maharashtra,19.9975,73.7898,25.39,20.11,31.97,0.0,51.62
2024-04-16,Nashik,Maharashtra,19.9975,73.7898,25.7,21.41,33.22,0.0,48.86
2024-04-17,Nashik,Maharashtra,19.9975,73.7898,25.3,20.24,30.03,0.0,40.01
2024-04-18,Nashik,Maharashtra,19.9975,73.7898,25.78,21.66,33.46,0.0,51.77
2024-04-19,Nashik,Maharashtra,19.9975,73.7898,24.3,17.55,30.47,0.0,42.67
2024-04-20,Nashik,Maharashtra,19.9975,73.7898,27.24,22.82,33.29,0.0,42.1
2024-04-21,Nashik,Maharashtra,19.9975,73.7898,26.46,21.64,31.08,0.0,59.94
2024-04-22,Nashik,Maharashtra,19.9975,73.7898,26.35,19.91,33.82,0.0,57.28
2024-04-23,Nashik,Maharashtra,19.9975,73.7898,27.86,21.99,32.53,0.0,43.02
2024-04-24,Nashik,Maharashtra,19.9975,73.7898,28.58,23.08,35.68,0.0,50.2
2024-04-25,Nashik,Maharashtra,19.9975,73.7898,26.1,19.48,30.5,0.0,52.13
2024-04-26,Nashik,Maharashtra,19.9975,73.7898,27.02,20.7,31.78,0.0,50.6
2024-04-27,Nashik,Maharashtra,19.9975,73.7898,27.53,22.14,34.23,0.0,47.53
2024-04-28,Nashik,Maharashtra,19.9975,73.7898,24.58,18.66,29.78,0.0,50.44
2024-04-29,Nashik,Maharashtra,19.9975,73.7898,25.85,19.32,32.63,0.0,54.18
2024-04-30,Nashik,Maharashtra,19.9975,73.7898,27.74,21.13,33.32,0.0,47.04
2024-05-01,Nashik,Maharashtra,19.9975,73.7898,27.6,21.15,34.69,0.0,45.45
2024-05-02,Nashik,Maharashtra,19.9975,73.7898,27.38,20.75,34.48,0.0,38.12
2024-05-03,Nashik,Maharashtra,19.9975,73.7898,28.37,21.74,32.9,0.0,58.0
2024-05-04,Nashik,Maharashtra,19.9975,73.7898,28.22,21.98,33.94,0.0,48.38
2024-05-05,Nashik,Maharashtra,19.9975,73.7898,29.18,23.81,33.19,0.0,58.75
2024-05-06,Nashik,Maharashtra,19.9975,73.7898,28.07,21.65,32.76,0.0,45.35
2024-05-07,Nashik,Maharashtra,19.9975,73.7898,27.06,20.86,34.47,0.0,45.28
2024-05-08,Nashik,Maharashtra,19.9975,73.7898,28.23,22.15,35.03,0.0,56.56
2024-05-09,Nashik,Maharashtra,19.9975,73.7898,29.71,24.55,36.64,0.0,37.14
2024-05-10,Nashik,Maharashtra,19.9975,73.7898,29.43,24.47,37.13,0.0,44.2
2024-05-11,Nashik,Maharashtra,19.9975,73.7898,28.64,23.07,35.96,0.0,43.18
2024-05-12,Nashik,Maharashtra,19.9975,73.7898,30.18,23.77,36.57,0.0,49.04
2024-05-13,Nashik,Maharashtra,19.9975,73.7898,29.72,25.26,36.16,0.0,56.8
2024-05-14,Nashik,Maharashtra,19.9975,73.7898,29.5,23.61,33.96,0.0,50.55
2024-05-15,Nashik,Maharashtra,19.9975,73.7898,30.73,26.2,36.03,0.0,62.82
2024-05-16,Nashik,Maharashtra,19.9975,73.7898,28.42,22.03,33.51,0.0,50.56
2024-05-17,Nashik,Maharashtra,19.9975,73.7898,32.1,25.82,38.83,0.0,50.9
2024-05-18,Nashik,Maharashtra,19.9975,73.7898,28.26,21.78,34.68,0.0,59.66
2024-05-19,Nashik,Maharashtra,19.9975,73.7898,28.93,24.25,36.92,0.0,44.19
2024-05-20,Nashik,Maharashtra,19.9975,73.7898,29.59,24.81,35.97,0.0,49.98
2024-05-21,Nashik,Maharashtra,19.9975,73.7898,28.13,23.35,33.71,0.0,52.89
2024-05-22,Nashik,Maharashtra,19.9975,73.7898,31.74,27.36,38.12,0.0,43.82
2024-05-23,Nashik,Maharashtra,19.9975,73.7898,32.3,27.28,37.93,0.0,49.5
2024-05-24,Nashik,Maharashtra,19.9975,73.7898,28.19,22.31,32.64,0.0,49.43
2024-05-25,Nashik,Maharashtra,19.9975,73.7898,29.81,24.67,37.08,0.0,52.13
2024-05-26,Nashik,Maharashtra,19.9975,73.7898,28.53,24.28,34.02,0.0,48.65
2024-05-27,Nashik,Maharashtra,19.9975,73.7898,28.4,23.31,34.43,0.0,45.6
2024-05-28,Nashik,Maharashtra,19.9975,73.7898,29.41,24.52,35.47,0.0,45.6
2024-05-29,Nashik,Maharashtra,19.9975,73.7898,30.65,23.8,37.95,3.69,89.0
2024-05-30,Nashik,Maharashtra,19.9975,73.7898,29.28,23.07,36.98,0.0,89.0
2024-05-31,Nashik,Maharashtra,19.9975,73.7898,30.13,25.25,34.4,0.0,94.96
2024-06-01,Nashik,Maharashtra,19.9975,73.7898,33.78,29.47,40.63,0.0,90.73
2024-06-02,Nashik,Maharashtra,19.9975,73.7898,29.92,25.82,34.56,0.0,83.78
2024-06-03,Nashik,Maharashtra,19.9975,73.7898,31.39,26.52,35.97,7.17,81.68
2024-06-04,Nashik,Maharashtra,19.9975,73.7898,31.38,24.84,35.92,1.81,84.19
2024-06-05,Nashik,Maharashtra,19.9975,73.7898,28.08,21.84,34.47,0.0,67.98
2024-06-06,Nashik,Maharashtra,19.9975,73.7898,29.33,23.62,35.41,13.9,85.46
2024-06-07,Nashik,Maharashtra,19.9975,73.7898,30.62,24.89,37.31,0.0,83.35
2024-06-08,Nashik,Maharashtra,19.9975,73.7898,32.88,28.12,37.56,9.16,88.27
2024-06-09,Nashik,Maharashtra,19.9975,73.7898,31.75,26.37,38.39,0.0,84.76
2024-06-10,Nashik,Maharashtra,19.9975,73.7898,28.93,22.93,35.83,5.96,81.91
2024-06-11,Nashik,Maharashtra,19.9975,73.7898,31.12,25.68,35.14,5.87,81.26
2024-06-12,Nashik,Maharashtra,19.9975,73.7898,32.52,28.45,40.35,4.2,79.52
2024-06-13,Nashik,Maharashtra,19.9975,73.7898,29.87,24.68,36.55,0.0,83.23
2024-06-14,Nashik,Maharashtra,19.9975,73.7898,30.25,24.0,38.23,32.24,82.32
2024-06-15,Nashik,Maharashtra,19.9975,73.7898,32.34,26.22,37.86,0.0,89.87
2024-06-16,Nashik,Maharashtra,19.9975,73.7898,28.93,23.12,36.74,0.0,87.13
2024-06-17,Nashik,Maharashtra,19.9975,73.7898,31.8,25.24,36.48,9.11,87.89
2024-06-18,Nashik,Maharashtra,19.9975,73.7898,30.98,25.07,37.12,64.69,78.54
2024-06-19,Nashik,Maharashtra,19.9975,73.7898,31.29,24.3,36.0,0.1,82.99
2024-06-20,Nashik,Maharashtra,19.9975,73.7898,32.58,28.2,38.13,0.0,83.72
2024-06-21,Nashik,Maharashtra,19.9975,73.7898,31.15,26.97,39.02,0.0,82.09
2024-06-22,Nashik,Maharashtra,19.9975,73.7898,32.88,27.85,36.91,0.0,85.05
2024-06-23,Nashik,Maharashtra,19.9975,73.7898,31.43,26.77,38.49,0.0,88.14
2024-06-24,Nashik,Maharashtra,19.9975,73.7898,31.92,26.92,39.31,0.0,82.62
2024-06-25,Nashik,Maharashtra,19.9975,73.7898,30.49,24.09,38.29,0.62,89.78
2024-06-26,Nashik,Maharashtra,19.9975,73.7898,34.0,28.07,38.91,0.0,72.38
2024-06-27,Nashik,Maharashtra,19.9975,73.7898,31.42,24.58,38.89,4.85,81.85
2024-06-28,Nashik,Maharashtra,19.9975,73.7898,32.95,27.29,39.87,4.69,82.67
2024-06-29,Nashik,Maharashtra,19.9975,73.7898,29.18,22.18,37.17,0.0,87.98
2024-06-30,Nashik,Maharashtra,19.9975,73.7898,30.34,23.55,37.4,0.0,80.09
2024-07-01,Nashik,Maharashtra,19.9975,73.7898,31.12,24.91,35.46,0.0,90.0
2024-07-02,Nashik,Maharashtra,19.9975,73.7898,33.2,27.02,38.02,0.0,87.39
2024-07-03,Nashik,Maharashtra,19.9975,73.7898,31.69,26.31,37.07,0.0,88.51
2024-07-04,Nashik,Maharashtra,19.9975,73.7898,30.23,23.61,36.21,0.0,79.37
2024-07-05,Nashik,Maharashtra,19.9975,73.7898,33.69,29.53,39.19,0.0,82.97
2024-07-06,Nashik,Maharashtra,19.9975,73.7898,31.0,26.64,35.28,55.6,86.65
2024-07-07,Nashik,Maharashtra,19.9975,73.7898,33.87,27.25,41.6,9.94,87.41
2024-07-08,Nashik,Maharashtra,19.9975,73.7898,29.07,22.42,33.3,4.78,87.81
2024-07-09,Nashik,Maharashtra,19.9975,73.7898,32.58,27.92,36.82,0.0,92.58
2024-07-10,Nashik,Maharashtra,19.9975,73.7898,31.65,24.82,38.06,0.0,79.75
2024-07-11,Nashik,Maharashtra,19.9975,73.7898,31.56,26.66,36.18,6.2,93.34
2024-07-12,Nashik,Maharashtra,19.9975,73.7898,31.41,26.25,37.23,0.0,84.32
2024-07-13,Nashik,Maharashtra,19.9975,73.7898,31.74,25.97,37.46,0.0,90.31
2024-07-14,Nashik,Maharashtra,19.9975,73.7898,32.11,25.68,39.61,0.0,78.65
2024-07-15,Nashik,Maharashtra,19.9975,73.7898,30.17,23.22,36.75,0.0,81.06
2024-07-16,Nashik,Maharashtra,19.9975,73.7898,31.83,25.16,39.48,0.0,81.98
2024-07-17,Nashik,Maharashtra,19.9975,73.7898,31.07,25.94,38.95,0.0,91.23
2024-07-18,Nashik,Maharashtra,19.9975,73.7898,31.47,25.1,37.6,0.0,81.8
2024-07-19,Nashik,Maharashtra,19.9975,73.7898,32.72,27.28,38.48,12.79,88.76
2024-07-20,Nashik,Maharashtra,19.9975,73.7898,31.97,25.03,38.11,0.0,95.29
2024-07-21,Nashik,Maharashtra,19.9975,73.7898,31.84,27.27,38.02,0.0,88.7
2024-07-22,Nashik,Maharashtra,19.9975,73.7898,33.14,27.62,40.18,11.32,87.0
2024-07-23,Nashik,Maharashtra,19.9975,73.7898,31.44,25.91,39.36,0.0,94.53
2024-07-24,Nashik,Maharashtra,19.9975,73.7898,32.04,27.42,36.41,0.0,85.86
2024-07-25,Nashik,Maharashtra,19.9975,73.7898,31.09,26.72,38.57,24.96,86.89
2024-07-26,Nashik,Maharashtra,19.9975,73.7898,32.61,27.23,39.91,19.26,78.32
2024-07-27,Nashik,Maharashtra,19.9975,73.7898,30.73,24.81,38.7,0.0,87.74
2024-07-28,Nashik,Maharashtra,19.9975,73.7898,31.96,25.15,39.87,3.39,91.55
2024-07-29,Nashik,Maharashtra,19.9975,73.7898,30.55,25.43,37.3,0.0,79.2
2024-07-30,Nashik,Maharashtra,19.9975,73.7898,31.81,26.4,36.48,38.47,88.53
2024-07-31,Nashik,Maharashtra,19.9975,73.7898,31.8,27.64,39.49,0.0,91.49
2024-08-01,Nashik,Maharashtra,19.9975,73.7898,32.1,27.54,36.85,0.0,85.47
2024-08-02,Nashik,Maharashtra,19.9975,73.7898,32.04,26.4,37.68,94.46,83.83
2024-08-03,Nashik,Maharashtra,19.9975,73.7898,32.67,27.66,38.26,0.0,95.17
2024-08-04,Nashik,Maharashtra,19.9975,73.7898,34.05,27.69,39.06,0.0,89.24
2024-08-05,Nashik,Maharashtra,19.9975,73.7898,32.24,27.69,37.58,0.0,86.98
2024-08-06,Nashik,Maharashtra,19.9975,73.7898,33.46,28.67,37.81,0.0,79.4
2024-08-07,Nashik,Maharashtra,19.9975,73.7898,32.27,27.1,39.03,0.0,93.74
2024-08-08,Nashik,Maharashtra,19.9975,73.7898,30.97,24.15,36.77,10.91,77.61
2024-08-09,Nashik,Maharashtra,19.9975,73.7898,31.34,25.91,39.06,1.64,91.58
2024-08-10,Nashik,Maharashtra,19.9975,73.7898,30.47,23.89,36.33,2.59,84.39
2024-08-11,Nashik,Maharashtra,19.9975,73.7898,32.06,26.21,38.52,31.22,81.82
2024-08-12,Nashik,Maharashtra,19.9975,73.7898,30.7,25.4,37.62,0.0,81.44
2024-08-13,Nashik,Maharashtra,19.9975,73.7898,31.3,24.48,37.39,0.0,81.21
2024-08-14,Nashik,Maharashtra,19.9975,73.7898,32.92,26.2,38.31,48.49,80.06
2024-08-15,Nashik,Maharashtra,19.9975,73.7898,30.8,25.78,38.0,0.0,83.99
2024-08-16,Nashik,Maharashtra,19.9975,73.7898,31.3,27.21,38.92,2.56,88.5
2024-08-17,Nashik,Maharashtra,19.9975,73.7898,30.23,25.47,37.69,0.0,80.91
2024-08-18,Nashik,Maharashtra,19.9975,73.7898,30.19,23.61,37.77,0.0,91.37
2024-08-19,Nashik,Maharashtra,19.9975,73.7898,31.96,26.68,38.21,5.93,79.03
2024-08-20,Nashik,Maharashtra,19.9975,73.7898,30.31,23.52,36.39,0.0,82.38
2024-08-21,Nashik,Maharashtra,19.9975,73.7898,28.81,22.37,35.41,0.0,85.18
2024-08-22,Nashik,Maharashtra,19.9975,73.7898,30.53,23.79,35.63,0.0,91.55
2024-08-23,Nashik,Maharashtra,19.9975,73.7898,31.07,24.59,38.33,0.0,88.17
2024-08-24,Nashik,Maharashtra,19.9975,73.7898,31.13,26.66,36.63,0.0,83.09
2024-08-25,Nashik,Maharashtra,19.9975,73.7898,31.61,25.69,36.37,0.0,89.48
2024-08-26,Nashik,Maharashtra,19.9975,73.7898,32.35,27.36,39.02,2.5,83.28
2024-08-27,Nashik,Maharashtra,19.9975,73.7898,28.93,22.58,34.99,0.0,91.4
2024-08-28,Nashik,Maharashtra,19.9975,73.7898,32.81,26.54,38.64,23.04,91.2
2024-08-29,Nashik,Maharashtra,19.9975,73.7898,27.87,23.74,33.13,0.0,90.43
2024-08-30,Nashik,Maharashtra,19.9975,73.7898,29.94,24.26,37.4,15.89,86.44
2024-08-31,Nashik,Maharashtra,19.9975,73.7898,27.9,22.99,34.15,3.23,87.16
2024-09-01,Nashik,Maharashtra,19.9975,73.7898,28.86,23.2,34.31,0.0,90.8
2024-09-02,Nashik,Maharashtra,19.9975,73.7898,29.28,23.24,34.13,0.0,87.51
2024-09-03,Nashik,Maharashtra,19.9975,73.7898,31.83,27.23,37.71,24.6,88.53
2024-09-04,Nashik,Maharashtra,19.9975,73.7898,30.25,23.29,37.93,22.52,82.86
2024-09-05,Nashik,Maharashtra,19.9975,73.7898,27.37,21.57,34.58,4.95,83.92
2024-09-06,Nashik,Maharashtra,19.9975,73.7898,29.22,23.4,34.83,1.58,87.34
2024-09-07,Nashik,Maharashtra,19.9975,73.7898,31.69,27.16,37.34,0.0,82.11
2024-09-08,Nashik,Maharashtra,19.9975,73.7898,29.15,25.14,35.64,23.89,89.75
2024-09-09,Nashik,Maharashtra,19.9975,73.7898,29.16,23.66,35.01,0.0,91.56
2024-09-10,Nashik,Maharashtra,19.9975,73.7898,29.2,25.16,33.39,18.99,80.62
2024-09-11,Nashik,Maharashtra,19.9975,73.7898,28.59,23.47,36.1,0.0,83.51
2024-09-12,Nashik,Maharashtra,19.9975,73.7898,26.73,21.55,34.13,18.6,77.25
2024-09-13,Nashik,Maharashtra,19.9975,73.7898,28.55,22.04,36.16,6.0,75.2
2024-09-14,Nashik,Maharashtra,19.9975,73.7898,29.28,23.99,36.12,6.99,90.93
2024-09-15,Nashik,Maharashtra,19.9975,73.7898,26.75,21.19,31.05,1.53,82.07
2024-09-16,Nashik,Maharashtra,19.9975,73.7898,28.04,22.12,35.19,21.52,88.0
2024-09-17,Nashik,Maharashtra,19.9975,73.7898,29.58,25.32,34.75,0.0,81.71
2024-09-18,Nashik,Maharashtra,19.9975,73.7898,28.8,24.68,33.64,0.03,89.58
2024-09-19,Nashik,Maharashtra,19.9975,73.7898,28.53,22.59,35.33,0.0,89.22
2024-09-20,Nashik,Maharashtra,19.9975,73.7898,29.31,25.11,34.8,27.68,93.33
2024-09-21,Nashik,Maharashtra,19.9975,73.7898,29.26,24.14,36.69,0.0,82.01
2024-09-22,Nashik,Maharashtra,19.9975,73.7898,25.04,20.01,30.86,0.0,92.37
2024-09-23,Nashik,Maharashtra,19.9975,73.7898,29.25,23.6,34.24,1.92,90.05
2024-09-24,Nashik,Maharashtra,19.9975,73.7898,30.29,25.29,35.04,1.84,85.68
2024-09-25,Nashik,Maharashtra,19.9975,73.7898,26.97,22.97,34.49,0.0,90.19
2024-09-26,Nashik,Maharashtra,19.9975,73.7898,27.25,20.42,32.01,5.12,83.53
2024-09-27,Nashik,Maharashtra,19.9975,73.7898,28.88,22.33,36.69,0.0,56.34
2024-09-28,Nashik,Maharashtra,19.9975,73.7898,25.59,19.47,32.58,0.0,45.69
2024-09-29,Nashik,Maharashtra,19.9975,73.7898,28.29,22.8,36.26,0.0,51.54
2024-09-30,Nashik,Maharashtra,19.9975,73.7898,27.85,21.21,33.73,0.0,50.27
2024-10-01,Nashik,Maharashtra,19.9975,73.7898,27.69,23.59,35.45,0.0,52.98
2024-10-02,Nashik,Maharashtra,19.9975,73.7898,28.57,22.48,36.24,0.0,59.53
2024-10-03,Nashik,Maharashtra,19.9975,73.7898,29.56,22.79,37.43,0.0,51.27
2024-10-04,Nashik,Maharashtra,19.9975,73.7898,26.17,20.17,34.15,0.0,52.92
2024-10-05,Nashik,Maharashtra,19.9975,73.7898,27.93,22.2,33.77,0.0,50.1
2024-10-06,Nashik,Maharashtra,19.9975,73.7898,26.61,19.82,33.3,0.0,49.74
2024-10-07,Nashik,Maharashtra,19.9975,73.7898,27.64,22.8,33.25,0.0,42.63
2024-10-08,Nashik,Maharashtra,19.9975,73.7898,27.13,21.72,33.04,0.0,55.76
2024-10-09,Nashik,Maharashtra,19.9975,73.7898,25.51,21.0,31.55,0.0,47.74
2024-10-10,Nashik,Maharashtra,19.9975,73.7898,26.55,21.86,31.72,0.0,51.19
2024-10-11,Nashik,Maharashtra,19.9975,73.7898,24.49,19.6,29.91,0.0,50.44
2024-10-12,Nashik,Maharashtra,19.9975,73.7898,26.29,22.11,33.79,0.14,49.92
2024-10-13,Nashik,Maharashtra,19.9975,73.7898,25.19,18.52,31.22,0.0,38.58
2024-10-14,Nashik,Maharashtra,19.9975,73.7898,25.01,20.71,32.23,0.0,43.25
2024-10-15,Nashik,Maharashtra,19.9975,73.7898,25.23,18.62,30.26,0.0,55.28
2024-10-16,Nashik,Maharashtra,19.9975,73.7898,26.72,19.91,32.19,0.0,53.53
2024-10-17,Nashik,Maharashtra,19.9975,73.7898,26.29,21.52,31.64,0.0,46.7
2024-10-18,Nashik,Maharashtra,19.9975,73.7898,24.97,20.12,29.41,0.0,60.4
2024-10-19,Nashik,Maharashtra,19.9975,73.7898,24.67,19.75,29.5,0.0,46.49
2024-10-20,Nashik,Maharashtra,19.9975,73.7898,24.41,20.08,28.7,0.0,51.39
2024-10-21,Nashik,Maharashtra,19.9975,73.7898,25.96,20.32,32.87,0.0,51.58
2024-10-22,Nashik,Maharashtra,19.9975,73.7898,23.77,17.16,28.36,0.0,40.0
2024-10-23,Nashik,Maharashtra,19.9975,73.7898,25.89,18.93,33.87,0.0,45.59
2024-10-24,Nashik,Maharashtra,19.9975,73.7898,25.15,18.67,33.02,0.0,46.35
2024-10-25,Nashik,Maharashtra,19.9975,73.7898,26.39,20.17,34.02,0.0,42.65
2024-10-26,Nashik,Maharashtra,19.9975,73.7898,24.83,18.53,29.54,0.0,51.16
2024-10-27,Nashik,Maharashtra,19.9975,73.7898,26.99,21.72,34.42,0.0,54.21
2024-10-28,Nashik,Maharashtra,19.9975,73.7898,25.05,18.46,29.45,0.0,44.08
2024-10-29,Nashik,Maharashtra,19.9975,73.7898,25.34,19.1,32.95,0.0,55.68
2024-10-30,Nashik,Maharashtra,19.9975,73.7898,23.25,18.79,30.87,0.0,53.5
2024-10-31,Nashik,Maharashtra,19.9975,73.7898,26.27,19.36,31.67,0.0,56.46
2024-11-01,Nashik,Maharashtra,19.9975,73.7898,24.81,17.86,29.22,0.0,61.49
2024-11-02,Nashik,Maharashtra,19.9975,73.7898,23.81,18.42,28.2,0.0,45.44
2024-11-03,Nashik,Maharashtra,19.9975,73.7898,25.27,19.3,30.06,0.0,40.04
2024-11-04,Nashik,Maharashtra,19.9975,73.7898,23.21,19.18,28.01,0.0,44.32
2024-11-05,Nashik,Maharashtra,19.9975,73.7898,24.31,19.22,28.61,0.0,48.73
2024-11-06,Nashik,Maharashtra,19.9975,73.7898,23.91,18.36,29.43,0.0,63.33
2024-11-07,Nashik,Maharashtra,19.9975,73.7898,23.27,16.81,29.4,0.0,51.22
2024-11-08,Nashik,Maharashtra,19.9975,73.7898,23.89,17.89,30.86,0.0,44.99
2024-11-09,Nashik,Maharashtra,19.9975,73.7898,23.28,18.6,28.08,0.0,51.02
2024-11-10,Nashik,Maharashtra,19.9975,73.7898,24.43,19.51,31.66,0.0,55.58
2024-11-11,Nashik,Maharashtra,19.9975,73.7898,22.66,18.2,26.9,0.0,47.05
2024-11-12,Nashik,Maharashtra,19.9975,73.7898,22.47,17.07,27.73,0.0,55.05
2024-11-13,Nashik,Maharashtra,19.9975,73.7898,26.33,21.25,34.11,0.0,42.79
2024-11-14,Nashik,Maharashtra,19.9975,73.7898,22.88,16.35,27.38,0.0,51.31
2024-11-15,Nashik,Maharashtra,19.9975,73.7898,24.15,19.11,29.22,0.0,51.73
2024-11-16,Nashik,Maharashtra,19.9975,73.7898,21.82,17.44,26.31,0.0,56.92
2024-11-17,Nashik,Maharashtra,19.9975,73.7898,23.05,16.78,29.3,0.0,57.62
2024-11-18,Nashik,Maharashtra,19.9975,73.7898,21.06,15.39,29.01,0.0,51.69
2024-11-19,Nashik,Maharashtra,19.9975,73.7898,23.46,17.63,28.76,0.0,47.09
2024-11-20,Nashik,Maharashtra,19.9975,73.7898,23.61,16.68,27.89,2.78,49.96
2024-11-21,Nashik,Maharashtra,19.9975,73.7898,23.17,18.52,28.8,0.0,44.6
2024-11-22,Nashik,Maharashtra,19.9975,73.7898,22.92,15.95,30.86,0.0,50.27
2024-11-23,Nashik,Maharashtra,19.9975,73.7898,23.84,19.21,30.57,0.0,50.22
2024-11-24,Nashik,Maharashtra,19.9975,73.7898,22.51,18.38,27.43,0.0,55.34
2024-11-25,Nashik,Maharashtra,19.9975,73.7898,22.35,15.53,29.33,0.0,52.46
2024-11-26,Nashik,Maharashtra,19.9975,73.7898,19.28,15.18,24.78,0.0,59.4
2024-11-27,Nashik,Maharashtra,19.9975,73.7898,21.19,14.77,27.87,0.0,54.58
2024-11-28,Nashik,Maharashtra,19.9975,73.7898,21.91,17.39,29.6,0.0,49.05
2024-11-29,Nashik,Maharashtra,19.9975,73.7898,20.94,15.39,28.29,0.0,43.5
2024-11-30,Nashik,Maharashtra,19.9975,73.7898,22.51,15.75,29.5,0.0,56.64
2024-12-01,Nashik,Maharashtra,19.9975,73.7898,19.29,13.05,23.64,0.26,48.1
2024-12-02,Nashik,Maharashtra,19.9975,73.7898,22.1,17.34,27.1,0.0,44.25
2024-12-03,Nashik,Maharashtra,19.9975,73.7898,21.52,14.75,27.85,0.0,49.66
2024-12-04,Nashik,Maharashtra,19.9975,73.7898,20.39,15.58,26.19,0.0,55.19
2024-12-05,Nashik,Maharashtra,19.9975,73.7898,19.84,13.33,25.38,0.0,50.77
2024-12-06,Nashik,Maharashtra,19.9975,73.7898,19.36,14.5,23.86,0.0,47.77
2024-12-07,Nashik,Maharashtra,19.9975,73.7898,22.32,17.59,26.53,1.49,45.87
2024-12-08,Nashik,Maharashtra,19.9975,73.7898,20.2,14.44,25.93,0.0,51.67
2024-12-09,Nashik,Maharashtra,19.9975,73.7898,22.38,17.82,29.84,0.0,58.85
2024-12-10,Nashik,Maharashtra,19.9975,73.7898,21.14,16.49,28.28,0.0,40.79
2024-12-11,Nashik,Maharashtra,19.9975,73.7898,21.13,14.49,26.68,0.0,48.17
2024-12-12,Nashik,Maharashtra,19.9975,73.7898,20.37,15.51,24.94,0.0,49.13
2024-12-13,Nashik,Maharashtra,19.9975,73.7898,20.48,13.91,27.56,0.0,49.27
2024-12-14,Nashik,Maharashtra,19.9975,73.7898,19.65,15.12,25.56,0.0,49.64
2024-12-15,Nashik,Maharashtra,19.9975,73.7898,19.0,14.23,26.19,0.0,45.12
2024-12-16,Nashik,Maharashtra,19.9975,73.7898,22.34,16.87,28.45,0.0,52.04
2024-12-17,Nashik,Maharashtra,19.9975,73.7898,20.29,14.51,25.07,0.0,43.77
2024-12-18,Nashik,Maharashtra,19.9975,73.7898,20.34,15.81,25.72,0.0,46.54
2024-12-19,Nashik,Maharashtra,19.9975,73.7898,20.37,13.66,26.2,0.0,50.31
2024-12-20,Nashik,Maharashtra,19.9975,73.7898,21.57,16.24,26.78,0.0,51.86
2024-12-21,Nashik,Maharashtra,19.9975,73.7898,20.64,16.05,26.58,0.0,49.84
2024-12-22,Nashik,Maharashtra,19.9975,73.7898,20.58,15.34,28.48,0.0,39.04
2024-12-23,Nashik,Maharashtra,19.9975,73.7898,19.51,12.64,24.19,0.0,45.36
2024-12-24,Nashik,Maharashtra,19.9975,73.7898,19.9,13.53,24.72,0.0,48.7
2024-12-25,Nashik,Maharashtra,19.9975,73.7898,20.78,16.41,27.78,0.0,49.37
2024-12-26,Nashik,Maharashtra,19.9975,73.7898,20.21,16.04,28.1,0.0,46.54
2024-12-27,Nashik,Maharashtra,19.9975,73.7898,19.61,14.3,26.19,0.0,46.85
2024-12-28,Nashik,Maharashtra,19.9975,73.7898,19.35,14.07,24.85,0.0,51.98
2024-12-29,Nashik,Maharashtra,19.9975,73.7898,18.69,14.11,23.93,0.0,54.6
2024-12-30,Nashik,Maharashtra,19.9975,73.7898,19.93,14.72,27.38,0.0,51.35
2024-12-31,Nashik,Maharashtra,19.9975,73.7898,23.19,17.93,28.16,0.0,56.57
2025-01-01,Nashik,Maharashtra,19.9975,73.7898,19.94,14.6,26.53,0.0,48.56
2025-01-02,Nashik,Maharashtra,19.9975,73.7898,20.66,14.99,25.87,0.0,56.56
2025-01-03,Nashik,Maharashtra,19.9975,73.7898,19.27,14.16,26.76,0.0,52.69
2025-01-04,Nashik,Maharashtra,19.9975,73.7898,21.95,16.64,26.6,0.0,39.13
2025-01-05,Nashik,Maharashtra,19.9975,73.7898,19.38,13.26,24.74,0.0,55.35
2025-01-06,Nashik,Maharashtra,19.9975,73.7898,18.72,13.51,26.06,0.0,63.46
2025-01-07,Nashik,Maharashtra,19.9975,73.7898,19.42,14.56,26.17,0.0,52.09
2025-01-08,Nashik,Maharashtra,19.9975,73.7898,20.0,14.69,26.87,0.0,48.24
2025-01-09,Nashik,Maharashtra,19.9975,73.7898,21.15,15.53,29.06,0.0,47.01
2025-01-10,Nashik,Maharashtra,19.9975,73.7898,19.59,14.34,26.75,0.0,56.52
2025-01-11,Nashik,Maharashtra,19.9975,73.7898,19.4,13.1,26.86,0.0,48.63
2025-01-12,Nashik,Maharashtra,19.9975,73.7898,21.68,17.34,28.81,0.0,47.82
2025-01-13,Nashik,Maharashtra,19.9975,73.7898,18.97,12.66,24.09,0.0,49.55
2025-01-14,Nashik,Maharashtra,19.9975,73.7898,20.2,13.3,27.68,0.0,44.73
2025-01-15,Nashik,Maharashtra,19.9975,73.7898,18.62,13.94,23.6,0.0,58.36
2025-01-16,Nashik,Maharashtra,19.9975,73.7898,18.88,12.87,25.51,0.0,50.68
2025-01-17,Nashik,Maharashtra,19.9975,73.7898,20.36,15.66,25.27,0.0,49.65
2025-01-18,Nashik,Maharashtra,19.9975,73.7898,18.64,14.54,25.24,0.0,45.34
2025-01-19,Nashik,Maharashtra,19.9975,73.7898,19.57,12.86,23.77,0.0,40.1
2025-01-20,Nashik,Maharashtra,19.9975,73.7898,19.55,12.76,24.36,0.0,54.69
2025-01-21,Nashik,Maharashtra,19.9975,73.7898,20.37,14.4,26.19,0.0,58.7
2025-01-22,Nashik,Maharashtra,19.9975,73.7898,22.39,18.35,27.24,0.0,51.38
2025-01-23,Nashik,Maharashtra,19.9975,73.7898,21.07,16.52,27.55,0.0,57.59
2025-01-24,Nashik,Maharashtra,19.9975,73.7898,21.96,17.71,27.46,0.0,44.26
2025-01-25,Nashik,Maharashtra,19.9975,73.7898,18.67,12.09,24.49,0.0,55.17
2025-01-26,Nashik,Maharashtra,19.9975,73.7898,21.15,15.24,28.61,0.0,40.68
2025-01-27,Nashik,Maharashtra,19.9975,73.7898,22.7,18.1,29.46,0.0,49.02
2025-01-28,Nashik,Maharashtra,19.9975,73.7898,18.27,11.55,24.01,0.0,52.97
2025-01-29,Nashik,Maharashtra,19.9975,73.7898,22.21,15.46,27.96,0.0,46.6
2025-01-30,Nashik,Maharashtra,19.9975,73.7898,22.18,17.06,30.01,0.0,37.12
2025-01-31,Nashik,Maharashtra,19.9975,73.7898,21.19,14.89,28.24,0.0,50.87
2025-02-01,Nashik,Maharashtra,19.9975,73.7898,19.49,13.16,24.38,0.0,57.75
2025-02-02,Nashik,Maharashtra,19.9975,73.7898,19.19,14.01,25.14,0.0,44.93
2025-02-03,Nashik,Maharashtra,19.9975,73.7898,20.35,15.83,25.2,0.0,54.88
2025-02-04,Nashik,Maharashtra,19.9975,73.7898,19.48,12.71,26.51,0.0,48.64
2025-02-05,Nashik,Maharashtra,19.9975,73.7898,19.3,12.69,25.74,0.0,49.67
2025-02-06,Nashik,Maharashtra,19.9975,73.7898,21.55,15.98,28.2,0.0,59.87
2025-02-07,Nashik,Maharashtra,19.9975,73.7898,20.54,15.08,26.59,0.0,45.36
2025-02-08,Nashik,Maharashtra,19.9975,73.7898,21.07,14.2,27.41,0.0,56.45
2025-02-09,Nashik,Maharashtra,19.9975,73.7898,20.2,13.35,27.36,0.0,54.05
2025-02-10,Nashik,Maharashtra,19.9975,73.7898,20.97,16.84,28.79,0.0,40.2
2025-02-11,Nashik,Maharashtra,19.9975,73.7898,20.9,15.49,28.29,0.0,55.78
2025-02-12,Nashik,Maharashtra,19.9975,73.7898,21.5,15.93,25.57,1.49,51.55
2025-02-13,Nashik,Maharashtra,19.9975,73.7898,22.94,17.54,28.67,0.96,39.46
2025-02-14,Nashik,Maharashtra,19.9975,73.7898,18.89,13.3,23.58,0.0,54.52
2025-02-15,Nashik,Maharashtra,19.9975,73.7898,21.6,17.46,28.94,0.0,54.64
2025-02-16,Nashik,Maharashtra,19.9975,73.7898,22.32,15.62,29.03,0.0,50.05
2025-02-17,Nashik,Maharashtra,19.9975,73.7898,20.37,15.51,27.52,0.0,45.0
2025-02-18,Nashik,Maharashtra,19.9975,73.7898,22.76,17.54,29.0,0.0,44.97
2025-02-19,Nashik,Maharashtra,19.9975,73.7898,23.49,18.54,30.89,0.0,51.17
2025-02-20,Nashik,Maharashtra,19.9975,73.7898,21.83,15.69,27.23,0.0,45.32
2025-02-21,Nashik,Maharashtra,19.9975,73.7898,23.3,17.58,27.58,0.0,53.86
2025-02-22,Nashik,Maharashtra,19.9975,73.7898,20.21,13.95,25.19,0.0,50.24
2025-02-23,Nashik,Maharashtra,19.9975,73.7898,22.14,17.51,26.77,0.0,52.2
2025-02-24,Nashik,Maharashtra,19.9975,73.7898,19.37,12.72,25.22,0.0,52.08
2025-02-25,Nashik,Maharashtra,19.9975,73.7898,22.62,16.54,28.85,0.0,59.7
2025-02-26,Nashik,Maharashtra,19.9975,73.7898,22.0,17.97,29.33,0.0,54.18
2025-02-27,Nashik,Maharashtra,19.9975,73.7898,21.88,17.61,27.29,0.0,55.05
2025-02-28,Nashik,Maharashtra,19.9975,73.7898,22.62,18.13,27.24,0.0,51.55
2025-03-01,Nashik,Maharashtra,19.9975,73.7898,21.64,16.6,28.75,0.0,50.57
2025-03-02,Nashik,Maharashtra,19.9975,73.7898,22.86,16.48,28.12,0.0,58.89
2025-03-03,Nashik,Maharashtra,19.9975,73.7898,22.68,15.76,28.18,0.0,51.82
2025-03-04,Nashik,Maharashtra,19.9975,73.7898,22.91,18.73,30.66,0.0,40.17
2025-03-05,Nashik,Maharashtra,19.9975,73.7898,21.27,14.31,27.45,0.0,56.34
2025-03-06,Nashik,Maharashtra,19.9975,73.7898,21.08,16.84,28.47,0.0,58.64
2025-03-07,Nashik,Maharashtra,19.9975,73.7898,22.86,16.84,28.37,0.0,49.6
2025-03-08,Nashik,Maharashtra,19.9975,73.7898,19.85,14.72,26.89,0.0,47.54
2025-03-09,Nashik,Maharashtra,19.9975,73.7898,22.63,16.7,27.52,0.0,51.09
2025-03-10,Nashik,Maharashtra,19.9975,73.7898,21.28,14.57,29.28,0.0,53.86
2025-03-11,Nashik,Maharashtra,19.9975,73.7898,22.04,15.68,29.32,0.0,50.68
2025-03-12,Nashik,Maharashtra,19.9975,73.7898,23.51,16.75,29.48,0.0,48.07
2025-03-13,Nashik,Maharashtra,19.9975,73.7898,22.24,18.2,27.39,0.0,62.21
2025-03-14,Nashik,Maharashtra,19.9975,73.7898,22.27,16.15,29.85,0.0,42.39
2025-03-15,Nashik,Maharashtra,19.9975,73.7898,20.91,15.91,25.09,0.0,46.08
2025-03-16,Nashik,Maharashtra,19.9975,73.7898,26.09,19.22,32.14,0.0,55.58
2025-03-17,Nashik,Maharashtra,19.9975,73.7898,23.2,18.11,29.71,0.0,57.47
2025-03-18,Nashik,Maharashtra,19.9975,73.7898,22.94,17.29,30.59,0.0,48.84
2025-03-19,Nashik,Maharashtra,19.9975,73.7898,22.82,16.76,28.12,0.0,49.68
2025-03-20,Nashik,Maharashtra,19.9975,73.7898,24.49,18.9,30.92,0.0,52.11
2025-03-21,Nashik,Maharashtra,19.9975,73.7898,24.12,20.06,28.93,0.0,49.21
2025-03-22,Nashik,Maharashtra,19.9975,73.7898,22.07,17.73,26.15,0.0,55.39
2025-03-23,Nashik,Maharashtra,19.9975,73.7898,24.62,19.74,28.71,0.0,50.84
2025-03-24,Nashik,Maharashtra,19.9975,73.7898,23.26,17.92,30.08,0.0,48.45
2025-03-25,Nashik,Maharashtra,19.9975,73.7898,22.08,15.43,29.82,0.0,62.36
2025-03-26,Nashik,Maharashtra,19.9975,73.7898,22.4,17.18,29.82,0.0,62.25
2025-03-27,Nashik,Maharashtra,19.9975,73.7898,22.17,15.62,27.42,0.0,48.87
2025-03-28,Nashik,Maharashtra,19.9975,73.7898,22.85,18.64,26.86,0.0,52.51
2025-03-29,Nashik,Maharashtra,19.9975,73.7898,23.07,16.7,28.05,0.0,35.28
2025-03-30,Nashik,Maharashtra,19.9975,73.7898,22.62,16.76,28.52,0.0,50.26
2025-03-31,Nashik,Maharashtra,19.9975,73.7898,23.12,17.57,28.21,0.0,50.3
2025-04-01,Nashik,Maharashtra,19.9975,73.7898,23.38,16.75,27.39,0.0,44.98
2025-04-02,Nashik,Maharashtra,19.9975,73.7898,23.69,19.59,30.21,0.0,50.84
2025-04-03,Nashik,Maharashtra,19.9975,73.7898,22.9,17.35,30.05,0.0,43.31
2025-04-04,Nashik,Maharashtra,19.9975,73.7898,23.88,16.99,28.24,0.0,51.04
2025-04-05,Nashik,Maharashtra,19.9975,73.7898,22.92,16.94,27.24,0.0,45.97
2025-04-06,Nashik,Maharashtra,19.9975,73.7898,24.53,18.77,30.78,0.0,50.06
2025-04-07,Nashik,Maharashtra,19.9975,73.7898,25.27,20.26,33.01,0.0,48.97
2025-04-08,Nashik,Maharashtra,19.9975,73.7898,26.19,19.72,34.01,0.0,50.09
2025-04-09,Nashik,Maharashtra,19.9975,73.7898,24.88,19.2,31.7,0.0,45.97
2025-04-10,Nashik,Maharashtra,19.9975,73.7898,27.45,21.36,33.03,0.0,40.15
2025-04-11,Nashik,Maharashtra,19.9975,73.7898,24.18,18.29,31.73,0.0,64.34
2025-04-12,Nashik,Maharashtra,19.9975,73.7898,25.65,20.67,32.81,0.0,56.68
2025-04-13,Nashik,Maharashtra,19.9975,73.7898,26.96,21.23,33.59,0.0,46.4
2025-04-14,Nashik,Maharashtra,19.9975,73.7898,24.38,20.35,29.35,0.0,51.83
2025-04-15,Nashik,Maharashtra,19.9975,73.7898,27.44,20.76,32.91,0.0,46.16
2025-04-16,Nashik,Maharashtra,19.9975,73.7898,24.23,18.33,32.23,0.0,51.39
2025-04-17,Nashik,Maharashtra,19.9975,73.7898,25.78,19.46,33.66,0.0,49.5
2025-04-18,Nashik,Maharashtra,19.9975,73.7898,27.21,21.04,31.71,0.0,58.06
2025-04-19,Nashik,Maharashtra,19.9975,73.7898,26.06,21.66,31.29,0.0,47.03
2025-04-20,Nashik,Maharashtra,19.9975,73.7898,23.43,16.63,31.21,0.0,46.47
2025-04-21,Nashik,Maharashtra,19.9975,73.7898,25.12,19.76,29.97,0.0,51.5
2025-04-22,Nashik,Maharashtra,19.9975,73.7898,25.54,21.23,31.01,0.0,44.45
2025-04-23,Nashik,Maharashtra,19.9975,73.7898,27.88,23.3,35.87,0.0,54.67
2025-04-24,Nashik,Maharashtra,19.9975,73.7898,25.99,21.86,31.32,0.0,49.75
2025-04-25,Nashik,Maharashtra,19.9975,73.7898,27.29,21.17,35.05,0.0,57.23
2025-04-26,Nashik,Maharashtra,19.9975,73.7898,28.18,24.12,35.3,0.0,44.8
2025-04-27,Nashik,Maharashtra,19.9975,73.7898,28.67,22.28,34.53,0.0,46.76
2025-04-28,Nashik,Maharashtra,19.9975,73.7898,26.19,21.47,31.99,0.0,44.58
2025-04-29,Nashik,Maharashtra,19.9975,73.7898,27.51,20.64,32.06,0.0,57.15
2025-04-30,Nashik,Maharashtra,19.9975,73.7898,27.9,21.84,31.96,0.0,52.41
2025-05-01,Nashik,Maharashtra,19.9975,73.7898,26.36,19.53,32.29,0.0,41.37
2025-05-02,Nashik,Maharashtra,19.9975,73.7898,28.06,21.56,34.37,0.0,56.56
2025-05-03,Nashik,Maharashtra,19.9975,73.7898,29.11,24.54,36.46,0.0,46.4
2025-05-04,Nashik,Maharashtra,19.9975,73.7898,27.57,21.99,34.47,0.0,51.16
2025-05-05,Nashik,Maharashtra,19.9975,73.7898,29.13,22.75,35.91,0.0,44.49
2025-05-06,Nashik,Maharashtra,19.9975,73.7898,29.22,24.01,34.45,0.21,54.53
2025-05-07,Nashik,Maharashtra,19.9975,73.7898,26.2,21.61,31.55,0.0,47.22
2025-05-08,Nashik,Maharashtra,19.9975,73.7898,26.53,21.89,33.27,0.0,40.73
2025-05-09,Nashik,Maharashtra,19.9975,73.7898,27.52,21.4,31.53,0.0,47.98
2025-05-10,Nashik,Maharashtra,19.9975,73.7898,27.68,22.0,34.8,0.0,57.32
2025-05-11,Nashik,Maharashtra,19.9975,73.7898,29.29,24.55,34.57,0.0,52.85
2025-05-12,Nashik,Maharashtra,19.9975,73.7898,29.89,23.4,37.37,0.0,41.7
2025-05-13,Nashik,Maharashtra,19.9975,73.7898,30.67,23.93,34.96,0.0,59.2
2025-05-14,Nashik,Maharashtra,19.9975,73.7898,28.63,23.04,35.52,0.0,51.1
2025-05-15,Nashik,Maharashtra,19.9975,73.7898,28.79,22.34,33.79,0.0,39.82
2025-05-16,Nashik,Maharashtra,19.9975,73.7898,28.47,23.37,35.03,0.0,40.44
2025-05-17,Nashik,Maharashtra,19.9975,73.7898,29.51,23.18,34.25,0.0,51.47
2025-05-18,Nashik,Maharashtra,19.9975,73.7898,28.55,23.29,34.77,0.0,55.45
2025-05-19,Nashik,Maharashtra,19.9975,73.7898,30.69,24.27,37.95,0.0,47.96
2025-05-20,Nashik,Maharashtra,19.9975,73.7898,28.47,23.14,34.95,0.0,48.72
2025-05-21,Nashik,Maharashtra,19.9975,73.7898,29.5,23.56,35.11,0.0,46.63
2025-05-22,Nashik,Maharashtra,19.9975,73.7898,29.81,24.36,37.21,0.0,50.33
2025-05-23,Nashik,Maharashtra,19.9975,73.7898,29.32,23.89,37.21,0.0,41.77
2025-05-24,Nashik,Maharashtra,19.9975,73.7898,29.69,25.03,36.97,0.0,45.44
2025-05-25,Nashik,Maharashtra,19.9975,73.7898,30.43,24.36,35.48,0.0,48.61
2025-05-26,Nashik,Maharashtra,19.9975,73.7898,30.37,24.32,35.7,0.0,53.65
2025-05-27,Nashik,Maharashtra,19.9975,73.7898,30.17,23.26,34.82,0.0,52.37
2025-05-28,Nashik,Maharashtra,19.9975,73.7898,31.01,25.96,36.25,0.0,60.1
2025-05-29,Nashik,Maharashtra,19.9975,73.7898,28.9,23.95,35.41,0.0,50.13
2025-05-30,Nashik,Maharashtra,19.9975,73.7898,32.15,26.27,37.65,6.89,80.94
2025-05-31,Nashik,Maharashtra,19.9975,73.7898,28.68,21.82,35.39,0.0,79.51
2025-06-01,Nashik,Maharashtra,19.9975,73.7898,30.81,24.45,38.06,49.72,89.41
2025-06-02,Nashik,Maharashtra,19.9975,73.7898,30.86,26.83,34.87,5.18,82.01
2025-06-03,Nashik,Maharashtra,19.9975,73.7898,32.3,25.63,37.31,3.89,90.11
2025-06-04,Nashik,Maharashtra,19.9975,73.7898,28.83,24.55,33.1,3.76,84.39
2025-06-05,Nashik,Maharashtra,19.9975,73.7898,31.2,24.87,39.15,0.0,89.66
2025-06-06,Nashik,Maharashtra,19.9975,73.7898,29.33,24.32,36.13,0.0,89.14
2025-06-07,Nashik,Maharashtra,19.9975,73.7898,28.93,24.41,36.23,0.0,90.45
2025-06-08,Nashik,Maharashtra,19.9975,73.7898,28.05,24.0,32.53,6.84,83.15
2025-06-09,Nashik,Maharashtra,19.9975,73.7898,31.58,26.06,37.31,28.09,82.59
2025-06-10,Nashik,Maharashtra,19.9975,73.7898,30.13,25.81,34.8,10.71,80.2
2025-06-11,Nashik,Maharashtra,19.9975,73.7898,31.85,27.4,37.44,9.35,83.83
2025-06-12,Nashik,Maharashtra,19.9975,73.7898,31.41,25.37,37.18,0.0,87.41
2025-06-13,Nashik,Maharashtra,19.9975,73.7898,29.17,24.47,36.12,0.0,88.32
2025-06-14,Nashik,Maharashtra,19.9975,73.7898,30.69,24.04,37.04,0.0,81.81
2025-06-15,Nashik,Maharashtra,19.9975,73.7898,31.36,24.51,35.64,0.0,82.37
2025-06-16,Nashik,Maharashtra,19.9975,73.7898,31.22,24.34,37.07,0.0,81.53
2025-06-17,Nashik,Maharashtra,19.9975,73.7898,29.04,22.3,36.33,45.73,85.43
2025-06-18,Nashik,Maharashtra,19.9975,73.7898,30.92,24.86,38.46,9.67,89.1
2025-06-19,Nashik,Maharashtra,19.9975,73.7898,32.14,26.66,39.12,0.0,82.05
2025-06-20,Nashik,Maharashtra,19.9975,73.7898,31.7,26.0,36.52,7.67,90.33
2025-06-21,Nashik,Maharashtra,19.9975,73.7898,32.04,25.23,39.11,8.84,82.03
2025-06-22,Nashik,Maharashtra,19.9975,73.7898,29.9,25.78,37.65,12.72,95.03
2025-06-23,Nashik,Maharashtra,19.9975,73.7898,29.51,24.9,35.2,10.44,81.5
2025-06-24,Nashik,Maharashtra,19.9975,73.7898,32.3,25.65,39.36,0.0,82.98
2025-06-25,Nashik,Maharashtra,19.9975,73.7898,32.06,26.01,36.47,7.36,91.05
2025-06-26,Nashik,Maharashtra,19.9975,73.7898,32.8,28.26,37.17,0.0,92.41
2025-06-27,Nashik,Maharashtra,19.9975,73.7898,30.36,25.65,36.68,0.0,87.46
2025-06-28,Nashik,Maharashtra,19.9975,73.7898,30.52,24.33,36.75,7.82,86.25
2025-06-29,Nashik,Maharashtra,19.9975,73.7898,32.93,26.46,39.48,0.0,89.74
2025-06-30,Nashik,Maharashtra,19.9975,73.7898,32.09,25.45,39.48,0.0,83.17
2025-07-01,Nashik,Maharashtra,19.9975,73.7898,30.76,25.51,36.96,16.65,87.71
2025-07-02,Nashik,Maharashtra,19.9975,73.7898,30.36,25.36,38.2,0.0,88.05
2025-07-03,Nashik,Maharashtra,19.9975,73.7898,29.77,25.64,35.52,15.95,73.83
2025-07-04,Nashik,Maharashtra,19.9975,73.7898,34.2,28.62,42.06,40.8,90.52
2025-07-05,Nashik,Maharashtra,19.9975,73.7898,32.05,27.59,39.45,5.5,83.12
2025-07-06,Nashik,Maharashtra,19.9975,73.7898,30.98,26.69,35.83,0.0,87.34
2025-07-07,Nashik,Maharashtra,19.9975,73.7898,31.79,25.73,38.62,8.79,73.28
2025-07-08,Nashik,Maharashtra,19.9975,73.7898,33.47,27.5,37.5,27.84,82.49
2025-07-09,Nashik,Maharashtra,19.9975,73.7898,31.31,26.13,37.09,0.0,76.49
2025-07-10,Nashik,Maharashtra,19.9975,73.7898,34.04,29.5,40.42,5.83,84.01
2025-07-11,Nashik,Maharashtra,19.9975,73.7898,32.35,27.02,37.26,12.99,81.42
2025-07-12,Nashik,Maharashtra,19.9975,73.7898,31.93,25.52,39.6,0.0,87.13
2025-07-13,Nashik,Maharashtra,19.9975,73.7898,31.92,25.57,36.4,0.49,72.81
2025-07-14,Nashik,Maharashtra,19.9975,73.7898,31.84,27.4,37.9,0.0,89.62
2025-07-15,Nashik,Maharashtra,19.9975,73.7898,32.7,26.58,37.29,5.69,81.76
2025-07-16,Nashik,Maharashtra,19.9975,73.7898,31.35,26.54,35.89,0.0,73.18
2025-07-17,Nashik,Maharashtra,19.9975,73.7898,30.74,25.38,38.49,4.47,84.87
2025-07-18,Nashik,Maharashtra,19.9975,73.7898,34.07,27.78,41.79,0.0,84.82
2025-07-19,Nashik,Maharashtra,19.9975,73.7898,30.98,25.13,37.29,0.18,84.41
2025-07-20,Nashik,Maharashtra,19.9975,73.7898,31.87,26.56,36.88,0.0,88.04
2025-07-21,Nashik,Maharashtra,19.9975,73.7898,33.7,28.32,41.19,3.41,84.31
2025-07-22,Nashik,Maharashtra,19.9975,73.7898,33.1,28.65,39.08,0.0,88.33
2025-07-23,Nashik,Maharashtra,19.9975,73.7898,29.24,24.85,36.14,0.0,82.16
2025-07-24,Nashik,Maharashtra,19.9975,73.7898,31.96,26.07,39.5,0.36,87.94
2025-07-25,Nashik,Maharashtra,19.9975,73.7898,32.71,26.92,38.97,10.38,87.92
2025-07-26,Nashik,Maharashtra,19.9975,73.7898,30.98,25.17,38.79,15.38,83.4
2025-07-27,Nashik,Maharashtra,19.9975,73.7898,31.5,24.64,37.92,0.0,84.13
2025-07-28,Nashik,Maharashtra,19.9975,73.7898,33.07,27.01,39.38,0.0,80.48
2025-07-29,Nashik,Maharashtra,19.9975,73.7898,31.28,25.17,38.77,2.17,83.66
2025-07-30,Nashik,Maharashtra,19.9975,73.7898,32.14,27.57,36.71,2.82,92.6
2025-07-31,Nashik,Maharashtra,19.9975,73.7898,32.52,26.49,37.94,21.14,81.94
2025-08-01,Nashik,Maharashtra,19.9975,73.7898,29.93,25.08,36.56,0.0,85.57
2025-08-02,Nashik,Maharashtra,19.9975,73.7898,31.35,25.82,38.14,0.0,80.21
2025-08-03,Nashik,Maharashtra,19.9975,73.7898,32.55,27.02,36.71,8.17,91.6
2025-08-04,Nashik,Maharashtra,19.9975,73.7898,31.96,27.32,37.7,19.67,91.06
2025-08-05,Nashik,Maharashtra,19.9975,73.7898,32.56,26.16,38.65,0.0,77.9
2025-08-06,Nashik,Maharashtra,19.9975,73.7898,31.42,26.06,39.05,3.36,81.66
2025-08-07,Nashik,Maharashtra,19.9975,73.7898,31.68,27.48,36.39,0.0,83.1
2025-08-08,Nashik,Maharashtra,19.9975,73.7898,33.63,29.17,40.56,0.0,84.78
2025-08-09,Nashik,Maharashtra,19.9975,73.7898,29.25,22.66,33.39,0.0,78.57
2025-08-10,Nashik,Maharashtra,19.9975,73.7898,33.46,28.46,38.95,0.0,85.4
2025-08-11,Nashik,Maharashtra,19.9975,73.7898,31.39,25.49,39.22,2.39,85.6
2025-08-12,Nashik,Maharashtra,19.9975,73.7898,32.73,27.29,38.26,0.0,77.61
2025-08-13,Nashik,Maharashtra,19.9975,73.7898,31.88,25.27,39.55,24.46,82.53
2025-08-14,Nashik,Maharashtra,19.9975,73.7898,32.14,27.37,40.07,25.45,76.52
2025-08-15,Nashik,Maharashtra,19.9975,73.7898,29.97,25.11,34.28,0.0,81.07
2025-08-16,Nashik,Maharashtra,19.9975,73.7898,32.04,25.9,37.8,0.0,89.27
2025-08-17,Nashik,Maharashtra,19.9975,73.7898,31.06,26.1,36.68,0.0,85.93
2025-08-18,Nashik,Maharashtra,19.9975,73.7898,29.52,22.94,36.0,2.22,81.73
2025-08-19,Nashik,Maharashtra,19.9975,73.7898,31.74,24.91,35.88,0.0,77.22
2025-08-20,Nashik,Maharashtra,19.9975,73.7898,31.79,25.09,38.32,0.0,81.12
2025-08-21,Nashik,Maharashtra,19.9975,73.7898,29.73,22.86,37.12,0.0,76.99
2025-08-22,Nashik,Maharashtra,19.9975,73.7898,29.98,24.21,37.54,41.58,80.76
2025-08-23,Nashik,Maharashtra,19.9975,73.7898,30.48,24.69,38.24,0.0,82.7
2025-08-24,Nashik,Maharashtra,19.9975,73.7898,30.57,24.66,35.85,0.0,85.62
2025-08-25,Nashik,Maharashtra,19.9975,73.7898,31.06,25.24,37.03,0.0,92.43
2025-08-26,Nashik,Maharashtra,19.9975,73.7898,31.18,24.34,35.36,2.35,90.57
2025-08-27,Nashik,Maharashtra,19.9975,73.7898,29.87,25.52,36.23,2.64,86.67
2025-08-28,Nashik,Maharashtra,19.9975,73.7898,31.37,27.18,38.74,1.91,87.98
2025-08-29,Nashik,Maharashtra,19.9975,73.7898,28.92,22.86,33.97,13.82,81.44
2025-08-30,Nashik,Maharashtra,19.9975,73.7898,29.98,25.71,37.55,0.0,84.34
2025-08-31,Nashik,Maharashtra,19.9975,73.7898,31.59,26.77,36.5,0.0,81.74
2025-09-01,Nashik,Maharashtra,19.9975,73.7898,32.18,27.5,39.98,14.4,86.88
2025-09-02,Nashik,Maharashtra,19.9975,73.7898,30.22,24.71,36.61,7.73,77.68
2025-09-03,Nashik,Maharashtra,19.9975,73.7898,32.55,26.9,37.25,0.0,90.24
2025-09-04,Nashik,Maharashtra,19.9975,73.7898,28.23,22.66,35.97,20.97,79.61
2025-09-05,Nashik,Maharashtra,19.9975,73.7898,31.31,25.59,38.94,0.0,86.5
2025-09-06,Nashik,Maharashtra,19.9975,73.7898,27.77,20.79,32.0,0.0,88.84
2025-09-07,Nashik,Maharashtra,19.9975,73.7898,31.05,26.99,36.34,15.42,76.95
2025-09-08,Nashik,Maharashtra,19.9975,73.7898,31.65,25.72,39.56,2.74,83.52
2025-09-09,Nashik,Maharashtra,19.9975,73.7898,30.25,23.38,35.67,7.86,83.76
2025-09-10,Nashik,Maharashtra,19.9975,73.7898,28.66,22.63,33.44,0.0,89.43
2025-09-11,Nashik,Maharashtra,19.9975,73.7898,29.8,23.72,37.72,0.0,85.24
2025-09-12,Nashik,Maharashtra,19.9975,73.7898,30.88,24.6,38.63,15.32,82.84
2025-09-13,Nashik,Maharashtra,19.9975,73.7898,29.52,24.37,34.41,0.0,84.53
2025-09-14,Nashik,Maharashtra,19.9975,73.7898,29.18,24.47,35.11,0.0,87.97
2025-09-15,Nashik,Maharashtra,19.9975,73.7898,28.03,22.39,33.57,0.0,82.17
2025-09-16,Nashik,Maharashtra,19.9975,73.7898,29.98,24.1,37.75,0.0,78.45
2025-09-17,Nashik,Maharashtra,19.9975,73.7898,28.35,24.15,36.27,0.0,85.86
2025-09-18,Nashik,Maharashtra,19.9975,73.7898,28.7,24.24,35.25,0.0,87.64
2025-09-19,Nashik,Maharashtra,19.9975,73.7898,29.0,23.54,35.44,0.0,81.66
2025-09-20,Nashik,Maharashtra,19.9975,73.7898,27.93,21.48,35.52,0.0,79.17
2025-09-21,Nashik,Maharashtra,19.9975,73.7898,27.91,22.93,32.92,0.0,84.36
2025-09-22,Nashik,Maharashtra,19.9975,73.7898,28.77,24.03,34.82,0.0,84.48
2025-09-23,Nashik,Maharashtra,19.9975,73.7898,26.96,22.27,32.78,0.0,79.39
2025-09-24,Nashik,Maharashtra,19.9975,73.7898,29.49,23.86,34.59,2.31,82.64
2025-09-25,Nashik,Maharashtra,19.9975,73.7898,27.99,20.99,33.97,0.0,79.01
2025-09-26,Nashik,Maharashtra,19.9975,73.7898,27.34,22.09,35.1,0.0,86.51
2025-09-27,Nashik,Maharashtra,19.9975,73.7898,28.53,22.35,35.6,0.0,88.49
2025-09-28,Nashik,Maharashtra,19.9975,73.7898,26.44,21.59,30.45,0.0,41.71
2025-09-29,Nashik,Maharashtra,19.9975,73.7898,27.83,22.48,34.7,0.0,41.75
2025-09-30,Nashik,Maharashtra,19.9975,73.7898,26.95,22.46,32.3,0.0,45.09
2025-10-01,Nashik,Maharashtra,19.9975,73.7898,26.41,22.19,34.33,0.0,64.99
2025-10-02,Nashik,Maharashtra,19.9975,73.7898,25.26,20.06,31.97,0.0,50.12
2025-10-03,Nashik,Maharashtra,19.9975,73.7898,28.54,22.28,35.85,0.0,41.14
2025-10-04,Nashik,Maharashtra,19.9975,73.7898,26.83,22.66,33.6,0.0,50.93
2025-10-05,Nashik,Maharashtra,19.9975,73.7898,27.79,23.05,33.65,0.0,46.91
2025-10-06,Nashik,Maharashtra,19.9975,73.7898,27.15,20.59,31.38,0.0,45.69
2025-10-07,Nashik,Maharashtra,19.9975,73.7898,27.69,22.91,32.63,0.0,54.35
2025-10-08,Nashik,Maharashtra,19.9975,73.7898,26.58,20.6,30.99,0.0,49.53
2025-10-09,Nashik,Maharashtra,19.9975,73.7898,26.83,22.05,31.17,0.0,50.72
2025-10-10,Nashik,Maharashtra,19.9975,73.7898,27.2,22.55,34.95,0.0,49.79
2025-10-11,Nashik,Maharashtra,19.9975,73.7898,28.31,22.24,36.3,0.0,54.51
2025-10-12,Nashik,Maharashtra,19.9975,73.7898,27.83,21.2,35.11,0.0,52.91
2025-10-13,Nashik,Maharashtra,19.9975,73.7898,25.25,20.8,30.71,0.0,54.7
2025-10-14,Nashik,Maharashtra,19.9975,73.7898,25.22,20.23,32.64,0.0,48.69
2025-10-15,Nashik,Maharashtra,19.9975,73.7898,25.1,19.1,31.81,0.0,50.25
2025-10-16,Nashik,Maharashtra,19.9975,73.7898,24.29,20.27,30.17,0.0,52.18
2025-10-17,Nashik,Maharashtra,19.9975,73.7898,26.29,20.91,32.43,0.0,50.69
2025-10-18,Nashik,Maharashtra,19.9975,73.7898,25.43,19.85,32.76,0.0,49.74
2025-10-19,Nashik,Maharashtra,19.9975,73.7898,27.25,20.52,34.64,0.0,53.74
2025-10-20,Nashik,Maharashtra,19.9975,73.7898,27.64,21.47,31.65,0.0,54.88
2025-10-21,Nashik,Maharashtra,19.9975,73.7898,25.83,21.49,31.36,0.0,44.0
2025-10-22,Nashik,Maharashtra,19.9975,73.7898,23.82,17.51,30.26,0.0,51.03
2025-10-23,Nashik,Maharashtra,19.9975,73.7898,26.36,19.91,33.59,0.0,50.9
2025-10-24,Nashik,Maharashtra,19.9975,73.7898,24.39,19.29,31.08,0.0,41.26
2025-10-25,Nashik,Maharashtra,19.9975,73.7898,23.93,18.04,31.56,0.0,45.57
2025-10-26,Nashik,Maharashtra,19.9975,73.7898,27.41,21.92,34.26,0.0,43.92
2025-10-27,Nashik,Maharashtra,19.9975,73.7898,24.18,18.22,29.4,0.0,46.58
2025-10-28,Nashik,Maharashtra,19.9975,73.7898,26.61,21.71,34.02,0.0,49.19
2025-10-29,Nashik,Maharashtra,19.9975,73.7898,22.76,17.59,29.4,0.0,49.19
2025-10-30,Nashik,Maharashtra,19.9975,73.7898,24.39,19.07,29.76,0.0,41.28
2025-10-31,Nashik,Maharashtra,19.9975,73.7898,25.13,20.54,29.16,2.36,51.39
2025-11-01,Nashik,Maharashtra,19.9975,73.7898,25.28,19.82,30.71,0.0,46.12
2025-11-02,Nashik,Maharashtra,19.9975,73.7898,21.9,17.77,26.85,0.0,51.15
2025-11-03,Nashik,Maharashtra,19.9975,73.7898,24.15,19.38,28.69,0.0,60.33
2025-11-04,Nashik,Maharashtra,19.9975,73.7898,25.07,19.53,29.37,0.0,52.98
2025-11-05,Nashik,Maharashtra,19.9975,73.7898,24.55,18.41,31.75,0.0,45.73
2025-11-06,Nashik,Maharashtra,19.9975,73.7898,24.32,17.47,29.37,0.0,51.02
2025-11-07,Nashik,Maharashtra,19.9975,73.7898,22.97,16.54,29.64,0.0,53.77
2025-11-08,Nashik,Maharashtra,19.9975,73.7898,21.24,16.25,28.9,0.0,55.07
2025-11-09,Nashik,Maharashtra,19.9975,73.7898,23.22,18.54,28.28,0.0,49.12
2025-11-10,Nashik,Maharashtra,19.9975,73.7898,23.94,17.45,28.48,0.0,49.14
2025-11-11,Nashik,Maharashtra,19.9975,73.7898,24.97,18.51,32.54,0.0,45.91
2025-11-12,Nashik,Maharashtra,19.9975,73.7898,26.67,22.61,33.86,0.0,43.07
2025-11-13,Nashik,Maharashtra,19.9975,73.7898,23.04,16.75,28.16,0.0,32.37
2025-11-14,Nashik,Maharashtra,19.9975,73.7898,20.69,13.87,27.68,0.0,58.87
2025-11-15,Nashik,Maharashtra,19.9975,73.7898,22.66,15.85,28.16,0.0,44.34
2025-11-16,Nashik,Maharashtra,19.9975,73.7898,24.71,19.19,30.97,0.0,52.1
2025-11-17,Nashik,Maharashtra,19.9975,73.7898,22.63,15.95,28.4,0.0,47.74
2025-11-18,Nashik,Maharashtra,19.9975,73.7898,23.29,17.44,31.15,0.0,50.27
2025-11-19,Nashik,Maharashtra,19.9975,73.7898,24.02,19.75,30.35,0.0,38.14
2025-11-20,Nashik,Maharashtra,19.9975,73.7898,20.81,15.09,27.57,0.0,48.13
2025-11-21,Nashik,Maharashtra,19.9975,73.7898,22.47,17.39,26.55,0.0,52.57
2025-11-22,Nashik,Maharashtra,19.9975,73.7898,23.23,17.65,27.53,0.0,47.95
2025-11-23,Nashik,Maharashtra,19.9975,73.7898,24.02,17.77,28.09,0.0,39.14
2025-11-24,Nashik,Maharashtra,19.9975,73.7898,22.53,16.3,28.4,0.0,40.71
2025-11-25,Nashik,Maharashtra,19.9975,73.7898,19.97,15.6,25.52,0.0,51.9
2025-11-26,Nashik,Maharashtra,19.9975,73.7898,21.87,16.15,29.07,0.0,52.94
2025-11-27,Nashik,Maharashtra,19.9975,73.7898,20.41,15.81,28.01,0.0,52.37
2025-11-28,Nashik,Maharashtra,19.9975,73.7898,22.39,17.46,28.22,0.0,51.91
2025-11-29,Nashik,Maharashtra,19.9975,73.7898,21.7,15.67,26.19,0.0,54.29
2025-11-30,Nashik,Maharashtra,19.9975,73.7898,21.46,15.6,27.22,0.0,45.78
2025-12-01,Nashik,Maharashtra,19.9975,73.7898,22.75,16.87,27.1,0.0,59.57
2025-12-02,Nashik,Maharashtra,19.9975,73.7898,20.19,14.75,27.68,0.0,47.79
2025-12-03,Nashik,Maharashtra,19.9975,73.7898,22.3,15.34,30.11,0.0,47.03
2025-12-04,Nashik,Maharashtra,19.9975,73.7898,22.25,17.26,28.59,0.0,43.16
2025-12-05,Nashik,Maharashtra,19.9975,73.7898,20.99,15.01,28.56,0.0,44.82
2025-12-06,Nashik,Maharashtra,19.9975,73.7898,23.37,17.69,28.06,0.0,52.1
2025-12-07,Nashik,Maharashtra,19.9975,73.7898,22.52,16.17,26.8,0.0,47.26
2025-12-08,Nashik,Maharashtra,19.9975,73.7898,20.68,15.31,26.12,0.0,49.88
2025-12-09,Nashik,Maharashtra,19.9975,73.7898,21.21,15.33,25.83,0.0,56.47
2025-12-10,Nashik,Maharashtra,19.9975,73.7898,22.12,17.1,26.59,0.0,52.45
2025-12-11,Nashik,Maharashtra,19.9975,73.7898,21.26,16.14,26.88,0.0,59.63
2025-12-12,Nashik,Maharashtra,19.9975,73.7898,20.45,16.14,28.23,0.0,53.67
2025-12-13,Nashik,Maharashtra,19.9975,73.7898,21.14,14.74,26.7,0.0,57.46
2025-12-14,Nashik,Maharashtra,19.9975,73.7898,19.14,14.37,25.15,0.0,46.39
2025-12-15,Nashik,Maharashtra,19.9975,73.7898,20.76,16.06,25.28,0.0,56.64
2025-12-16,Nashik,Maharashtra,19.9975,73.7898,18.73,12.29,25.52,0.0,58.61
2025-12-17,Nashik,Maharashtra,19.9975,73.7898,20.3,13.5,25.17,0.0,48.75
2025-12-18,Nashik,Maharashtra,19.9975,73.7898,22.33,15.77,29.62,0.0,54.2
2025-12-19,Nashik,Maharashtra,19.9975,73.7898,20.83,14.64,27.17,0.61,39.75
2025-12-20,Nashik,Maharashtra,19.9975,73.7898,20.13,14.94,27.61,0.0,57.98
2025-12-21,Nashik,Maharashtra,19.9975,73.7898,20.76,16.22,25.59,0.0,45.17
2025-12-22,Nashik,Maharashtra,19.9975,73.7898,20.82,16.29,26.69,0.0,55.4
2025-12-23,Nashik,Maharashtra,19.9975,73.7898,22.53,16.1,28.64,0.0,49.46
2025-12-24,Nashik,Maharashtra,19.9975,73.7898,17.79,11.04,22.16,0.0,53.36
2025-12-25,Nashik,Maharashtra,19.9975,73.7898,22.51,16.25,30.5,0.0,43.38
2025-12-26,Nashik,Maharashtra,19.9975,73.7898,20.55,15.44,27.04,0.0,56.14
2025-12-27,Nashik,Maharashtra,19.9975,73.7898,20.7,15.47,27.48,0.0,44.5
2025-12-28,Nashik,Maharashtra,19.9975,73.7898,20.49,14.82,26.23,0.0,55.03
2025-12-29,Nashik,Maharashtra,19.9975,73.7898,18.24,14.13,24.35,0.0,44.99
2025-12-30,Nashik,Maharashtra,19.9975,73.7898,21.7,16.93,26.51,0.88,46.61
2025-12-31,Nashik,Maharashtra,19.9975,73.7898,19.33,12.37,26.94,0.0,47.67
2023-01-01,Pune,Maharashtra,18.5204,73.8567,21.49,14.76,28.48,0.0,46.57
2023-01-02,Pune,Maharashtra,18.5204,73.8567,19.8,12.83,26.91,0.0,45.61
2023-01-03,Pune,Maharashtra,18.5204,73.8567,18.92,12.77,25.8,0.0,44.24
2023-01-04,Pune,Maharashtra,18.5204,73.8567,20.46,14.51,25.26,0.0,59.94
2023-01-05,Pune,Maharashtra,18.5204,73.8567,20.08,13.23,26.57,0.0,45.5
2023-01-06,Pune,Maharashtra,18.5204,73.8567,20.36,14.65,28.03,0.0,48.03
2023-01-07,Pune,Maharashtra,18.5204,73.8567,21.88,16.12,28.65,1.02,46.04
2023-01-08,Pune,Maharashtra,18.5204,73.8567,20.93,14.27,27.19,0.0,50.48
2023-01-09,Pune,Maharashtra,18.5204,73.8567,20.39,15.02,26.29,0.0,58.2
2023-01-10,Pune,Maharashtra,18.5204,73.8567,19.73,14.32,26.64,0.0,54.07
2023-01-11,Pune,Maharashtra,18.5204,73.8567,20.07,13.87,25.25,0.0,47.06
2023-01-12,Pune,Maharashtra,18.5204,73.8567,18.61,13.86,25.56,0.0,62.93
2023-01-13,Pune,Maharashtra,18.5204,73.8567,20.63,15.4,27.48,0.0,44.92
2023-01-14,Pune,Maharashtra,18.5204,73.8567,19.34,13.28,25.76,0.0,52.47
2023-01-15,Pune,Maharashtra,18.5204,73.8567,19.04,14.74,25.57,0.0,63.62
2023-01-16,Pune,Maharashtra,18.5204,73.8567,20.8,16.26,28.75,0.0,47.64
2023-01-17,Pune,Maharashtra,18.5204,73.8567,18.79,14.17,25.51,0.0,46.1
2023-01-18,Pune,Maharashtra,18.5204,73.8567,20.36,15.65,25.94,0.0,57.5
2023-01-19,Pune,Maharashtra,18.5204,73.8567,20.97,14.62,25.84,0.0,63.68
2023-01-20,Pune,Maharashtra,18.5204,73.8567,20.0,14.92,24.13,0.0,48.27
2023-01-21,Pune,Maharashtra,18.5204,73.8567,19.89,14.11,25.84,0.0,46.85
2023-01-22,Pune,Maharashtra,18.5204,73.8567,19.25,12.98,26.26,0.0,48.15
2023-01-23,Pune,Maharashtra,18.5204,73.8567,19.96,12.97,26.64,0.0,51.39
2023-01-24,Pune,Maharashtra,18.5204,73.8567,17.79,12.01,25.04,0.04,62.31
2023-01-25,Pune,Maharashtra,18.5204,73.8567,17.83,11.88,21.87,0.0,59.4
2023-01-26,Pune,Maharashtra,18.5204,73.8567,19.48,14.02,23.66,0.0,42.59
2023-01-27,Pune,Maharashtra,18.5204,73.8567,20.09,14.48,25.9,0.0,51.47
2023-01-28,Pune,Maharashtra,18.5204,73.8567,21.94,16.9,26.9,0.0,44.11
2023-01-29,Pune,Maharashtra,18.5204,73.8567,19.73,13.1,27.41,0.0,54.59
2023-01-30,Pune,Maharashtra,18.5204,73.8567,21.24,15.75,25.9,0.0,54.64
2023-01-31,Pune,Maharashtra,18.5204,73.8567,19.53,13.15,26.43,0.0,52.05
2023-02-01,Pune,Maharashtra,18.5204,73.8567,20.23,16.18,24.39,0.0,53.94
2023-02-02,Pune,Maharashtra,18.5204,73.8567,19.74,13.72,26.91,0.0,59.9
2023-02-03,Pune,Maharashtra,18.5204,73.8567,18.94,13.67,23.01,0.0,56.03
2023-02-04,Pune,Maharashtra,18.5204,73.8567,18.48,12.47,22.93,0.0,53.12
2023-02-05,Pune,Maharashtra,18.5204,73.8567,18.21,12.72,24.33,0.0,58.88
2023-02-06,Pune,Maharashtra,18.5204,73.8567,20.77,15.29,28.31,0.0,56.72
2023-02-07,Pune,Maharashtra,18.5204,73.8567,22.54,17.41,29.12,0.0,48.53
2023-02-08,Pune,Maharashtra,18.5204,73.8567,20.88,14.13,27.86,0.0,47.28
2023-02-09,Pune,Maharashtra,18.5204,73.8567,19.5,12.74,27.25,0.0,48.43
2023-02-10,Pune,Maharashtra,18.5204,73.8567,19.84,13.78,27.65,0.0,53.12
2023-02-11,Pune,Maharashtra,18.5204,73.8567,20.75,15.75,26.91,0.0,58.58
2023-02-12,Pune,Maharashtra,18.5204,73.8567,21.99,17.48,29.44,0.0,49.33
2023-02-13,Pune,Maharashtra,18.5204,73.8567,18.89,14.83,25.08,0.0,48.4
2023-02-14,Pune,Maharashtra,18.5204,73.8567,18.32,13.01,25.56,0.0,55.6
2023-02-15,Pune,Maharashtra,18.5204,73.8567,23.16,17.39,30.64,0.0,50.43
2023-02-16,Pune,Maharashtra,18.5204,73.8567,19.15,12.24,24.7,4.88,50.04
2023-02-17,Pune,Maharashtra,18.5204,73.8567,18.31,11.35,25.45,0.0,49.44
2023-02-18,Pune,Maharashtra,18.5204,73.8567,20.81,14.94,27.52,0.01,52.71
2023-02-19,Pune,Maharashtra,18.5204,73.8567,19.55,13.74,24.69,0.0,55.23
2023-02-20,Pune,Maharashtra,18.5204,73.8567,20.49,15.06,26.62,0.0,52.11
2023-02-21,Pune,Maharashtra,18.5204,73.8567,18.76,13.96,23.19,0.0,50.85
2023-02-22,Pune,Maharashtra,18.5204,73.8567,21.99,15.38,27.91,0.38,63.05
2023-02-23,Pune,Maharashtra,18.5204,73.8567,21.07,14.96,27.55,0.0,50.76
2023-02-24,Pune,Maharashtra,18.5204,73.8567,19.12,12.44,25.39,0.0,61.8
2023-02-25,Pune,Maharashtra,18.5204,73.8567,20.96,15.35,26.5,0.0,51.83
2023-02-26,Pune,Maharashtra,18.5204,73.8567,21.07,15.74,27.96,0.0,59.22
2023-02-27,Pune,Maharashtra,18.5204,73.8567,21.34,16.73,28.61,0.0,45.58
2023-02-28,Pune,Maharashtra,18.5204,73.8567,18.84,12.95,26.09,0.0,49.46
2023-03-01,Pune,Maharashtra,18.5204,73.8567,22.22,15.79,28.29,0.0,65.19
2023-03-02,Pune,Maharashtra,18.5204,73.8567,21.23,16.58,25.86,0.0,55.95
2023-03-03,Pune,Maharashtra,18.5204,73.8567,22.91,17.69,29.52,0.0,55.33
2023-03-04,Pune,Maharashtra,18.5204,73.8567,22.04,16.67,28.82,0.0,47.43
2023-03-05,Pune,Maharashtra,18.5204,73.8567,20.25,15.17,27.82,0.0,54.15
2023-03-06,Pune,Maharashtra,18.5204,73.8567,20.64,13.93,27.0,0.0,57.61
2023-03-07,Pune,Maharashtra,18.5204,73.8567,21.42,14.85,26.97,0.0,52.98
2023-03-08,Pune,Maharashtra,18.5204,73.8567,20.86,16.78,28.29,0.0,56.02
2023-03-09,Pune,Maharashtra,18.5204,73.8567,21.93,16.75,29.67,0.0,55.0
2023-03-10,Pune,Maharashtra,18.5204,73.8567,22.59,17.54,29.47,0.0,59.79
2023-03-11,Pune,Maharashtra,18.5204,73.8567,22.93,17.22,30.32,0.0,55.11
2023-03-12,Pune,Maharashtra,18.5204,73.8567,24.81,17.97,30.88,0.0,56.63
2023-03-13,Pune,Maharashtra,18.5204,73.8567,24.29,18.97,30.65,0.0,54.35
2023-03-14,Pune,Maharashtra,18.5204,73.8567,20.49,14.65,25.01,0.0,45.54
2023-03-15,Pune,Maharashtra,18.5204,73.8567,21.25,16.94,29.1,0.0,50.37
2023-03-16,Pune,Maharashtra,18.5204,73.8567,23.65,17.44,31.43,0.0,46.77
2023-03-17,Pune,Maharashtra,18.5204,73.8567,21.59,16.02,27.26,0.0,57.0
2023-03-18,Pune,Maharashtra,18.5204,73.8567,21.38,16.07,29.07,0.0,45.75
2023-03-19,Pune,Maharashtra,18.5204,73.8567,23.7,18.85,31.23,0.0,58.39
2023-03-20,Pune,Maharashtra,18.5204,73.8567,22.38,15.92,29.57,0.0,53.59
2023-03-21,Pune,Maharashtra,18.5204,73.8567,24.52,18.89,31.79,0.0,61.63
2023-03-22,Pune,Maharashtra,18.5204,73.8567,23.48,19.1,28.22,0.0,42.1
2023-03-23,Pune,Maharashtra,18.5204,73.8567,24.81,20.74,30.62,0.0,55.55
2023-03-24,Pune,Maharashtra,18.5204,73.8567,22.62,16.9,30.21,0.0,57.5
2023-03-25,Pune,Maharashtra,18.5204,73.8567,24.75,19.36,29.11,0.0,61.05
2023-03-26,Pune,Maharashtra,18.5204,73.8567,23.97,19.8,29.1,0.0,49.72
2023-03-27,Pune,Maharashtra,18.5204,73.8567,21.53,17.53,29.1,0.0,42.93
2023-03-28,Pune,Maharashtra,18.5204,73.8567,22.71,17.0,29.9,0.0,56.7
2023-03-29,Pune,Maharashtra,18.5204,73.8567,23.38,16.54,27.69,0.0,60.51
2023-03-30,Pune,Maharashtra,18.5204,73.8567,23.53,16.99,30.26,0.0,57.36
2023-03-31,Pune,Maharashtra,18.5204,73.8567,22.23,15.64,26.54,0.0,54.94
2023-04-01,Pune,Maharashtra,18.5204,73.8567,22.98,18.91,30.83,0.0,62.02
2023-04-02,Pune,Maharashtra,18.5204,73.8567,23.76,18.91,31.51,0.0,64.7
2023-04-03,Pune,Maharashtra,18.5204,73.8567,23.45,17.16,27.48,0.0,58.73
2023-04-04,Pune,Maharashtra,18.5204,73.8567,24.73,19.52,29.56,0.0,49.16
2023-04-05,Pune,Maharashtra,18.5204,73.8567,27.49,21.16,32.01,0.0,47.93
2023-04-06,Pune,Maharashtra,18.5204,73.8567,25.81,19.14,30.68,0.0,48.61
2023-04-07,Pune,Maharashtra,18.5204,73.8567,24.06,19.28,30.83,0.0,53.58
2023-04-08,Pune,Maharashtra,18.5204,73.8567,23.84,18.92,31.07,0.0,57.95
2023-04-09,Pune,Maharashtra,18.5204,73.8567,24.94,18.12,31.56,0.0,48.83
2023-04-10,Pune,Maharashtra,18.5204,73.8567,24.7,19.23,31.09,0.0,49.97
2023-04-11,Pune,Maharashtra,18.5204,73.8567,26.15,21.9,33.43,0.0,53.91
2023-04-12,Pune,Maharashtra,18.5204,73.8567,23.83,17.21,31.48,0.0,59.02
2023-04-13,Pune,Maharashtra,18.5204,73.8567,24.82,18.52,29.34,0.0,57.1
2023-04-14,Pune,Maharashtra,18.5204,73.8567,24.97,20.89,30.02,0.0,57.49
2023-04-15,Pune,Maharashtra,18.5204,73.8567,24.36,19.42,31.79,0.0,55.65
2023-04-16,Pune,Maharashtra,18.5204,73.8567,24.21,17.43,30.19,0.0,55.25
2023-04-17,Pune,Maharashtra,18.5204,73.8567,26.84,19.95,34.58,0.0,57.02
2023-04-18,Pune,Maharashtra,18.5204,73.8567,25.86,21.26,30.46,0.0,58.57
2023-04-19,Pune,Maharashtra,18.5204,73.8567,25.39,20.51,32.73,0.0,62.48
2023-04-20,Pune,Maharashtra,18.5204,73.8567,26.7,21.93,34.41,0.0,55.01
2023-04-21,Pune,Maharashtra,18.5204,73.8567,24.11,17.14,30.64,0.0,44.02
2023-04-22,Pune,Maharashtra,18.5204,73.8567,24.69,20.14,29.66,0.0,60.51
2023-04-23,Pune,Maharashtra,18.5204,73.8567,27.4,21.9,33.22,0.0,50.56
2023-04-24,Pune,Maharashtra,18.5204,73.8567,25.59,20.61,32.4,0.0,48.14
2023-04-25,Pune,Maharashtra,18.5204,73.8567,28.25,23.62,32.87,0.0,47.03
2023-04-26,Pune,Maharashtra,18.5204,73.8567,27.9,22.26,31.91,0.0,60.64
2023-04-27,Pune,Maharashtra,18.5204,73.8567,26.55,22.09,32.03,0.0,55.62
2023-04-28,Pune,Maharashtra,18.5204,73.8567,26.09,20.27,30.69,0.0,45.48
2023-04-29,Pune,Maharashtra,18.5204,73.8567,27.25,21.01,32.4,0.0,55.07
2023-04-30,Pune,Maharashtra,18.5204,73.8567,28.38,24.13,35.39,0.0,61.17
2023-05-01,Pune,Maharashtra,18.5204,73.8567,26.94,21.38,34.79,0.0,48.75
2023-05-02,Pune,Maharashtra,18.5204,73.8567,27.4,21.91,34.68,0.0,53.46
2023-05-03,Pune,Maharashtra,18.5204,73.8567,26.87,20.48,31.45,0.0,60.1
2023-05-04,Pune,Maharashtra,18.5204,73.8567,26.45,20.1,31.44,0.0,62.42
2023-05-05,Pune,Maharashtra,18.5204,73.8567,25.77,21.39,31.43,0.0,63.27
2023-05-06,Pune,Maharashtra,18.5204,73.8567,26.7,20.96,32.94,0.0,48.81
2023-05-07,Pune,Maharashtra,18.5204,73.8567,26.52,22.29,32.08,0.0,52.52
2023-05-08,Pune,Maharashtra,18.5204,73.8567,29.81,25.4,34.49,0.0,46.62
2023-05-09,Pune,Maharashtra,18.5204,73.8567,27.99,21.88,32.71,2.97,54.23
2023-05-10,Pune,Maharashtra,18.5204,73.8567,26.51,21.07,32.05,0.0,51.15
2023-05-11,Pune,Maharashtra,18.5204,73.8567,30.59,23.73,35.08,0.0,62.56
2023-05-12,Pune,Maharashtra,18.5204,73.8567,27.34,21.42,32.95,0.0,49.22
2023-05-13,Pune,Maharashtra,18.5204,73.8567,27.89,21.49,34.86,0.0,56.44
2023-05-14,Pune,Maharashtra,18.5204,73.8567,27.46,20.58,33.96,0.0,62.91
2023-05-15,Pune,Maharashtra,18.5204,73.8567,27.35,21.32,34.24,0.0,54.13
2023-05-16,Pune,Maharashtra,18.5204,73.8567,28.76,22.15,35.18,0.0,56.59
2023-05-17,Pune,Maharashtra,18.5204,73.8567,28.95,23.37,36.2,0.0,53.6
2023-05-18,Pune,Maharashtra,18.5204,73.8567,27.11,23.06,32.89,0.0,55.54
2023-05-19,Pune,Maharashtra,18.5204,73.8567,27.17,20.88,34.13,0.0,55.11
2023-05-20,Pune,Maharashtra,18.5204,73.8567,28.57,22.4,36.09,0.0,64.18
2023-05-21,Pune,Maharashtra,18.5204,73.8567,29.1,23.39,35.63,0.0,62.99
2023-05-22,Pune,Maharashtra,18.5204,73.8567,28.17,22.88,34.41,0.0,44.91
2023-05-23,Pune,Maharashtra,18.5204,73.8567,28.95,23.92,34.14,0.0,59.92
2023-05-24,Pune,Maharashtra,18.5204,73.8567,27.99,21.2,34.5,0.0,53.36
2023-05-25,Pune,Maharashtra,18.5204,73.8567,29.75,25.08,35.44,0.0,54.35
2023-05-26,Pune,Maharashtra,18.5204,73.8567,29.95,23.57,36.55,0.0,50.15
2023-05-27,Pune,Maharashtra,18.5204,73.8567,29.51,24.89,35.11,0.0,51.82
2023-05-28,Pune,Maharashtra,18.5204,73.8567,28.99,23.36,34.82,0.0,65.97
2023-05-29,Pune,Maharashtra,18.5204,73.8567,27.95,22.21,33.91,0.0,39.83
2023-05-30,Pune,Maharashtra,18.5204,73.8567,28.53,22.8,33.21,0.0,88.84
2023-05-31,Pune,Maharashtra,18.5204,73.8567,29.6,23.52,36.63,10.08,93.32
2023-06-01,Pune,Maharashtra,18.5204,73.8567,31.38,26.38,38.23,13.87,92.96
2023-06-02,Pune,Maharashtra,18.5204,73.8567,27.1,22.67,34.01,0.0,83.08
2023-06-03,Pune,Maharashtra,18.5204,73.8567,29.62,25.41,34.16,0.0,93.81
2023-06-04,Pune,Maharashtra,18.5204,73.8567,30.1,24.54,35.26,0.0,87.21
2023-06-05,Pune,Maharashtra,18.5204,73.8567,29.79,24.66,36.57,0.0,83.68
2023-06-06,Pune,Maharashtra,18.5204,73.8567,29.02,24.6,35.32,0.36,83.2
2023-06-07,Pune,Maharashtra,18.5204,73.8567,28.78,23.01,34.51,0.71,87.97
2023-06-08,Pune,Maharashtra,18.5204,73.8567,31.29,26.34,38.52,48.41,85.3
2023-06-09,Pune,Maharashtra,18.5204,73.8567,30.66,26.01,35.69,0.0,87.18
2023-06-10,Pune,Maharashtra,18.5204,73.8567,28.83,23.25,34.1,13.13,70.54
2023-06-11,Pune,Maharashtra,18.5204,73.8567,30.4,24.02,37.56,0.0,84.98
2023-06-12,Pune,Maharashtra,18.5204,73.8567,29.53,22.79,35.53,4.06,83.2
2023-06-13,Pune,Maharashtra,18.5204,73.8567,31.37,26.72,39.11,0.0,77.53
2023-06-14,Pune,Maharashtra,18.5204,73.8567,29.6,24.83,33.71,9.72,85.95
2023-06-15,Pune,Maharashtra,18.5204,73.8567,30.44,25.72,35.47,0.27,83.12
2023-06-16,Pune,Maharashtra,18.5204,73.8567,32.29,25.63,40.18,35.86,89.67
2023-06-17,Pune,Maharashtra,18.5204,73.8567,30.36,26.18,34.7,0.0,82.56
2023-06-18,Pune,Maharashtra,18.5204,73.8567,31.34,25.03,39.12,0.0,84.56
2023-06-19,Pune,Maharashtra,18.5204,73.8567,31.48,25.5,38.38,0.6,96.48
2023-06-20,Pune,Maharashtra,18.5204,73.8567,29.5,24.09,37.03,0.0,81.34
2023-06-21,Pune,Maharashtra,18.5204,73.8567,32.65,27.0,37.41,16.76,91.82
2023-06-22,Pune,Maharashtra,18.5204,73.8567,30.98,26.63,38.17,26.2,84.89
2023-06-23,Pune,Maharashtra,18.5204,73.8567,32.52,27.68,37.51,35.87,87.08
2023-06-24,Pune,Maharashtra,18.5204,73.8567,31.36,24.46,37.83,0.0,92.09
2023-06-25,Pune,Maharashtra,18.5204,73.8567,29.61,25.51,36.28,0.0,81.62
2023-06-26,Pune,Maharashtra,18.5204,73.8567,30.21,25.71,37.13,0.0,86.17
2023-06-27,Pune,Maharashtra,18.5204,73.8567,31.86,25.42,38.54,4.98,89.51
2023-06-28,Pune,Maharashtra,18.5204,73.8567,29.56,23.41,35.27,0.0,78.89
2023-06-29,Pune,Maharashtra,18.5204,73.8567,29.4,22.91,33.51,1.77,85.09
2023-06-30,Pune,Maharashtra,18.5204,73.8567,30.17,25.4,35.88,9.63,90.69
2023-07-01,Pune,Maharashtra,18.5204,73.8567,29.8,25.8,35.68,0.0,88.07
2023-07-02,Pune,Maharashtra,18.5204,73.8567,31.05,24.39,37.38,0.0,98.0
2023-07-03,Pune,Maharashtra,18.5204,73.8567,31.7,27.38,39.24,1.02,86.38
2023-07-04,Pune,Maharashtra,18.5204,73.8567,33.21,27.46,37.45,0.0,88.56
2023-07-05,Pune,Maharashtra,18.5204,73.8567,29.91,24.34,36.75,0.0,94.89
2023-07-06,Pune,Maharashtra,18.5204,73.8567,31.3,26.2,36.71,0.0,82.38
2023-07-07,Pune,Maharashtra,18.5204,73.8567,29.97,25.83,36.34,0.0,84.45
2023-07-08,Pune,Maharashtra,18.5204,73.8567,30.92,25.01,35.83,0.0,88.58
2023-07-09,Pune,Maharashtra,18.5204,73.8567,29.56,25.33,36.99,17.12,83.57
2023-07-10,Pune,Maharashtra,18.5204,73.8567,33.59,27.92,37.78,0.0,85.83
2023-07-11,Pune,Maharashtra,18.5204,73.8567,31.86,25.08,36.86,7.04,80.27
2023-07-12,Pune,Maharashtra,18.5204,73.8567,32.09,25.75,37.96,0.0,85.92
2023-07-13,Pune,Maharashtra,18.5204,73.8567,30.02,24.37,36.46,10.09,88.36
2023-07-14,Pune,Maharashtra,18.5204,73.8567,31.02,25.37,37.34,22.64,98.0
2023-07-15,Pune,Maharashtra,18.5204,73.8567,31.81,27.02,38.97,15.52,81.35
2023-07-16,Pune,Maharashtra,18.5204,73.8567,30.23,25.86,37.84,29.58,87.18
2023-07-17,Pune,Maharashtra,18.5204,73.8567,28.43,22.91,34.34,0.0,76.36
2023-07-18,Pune,Maharashtra,18.5204,73.8567,32.81,26.91,39.13,0.0,90.76
2023-07-19,Pune,Maharashtra,18.5204,73.8567,32.67,27.63,39.06,0.0,90.25
2023-07-20,Pune,Maharashtra,18.5204,73.8567,29.45,24.22,34.79,6.57,97.35
2023-07-21,Pune,Maharashtra,18.5204,73.8567,31.51,27.44,36.95,0.0,87.54
2023-07-22,Pune,Maharashtra,18.5204,73.8567,32.7,27.06,38.18,0.0,84.14
2023-07-23,Pune,Maharashtra,18.5204,73.8567,33.2,29.14,41.08,0.0,92.16
2023-07-24,Pune,Maharashtra,18.5204,73.8567,29.73,23.22,34.88,0.0,82.89
2023-07-25,Pune,Maharashtra,18.5204,73.8567,30.93,26.62,37.27,17.83,87.97
2023-07-26,Pune,Maharashtra,18.5204,73.8567,32.54,26.69,36.56,0.0,91.64
2023-07-27,Pune,Maharashtra,18.5204,73.8567,31.56,27.31,36.33,0.0,91.4
2023-07-28,Pune,Maharashtra,18.5204,73.8567,31.03,25.7,36.04,0.0,88.06
2023-07-29,Pune,Maharashtra,18.5204,73.8567,30.75,26.62,35.83,0.0,93.47
2023-07-30,Pune,Maharashtra,18.5204,73.8567,30.43,25.97,36.69,0.0,87.15
2023-07-31,Pune,Maharashtra,18.5204,73.8567,31.21,24.85,39.06,0.0,97.82
2023-08-01,Pune,Maharashtra,18.5204,73.8567,32.18,26.86,39.44,0.76,81.86
2023-08-02,Pune,Maharashtra,18.5204,73.8567,31.17,24.88,35.36,0.0,94.71
2023-08-03,Pune,Maharashtra,18.5204,73.8567,29.62,22.82,34.57,11.07,78.89
2023-08-04,Pune,Maharashtra,18.5204,73.8567,29.38,22.61,34.79,0.0,86.86
2023-08-05,Pune,Maharashtra,18.5204,73.8567,31.46,26.08,39.43,7.66,92.98
2023-08-06,Pune,Maharashtra,18.5204,73.8567,30.16,23.27,35.18,0.43,87.8
2023-08-07,Pune,Maharashtra,18.5204,73.8567,28.55,23.15,33.94,0.0,87.43
2023-08-08,Pune,Maharashtra,18.5204,73.8567,31.12,24.87,35.4,16.38,87.01
2023-08-09,Pune,Maharashtra,18.5204,73.8567,30.08,25.09,34.8,0.0,94.0
2023-08-10,Pune,Maharashtra,18.5204,73.8567,30.11,23.51,34.21,0.0,89.31
2023-08-11,Pune,Maharashtra,18.5204,73.8567,30.89,24.92,35.15,0.0,87.92
2023-08-12,Pune,Maharashtra,18.5204,73.8567,29.38,22.42,36.44,3.22,95.25
2023-08-13,Pune,Maharashtra,18.5204,73.8567,31.31,25.56,37.45,9.38,87.26
2023-08-14,Pune,Maharashtra,18.5204,73.8567,30.96,25.19,35.3,0.0,85.41
2023-08-15,Pune,Maharashtra,18.5204,73.8567,29.6,25.56,35.92,3.11,96.12
2023-08-16,Pune,Maharashtra,18.5204,73.8567,32.3,26.35,36.37,0.0,94.46
2023-08-17,Pune,Maharashtra,18.5204,73.8567,30.95,26.75,36.81,8.54,91.21
2023-08-18,Pune,Maharashtra,18.5204,73.8567,31.28,25.07,37.46,6.83,89.7
2023-08-19,Pune,Maharashtra,18.5204,73.8567,31.87,26.99,37.44,0.0,83.09
2023-08-20,Pune,Maharashtra,18.5204,73.8567,31.89,25.11,37.46,0.0,89.76
2023-08-21,Pune,Maharashtra,18.5204,73.8567,29.59,23.88,33.79,0.0,78.29
2023-08-22,Pune,Maharashtra,18.5204,73.8567,29.66,22.69,37.01,0.0,88.14
2023-08-23,Pune,Maharashtra,18.5204,73.8567,31.05,24.97,36.53,0.0,83.2
2023-08-24,Pune,Maharashtra,18.5204,73.8567,30.44,24.08,35.86,0.0,90.09
2023-08-25,Pune,Maharashtra,18.5204,73.8567,29.92,23.27,36.11,0.0,88.56
2023-08-26,Pune,Maharashtra,18.5204,73.8567,28.13,22.26,32.59,16.93,95.71
2023-08-27,Pune,Maharashtra,18.5204,73.8567,28.58,24.42,35.02,8.77,88.81
2023-08-28,Pune,Maharashtra,18.5204,73.8567,29.01,24.55,35.29,0.0,80.76
2023-08-29,Pune,Maharashtra,18.5204,73.8567,32.5,25.89,37.8,0.0,81.67
2023-08-30,Pune,Maharashtra,18.5204,73.8567,27.91,23.71,34.36,0.0,80.5
2023-08-31,Pune,Maharashtra,18.5204,73.8567,29.02,22.23,35.3,0.0,76.8
2023-09-01,Pune,Maharashtra,18.5204,73.8567,29.21,22.23,37.15,0.0,79.24
2023-09-02,Pune,Maharashtra,18.5204,73.8567,29.58,24.75,34.74,2.7,89.87
2023-09-03,Pune,Maharashtra,18.5204,73.8567,29.9,22.94,36.65,0.0,81.31
2023-09-04,Pune,Maharashtra,18.5204,73.8567,30.59,24.81,38.54,0.0,82.77
2023-09-05,Pune,Maharashtra,18.5204,73.8567,28.73,24.14,35.26,0.0,83.26
2023-09-06,Pune,Maharashtra,18.5204,73.8567,30.98,26.95,38.23,33.7,84.72
2023-09-07,Pune,Maharashtra,18.5204,73.8567,28.38,23.34,34.89,0.0,82.05
2023-09-08,Pune,Maharashtra,18.5204,73.8567,28.17,24.03,34.21,8.01,88.41
2023-09-09,Pune,Maharashtra,18.5204,73.8567,28.91,23.34,34.07,3.44,91.47
2023-09-10,Pune,Maharashtra,18.5204,73.8567,28.15,23.0,33.36,0.0,84.78
2023-09-11,Pune,Maharashtra,18.5204,73.8567,28.31,22.53,34.23,0.0,85.4
2023-09-12,Pune,Maharashtra,18.5204,73.8567,28.36,24.22,34.27,14.69,87.04
2023-09-13,Pune,Maharashtra,18.5204,73.8567,29.87,23.3,36.31,0.0,83.99
2023-09-14,Pune,Maharashtra,18.5204,73.8567,28.42,22.51,32.54,0.0,89.38
2023-09-15,Pune,Maharashtra,18.5204,73.8567,29.04,24.6,34.21,29.55,87.37
2023-09-16,Pune,Maharashtra,18.5204,73.8567,28.44,23.26,32.91,3.82,88.66
2023-09-17,Pune,Maharashtra,18.5204,73.8567,28.69,24.33,35.18,0.0,93.57
2023-09-18,Pune,Maharashtra,18.5204,73.8567,27.7,23.25,33.81,0.0,89.0
2023-09-19,Pune,Maharashtra,18.5204,73.8567,28.79,22.92,35.92,0.0,79.87
2023-09-20,Pune,Maharashtra,18.5204,73.8567,26.82,22.44,33.97,3.6,92.04
2023-09-21,Pune,Maharashtra,18.5204,73.8567,27.55,21.08,35.31,0.0,91.01
2023-09-22,Pune,Maharashtra,18.5204,73.8567,27.82,21.43,35.16,0.45,84.77
2023-09-23,Pune,Maharashtra,18.5204,73.8567,27.39,21.62,33.89,0.0,84.9
2023-09-24,Pune,Maharashtra,18.5204,73.8567,27.26,20.92,34.37,5.94,83.12
2023-09-25,Pune,Maharashtra,18.5204,73.8567,25.46,20.22,30.57,0.0,92.18
2023-09-26,Pune,Maharashtra,18.5204,73.8567,27.11,20.34,33.03,0.0,91.82
2023-09-27,Pune,Maharashtra,18.5204,73.8567,27.08,21.46,31.15,11.56,81.36
2023-09-28,Pune,Maharashtra,18.5204,73.8567,28.9,22.85,34.46,0.0,56.89
2023-09-29,Pune,Maharashtra,18.5204,73.8567,29.82,25.27,37.55,0.0,50.97
2023-09-30,Pune,Maharashtra,18.5204,73.8567,25.71,20.89,30.06,0.0,47.2
2023-10-01,Pune,Maharashtra,18.5204,73.8567,26.45,20.71,30.8,0.0,56.91
2023-10-02,Pune,Maharashtra,18.5204,73.8567,28.57,22.46,36.39,0.0,48.08
2023-10-03,Pune,Maharashtra,18.5204,73.8567,26.66,21.51,34.44,0.0,53.11
2023-10-04,Pune,Maharashtra,18.5204,73.8567,26.11,21.16,34.09,0.0,40.98
2023-10-05,Pune,Maharashtra,18.5204,73.8567,26.42,22.26,31.82,0.0,49.06
2023-10-06,Pune,Maharashtra,18.5204,73.8567,26.24,22.11,32.17,0.0,58.75
2023-10-07,Pune,Maharashtra,18.5204,73.8567,25.79,20.53,33.41,0.0,61.08
2023-10-08,Pune,Maharashtra,18.5204,73.8567,25.32,19.19,33.26,0.0,56.94
2023-10-09,Pune,Maharashtra,18.5204,73.8567,25.67,19.89,30.27,0.0,49.63
2023-10-10,Pune,Maharashtra,18.5204,73.8567,25.43,21.04,32.95,0.0,57.27
2023-10-11,Pune,Maharashtra,18.5204,73.8567,25.61,19.45,31.63,0.0,53.23
2023-10-12,Pune,Maharashtra,18.5204,73.8567,26.25,20.24,30.87,0.0,54.1
2023-10-13,Pune,Maharashtra,18.5204,73.8567,24.17,19.91,29.82,0.0,50.39
2023-10-14,Pune,Maharashtra,18.5204,73.8567,25.46,20.53,32.61,0.0,61.35
2023-10-15,Pune,Maharashtra,18.5204,73.8567,25.36,19.21,31.61,0.0,49.78
2023-10-16,Pune,Maharashtra,18.5204,73.8567,25.88,21.23,30.27,0.0,51.83
2023-10-17,Pune,Maharashtra,18.5204,73.8567,26.12,21.02,31.41,0.0,57.73
2023-10-18,Pune,Maharashtra,18.5204,73.8567,23.36,16.8,28.14,0.0,57.96
2023-10-19,Pune,Maharashtra,18.5204,73.8567,26.02,20.42,32.04,0.0,52.94
2023-10-20,Pune,Maharashtra,18.5204,73.8567,24.24,19.78,31.84,0.0,43.8
2023-10-21,Pune,Maharashtra,18.5204,73.8567,23.1,19.09,29.92,0.0,49.59
2023-10-22,Pune,Maharashtra,18.5204,73.8567,23.9,18.92,28.68,0.0,54.13
2023-10-23,Pune,Maharashtra,18.5204,73.8567,22.96,17.38,28.42,0.0,58.4
2023-10-24,Pune,Maharashtra,18.5204,73.8567,24.24,18.46,28.27,0.0,54.81
2023-10-25,Pune,Maharashtra,18.5204,73.8567,25.19,20.65,31.0,0.0,48.97
2023-10-26,Pune,Maharashtra,18.5204,73.8567,25.35,19.44,30.8,0.0,52.08
2023-10-27,Pune,Maharashtra,18.5204,73.8567,23.62,19.41,30.1,0.0,51.42
2023-10-28,Pune,Maharashtra,18.5204,73.8567,24.66,20.57,32.0,0.0,49.92
2023-10-29,Pune,Maharashtra,18.5204,73.8567,23.09,18.06,30.7,0.0,46.39
2023-10-30,Pune,Maharashtra,18.5204,73.8567,23.23,17.1,31.07,0.0,61.72
2023-10-31,Pune,Maharashtra,18.5204,73.8567,23.71,16.71,29.24,0.0,54.08
2023-11-01,Pune,Maharashtra,18.5204,73.8567,24.53,19.51,29.53,0.0,53.46
2023-11-02,Pune,Maharashtra,18.5204,73.8567,24.37,17.54,31.58,0.0,50.06
2023-11-03,Pune,Maharashtra,18.5204,73.8567,24.28,19.4,29.88,0.0,54.0
2023-11-04,Pune,Maharashtra,18.5204,73.8567,23.11,17.67,29.99,0.0,44.89
2023-11-05,Pune,Maharashtra,18.5204,73.8567,24.84,18.24,30.5,0.0,56.02
2023-11-06,Pune,Maharashtra,18.5204,73.8567,23.0,18.93,27.66,0.0,57.27
2023-11-07,Pune,Maharashtra,18.5204,73.8567,24.37,19.35,28.62,0.0,53.5
2023-11-08,Pune,Maharashtra,18.5204,73.8567,22.08,17.23,28.86,0.0,52.81
2023-11-09,Pune,Maharashtra,18.5204,73.8567,23.53,19.38,28.41,0.0,56.32
2023-11-10,Pune,Maharashtra,18.5204,73.8567,22.33,16.45,26.39,0.0,40.92
2023-11-11,Pune,Maharashtra,18.5204,73.8567,23.58,17.82,28.7,0.0,54.34
2023-11-12,Pune,Maharashtra,18.5204,73.8567,23.81,18.04,30.35,0.0,56.34
2023-11-13,Pune,Maharashtra,18.5204,73.8567,22.28,15.61,29.8,0.0,60.11
2023-11-14,Pune,Maharashtra,18.5204,73.8567,21.93,16.7,29.9,0.0,52.6
2023-11-15,Pune,Maharashtra,18.5204,73.8567,22.22,16.47,26.9,0.0,47.9
2023-11-16,Pune,Maharashtra,18.5204,73.8567,21.65,16.28,27.16,0.0,53.45
2023-11-17,Pune,Maharashtra,18.5204,73.8567,20.92,15.12,28.64,0.0,50.64
2023-11-18,Pune,Maharashtra,18.5204,73.8567,24.3,17.72,32.29,0.0,55.0
2023-11-19,Pune,Maharashtra,18.5204,73.8567,19.46,14.51,26.11,0.0,64.78
2023-11-20,Pune,Maharashtra,18.5204,73.8567,22.0,17.38,29.83,0.0,57.63
2023-11-21,Pune,Maharashtra,18.5204,73.8567,21.34,15.5,28.81,0.0,53.8
2023-11-22,Pune,Maharashtra,18.5204,73.8567,22.82,18.73,27.92,6.5,47.99
2023-11-23,Pune,Maharashtra,18.5204,73.8567,21.05,16.25,28.43,0.0,48.84
2023-11-24,Pune,Maharashtra,18.5204,73.8567,20.97,15.39,26.15,0.0,37.84
2023-11-25,Pune,Maharashtra,18.5204,73.8567,22.68,17.68,30.26,0.0,39.51
2023-11-26,Pune,Maharashtra,18.5204,73.8567,21.43,16.79,29.43,0.0,62.48
2023-11-27,Pune,Maharashtra,18.5204,73.8567,19.35,13.09,24.54,0.0,52.39
2023-11-28,Pune,Maharashtra,18.5204,73.8567,21.65,16.77,29.54,0.0,47.16
2023-11-29,Pune,Maharashtra,18.5204,73.8567,22.44,17.06,28.08,0.0,56.97
2023-11-30,Pune,Maharashtra,18.5204,73.8567,19.2,13.93,26.53,0.0,63.16
2023-12-01,Pune,Maharashtra,18.5204,73.8567,23.08,18.54,29.53,0.0,45.48
2023-12-02,Pune,Maharashtra,18.5204,73.8567,21.55,17.18,27.29,0.0,62.79
2023-12-03,Pune,Maharashtra,18.5204,73.8567,20.73,14.51,25.38,0.0,59.16
2023-12-04,Pune,Maharashtra,18.5204,73.8567,17.7,12.34,23.82,0.0,38.14
2023-12-05,Pune,Maharashtra,18.5204,73.8567,21.54,17.18,26.48,0.23,55.44
2023-12-06,Pune,Maharashtra,18.5204,73.8567,21.96,16.02,26.75,0.0,53.56
2023-12-07,Pune,Maharashtra,18.5204,73.8567,20.71,15.56,26.38,0.0,49.14
2023-12-08,Pune,Maharashtra,18.5204,73.8567,19.85,13.6,25.6,0.0,43.65
2023-12-09,Pune,Maharashtra,18.5204,73.8567,22.5,16.42,29.56,0.0,45.0
2023-12-10,Pune,Maharashtra,18.5204,73.8567,20.23,16.19,25.04,0.0,59.13
2023-12-11,Pune,Maharashtra,18.5204,73.8567,21.49,14.65,25.7,0.0,48.05
2023-12-12,Pune,Maharashtra,18.5204,73.8567,19.75,15.25,24.01,0.0,51.45
2023-12-13,Pune,Maharashtra,18.5204,73.8567,20.77,14.49,27.97,0.0,54.62
2023-12-14,Pune,Maharashtra,18.5204,73.8567,19.84,13.4,26.86,0.0,59.2
2023-12-15,Pune,Maharashtra,18.5204,73.8567,21.95,16.46,26.47,0.0,50.64
2023-12-16,Pune,Maharashtra,18.5204,73.8567,20.0,15.34,27.73,0.0,54.33
2023-12-17,Pune,Maharashtra,18.5204,73.8567,21.58,16.39,29.23,0.0,50.92
2023-12-18,Pune,Maharashtra,18.5204,73.8567,20.58,16.57,25.56,0.0,49.52
2023-12-19,Pune,Maharashtra,18.5204,73.8567,20.15,13.53,25.27,0.0,59.55
2023-12-20,Pune,Maharashtra,18.5204,73.8567,21.94,17.13,29.74,0.0,46.27
2023-12-21,Pune,Maharashtra,18.5204,73.8567,19.27,12.97,23.78,0.0,53.9
2023-12-22,Pune,Maharashtra,18.5204,73.8567,18.93,12.68,25.4,0.0,52.49
2023-12-23,Pune,Maharashtra,18.5204,73.8567,20.8,13.87,26.0,0.0,55.11
2023-12-24,Pune,Maharashtra,18.5204,73.8567,22.76,16.0,29.45,0.0,47.27
2023-12-25,Pune,Maharashtra,18.5204,73.8567,20.43,15.24,25.59,0.0,43.36
2023-12-26,Pune,Maharashtra,18.5204,73.8567,20.81,16.78,28.74,0.0,54.68
2023-12-27,Pune,Maharashtra,18.5204,73.8567,19.98,14.0,24.13,0.0,64.21
2023-12-28,Pune,Maharashtra,18.5204,73.8567,19.93,14.2,27.27,0.0,61.28
2023-12-29,Pune,Maharashtra,18.5204,73.8567,20.86,16.78,28.19,0.0,47.26
2023-12-30,Pune,Maharashtra,18.5204,73.8567,20.38,13.69,27.09,0.0,53.97
2023-12-31,Pune,Maharashtra,18.5204,73.8567,19.65,13.67,24.52,0.0,49.63
2024-01-01,Pune,Maharashtra,18.5204,73.8567,18.75,12.7,26.47,0.0,53.83
2024-01-02,Pune,Maharashtra,18.5204,73.8567,21.29,16.1,25.33,0.0,57.78
2024-01-03,Pune,Maharashtra,18.5204,73.8567,19.79,15.69,24.45,0.0,57.56
2024-01-04,Pune,Maharashtra,18.5204,73.8567,19.76,13.59,26.27,0.0,55.17
2024-01-05,Pune,Maharashtra,18.5204,73.8567,19.53,13.65,25.51,0.0,60.18
2024-01-06,Pune,Maharashtra,18.5204,73.8567,20.1,15.85,26.46,0.0,44.25
2024-01-07,Pune,Maharashtra,18.5204,73.8567,18.85,14.83,22.9,0.0,67.29
2024-01-08,Pune,Maharashtra,18.5204,73.8567,21.13,16.16,26.71,0.0,57.33
2024-01-09,Pune,Maharashtra,18.5204,73.8567,18.31,11.81,26.12,0.0,48.93
2024-01-10,Pune,Maharashtra,18.5204,73.8567,17.97,13.55,23.98,0.0,46.33
2024-01-11,Pune,Maharashtra,18.5204,73.8567,19.02,12.59,25.82,0.0,45.2
2024-01-12,Pune,Maharashtra,18.5204,73.8567,18.92,14.75,25.84,0.0,50.22
2024-01-13,Pune,Maharashtra,18.5204,73.8567,19.37,12.91,24.05,0.0,65.04
2024-01-14,Pune,Maharashtra,18.5204,73.8567,18.95,14.41,26.69,0.0,53.62
2024-01-15,Pune,Maharashtra,18.5204,73.8567,18.37,12.61,26.3,0.0,54.14
2024-01-16,Pune,Maharashtra,18.5204,73.8567,19.14,12.62,26.71,0.0,44.59
2024-01-17,Pune,Maharashtra,18.5204,73.8567,19.95,15.03,26.85,0.0,45.99
2024-01-18,Pune,Maharashtra,18.5204,73.8567,20.52,15.92,28.38,0.0,55.4
2024-01-19,Pune,Maharashtra,18.5204,73.8567,19.88,15.09,27.84,0.0,48.98
2024-01-20,Pune,Maharashtra,18.5204,73.8567,18.86,12.68,24.34,0.0,47.59
2024-01-21,Pune,Maharashtra,18.5204,73.8567,20.84,14.77,28.26,0.0,53.48
2024-01-22,Pune,Maharashtra,18.5204,73.8567,20.74,13.98,27.54,0.0,61.12
2024-01-23,Pune,Maharashtra,18.5204,73.8567,17.98,12.27,22.2,0.0,50.6
2024-01-24,Pune,Maharashtra,18.5204,73.8567,17.97,11.97,23.91,0.0,52.23
2024-01-25,Pune,Maharashtra,18.5204,73.8567,20.19,16.12,24.44,0.0,49.48
2024-01-26,Pune,Maharashtra,18.5204,73.8567,19.76,13.84,27.01,0.0,45.19
2024-01-27,Pune,Maharashtra,18.5204,73.8567,19.38,13.61,26.99,0.0,54.66
2024-01-28,Pune,Maharashtra,18.5204,73.8567,18.49,14.42,23.26,0.0,40.65
2024-01-29,Pune,Maharashtra,18.5204,73.8567,21.46,16.03,27.3,0.0,51.81
2024-01-30,Pune,Maharashtra,18.5204,73.8567,18.29,11.51,25.67,0.0,55.94
2024-01-31,Pune,Maharashtra,18.5204,73.8567,21.21,15.55,25.7,0.0,55.85
2024-02-01,Pune,Maharashtra,18.5204,73.8567,19.5,13.66,26.79,0.0,55.34
2024-02-02,Pune,Maharashtra,18.5204,73.8567,20.51,16.1,25.27,0.0,57.72
2024-02-03,Pune,Maharashtra,18.5204,73.8567,22.21,15.61,27.34,0.0,63.57
2024-02-04,Pune,Maharashtra,18.5204,73.8567,21.93,16.82,27.45,0.0,47.36
2024-02-05,Pune,Maharashtra,18.5204,73.8567,21.71,16.97,29.49,0.0,46.28
2024-02-06,Pune,Maharashtra,18.5204,73.8567,21.88,15.56,29.6,0.0,64.26
2024-02-07,Pune,Maharashtra,18.5204,73.8567,18.82,12.14,24.7,0.0,49.31
2024-02-08,Pune,Maharashtra,18.5204,73.8567,19.41,15.3,23.59,0.0,63.7
2024-02-09,Pune,Maharashtra,18.5204,73.8567,19.14,12.6,26.0,0.0,57.02
2024-02-10,Pune,Maharashtra,18.5204,73.8567,21.05,16.46,25.3,0.0,61.73
2024-02-11,Pune,Maharashtra,18.5204,73.8567,20.08,15.29,26.58,0.0,49.59
2024-02-12,Pune,Maharashtra,18.5204,73.8567,21.01,14.9,25.58,0.0,50.75
2024-02-13,Pune,Maharashtra,18.5204,73.8567,20.24,15.79,26.49,0.0,52.5
2024-02-14,Pune,Maharashtra,18.5204,73.8567,18.84,13.0,24.1,0.0,55.9
2024-02-15,Pune,Maharashtra,18.5204,73.8567,22.81,18.32,27.14,0.0,54.96
2024-02-16,Pune,Maharashtra,18.5204,73.8567,18.31,11.7,23.85,0.0,55.71
2024-02-17,Pune,Maharashtra,18.5204,73.8567,21.39,15.12,29.1,0.0,50.85
2024-02-18,Pune,Maharashtra,18.5204,73.8567,21.76,17.16,27.34,0.0,42.57
2024-02-19,Pune,Maharashtra,18.5204,73.8567,22.11,16.9,26.13,0.0,61.39
2024-02-20,Pune,Maharashtra,18.5204,73.8567,19.22,12.68,26.14,0.0,55.78
2024-02-21,Pune,Maharashtra,18.5204,73.8567,24.17,18.95,29.36,0.0,42.19
2024-02-22,Pune,Maharashtra,18.5204,73.8567,20.27,15.4,27.24,0.0,42.14
2024-02-23,Pune,Maharashtra,18.5204,73.8567,19.9,13.65,24.14,0.0,57.43
2024-02-24,Pune,Maharashtra,18.5204,73.8567,21.19,15.88,28.32,0.0,58.2
2024-02-25,Pune,Maharashtra,18.5204,73.8567,22.05,15.9,26.33,0.0,49.52
2024-02-26,Pune,Maharashtra,18.5204,73.8567,20.44,13.92,25.67,0.0,47.73
2024-02-27,Pune,Maharashtra,18.5204,73.8567,23.21,17.79,27.45,0.0,35.64
2024-02-28,Pune,Maharashtra,18.5204,73.8567,22.73,16.46,30.28,0.0,52.15
2024-02-29,Pune,Maharashtra,18.5204,73.8567,21.95,16.48,28.34,0.0,53.93
2024-03-01,Pune,Maharashtra,18.5204,73.8567,22.39,16.59,29.72,0.0,52.37
2024-03-02,Pune,Maharashtra,18.5204,73.8567,21.19,16.3,28.66,0.0,45.2
2024-03-03,Pune,Maharashtra,18.5204,73.8567,22.92,17.12,30.68,0.0,63.42
2024-03-04,Pune,Maharashtra,18.5204,73.8567,20.27,15.92,28.12,0.0,50.39
2024-03-05,Pune,Maharashtra,18.5204,73.8567,22.77,16.4,26.93,0.0,55.37
2024-03-06,Pune,Maharashtra,18.5204,73.8567,20.43,14.2,26.81,0.0,58.6
2024-03-07,Pune,Maharashtra,18.5204,73.8567,23.15,18.08,30.22,0.0,50.53
2024-03-08,Pune,Maharashtra,18.5204,73.8567,24.46,18.49,29.51,0.0,48.84
2024-03-09,Pune,Maharashtra,18.5204,73.8567,21.44,15.35,27.15,0.0,52.49
2024-03-10,Pune,Maharashtra,18.5204,73.8567,22.0,15.05,28.89,0.0,58.67
2024-03-11,Pune,Maharashtra,18.5204,73.8567,23.81,18.54,28.04,0.0,52.31
2024-03-12,Pune,Maharashtra,18.5204,73.8567,22.77,16.84,27.53,0.0,45.42
2024-03-13,Pune,Maharashtra,18.5204,73.8567,23.1,16.36,30.87,0.0,58.72
2024-03-14,Pune,Maharashtra,18.5204,73.8567,23.26,16.86,28.13,0.0,54.38
2024-03-15,Pune,Maharashtra,18.5204,73.8567,21.44,15.52,26.59,0.0,56.16
2024-03-16,Pune,Maharashtra,18.5204,73.8567,23.4,17.56,30.07,0.0,64.08
2024-03-17,Pune,Maharashtra,18.5204,73.8567,21.1,15.87,26.62,0.0,54.55
2024-03-18,Pune,Maharashtra,18.5204,73.8567,22.64,17.88,29.46,0.0,62.42
2024-03-19,Pune,Maharashtra,18.5204,73.8567,25.6,18.82,30.0,7.38,51.79
2024-03-20,Pune,Maharashtra,18.5204,73.8567,23.45,17.28,31.09,0.0,59.93
2024-03-21,Pune,Maharashtra,18.5204,73.8567,23.67,17.06,28.11,0.0,44.36
2024-03-22,Pune,Maharashtra,18.5204,73.8567,24.09,20.08,28.46,0.0,64.75
2024-03-23,Pune,Maharashtra,18.5204,73.8567,23.57,16.58,28.38,0.0,55.53
2024-03-24,Pune,Maharashtra,18.5204,73.8567,22.86,16.83,28.91,0.0,54.04
2024-03-25,Pune,Maharashtra,18.5204,73.8567,25.1,19.27,31.32,0.0,39.96
2024-03-26,Pune,Maharashtra,18.5204,73.8567,26.18,19.66,31.58,0.0,53.05
2024-03-27,Pune,Maharashtra,18.5204,73.8567,24.5,19.69,29.15,0.0,52.95
2024-03-28,Pune,Maharashtra,18.5204,73.8567,23.97,17.93,28.85,0.0,47.65
2024-03-29,Pune,Maharashtra,18.5204,73.8567,24.17,18.54,28.27,0.0,56.59
2024-03-30,Pune,Maharashtra,18.5204,73.8567,23.61,18.91,30.74,0.0,63.8
2024-03-31,Pune,Maharashtra,18.5204,73.8567,23.66,17.04,31.6,0.0,48.19
2024-04-01,Pune,Maharashtra,18.5204,73.8567,24.83,19.28,31.19,0.0,59.64
2024-04-02,Pune,Maharashtra,18.5204,73.8567,24.5,18.53,29.29,0.0,44.65
2024-04-03,Pune,Maharashtra,18.5204,73.8567,24.31,19.61,29.87,0.0,38.25
2024-04-04,Pune,Maharashtra,18.5204,73.8567,26.56,20.32,34.04,0.0,47.48
2024-04-05,Pune,Maharashtra,18.5204,73.8567,24.42,19.89,30.88,0.0,47.63
2024-04-06,Pune,Maharashtra,18.5204,73.8567,24.7,20.56,30.7,0.0,44.3
2024-04-07,Pune,Maharashtra,18.5204,73.8567,26.67,20.32,34.46,0.0,52.08
2024-04-08,Pune,Maharashtra,18.5204,73.8567,24.68,18.65,28.76,0.0,48.28
2024-04-09,Pune,Maharashtra,18.5204,73.8567,25.52,19.11,30.04,0.0,62.5
2024-04-10,Pune,Maharashtra,18.5204,73.8567,24.68,17.91,32.17,0.0,47.08
2024-04-11,Pune,Maharashtra,18.5204,73.8567,26.29,19.47,31.75,0.0,52.71
2024-04-12,Pune,Maharashtra,18.5204,73.8567,26.27,20.9,30.33,0.0,55.08
2024-04-13,Pune,Maharashtra,18.5204,73.8567,25.58,19.7,31.15,0.0,57.42
2024-04-14,Pune,Maharashtra,18.5204,73.8567,27.84,23.25,31.92,0.0,54.55
2024-04-15,Pune,Maharashtra,18.5204,73.8567,24.16,17.55,31.58,0.0,57.09
2024-04-16,Pune,Maharashtra,18.5204,73.8567,25.9,19.81,31.69,0.0,62.1
2024-04-17,Pune,Maharashtra,18.5204,73.8567,25.29,20.73,32.26,0.0,51.69
2024-04-18,Pune,Maharashtra,18.5204,73.8567,27.33,22.23,33.37,0.0,45.72
2024-04-19,Pune,Maharashtra,18.5204,73.8567,25.2,18.67,31.74,0.0,43.77
2024-04-20,Pune,Maharashtra,18.5204,73.8567,28.28,21.96,35.15,0.0,43.72
2024-04-21,Pune,Maharashtra,18.5204,73.8567,26.49,21.99,32.14,0.0,60.36
2024-04-22,Pune,Maharashtra,18.5204,73.8567,25.49,19.1,32.46,0.0,52.7
2024-04-23,Pune,Maharashtra,18.5204,73.8567,26.74,20.64,33.68,0.0,52.27
2024-04-24,Pune,Maharashtra,18.5204,73.8567,27.57,20.89,34.93,4.2,66.07
2024-04-25,Pune,Maharashtra,18.5204,73.8567,25.62,19.72,31.41,0.0,56.83
2024-04-26,Pune,Maharashtra,18.5204,73.8567,26.26,20.71,33.37,0.0,56.12
2024-04-27,Pune,Maharashtra,18.5204,73.8567,26.38,20.38,33.43,0.0,61.64
2024-04-28,Pune,Maharashtra,18.5204,73.8567,25.37,19.08,31.64,0.0,60.13
2024-04-29,Pune,Maharashtra,18.5204,73.8567,27.19,21.68,32.74,0.0,51.88
2024-04-30,Pune,Maharashtra,18.5204,73.8567,27.25,20.9,33.59,0.0,53.55
2024-05-01,Pune,Maharashtra,18.5204,73.8567,28.3,21.48,33.94,0.0,60.52
2024-05-02,Pune,Maharashtra,18.5204,73.8567,26.48,22.09,32.23,0.0,58.47
2024-05-03,Pune,Maharashtra,18.5204,73.8567,25.71,20.29,30.57,0.0,50.33
2024-05-04,Pune,Maharashtra,18.5204,73.8567,25.34,18.74,30.02,0.93,55.46
2024-05-05,Pune,Maharashtra,18.5204,73.8567,30.1,23.47,37.55,0.0,46.59
2024-05-06,Pune,Maharashtra,18.5204,73.8567,26.39,20.85,32.32,0.0,59.5
2024-05-07,Pune,Maharashtra,18.5204,73.8567,27.53,22.02,35.03,0.0,47.8
2024-05-08,Pune,Maharashtra,18.5204,73.8567,29.29,23.67,35.73,0.0,50.52
2024-05-09,Pune,Maharashtra,18.5204,73.8567,27.77,23.36,35.32,0.0,60.24
2024-05-10,Pune,Maharashtra,18.5204,73.8567,27.54,22.71,33.76,0.0,49.88
2024-05-11,Pune,Maharashtra,18.5204,73.8567,28.14,22.25,33.27,0.0,55.0
2024-05-12,Pune,Maharashtra,18.5204,73.8567,28.53,21.91,36.26,0.0,46.63
2024-05-13,Pune,Maharashtra,18.5204,73.8567,28.0,21.98,35.99,6.47,44.07
2024-05-14,Pune,Maharashtra,18.5204,73.8567,28.46,23.99,33.28,0.0,53.81
2024-05-15,Pune,Maharashtra,18.5204,73.8567,28.03,23.37,33.54,0.0,56.34
2024-05-16,Pune,Maharashtra,18.5204,73.8567,29.78,24.72,35.13,0.0,59.06
2024-05-17,Pune,Maharashtra,18.5204,73.8567,27.98,21.76,32.31,0.25,37.58
2024-05-18,Pune,Maharashtra,18.5204,73.8567,29.71,24.29,37.67,0.0,50.14
2024-05-19,Pune,Maharashtra,18.5204,73.8567,29.52,23.81,33.58,0.0,44.5
2024-05-20,Pune,Maharashtra,18.5204,73.8567,28.82,24.14,36.75,0.0,56.98
2024-05-21,Pune,Maharashtra,18.5204,73.8567,27.31,23.0,32.11,0.0,51.97
2024-05-22,Pune,Maharashtra,18.5204,73.8567,29.77,24.46,34.81,0.0,72.46
2024-05-23,Pune,Maharashtra,18.5204,73.8567,27.41,20.43,34.54,0.0,50.48
2024-05-24,Pune,Maharashtra,18.5204,73.8567,27.49,23.48,34.17,0.0,49.34
2024-05-25,Pune,Maharashtra,18.5204,73.8567,30.12,23.33,37.06,0.0,43.17
2024-05-26,Pune,Maharashtra,18.5204,73.8567,29.9,24.1,35.63,0.0,47.31
2024-05-27,Pune,Maharashtra,18.5204,73.8567,27.68,23.3,33.07,0.0,57.23
2024-05-28,Pune,Maharashtra,18.5204,73.8567,32.37,26.95,40.06,0.0,58.59
2024-05-29,Pune,Maharashtra,18.5204,73.8567,27.18,21.06,31.34,3.15,90.11
2024-05-30,Pune,Maharashtra,18.5204,73.8567,28.2,23.39,34.21,12.93,90.08
2024-05-31,Pune,Maharashtra,18.5204,73.8567,29.07,22.9,36.14,0.0,87.4
2024-06-01,Pune,Maharashtra,18.5204,73.8567,28.36,23.32,32.81,11.91,90.4
2024-06-02,Pune,Maharashtra,18.5204,73.8567,29.93,24.34,34.79,35.86,87.76
2024-06-03,Pune,Maharashtra,18.5204,73.8567,30.76,25.21,36.93,11.29,82.05
2024-06-04,Pune,Maharashtra,18.5204,73.8567,31.47,27.27,36.19,43.83,89.82
2024-06-05,Pune,Maharashtra,18.5204,73.8567,29.42,23.9,37.42,0.0,88.16
2024-06-06,Pune,Maharashtra,18.5204,73.8567,29.56,23.62,34.45,0.0,81.89
2024-06-07,Pune,Maharashtra,18.5204,73.8567,31.85,25.3,36.81,0.47,87.67
2024-06-08,Pune,Maharashtra,18.5204,73.8567,28.51,24.46,33.16,0.0,91.08
2024-06-09,Pune,Maharashtra,18.5204,73.8567,28.44,21.59,32.49,10.2,87.86
2024-06-10,Pune,Maharashtra,18.5204,73.8567,31.16,26.0,37.03,0.0,82.26
2024-06-11,Pune,Maharashtra,18.5204,73.8567,29.41,23.48,36.76,0.0,94.29
2024-06-12,Pune,Maharashtra,18.5204,73.8567,30.24,25.36,35.99,0.0,75.05
2024-06-13,Pune,Maharashtra,18.5204,73.8567,30.59,25.81,37.43,3.6,90.15
2024-06-14,Pune,Maharashtra,18.5204,73.8567,31.21,25.51,36.15,0.0,88.82
2024-06-15,Pune,Maharashtra,18.5204,73.8567,30.56,23.66,37.18,0.0,88.64
2024-06-16,Pune,Maharashtra,18.5204,73.8567,30.3,23.9,35.04,0.0,84.49
2024-06-17,Pune,Maharashtra,18.5204,73.8567,30.4,25.06,37.18,2.04,75.43
2024-06-18,Pune,Maharashtra,18.5204,73.8567,29.76,23.78,35.85,0.0,85.33
2024-06-19,Pune,Maharashtra,18.5204,73.8567,29.85,25.76,35.46,6.27,83.47
2024-06-20,Pune,Maharashtra,18.5204,73.8567,31.68,27.08,36.0,0.0,88.45
2024-06-21,Pune,Maharashtra,18.5204,73.8567,29.69,24.2,34.58,0.0,94.74
2024-06-22,Pune,Maharashtra,18.5204,73.8567,31.3,25.78,39.04,0.0,91.6
2024-06-23,Pune,Maharashtra,18.5204,73.8567,32.63,26.4,38.7,0.0,82.33
2024-06-24,Pune,Maharashtra,18.5204,73.8567,29.49,25.37,37.17,0.0,89.41
2024-06-25,Pune,Maharashtra,18.5204,73.8567,30.96,26.93,35.28,9.05,93.37
2024-06-26,Pune,Maharashtra,18.5204,73.8567,30.99,24.12,37.88,0.0,88.62
2024-06-27,Pune,Maharashtra,18.5204,73.8567,31.58,26.55,39.05,25.78,92.63
2024-06-28,Pune,Maharashtra,18.5204,73.8567,30.37,25.61,36.62,4.25,84.39
2024-06-29,Pune,Maharashtra,18.5204,73.8567,32.31,27.37,37.4,7.18,90.2
2024-06-30,Pune,Maharashtra,18.5204,73.8567,30.0,24.03,35.97,6.92,90.03
2024-07-01,Pune,Maharashtra,18.5204,73.8567,31.04,25.2,35.13,0.0,86.73
2024-07-02,Pune,Maharashtra,18.5204,73.8567,30.77,26.63,34.81,7.43,92.79
2024-07-03,Pune,Maharashtra,18.5204,73.8567,32.3,26.49,40.25,0.0,86.91
2024-07-04,Pune,Maharashtra,18.5204,73.8567,32.11,26.33,39.77,0.0,88.69
2024-07-05,Pune,Maharashtra,18.5204,73.8567,32.37,26.59,39.59,0.0,86.11
2024-07-06,Pune,Maharashtra,18.5204,73.8567,29.67,25.03,35.99,0.0,88.9
2024-07-07,Pune,Maharashtra,18.5204,73.8567,33.29,27.44,38.7,15.25,82.87
2024-07-08,Pune,Maharashtra,18.5204,73.8567,33.78,29.58,38.5,12.07,87.22
2024-07-09,Pune,Maharashtra,18.5204,73.8567,31.95,26.93,37.34,5.38,81.92
2024-07-10,Pune,Maharashtra,18.5204,73.8567,30.39,24.36,38.23,0.0,91.64
2024-07-11,Pune,Maharashtra,18.5204,73.8567,30.37,25.95,34.41,0.0,79.42
2024-07-12,Pune,Maharashtra,18.5204,73.8567,31.59,25.5,36.26,10.66,89.99
2024-07-13,Pune,Maharashtra,18.5204,73.8567,27.89,23.34,32.87,0.0,85.01
2024-07-14,Pune,Maharashtra,18.5204,73.8567,31.8,25.55,36.13,1.77,83.59
2024-07-15,Pune,Maharashtra,18.5204,73.8567,29.96,24.14,37.4,15.82,93.87
2024-07-16,Pune,Maharashtra,18.5204,73.8567,29.99,23.21,34.27,5.66,84.81
2024-07-17,Pune,Maharashtra,18.5204,73.8567,29.95,25.5,37.31,6.55,94.42
2024-07-18,Pune,Maharashtra,18.5204,73.8567,30.14,23.45,34.59,4.41,86.2
2024-07-19,Pune,Maharashtra,18.5204,73.8567,31.83,26.51,39.16,22.89,90.85
2024-07-20,Pune,Maharashtra,18.5204,73.8567,31.14,26.84,37.76,6.26,87.4
2024-07-21,Pune,Maharashtra,18.5204,73.8567,30.28,23.75,35.12,0.0,80.05
2024-07-22,Pune,Maharashtra,18.5204,73.8567,32.13,25.4,39.45,0.0,88.19
2024-07-23,Pune,Maharashtra,18.5204,73.8567,32.04,27.69,39.13,0.0,98.0
2024-07-24,Pune,Maharashtra,18.5204,73.8567,31.84,25.59,36.36,69.27,83.51
2024-07-25,Pune,Maharashtra,18.5204,73.8567,32.35,28.32,36.59,56.17,89.4
2024-07-26,Pune,Maharashtra,18.5204,73.8567,29.74,24.19,35.88,0.0,76.96
2024-07-27,Pune,Maharashtra,18.5204,73.8567,29.94,23.33,34.43,4.95,91.14
2024-07-28,Pune,Maharashtra,18.5204,73.8567,30.52,25.96,38.34,0.0,85.33
2024-07-29,Pune,Maharashtra,18.5204,73.8567,27.45,22.64,31.93,19.64,88.91
2024-07-30,Pune,Maharashtra,18.5204,73.8567,30.58,23.79,34.7,1.62,95.23
2024-07-31,Pune,Maharashtra,18.5204,73.8567,29.68,24.67,37.46,0.0,93.71
2024-08-01,Pune,Maharashtra,18.5204,73.8567,31.11,26.8,35.37,0.0,83.15
2024-08-02,Pune,Maharashtra,18.5204,73.8567,31.97,26.02,38.81,27.32,75.14
2024-08-03,Pune,Maharashtra,18.5204,73.8567,30.86,24.96,35.5,0.0,90.51
2024-08-04,Pune,Maharashtra,18.5204,73.8567,30.57,26.25,35.83,0.0,86.26
2024-08-05,Pune,Maharashtra,18.5204,73.8567,31.33,26.49,38.12,0.0,92.73
2024-08-06,Pune,Maharashtra,18.5204,73.8567,31.42,27.39,36.14,0.73,74.37
2024-08-07,Pune,Maharashtra,18.5204,73.8567,29.77,25.37,36.82,0.0,93.1
2024-08-08,Pune,Maharashtra,18.5204,73.8567,30.03,23.6,35.16,0.0,84.03
2024-08-09,Pune,Maharashtra,18.5204,73.8567,31.11,24.79,37.46,10.31,79.3
2024-08-10,Pune,Maharashtra,18.5204,73.8567,31.35,25.28,36.33,0.0,80.65
2024-08-11,Pune,Maharashtra,18.5204,73.8567,30.19,25.13,35.38,7.19,87.59
2024-08-12,Pune,Maharashtra,18.5204,73.8567,33.97,29.84,39.94,0.0,93.0
2024-08-13,Pune,Maharashtra,18.5204,73.8567,33.2,27.65,40.08,0.0,93.96
2024-08-14,Pune,Maharashtra,18.5204,73.8567,32.43,26.93,37.46,0.0,85.69
2024-08-15,Pune,Maharashtra,18.5204,73.8567,29.25,23.0,35.15,13.75,88.32
2024-08-16,Pune,Maharashtra,18.5204,73.8567,28.26,24.02,35.8,0.0,83.53
2024-08-17,Pune,Maharashtra,18.5204,73.8567,31.32,27.25,36.04,0.0,88.18
2024-08-18,Pune,Maharashtra,18.5204,73.8567,31.78,26.0,36.69,0.0,95.04
2024-08-19,Pune,Maharashtra,18.5204,73.8567,30.65,25.48,36.12,0.0,83.16
2024-08-20,Pune,Maharashtra,18.5204,73.8567,30.46,25.97,34.73,4.73,83.2
2024-08-21,Pune,Maharashtra,18.5204,73.8567,30.05,25.08,37.08,0.0,91.12
2024-08-22,Pune,Maharashtra,18.5204,73.8567,29.7,24.8,34.93,0.0,89.85
2024-08-23,Pune,Maharashtra,18.5204,73.8567,30.46,25.14,37.81,10.2,96.83
2024-08-24,Pune,Maharashtra,18.5204,73.8567,29.78,25.38,34.48,0.0,90.0
2024-08-25,Pune,Maharashtra,18.5204,73.8567,29.83,22.93,34.37,0.0,88.17
2024-08-26,Pune,Maharashtra,18.5204,73.8567,31.27,24.6,38.38,0.0,84.32
2024-08-27,Pune,Maharashtra,18.5204,73.8567,29.52,24.72,34.31,0.15,80.21
2024-08-28,Pune,Maharashtra,18.5204,73.8567,29.6,24.03,37.21,0.0,91.06
2024-08-29,Pune,Maharashtra,18.5204,73.8567,30.87,25.43,38.68,0.0,88.61
2024-08-30,Pune,Maharashtra,18.5204,73.8567,30.06,23.83,37.56,27.86,78.87
2024-08-31,Pune,Maharashtra,18.5204,73.8567,32.26,26.05,38.58,23.8,83.35
2024-09-01,Pune,Maharashtra,18.5204,73.8567,30.79,25.35,35.76,0.0,91.25
2024-09-02,Pune,Maharashtra,18.5204,73.8567,28.41,23.71,33.65,0.0,93.04
2024-09-03,Pune,Maharashtra,18.5204,73.8567,29.57,23.82,37.36,0.0,93.54
2024-09-04,Pune,Maharashtra,18.5204,73.8567,30.11,26.02,37.82,0.0,87.4
2024-09-05,Pune,Maharashtra,18.5204,73.8567,30.17,23.46,36.68,0.0,83.87
2024-09-06,Pune,Maharashtra,18.5204,73.8567,27.18,23.17,35.06,0.0,90.54
2024-09-07,Pune,Maharashtra,18.5204,73.8567,28.07,23.33,34.02,0.0,91.13
2024-09-08,Pune,Maharashtra,18.5204,73.8567,27.29,22.0,32.1,4.05,88.99
2024-09-09,Pune,Maharashtra,18.5204,73.8567,26.95,22.67,32.03,0.0,84.41
2024-09-10,Pune,Maharashtra,18.5204,73.8567,29.1,24.73,35.45,0.0,86.79
2024-09-11,Pune,Maharashtra,18.5204,73.8567,29.9,24.7,37.77,0.0,91.36
2024-09-12,Pune,Maharashtra,18.5204,73.8567,29.52,25.14,35.03,3.85,88.83
2024-09-13,Pune,Maharashtra,18.5204,73.8567,28.14,21.42,33.96,0.0,92.64
2024-09-14,Pune,Maharashtra,18.5204,73.8567,27.07,20.42,34.78,9.99,88.78
2024-09-15,Pune,Maharashtra,18.5204,73.8567,29.33,24.02,36.29,0.0,82.84
2024-09-16,Pune,Maharashtra,18.5204,73.8567,28.13,21.47,35.44,9.03,86.51
2024-09-17,Pune,Maharashtra,18.5204,73.8567,27.5,20.69,33.69,47.69,85.95
2024-09-18,Pune,Maharashtra,18.5204,73.8567,28.23,24.22,32.24,23.26,82.7
2024-09-19,Pune,Maharashtra,18.5204,73.8567,26.21,20.37,33.24,0.0,86.86
2024-09-20,Pune,Maharashtra,18.5204,73.8567,26.85,20.98,33.32,0.0,89.81
2024-09-21,Pune,Maharashtra,18.5204,73.8567,28.65,22.44,35.93,0.0,78.82
2024-09-22,Pune,Maharashtra,18.5204,73.8567,29.41,24.97,36.35,0.0,96.93
2024-09-23,Pune,Maharashtra,18.5204,73.8567,27.03,21.66,33.15,8.33,87.09
2024-09-24,Pune,Maharashtra,18.5204,73.8567,26.0,19.03,30.77,0.0,88.37
2024-09-25,Pune,Maharashtra,18.5204,73.8567,25.22,20.39,30.45,2.36,88.1
2024-09-26,Pune,Maharashtra,18.5204,73.8567,27.6,22.7,34.75,27.65,81.28
2024-09-27,Pune,Maharashtra,18.5204,73.8567,23.88,17.58,29.59,0.0,58.93
2024-09-28,Pune,Maharashtra,18.5204,73.8567,27.8,22.73,32.44,0.0,39.21
2024-09-29,Pune,Maharashtra,18.5204,73.8567,25.86,19.86,32.2,0.0,50.33
2024-09-30,Pune,Maharashtra,18.5204,73.8567,25.53,20.61,33.07,0.0,55.16
2024-10-01,Pune,Maharashtra,18.5204,73.8567,26.33,21.74,33.25,0.0,60.91
2024-10-02,Pune,Maharashtra,18.5204,73.8567,27.05,21.35,34.93,0.0,44.85
2024-10-03,Pune,Maharashtra,18.5204,73.8567,25.6,18.97,30.26,0.0,47.62
2024-10-04,Pune,Maharashtra,18.5204,73.8567,27.91,23.06,33.95,0.0,56.3
2024-10-05,Pune,Maharashtra,18.5204,73.8567,26.13,19.97,34.05,0.0,61.84
2024-10-06,Pune,Maharashtra,18.5204,73.8567,25.31,18.68,29.95,0.0,55.71
2024-10-07,Pune,Maharashtra,18.5204,73.8567,25.55,20.11,31.87,0.0,53.55
2024-10-08,Pune,Maharashtra,18.5204,73.8567,24.92,20.23,32.17,0.0,49.35
2024-10-09,Pune,Maharashtra,18.5204,73.8567,26.02,20.66,31.42,0.0,47.53
2024-10-10,Pune,Maharashtra,18.5204,73.8567,25.93,20.45,32.89,0.0,60.87
2024-10-11,Pune,Maharashtra,18.5204,73.8567,26.59,21.5,33.42,0.0,67.09
2024-10-12,Pune,Maharashtra,18.5204,73.8567,26.93,20.66,33.04,0.0,63.46
2024-10-13,Pune,Maharashtra,18.5204,73.8567,25.82,21.48,30.52,0.0,44.7
2024-10-14,Pune,Maharashtra,18.5204,73.8567,26.25,22.06,33.33,0.0,47.45
2024-10-15,Pune,Maharashtra,18.5204,73.8567,26.06,21.18,30.79,0.0,54.83
2024-10-16,Pune,Maharashtra,18.5204,73.8567,25.85,20.28,32.82,0.0,50.79
2024-10-17,Pune,Maharashtra,18.5204,73.8567,23.54,17.12,29.97,0.0,56.38
2024-10-18,Pune,Maharashtra,18.5204,73.8567,25.63,19.13,32.15,0.0,51.7
2024-10-19,Pune,Maharashtra,18.5204,73.8567,24.86,18.05,31.84,0.0,52.77
2024-10-20,Pune,Maharashtra,18.5204,73.8567,23.97,17.25,29.7,0.0,53.73
2024-10-21,Pune,Maharashtra,18.5204,73.8567,23.19,16.64,27.9,0.0,57.14
2024-10-22,Pune,Maharashtra,18.5204,73.8567,25.6,20.04,30.87,0.0,57.01
2024-10-23,Pune,Maharashtra,18.5204,73.8567,24.95,20.7,29.32,0.0,43.28
2024-10-24,Pune,Maharashtra,18.5204,73.8567,23.32,17.88,28.01,0.0,44.88
2024-10-25,Pune,Maharashtra,18.5204,73.8567,23.16,17.48,29.77,0.0,45.7
2024-10-26,Pune,Maharashtra,18.5204,73.8567,24.15,18.54,31.06,0.0,59.73
2024-10-27,Pune,Maharashtra,18.5204,73.8567,23.7,18.94,30.72,0.0,51.56
2024-10-28,Pune,Maharashtra,18.5204,73.8567,24.97,18.8,30.52,0.0,44.26
2024-10-29,Pune,Maharashtra,18.5204,73.8567,24.94,20.03,29.29,0.0,46.4
2024-10-30,Pune,Maharashtra,18.5204,73.8567,26.8,21.38,31.58,0.0,54.5
2024-10-31,Pune,Maharashtra,18.5204,73.8567,24.02,18.64,30.57,0.0,51.66
2024-11-01,Pune,Maharashtra,18.5204,73.8567,24.16,18.06,31.37,0.0,53.15
2024-11-02,Pune,Maharashtra,18.5204,73.8567,23.2,16.23,30.05,0.0,65.8
2024-11-03,Pune,Maharashtra,18.5204,73.8567,21.92,17.07,27.28,0.0,47.41
2024-11-04,Pune,Maharashtra,18.5204,73.8567,23.98,18.25,31.47,0.0,54.86
2024-11-05,Pune,Maharashtra,18.5204,73.8567,21.56,14.72,26.59,0.0,53.18
2024-11-06,Pune,Maharashtra,18.5204,73.8567,22.98,16.9,29.02,0.0,54.63
2024-11-07,Pune,Maharashtra,18.5204,73.8567,23.63,19.45,30.78,0.0,60.37
2024-11-08,Pune,Maharashtra,18.5204,73.8567,22.67,18.61,27.7,0.0,57.77
2024-11-09,Pune,Maharashtra,18.5204,73.8567,22.94,17.15,30.66,0.0,49.52
2024-11-10,Pune,Maharashtra,18.5204,73.8567,18.85,14.54,22.97,0.0,38.78
2024-11-11,Pune,Maharashtra,18.5204,73.8567,23.44,19.1,29.57,0.0,42.79
2024-11-12,Pune,Maharashtra,18.5204,73.8567,24.62,18.64,32.52,0.0,56.41
2024-11-13,Pune,Maharashtra,18.5204,73.8567,24.98,19.14,32.89,0.0,56.14
2024-11-14,Pune,Maharashtra,18.5204,73.8567,22.9,18.27,29.39,0.0,48.99
2024-11-15,Pune,Maharashtra,18.5204,73.8567,25.02,19.02,32.13,0.0,59.34
2024-11-16,Pune,Maharashtra,18.5204,73.8567,22.9,18.59,30.83,0.0,46.78
2024-11-17,Pune,Maharashtra,18.5204,73.8567,22.77,16.87,29.7,0.0,62.49
2024-11-18,Pune,Maharashtra,18.5204,73.8567,23.45,17.93,30.9,0.0,48.53
2024-11-19,Pune,Maharashtra,18.5204,73.8567,24.08,19.73,30.53,0.0,47.17
2024-11-20,Pune,Maharashtra,18.5204,73.8567,22.29,16.05,29.32,0.0,54.31
2024-11-21,Pune,Maharashtra,18.5204,73.8567,24.19,18.91,28.47,0.0,59.1
2024-11-22,Pune,Maharashtra,18.5204,73.8567,23.04,19.03,28.94,0.0,51.58
2024-11-23,Pune,Maharashtra,18.5204,73.8567,21.52,16.6,26.91,0.0,60.7
2024-11-24,Pune,Maharashtra,18.5204,73.8567,23.29,19.18,29.35,0.0,50.37
2024-11-25,Pune,Maharashtra,18.5204,73.8567,21.51,15.32,26.1,0.0,52.09
2024-11-26,Pune,Maharashtra,18.5204,73.8567,24.99,20.61,30.07,0.0,53.85
2024-11-27,Pune,Maharashtra,18.5204,73.8567,22.63,17.48,27.52,0.0,57.08
2024-11-28,Pune,Maharashtra,18.5204,73.8567,19.51,15.02,25.54,0.0,54.28
2024-11-29,Pune,Maharashtra,18.5204,73.8567,20.54,15.09,26.74,0.0,54.83
2024-11-30,Pune,Maharashtra,18.5204,73.8567,23.0,16.5,30.08,0.0,45.64
2024-12-01,Pune,Maharashtra,18.5204,73.8567,21.9,15.88,29.1,0.0,63.81
2024-12-02,Pune,Maharashtra,18.5204,73.8567,21.29,15.07,27.46,0.0,45.21
2024-12-03,Pune,Maharashtra,18.5204,73.8567,22.92,18.26,27.1,0.0,62.95
2024-12-04,Pune,Maharashtra,18.5204,73.8567,19.96,15.42,24.63,0.0,48.72
2024-12-05,Pune,Maharashtra,18.5204,73.8567,21.83,17.11,26.75,0.0,43.82
2024-12-06,Pune,Maharashtra,18.5204,73.8567,23.03,17.96,28.36,0.0,65.89
2024-12-07,Pune,Maharashtra,18.5204,73.8567,21.6,16.78,29.18,0.0,55.03
2024-12-08,Pune,Maharashtra,18.5204,73.8567,19.92,15.07,26.02,0.0,55.46
2024-12-09,Pune,Maharashtra,18.5204,73.8567,19.81,14.08,24.32,0.0,52.38
2024-12-10,Pune,Maharashtra,18.5204,73.8567,20.58,16.12,28.27,0.0,42.41
2024-12-11,Pune,Maharashtra,18.5204,73.8567,21.67,16.5,27.28,0.0,55.23
2024-12-12,Pune,Maharashtra,18.5204,73.8567,21.56,16.55,27.74,0.0,52.59
2024-12-13,Pune,Maharashtra,18.5204,73.8567,19.97,15.0,27.06,0.0,41.42
2024-12-14,Pune,Maharashtra,18.5204,73.8567,19.62,14.59,25.18,0.0,50.4
2024-12-15,Pune,Maharashtra,18.5204,73.8567,19.05,12.47,25.08,0.0,56.36
2024-12-16,Pune,Maharashtra,18.5204,73.8567,21.48,14.79,25.87,0.0,50.92
2024-12-17,Pune,Maharashtra,18.5204,73.8567,19.94,15.51,24.67,0.0,59.3
2024-12-18,Pune,Maharashtra,18.5204,73.8567,18.92,14.19,26.81,0.0,51.61
2024-12-19,Pune,Maharashtra,18.5204,73.8567,18.89,13.72,23.41,0.0,45.69
2024-12-20,Pune,Maharashtra,18.5204,73.8567,19.7,14.6,23.86,9.53,55.75
2024-12-21,Pune,Maharashtra,18.5204,73.8567,19.35,15.28,25.66,0.0,51.37
2024-12-22,Pune,Maharashtra,18.5204,73.8567,19.94,15.07,24.78,0.0,51.5
2024-12-23,Pune,Maharashtra,18.5204,73.8567,20.19,15.57,27.38,0.0,63.31
2024-12-24,Pune,Maharashtra,18.5204,73.8567,19.93,13.66,27.03,0.0,54.1
2024-12-25,Pune,Maharashtra,18.5204,73.8567,18.17,12.87,24.04,0.0,55.28
2024-12-26,Pune,Maharashtra,18.5204,73.8567,19.67,15.03,25.7,0.88,52.47
2024-12-27,Pune,Maharashtra,18.5204,73.8567,19.37,14.68,25.25,0.0,58.36
2024-12-28,Pune,Maharashtra,18.5204,73.8567,19.77,13.68,26.27,0.0,51.75
2024-12-29,Pune,Maharashtra,18.5204,73.8567,19.4,15.14,26.05,0.0,46.08
2024-12-30,Pune,Maharashtra,18.5204,73.8567,18.37,12.66,25.69,0.0,54.86
2024-12-31,Pune,Maharashtra,18.5204,73.8567,19.79,13.88,25.15,0.0,55.62
2025-01-01,Pune,Maharashtra,18.5204,73.8567,19.34,13.91,24.18,0.0,54.48
2025-01-02,Pune,Maharashtra,18.5204,73.8567,19.15,12.91,26.35,0.0,56.92
2025-01-03,Pune,Maharashtra,18.5204,73.8567,18.36,11.51,23.22,0.0,48.27
2025-01-04,Pune,Maharashtra,18.5204,73.8567,19.62,12.66,24.12,0.0,50.26
2025-01-05,Pune,Maharashtra,18.5204,73.8567,20.44,14.45,26.12,2.81,46.42
2025-01-06,Pune,Maharashtra,18.5204,73.8567,19.53,12.86,25.27,0.0,52.34
2025-01-07,Pune,Maharashtra,18.5204,73.8567,18.79,12.92,23.98,0.0,58.42
2025-01-08,Pune,Maharashtra,18.5204,73.8567,19.97,14.55,26.91,0.0,53.64
2025-01-09,Pune,Maharashtra,18.5204,73.8567,20.72,16.6,25.34,0.0,48.87
2025-01-10,Pune,Maharashtra,18.5204,73.8567,21.9,17.76,27.21,0.0,54.93
2025-01-11,Pune,Maharashtra,18.5204,73.8567,19.32,14.08,23.48,0.0,50.27
2025-01-12,Pune,Maharashtra,18.5204,73.8567,17.97,13.33,23.92,0.0,66.36
2025-01-13,Pune,Maharashtra,18.5204,73.8567,19.69,13.0,24.45,0.0,49.64
2025-01-14,Pune,Maharashtra,18.5204,73.8567,19.8,14.93,26.47,1.04,55.95
2025-01-15,Pune,Maharashtra,18.5204,73.8567,19.37,13.44,23.5,0.0,51.01
2025-01-16,Pune,Maharashtra,18.5204,73.8567,17.73,12.88,23.92,0.0,55.74
2025-01-17,Pune,Maharashtra,18.5204,73.8567,20.43,14.11,25.21,0.0,56.18
2025-01-18,Pune,Maharashtra,18.5204,73.8567,21.88,15.29,26.66,0.0,55.77
2025-01-19,Pune,Maharashtra,18.5204,73.8567,19.67,15.09,24.49,0.0,50.05
2025-01-20,Pune,Maharashtra,18.5204,73.8567,19.36,15.05,24.84,0.0,53.97
2025-01-21,Pune,Maharashtra,18.5204,73.8567,21.17,16.31,26.3,0.0,51.24
2025-01-22,Pune,Maharashtra,18.5204,73.8567,21.71,15.41,29.1,0.27,48.28
2025-01-23,Pune,Maharashtra,18.5204,73.8567,18.97,14.52,26.06,0.0,62.4
2025-01-24,Pune,Maharashtra,18.5204,73.8567,18.09,11.36,23.5,0.0,36.49
2025-01-25,Pune,Maharashtra,18.5204,73.8567,19.36,13.22,27.23,0.0,50.74
2025-01-26,Pune,Maharashtra,18.5204,73.8567,22.45,16.6,28.09,0.0,56.2
2025-01-27,Pune,Maharashtra,18.5204,73.8567,18.55,12.8,25.66,0.0,49.37
2025-01-28,Pune,Maharashtra,18.5204,73.8567,20.62,13.76,28.31,0.0,62.4
2025-01-29,Pune,Maharashtra,18.5204,73.8567,19.84,12.92,24.7,0.0,50.38
2025-01-30,Pune,Maharashtra,18.5204,73.8567,19.77,13.08,25.27,4.38,64.03
2025-01-31,Pune,Maharashtra,18.5204,73.8567,21.49,16.97,26.45,0.0,49.88
2025-02-01,Pune,Maharashtra,18.5204,73.8567,19.49,13.13,24.77,0.0,42.86
2025-02-02,Pune,Maharashtra,18.5204,73.8567,20.27,15.78,25.87,0.0,52.76
2025-02-03,Pune,Maharashtra,18.5204,73.8567,18.84,14.63,23.86,0.0,50.66
2025-02-04,Pune,Maharashtra,18.5204,73.8567,19.12,14.08,24.6,0.0,54.26
2025-02-05,Pune,Maharashtra,18.5204,73.8567,20.59,15.4,26.49,0.0,56.9
2025-02-06,Pune,Maharashtra,18.5204,73.8567,19.14,13.2,24.98,0.0,59.3
2025-02-07,Pune,Maharashtra,18.5204,73.8567,18.82,13.83,25.24,0.0,56.33
2025-02-08,Pune,Maharashtra,18.5204,73.8567,20.77,16.2,28.74,0.0,46.41
2025-02-09,Pune,Maharashtra,18.5204,73.8567,19.59,14.82,26.24,0.0,71.28
2025-02-10,Pune,Maharashtra,18.5204,73.8567,21.45,15.75,26.16,0.0,51.49
2025-02-11,Pune,Maharashtra,18.5204,73.8567,19.51,15.35,26.07,0.0,59.94
2025-02-12,Pune,Maharashtra,18.5204,73.8567,21.95,17.81,29.79,0.0,55.14
2025-02-13,Pune,Maharashtra,18.5204,73.8567,19.51,13.67,26.04,0.0,57.59
2025-02-14,Pune,Maharashtra,18.5204,73.8567,22.29,18.15,26.38,0.0,58.82
2025-02-15,Pune,Maharashtra,18.5204,73.8567,18.52,11.72,22.74,0.0,59.09
2025-02-16,Pune,Maharashtra,18.5204,73.8567,19.18,12.83,23.72,0.0,54.79
2025-02-17,Pune,Maharashtra,18.5204,73.8567,19.54,14.71,24.22,0.0,53.19
2025-02-18,Pune,Maharashtra,18.5204,73.8567,21.9,17.6,27.84,0.0,52.48
2025-02-19,Pune,Maharashtra,18.5204,73.8567,20.12,15.31,26.04,0.0,58.41
2025-02-20,Pune,Maharashtra,18.5204,73.8567,18.74,13.53,25.57,0.0,61.83
2025-02-21,Pune,Maharashtra,18.5204,73.8567,20.39,15.04,24.9,0.0,37.81
2025-02-22,Pune,Maharashtra,18.5204,73.8567,20.93,15.79,27.86,0.0,57.68
2025-02-23,Pune,Maharashtra,18.5204,73.8567,19.71,13.95,24.99,0.0,67.13
2025-02-24,Pune,Maharashtra,18.5204,73.8567,21.86,15.61,26.36,0.0,47.72
2025-02-25,Pune,Maharashtra,18.5204,73.8567,21.65,16.51,29.56,0.0,56.47
2025-02-26,Pune,Maharashtra,18.5204,73.8567,22.39,16.7,26.88,0.0,50.18
2025-02-27,Pune,Maharashtra,18.5204,73.8567,21.98,16.82,29.93,0.0,51.39
2025-02-28,Pune,Maharashtra,18.5204,73.8567,20.41,15.25,25.09,0.0,48.17
2025-03-01,Pune,Maharashtra,18.5204,73.8567,21.11,15.54,25.74,0.0,50.35
2025-03-02,Pune,Maharashtra,18.5204,73.8567,23.18,18.2,30.97,0.0,40.88
2025-03-03,Pune,Maharashtra,18.5204,73.8567,21.72,17.04,27.37,0.0,48.88
2025-03-04,Pune,Maharashtra,18.5204,73.8567,19.75,13.97,27.1,0.0,59.32
2025-03-05,Pune,Maharashtra,18.5204,73.8567,21.73,16.83,29.03,0.0,52.62
2025-03-06,Pune,Maharashtra,18.5204,73.8567,18.91,12.78,24.88,0.0,56.84
2025-03-07,Pune,Maharashtra,18.5204,73.8567,20.78,13.91,27.94,0.0,64.98
2025-03-08,Pune,Maharashtra,18.5204,73.8567,21.49,16.64,27.05,6.32,60.93
2025-03-09,Pune,Maharashtra,18.5204,73.8567,24.28,19.41,31.56,0.0,44.21
2025-03-10,Pune,Maharashtra,18.5204,73.8567,22.79,17.15,28.05,0.0,33.61
2025-03-11,Pune,Maharashtra,18.5204,73.8567,24.34,18.94,29.13,0.0,55.92
2025-03-12,Pune,Maharashtra,18.5204,73.8567,21.71,15.64,27.04,0.0,52.98
2025-03-13,Pune,Maharashtra,18.5204,73.8567,22.0,15.05,28.02,0.0,58.52
2025-03-14,Pune,Maharashtra,18.5204,73.8567,22.37,17.07,30.16,0.0,53.29
2025-03-15,Pune,Maharashtra,18.5204,73.8567,23.83,18.7,30.18,0.0,46.14
2025-03-16,Pune,Maharashtra,18.5204,73.8567,22.19,16.3,28.79,0.0,44.2
2025-03-17,Pune,Maharashtra,18.5204,73.8567,22.38,18.27,30.19,0.0,46.91
2025-03-18,Pune,Maharashtra,18.5204,73.8567,22.1,17.29,26.59,0.0,53.69
2025-03-19,Pune,Maharashtra,18.5204,73.8567,23.62,16.74,28.41,0.0,61.0
2025-03-20,Pune,Maharashtra,18.5204,73.8567,22.54,18.34,29.41,0.0,53.05
2025-03-21,Pune,Maharashtra,18.5204,73.8567,23.56,17.09,30.46,0.0,42.03
2025-03-22,Pune,Maharashtra,18.5204,73.8567,23.14,17.3,28.73,0.0,46.83
2025-03-23,Pune,Maharashtra,18.5204,73.8567,26.42,19.95,31.55,0.0,45.06
2025-03-24,Pune,Maharashtra,18.5204,73.8567,23.87,19.53,30.51,0.0,46.45
2025-03-25,Pune,Maharashtra,18.5204,73.8567,23.63,18.3,28.04,0.0,60.09
2025-03-26,Pune,Maharashtra,18.5204,73.8567,22.23,17.37,28.51,0.0,57.35
2025-03-27,Pune,Maharashtra,18.5204,73.8567,24.3,19.05,30.86,0.0,51.62
2025-03-28,Pune,Maharashtra,18.5204,73.8567,24.89,20.87,30.75,0.0,64.7
2025-03-29,Pune,Maharashtra,18.5204,73.8567,22.26,17.35,26.76,0.0,53.19
2025-03-30,Pune,Maharashtra,18.5204,73.8567,23.83,19.28,27.94,1.38,52.62
2025-03-31,Pune,Maharashtra,18.5204,73.8567,24.85,19.96,29.98,0.0,62.72
2025-04-01,Pune,Maharashtra,18.5204,73.8567,23.38,18.4,27.99,0.0,46.58
2025-04-02,Pune,Maharashtra,18.5204,73.8567,24.23,18.61,28.3,0.0,49.98
2025-04-03,Pune,Maharashtra,18.5204,73.8567,21.76,16.02,27.72,0.0,49.89
2025-04-04,Pune,Maharashtra,18.5204,73.8567,23.64,18.64,30.62,0.0,56.43
2025-04-05,Pune,Maharashtra,18.5204,73.8567,24.89,18.07,29.8,2.83,46.61
2025-04-06,Pune,Maharashtra,18.5204,73.8567,23.44,19.26,30.02,0.0,47.82
2025-04-07,Pune,Maharashtra,18.5204,73.8567,25.91,19.11,29.99,0.0,50.13
2025-04-08,Pune,Maharashtra,18.5204,73.8567,24.59,19.46,30.93,0.0,45.6
2025-04-09,Pune,Maharashtra,18.5204,73.8567,24.87,20.48,29.51,0.0,45.87
2025-04-10,Pune,Maharashtra,18.5204,73.8567,25.98,20.34,31.24,0.0,54.7
2025-04-11,Pune,Maharashtra,18.5204,73.8567,25.51,20.75,32.99,0.0,44.72
2025-04-12,Pune,Maharashtra,18.5204,73.8567,23.67,18.03,29.42,0.0,43.95
2025-04-13,Pune,Maharashtra,18.5204,73.8567,24.2,17.21,31.55,0.0,48.96
2025-04-14,Pune,Maharashtra,18.5204,73.8567,24.72,19.26,31.51,0.0,45.62
2025-04-15,Pune,Maharashtra,18.5204,73.8567,24.87,17.88,28.91,0.0,62.86
2025-04-16,Pune,Maharashtra,18.5204,73.8567,26.0,19.13,31.33,0.0,50.6
2025-04-17,Pune,Maharashtra,18.5204,73.8567,24.1,17.7,31.28,0.0,56.17
2025-04-18,Pune,Maharashtra,18.5204,73.8567,26.46,19.75,31.38,0.0,58.92
2025-04-19,Pune,Maharashtra,18.5204,73.8567,24.05,18.57,28.98,0.0,50.93
2025-04-20,Pune,Maharashtra,18.5204,73.8567,25.34,18.35,32.84,0.0,55.18
2025-04-21,Pune,Maharashtra,18.5204,73.8567,25.52,20.31,31.61,0.0,54.05
2025-04-22,Pune,Maharashtra,18.5204,73.8567,27.28,22.56,32.44,6.2,44.08
2025-04-23,Pune,Maharashtra,18.5204,73.8567,27.38,20.96,33.36,0.0,56.4
2025-04-24,Pune,Maharashtra,18.5204,73.8567,26.99,20.52,34.44,0.0,51.34
2025-04-25,Pune,Maharashtra,18.5204,73.8567,26.43,22.18,33.38,0.0,50.93
2025-04-26,Pune,Maharashtra,18.5204,73.8567,27.72,21.12,34.46,0.0,66.41
2025-04-27,Pune,Maharashtra,18.5204,73.8567,27.69,23.44,32.71,0.0,54.25
2025-04-28,Pune,Maharashtra,18.5204,73.8567,27.53,21.17,32.1,0.0,56.88
2025-04-29,Pune,Maharashtra,18.5204,73.8567,26.08,19.8,32.04,0.0,57.82
2025-04-30,Pune,Maharashtra,18.5204,73.8567,28.88,24.71,35.35,0.0,55.71
2025-05-01,Pune,Maharashtra,18.5204,73.8567,28.41,24.26,32.96,0.0,46.25
2025-05-02,Pune,Maharashtra,18.5204,73.8567,26.58,21.99,32.4,0.0,53.46
2025-05-03,Pune,Maharashtra,18.5204,73.8567,26.74,20.87,30.77,0.0,58.44
2025-05-04,Pune,Maharashtra,18.5204,73.8567,27.13,21.83,31.87,0.0,54.5
2025-05-05,Pune,Maharashtra,18.5204,73.8567,23.7,19.08,28.38,0.0,54.2
2025-05-06,Pune,Maharashtra,18.5204,73.8567,28.88,24.4,34.24,0.0,53.33
2025-05-07,Pune,Maharashtra,18.5204,73.8567,29.38,25.18,34.57,0.0,55.18
2025-05-08,Pune,Maharashtra,18.5204,73.8567,27.86,21.17,32.31,0.0,45.86
2025-05-09,Pune,Maharashtra,18.5204,73.8567,28.01,21.79,33.6,0.0,68.81
2025-05-10,Pune,Maharashtra,18.5204,73.8567,27.65,22.71,35.21,0.0,50.85
2025-05-11,Pune,Maharashtra,18.5204,73.8567,30.58,24.06,37.35,0.13,51.61
2025-05-12,Pune,Maharashtra,18.5204,73.8567,28.27,23.0,33.64,0.0,58.74
2025-05-13,Pune,Maharashtra,18.5204,73.8567,29.22,25.14,34.16,0.0,53.83
2025-05-14,Pune,Maharashtra,18.5204,73.8567,28.79,24.38,32.95,0.0,50.27
2025-05-15,Pune,Maharashtra,18.5204,73.8567,28.17,23.55,36.0,0.0,45.92
2025-05-16,Pune,Maharashtra,18.5204,73.8567,27.69,22.19,32.63,0.85,57.79
2025-05-17,Pune,Maharashtra,18.5204,73.8567,27.02,20.57,34.58,0.0,46.22
2025-05-18,Pune,Maharashtra,18.5204,73.8567,29.31,23.82,35.87,0.0,59.32
2025-05-19,Pune,Maharashtra,18.5204,73.8567,29.08,24.97,34.4,0.0,54.4
2025-05-20,Pune,Maharashtra,18.5204,73.8567,26.81,21.42,32.96,0.0,61.87
2025-05-21,Pune,Maharashtra,18.5204,73.8567,27.59,22.82,32.39,0.0,53.51
2025-05-22,Pune,Maharashtra,18.5204,73.8567,28.18,22.39,33.76,0.0,56.47
2025-05-23,Pune,Maharashtra,18.5204,73.8567,28.07,23.94,32.53,0.0,50.97
2025-05-24,Pune,Maharashtra,18.5204,73.8567,30.42,23.46,35.19,0.0,45.1
2025-05-25,Pune,Maharashtra,18.5204,73.8567,29.86,25.27,37.28,0.0,58.76
2025-05-26,Pune,Maharashtra,18.5204,73.8567,28.95,23.99,33.07,0.0,55.05
2025-05-27,Pune,Maharashtra,18.5204,73.8567,29.49,23.93,34.26,0.0,46.69
2025-05-28,Pune,Maharashtra,18.5204,73.8567,33.15,26.94,38.28,0.0,47.51
2025-05-29,Pune,Maharashtra,18.5204,73.8567,30.74,24.62,36.62,0.0,52.31
2025-05-30,Pune,Maharashtra,18.5204,73.8567,28.86,24.67,33.1,0.0,86.63
2025-05-31,Pune,Maharashtra,18.5204,73.8567,29.45,23.79,33.86,0.0,93.56
2025-06-01,Pune,Maharashtra,18.5204,73.8567,28.37,22.72,33.33,5.24,93.27
2025-06-02,Pune,Maharashtra,18.5204,73.8567,29.32,25.04,35.01,0.0,80.05
2025-06-03,Pune,Maharashtra,18.5204,73.8567,29.8,25.66,36.14,10.27,86.21
2025-06-04,Pune,Maharashtra,18.5204,73.8567,29.85,24.3,35.5,0.0,95.46
2025-06-05,Pune,Maharashtra,18.5204,73.8567,31.63,25.18,38.19,0.0,88.04
2025-06-06,Pune,Maharashtra,18.5204,73.8567,29.61,24.41,35.08,0.0,86.18
2025-06-07,Pune,Maharashtra,18.5204,73.8567,30.2,24.28,35.54,0.0,84.27
2025-06-08,Pune,Maharashtra,18.5204,73.8567,29.99,24.89,35.2,0.04,82.33
2025-06-09,Pune,Maharashtra,18.5204,73.8567,30.4,25.08,35.29,47.25,90.68
2025-06-10,Pune,Maharashtra,18.5204,73.8567,28.68,21.96,33.7,0.0,86.67
2025-06-11,Pune,Maharashtra,18.5204,73.8567,31.43,26.92,37.77,0.0,86.52
2025-06-12,Pune,Maharashtra,18.5204,73.8567,30.93,24.21,36.98,0.0,77.36
2025-06-13,Pune,Maharashtra,18.5204,73.8567,29.01,24.6,34.26,0.0,77.49
2025-06-14,Pune,Maharashtra,18.5204,73.8567,32.63,27.05,38.47,0.0,85.68
2025-06-15,Pune,Maharashtra,18.5204,73.8567,30.17,24.12,38.05,0.0,86.41
2025-06-16,Pune,Maharashtra,18.5204,73.8567,30.35,24.81,37.5,0.0,85.05
2025-06-17,Pune,Maharashtra,18.5204,73.8567,29.27,25.11,34.46,0.0,89.52
2025-06-18,Pune,Maharashtra,18.5204,73.8567,30.46,26.17,35.56,0.0,89.83
2025-06-19,Pune,Maharashtra,18.5204,73.8567,30.5,23.76,36.32,0.0,91.07
2025-06-20,Pune,Maharashtra,18.5204,73.8567,29.18,23.35,36.56,0.0,87.25
2025-06-21,Pune,Maharashtra,18.5204,73.8567,32.15,27.75,40.13,13.03,89.5
2025-06-22,Pune,Maharashtra,18.5204,73.8567,30.26,23.77,38.18,6.58,88.22
2025-06-23,Pune,Maharashtra,18.5204,73.8567,30.76,25.58,38.15,2.78,81.45
2025-06-24,Pune,Maharashtra,18.5204,73.8567,31.14,25.82,36.28,0.0,86.36
2025-06-25,Pune,Maharashtra,18.5204,73.8567,31.11,27.04,36.99,50.17,90.79
2025-06-26,Pune,Maharashtra,18.5204,73.8567,31.13,24.47,36.19,21.31,89.79
2025-06-27,Pune,Maharashtra,18.5204,73.8567,30.12,24.63,37.35,0.0,83.22
2025-06-28,Pune,Maharashtra,18.5204,73.8567,31.33,25.86,35.68,0.0,92.64
2025-06-29,Pune,Maharashtra,18.5204,73.8567,31.19,26.66,36.57,9.21,81.49
2025-06-30,Pune,Maharashtra,18.5204,73.8567,31.75,27.71,37.71,12.0,94.07
2025-07-01,Pune,Maharashtra,18.5204,73.8567,31.66,24.67,36.32,16.7,83.35
2025-07-02,Pune,Maharashtra,18.5204,73.8567,30.54,25.22,35.01,0.0,92.2
2025-07-03,Pune,Maharashtra,18.5204,73.8567,29.71,24.13,35.79,0.0,81.01
2025-07-04,Pune,Maharashtra,18.5204,73.8567,32.06,25.61,38.08,0.0,90.95
2025-07-05,Pune,Maharashtra,18.5204,73.8567,30.84,26.27,36.35,0.0,88.15
2025-07-06,Pune,Maharashtra,18.5204,73.8567,30.2,24.86,36.55,26.9,89.4
2025-07-07,Pune,Maharashtra,18.5204,73.8567,30.65,25.75,38.23,0.0,85.91
2025-07-08,Pune,Maharashtra,18.5204,73.8567,31.58,27.32,36.65,0.0,84.75
2025-07-09,Pune,Maharashtra,18.5204,73.8567,30.76,24.13,35.4,0.0,83.13
2025-07-10,Pune,Maharashtra,18.5204,73.8567,29.3,22.91,36.53,0.0,87.76
2025-07-11,Pune,Maharashtra,18.5204,73.8567,32.63,26.33,40.54,0.0,90.08
2025-07-12,Pune,Maharashtra,18.5204,73.8567,32.66,28.48,38.27,0.56,87.89
2025-07-13,Pune,Maharashtra,18.5204,73.8567,31.57,25.37,36.28,1.05,85.92
2025-07-14,Pune,Maharashtra,18.5204,73.8567,29.51,25.1,36.44,0.0,88.18
2025-07-15,Pune,Maharashtra,18.5204,73.8567,32.0,25.71,38.93,0.0,89.41
2025-07-16,Pune,Maharashtra,18.5204,73.8567,31.38,27.06,38.02,1.67,91.28
2025-07-17,Pune,Maharashtra,18.5204,73.8567,32.49,27.4,38.52,0.0,89.47
2025-07-18,Pune,Maharashtra,18.5204,73.8567,31.01,24.2,36.61,12.56,84.17
2025-07-19,Pune,Maharashtra,18.5204,73.8567,31.45,25.28,37.2,10.17,92.12
2025-07-20,Pune,Maharashtra,18.5204,73.8567,32.67,26.96,40.22,9.53,85.56
2025-07-21,Pune,Maharashtra,18.5204,73.8567,32.29,28.27,38.47,0.0,98.0
2025-07-22,Pune,Maharashtra,18.5204,73.8567,30.73,24.47,37.44,0.0,88.03
2025-07-23,Pune,Maharashtra,18.5204,73.8567,29.73,25.45,35.35,0.0,89.94
2025-07-24,Pune,Maharashtra,18.5204,73.8567,32.84,27.01,39.21,0.0,91.17
2025-07-25,Pune,Maharashtra,18.5204,73.8567,32.78,27.39,39.37,0.0,85.29
2025-07-26,Pune,Maharashtra,18.5204,73.8567,30.06,23.77,34.83,13.47,83.53
2025-07-27,Pune,Maharashtra,18.5204,73.8567,30.66,25.14,34.96,3.82,89.17
2025-07-28,Pune,Maharashtra,18.5204,73.8567,33.41,26.95,37.77,0.0,87.74
2025-07-29,Pune,Maharashtra,18.5204,73.8567,32.73,28.22,38.61,2.6,81.16
2025-07-30,Pune,Maharashtra,18.5204,73.8567,31.3,27.11,36.13,4.48,93.62
2025-07-31,Pune,Maharashtra,18.5204,73.8567,30.45,24.24,35.13,0.0,84.98
2025-08-01,Pune,Maharashtra,18.5204,73.8567,28.67,22.32,33.52,0.84,85.3
2025-08-02,Pune,Maharashtra,18.5204,73.8567,29.21,23.18,35.64,4.05,81.78
2025-08-03,Pune,Maharashtra,18.5204,73.8567,32.42,26.78,37.27,0.0,84.71
2025-08-04,Pune,Maharashtra,18.5204,73.8567,32.88,26.58,39.32,0.0,82.85
2025-08-05,Pune,Maharashtra,18.5204,73.8567,32.72,27.48,40.43,0.0,93.11
2025-08-06,Pune,Maharashtra,18.5204,73.8567,31.17,25.39,36.99,5.46,85.74
2025-08-07,Pune,Maharashtra,18.5204,73.8567,31.84,27.72,38.94,7.14,77.67
2025-08-08,Pune,Maharashtra,18.5204,73.8567,31.94,27.11,37.4,0.0,94.61
2025-08-09,Pune,Maharashtra,18.5204,73.8567,28.93,23.77,34.55,0.0,77.12
2025-08-10,Pune,Maharashtra,18.5204,73.8567,33.55,27.66,39.38,0.0,82.43
2025-08-11,Pune,Maharashtra,18.5204,73.8567,27.84,20.93,32.27,0.0,84.75
2025-08-12,Pune,Maharashtra,18.5204,73.8567,31.69,26.91,37.23,0.0,90.3
2025-08-13,Pune,Maharashtra,18.5204,73.8567,31.68,25.45,36.25,0.0,91.76
2025-08-14,Pune,Maharashtra,18.5204,73.8567,30.74,24.2,37.67,3.57,74.9
2025-08-15,Pune,Maharashtra,18.5204,73.8567,30.5,25.97,36.6,0.0,88.71
2025-08-16,Pune,Maharashtra,18.5204,73.8567,31.36,27.07,36.3,0.0,92.42
2025-08-17,Pune,Maharashtra,18.5204,73.8567,31.7,24.95,36.12,0.0,96.29
2025-08-18,Pune,Maharashtra,18.5204,73.8567,27.82,21.62,33.25,7.11,87.15
2025-08-19,Pune,Maharashtra,18.5204,73.8567,29.07,22.14,33.28,22.5,78.32
2025-08-20,Pune,Maharashtra,18.5204,73.8567,32.78,28.34,40.33,3.79,85.86
2025-08-21,Pune,Maharashtra,18.5204,73.8567,31.35,25.1,38.85,7.75,93.45
2025-08-22,Pune,Maharashtra,18.5204,73.8567,29.43,23.84,34.65,1.17,86.75
2025-08-23,Pune,Maharashtra,18.5204,73.8567,29.94,25.71,36.84,0.0,85.5
2025-08-24,Pune,Maharashtra,18.5204,73.8567,30.59,25.63,37.89,4.78,87.63
2025-08-25,Pune,Maharashtra,18.5204,73.8567,31.76,26.82,36.52,3.2,86.8
2025-08-26,Pune,Maharashtra,18.5204,73.8567,26.69,20.63,32.4,0.0,86.64
2025-08-27,Pune,Maharashtra,18.5204,73.8567,30.41,26.26,34.96,0.0,87.82
2025-08-28,Pune,Maharashtra,18.5204,73.8567,28.3,24.27,32.68,18.85,73.71
2025-08-29,Pune,Maharashtra,18.5204,73.8567,29.07,24.97,35.96,11.18,91.71
2025-08-30,Pune,Maharashtra,18.5204,73.8567,30.49,26.08,38.2,0.0,88.64
2025-08-31,Pune,Maharashtra,18.5204,73.8567,30.42,25.02,34.63,0.0,90.36
2025-09-01,Pune,Maharashtra,18.5204,73.8567,31.06,27.03,38.94,1.49,90.55
2025-09-02,Pune,Maharashtra,18.5204,73.8567,31.18,25.56,36.25,0.0,84.03
2025-09-03,Pune,Maharashtra,18.5204,73.8567,29.67,25.24,37.62,3.04,93.25
2025-09-04,Pune,Maharashtra,18.5204,73.8567,28.64,24.39,33.25,5.38,85.91
2025-09-05,Pune,Maharashtra,18.5204,73.8567,28.68,22.64,34.41,12.05,94.33
2025-09-06,Pune,Maharashtra,18.5204,73.8567,29.45,23.66,35.96,0.0,84.58
2025-09-07,Pune,Maharashtra,18.5204,73.8567,27.82,21.41,32.9,0.0,89.47
2025-09-08,Pune,Maharashtra,18.5204,73.8567,29.05,23.16,36.32,0.0,84.05
2025-09-09,Pune,Maharashtra,18.5204,73.8567,29.0,22.91,33.44,6.08,88.11
2025-09-10,Pune,Maharashtra,18.5204,73.8567,29.94,23.64,35.62,0.0,89.26
2025-09-11,Pune,Maharashtra,18.5204,73.8567,30.1,24.71,34.59,0.0,87.29
2025-09-12,Pune,Maharashtra,18.5204,73.8567,26.16,20.22,31.35,0.0,79.19
2025-09-13,Pune,Maharashtra,18.5204,73.8567,29.18,24.4,36.66,0.0,83.02
2025-09-14,Pune,Maharashtra,18.5204,73.8567,30.95,26.82,35.86,0.33,98.0
2025-09-15,Pune,Maharashtra,18.5204,73.8567,29.69,25.54,36.6,0.0,84.27
2025-09-16,Pune,Maharashtra,18.5204,73.8567,28.7,23.68,33.11,9.39,87.01
2025-09-17,Pune,Maharashtra,18.5204,73.8567,28.23,22.54,33.68,0.0,87.39
2025-09-18,Pune,Maharashtra,18.5204,73.8567,30.18,23.53,37.57,2.53,91.42
2025-09-19,Pune,Maharashtra,18.5204,73.8567,29.66,25.48,35.39,0.0,92.68
2025-09-20,Pune,Maharashtra,18.5204,73.8567,28.88,23.72,35.38,31.49,95.99
2025-09-21,Pune,Maharashtra,18.5204,73.8567,30.6,25.47,37.98,36.67,92.94
2025-09-22,Pune,Maharashtra,18.5204,73.8567,27.13,22.11,34.02,15.38,87.49
2025-09-23,Pune,Maharashtra,18.5204,73.8567,29.02,24.69,33.09,24.41,87.57
2025-09-24,Pune,Maharashtra,18.5204,73.8567,27.07,21.22,31.59,0.0,83.97
2025-09-25,Pune,Maharashtra,18.5204,73.8567,25.22,18.83,31.09,0.0,87.82
2025-09-26,Pune,Maharashtra,18.5204,73.8567,27.84,23.17,33.24,34.76,80.06
2025-09-27,Pune,Maharashtra,18.5204,73.8567,29.02,22.99,35.54,3.51,92.68
2025-09-28,Pune,Maharashtra,18.5204,73.8567,27.35,22.24,32.45,0.0,55.79
2025-09-29,Pune,Maharashtra,18.5204,73.8567,26.53,20.68,31.36,0.0,55.04
2025-09-30,Pune,Maharashtra,18.5204,73.8567,27.79,23.7,32.78,0.0,46.02
2025-10-01,Pune,Maharashtra,18.5204,73.8567,26.18,20.56,30.52,0.0,59.29
2025-10-02,Pune,Maharashtra,18.5204,73.8567,27.22,22.62,32.78,0.0,54.59
2025-10-03,Pune,Maharashtra,18.5204,73.8567,28.48,24.27,34.08,0.0,48.96
2025-10-04,Pune,Maharashtra,18.5204,73.8567,29.15,23.04,33.58,0.0,48.92
2025-10-05,Pune,Maharashtra,18.5204,73.8567,27.69,21.45,32.65,0.0,45.16
2025-10-06,Pune,Maharashtra,18.5204,73.8567,24.77,20.02,30.39,0.0,46.78
2025-10-07,Pune,Maharashtra,18.5204,73.8567,25.31,20.76,29.32,0.0,56.44
2025-10-08,Pune,Maharashtra,18.5204,73.8567,24.2,20.06,30.52,0.0,54.01
2025-10-09,Pune,Maharashtra,18.5204,73.8567,25.63,19.37,29.82,0.0,45.68
2025-10-10,Pune,Maharashtra,18.5204,73.8567,27.94,21.77,35.39,0.0,55.84
2025-10-11,Pune,Maharashtra,18.5204,73.8567,25.8,20.04,31.18,0.0,43.71
2025-10-12,Pune,Maharashtra,18.5204,73.8567,26.91,19.98,31.85,0.0,64.15
2025-10-13,Pune,Maharashtra,18.5204,73.8567,23.55,16.66,29.92,0.12,47.86
2025-10-14,Pune,Maharashtra,18.5204,73.8567,26.64,19.96,33.1,7.02,47.81
2025-10-15,Pune,Maharashtra,18.5204,73.8567,27.33,22.53,33.57,0.0,62.61
2025-10-16,Pune,Maharashtra,18.5204,73.8567,24.96,20.24,30.97,0.0,49.28
2025-10-17,Pune,Maharashtra,18.5204,73.8567,26.09,21.85,33.74,0.0,48.46
2025-10-18,Pune,Maharashtra,18.5204,73.8567,22.41,16.7,27.13,0.0,58.63
2025-10-19,Pune,Maharashtra,18.5204,73.8567,26.58,21.11,32.45,0.0,57.53
2025-10-20,Pune,Maharashtra,18.5204,73.8567,23.44,17.58,29.6,0.0,49.66
2025-10-21,Pune,Maharashtra,18.5204,73.8567,24.59,17.77,31.69,0.0,53.07
2025-10-22,Pune,Maharashtra,18.5204,73.8567,23.95,18.53,28.67,0.0,47.32
2025-10-23,Pune,Maharashtra,18.5204,73.8567,24.63,19.3,30.26,0.0,54.31
2025-10-24,Pune,Maharashtra,18.5204,73.8567,25.11,20.62,29.21,0.0,49.14
2025-10-25,Pune,Maharashtra,18.5204,73.8567,24.64,19.25,28.9,1.84,47.0
2025-10-26,Pune,Maharashtra,18.5204,73.8567,23.09,16.38,27.52,0.0,49.67
2025-10-27,Pune,Maharashtra,18.5204,73.8567,24.73,18.83,32.59,0.0,42.36
2025-10-28,Pune,Maharashtra,18.5204,73.8567,24.44,18.91,30.88,0.0,51.21
2025-10-29,Pune,Maharashtra,18.5204,73.8567,24.98,19.38,32.77,0.0,45.74
2025-10-30,Pune,Maharashtra,18.5204,73.8567,23.81,18.01,31.1,0.0,54.12
2025-10-31,Pune,Maharashtra,18.5204,73.8567,23.68,17.3,28.69,0.0,50.34
2025-11-01,Pune,Maharashtra,18.5204,73.8567,23.17,16.24,29.85,0.0,51.3
2025-11-02,Pune,Maharashtra,18.5204,73.8567,20.85,15.66,27.93,0.0,61.8
2025-11-03,Pune,Maharashtra,18.5204,73.8567,22.22,16.88,29.42,0.0,59.37
2025-11-04,Pune,Maharashtra,18.5204,73.8567,23.53,18.38,30.37,0.0,51.29
2025-11-05,Pune,Maharashtra,18.5204,73.8567,24.15,17.7,28.66,0.0,44.92
2025-11-06,Pune,Maharashtra,18.5204,73.8567,24.68,20.11,32.31,0.0,47.77
2025-11-07,Pune,Maharashtra,18.5204,73.8567,23.59,19.32,28.28,0.0,50.81
2025-11-08,Pune,Maharashtra,18.5204,73.8567,22.86,16.85,30.84,0.0,39.66
2025-11-09,Pune,Maharashtra,18.5204,73.8567,23.9,17.95,30.4,0.0,63.01
2025-11-10,Pune,Maharashtra,18.5204,73.8567,22.71,16.33,28.25,0.0,57.69
2025-11-11,Pune,Maharashtra,18.5204,73.8567,21.73,16.41,27.39,0.0,40.71
2025-11-12,Pune,Maharashtra,18.5204,73.8567,23.3,17.14,31.29,0.0,48.75
2025-11-13,Pune,Maharashtra,18.5204,73.8567,22.44,15.6,28.93,0.0,56.48
2025-11-14,Pune,Maharashtra,18.5204,73.8567,24.31,18.56,31.45,0.0,52.87
2025-11-15,Pune,Maharashtra,18.5204,73.8567,23.54,19.41,28.31,0.0,54.07
2025-11-16,Pune,Maharashtra,18.5204,73.8567,22.73,16.26,30.41,0.0,50.47
2025-11-17,Pune,Maharashtra,18.5204,73.8567,22.77,18.25,30.34,0.0,58.56
2025-11-18,Pune,Maharashtra,18.5204,73.8567,22.32,16.1,28.47,0.0,49.55
2025-11-19,Pune,Maharashtra,18.5204,73.8567,21.34,14.94,25.56,0.0,60.62
2025-11-20,Pune,Maharashtra,18.5204,73.8567,22.94,18.48,29.04,0.0,63.38
2025-11-21,Pune,Maharashtra,18.5204,73.8567,20.62,14.09,27.59,0.0,65.04
2025-11-22,Pune,Maharashtra,18.5204,73.8567,22.63,16.13,28.76,0.0,54.73
2025-11-23,Pune,Maharashtra,18.5204,73.8567,21.64,16.16,29.24,0.0,49.37
2025-11-24,Pune,Maharashtra,18.5204,73.8567,19.65,13.72,25.55,0.0,59.97
2025-11-25,Pune,Maharashtra,18.5204,73.8567,21.64,15.36,27.93,0.0,56.11
2025-11-26,Pune,Maharashtra,18.5204,73.8567,21.3,16.91,26.16,0.0,62.44
2025-11-27,Pune,Maharashtra,18.5204,73.8567,21.35,16.17,27.17,0.0,40.37
2025-11-28,Pune,Maharashtra,18.5204,73.8567,19.15,12.48,24.26,0.0,60.99
2025-11-29,Pune,Maharashtra,18.5204,73.8567,21.72,17.26,28.46,0.0,60.11
2025-11-30,Pune,Maharashtra,18.5204,73.8567,22.96,16.1,29.26,0.0,47.77
2025-12-01,Pune,Maharashtra,18.5204,73.8567,22.43,17.04,27.8,0.0,48.53
2025-12-02,Pune,Maharashtra,18.5204,73.8567,21.68,14.99,26.53,0.0,46.44
2025-12-03,Pune,Maharashtra,18.5204,73.8567,20.02,14.21,24.5,0.0,56.09
2025-12-04,Pune,Maharashtra,18.5204,73.8567,20.18,16.1,24.59,0.0,57.12
2025-12-05,Pune,Maharashtra,18.5204,73.8567,23.51,19.26,28.19,0.0,63.27
2025-12-06,Pune,Maharashtra,18.5204,73.8567,19.9,14.02,26.61,0.0,39.8
2025-12-07,Pune,Maharashtra,18.5204,73.8567,23.3,17.71,31.3,0.0,42.81
2025-12-08,Pune,Maharashtra,18.5204,73.8567,21.18,15.4,27.53,0.0,53.81
2025-12-09,Pune,Maharashtra,18.5204,73.8567,20.64,13.69,27.03,0.0,50.98
2025-12-10,Pune,Maharashtra,18.5204,73.8567,21.19,16.09,26.78,0.0,58.6
2025-12-11,Pune,Maharashtra,18.5204,73.8567,19.34,13.17,24.72,0.0,56.18
2025-12-12,Pune,Maharashtra,18.5204,73.8567,21.12,14.78,27.75,0.0,41.71
2025-12-13,Pune,Maharashtra,18.5204,73.8567,18.31,13.47,23.31,0.0,59.49
2025-12-14,Pune,Maharashtra,18.5204,73.8567,20.57,13.9,27.57,0.0,58.61
2025-12-15,Pune,Maharashtra,18.5204,73.8567,19.85,12.9,24.27,0.0,55.4
2025-12-16,Pune,Maharashtra,18.5204,73.8567,21.56,17.46,29.19,0.0,57.62
2025-12-17,Pune,Maharashtra,18.5204,73.8567,18.89,14.34,23.54,0.0,54.1
2025-12-18,Pune,Maharashtra,18.5204,73.8567,21.39,16.4,26.04,0.0,43.36
2025-12-19,Pune,Maharashtra,18.5204,73.8567,21.76,16.23,25.9,0.0,55.77
2025-12-20,Pune,Maharashtra,18.5204,73.8567,20.46,16.04,24.52,0.0,63.46
2025-12-21,Pune,Maharashtra,18.5204,73.8567,21.42,16.57,27.78,0.0,52.85
2025-12-22,Pune,Maharashtra,18.5204,73.8567,20.08,15.45,25.72,0.0,56.14
2025-12-23,Pune,Maharashtra,18.5204,73.8567,19.42,14.74,24.97,0.0,53.54
2025-12-24,Pune,Maharashtra,18.5204,73.8567,20.39,14.75,26.54,0.0,50.96
2025-12-25,Pune,Maharashtra,18.5204,73.8567,19.4,14.38,25.75,0.0,42.51
2025-12-26,Pune,Maharashtra,18.5204,73.8567,19.13,12.45,25.18,0.0,61.88
2025-12-27,Pune,Maharashtra,18.5204,73.8567,19.41,13.35,25.38,0.0,54.06
2025-12-28,Pune,Maharashtra,18.5204,73.8567,19.1,14.1,24.55,0.0,66.1
2025-12-29,Pune,Maharashtra,18.5204,73.8567,21.54,17.25,26.69,0.0,47.16
2025-12-30,Pune,Maharashtra,18.5204,73.8567,20.13,14.38,26.86,0.0,63.12
2025-12-31,Pune,Maharashtra,18.5204,73.8567,19.24,12.79,24.43,0.0,53.39
2023-01-01,Hubballi,Karnataka,15.3647,75.124,24.18,19.09,28.96,0.0,38.29
2023-01-02,Hubballi,Karnataka,15.3647,75.124,22.41,15.92,28.54,2.21,49.19
2023-01-03,Hubballi,Karnataka,15.3647,75.124,23.84,18.3,30.51,0.0,38.6
2023-01-04,Hubballi,Karnataka,15.3647,75.124,21.82,16.06,26.41,0.0,39.53
2023-01-05,Hubballi,Karnataka,15.3647,75.124,22.53,16.71,27.84,0.0,50.52
2023-01-06,Hubballi,Karnataka,15.3647,75.124,23.18,17.68,28.58,0.0,35.73
2023-01-07,Hubballi,Karnataka,15.3647,75.124,24.32,17.69,29.92,0.0,46.64
2023-01-08,Hubballi,Karnataka,15.3647,75.124,22.55,17.86,27.93,0.0,48.34
2023-01-09,Hubballi,Karnataka,15.3647,75.124,23.27,16.3,29.66,0.0,44.12
2023-01-10,Hubballi,Karnataka,15.3647,75.124,22.32,17.03,29.57,0.0,50.63
2023-01-11,Hubballi,Karnataka,15.3647,75.124,23.82,17.38,30.89,1.4,50.12
2023-01-12,Hubballi,Karnataka,15.3647,75.124,23.28,18.31,29.91,0.0,55.56
2023-01-13,Hubballi,Karnataka,15.3647,75.124,23.7,17.04,31.26,0.0,54.5
2023-01-14,Hubballi,Karnataka,15.3647,75.124,22.89,16.52,30.32,1.18,52.36
2023-01-15,Hubballi,Karnataka,15.3647,75.124,22.11,16.73,28.76,0.0,34.16
2023-01-16,Hubballi,Karnataka,15.3647,75.124,23.18,17.73,30.67,0.0,45.15
2023-01-17,Hubballi,Karnataka,15.3647,75.124,20.77,14.56,28.76,0.0,52.78
2023-01-18,Hubballi,Karnataka,15.3647,75.124,21.8,16.85,27.87,0.0,51.51
2023-01-19,Hubballi,Karnataka,15.3647,75.124,23.28,17.15,29.44,0.0,55.95
2023-01-20,Hubballi,Karnataka,15.3647,75.124,25.22,19.41,29.75,0.0,50.29
2023-01-21,Hubballi,Karnataka,15.3647,75.124,21.55,17.36,28.78,0.0,44.54
2023-01-22,Hubballi,Karnataka,15.3647,75.124,20.97,16.75,26.26,0.0,48.77
2023-01-23,Hubballi,Karnataka,15.3647,75.124,23.19,17.36,29.06,0.0,55.63
2023-01-24,Hubballi,Karnataka,15.3647,75.124,22.71,16.59,27.84,0.0,53.87
2023-01-25,Hubballi,Karnataka,15.3647,75.124,22.32,16.33,27.67,0.0,50.32
2023-01-26,Hubballi,Karnataka,15.3647,75.124,23.2,17.11,30.69,0.0,48.8
2023-01-27,Hubballi,Karnataka,15.3647,75.124,23.56,18.73,30.38,0.0,49.28
2023-01-28,Hubballi,Karnataka,15.3647,75.124,23.83,18.89,31.15,0.0,57.36
2023-01-29,Hubballi,Karnataka,15.3647,75.124,24.29,18.49,30.98,0.0,45.03
2023-01-30,Hubballi,Karnataka,15.3647,75.124,22.53,16.59,29.48,0.0,52.19
2023-01-31,Hubballi,Karnataka,15.3647,75.124,23.93,19.36,28.49,0.0,56.15
2023-02-01,Hubballi,Karnataka,15.3647,75.124,23.04,17.96,27.82,0.0,48.13
2023-02-02,Hubballi,Karnataka,15.3647,75.124,23.69,17.09,31.49,0.0,53.67
2023-02-03,Hubballi,Karnataka,15.3647,75.124,22.52,16.51,28.13,0.0,55.15
2023-02-04,Hubballi,Karnataka,15.3647,75.124,23.26,18.55,29.13,0.0,44.3
2023-02-05,Hubballi,Karnataka,15.3647,75.124,22.37,17.87,29.73,0.0,57.67
2023-02-06,Hubballi,Karnataka,15.3647,75.124,22.52,17.23,26.94,0.0,59.72
2023-02-07,Hubballi,Karnataka,15.3647,75.124,23.06,16.71,30.93,0.0,53.96
2023-02-08,Hubballi,Karnataka,15.3647,75.124,24.62,20.54,30.2,0.0,56.47
2023-02-09,Hubballi,Karnataka,15.3647,75.124,21.34,16.78,25.86,0.0,50.13
2023-02-10,Hubballi,Karnataka,15.3647,75.124,22.82,18.59,30.19,0.0,42.45
2023-02-11,Hubballi,Karnataka,15.3647,75.124,23.58,19.36,28.74,0.0,51.62
2023-02-12,Hubballi,Karnataka,15.3647,75.124,24.25,17.56,29.14,0.0,51.97
2023-02-13,Hubballi,Karnataka,15.3647,75.124,23.3,18.36,30.74,0.0,40.59
2023-02-14,Hubballi,Karnataka,15.3647,75.124,20.73,15.02,26.52,0.0,43.7
2023-02-15,Hubballi,Karnataka,15.3647,75.124,25.14,19.55,32.13,0.0,46.42
2023-02-16,Hubballi,Karnataka,15.3647,75.124,23.72,16.85,29.47,0.0,48.4
2023-02-17,Hubballi,Karnataka,15.3647,75.124,24.23,19.78,29.63,0.0,61.77
2023-02-18,Hubballi,Karnataka,15.3647,75.124,24.13,17.39,31.62,0.0,52.85
2023-02-19,Hubballi,Karnataka,15.3647,75.124,22.93,17.9,29.29,0.0,55.07
2023-02-20,Hubballi,Karnataka,15.3647,75.124,24.53,19.14,29.55,0.0,45.99
2023-02-21,Hubballi,Karnataka,15.3647,75.124,24.04,18.8,31.39,0.0,57.79
2023-02-22,Hubballi,Karnataka,15.3647,75.124,23.76,18.96,30.94,0.0,42.36
2023-02-23,Hubballi,Karnataka,15.3647,75.124,24.36,19.18,30.1,0.0,51.56
2023-02-24,Hubballi,Karnataka,15.3647,75.124,23.52,18.22,29.2,0.0,47.28
2023-02-25,Hubballi,Karnataka,15.3647,75.124,24.95,20.84,32.42,0.0,46.11
2023-02-26,Hubballi,Karnataka,15.3647,75.124,23.44,17.48,29.81,1.42,45.09
2023-02-27,Hubballi,Karnataka,15.3647,75.124,25.4,21.02,31.27,0.0,60.36
2023-02-28,Hubballi,Karnataka,15.3647,75.124,23.86,17.03,29.14,0.0,45.79
2023-03-01,Hubballi,Karnataka,15.3647,75.124,23.69,19.06,30.9,0.0,43.42
2023-03-02,Hubballi,Karnataka,15.3647,75.124,24.09,17.48,29.42,0.0,43.26
2023-03-03,Hubballi,Karnataka,15.3647,75.124,23.35,16.97,30.07,0.0,50.51
2023-03-04,Hubballi,Karnataka,15.3647,75.124,24.26,19.79,31.85,0.0,53.62
2023-03-05,Hubballi,Karnataka,15.3647,75.124,23.99,19.34,30.67,0.0,51.81
2023-03-06,Hubballi,Karnataka,15.3647,75.124,24.54,18.29,29.39,0.0,51.79
2023-03-07,Hubballi,Karnataka,15.3647,75.124,23.97,17.1,29.65,0.0,42.54
2023-03-08,Hubballi,Karnataka,15.3647,75.124,24.97,18.12,32.67,0.0,51.13
2023-03-09,Hubballi,Karnataka,15.3647,75.124,25.76,20.88,32.17,0.0,48.79
2023-03-10,Hubballi,Karnataka,15.3647,75.124,25.26,19.05,32.64,0.0,49.06
2023-03-11,Hubballi,Karnataka,15.3647,75.124,24.62,20.17,32.05,0.0,41.01
2023-03-12,Hubballi,Karnataka,15.3647,75.124,25.26,19.96,31.03,0.0,42.29
2023-03-13,Hubballi,Karnataka,15.3647,75.124,25.3,19.97,31.53,0.0,46.35
2023-03-14,Hubballi,Karnataka,15.3647,75.124,25.73,21.72,33.17,0.0,49.86
2023-03-15,Hubballi,Karnataka,15.3647,75.124,24.31,20.04,32.09,0.0,43.37
2023-03-16,Hubballi,Karnataka,15.3647,75.124,24.97,20.78,29.57,0.0,51.96
2023-03-17,Hubballi,Karnataka,15.3647,75.124,23.28,18.02,27.46,0.0,44.44
2023-03-18,Hubballi,Karnataka,15.3647,75.124,25.98,20.36,32.7,0.0,60.3
2023-03-19,Hubballi,Karnataka,15.3647,75.124,23.85,17.19,28.75,0.0,50.93
2023-03-20,Hubballi,Karnataka,15.3647,75.124,24.93,20.26,31.37,0.0,45.94
2023-03-21,Hubballi,Karnataka,15.3647,75.124,26.1,20.49,31.57,0.0,37.87
2023-03-22,Hubballi,Karnataka,15.3647,75.124,27.21,22.08,33.19,0.0,54.53
2023-03-23,Hubballi,Karnataka,15.3647,75.124,22.26,16.15,28.97,0.0,39.09
2023-03-24,Hubballi,Karnataka,15.3647,75.124,23.16,19.13,28.97,0.0,42.68
2023-03-25,Hubballi,Karnataka,15.3647,75.124,25.16,19.99,30.19,0.0,45.61
2023-03-26,Hubballi,Karnataka,15.3647,75.124,25.57,20.42,32.57,0.0,33.78
2023-03-27,Hubballi,Karnataka,15.3647,75.124,23.65,18.35,31.19,4.1,50.92
2023-03-28,Hubballi,Karnataka,15.3647,75.124,26.54,21.7,33.77,0.0,55.56
2023-03-29,Hubballi,Karnataka,15.3647,75.124,26.67,21.63,32.64,0.0,46.93
2023-03-30,Hubballi,Karnataka,15.3647,75.124,24.89,18.67,30.48,0.61,48.82
2023-03-31,Hubballi,Karnataka,15.3647,75.124,27.23,20.47,34.24,0.0,54.09
2023-04-01,Hubballi,Karnataka,15.3647,75.124,27.39,20.41,32.68,0.0,49.65
2023-04-02,Hubballi,Karnataka,15.3647,75.124,27.69,21.68,32.68,0.0,61.56
2023-04-03,Hubballi,Karnataka,15.3647,75.124,25.59,21.03,30.43,0.0,46.05
2023-04-04,Hubballi,Karnataka,15.3647,75.124,25.85,20.29,30.3,0.0,40.53
2023-04-05,Hubballi,Karnataka,15.3647,75.124,26.48,21.49,30.78,0.0,52.32
2023-04-06,Hubballi,Karnataka,15.3647,75.124,27.36,20.51,32.75,0.0,47.63
2023-04-07,Hubballi,Karnataka,15.3647,75.124,26.31,19.98,32.68,0.0,53.15
2023-04-08,Hubballi,Karnataka,15.3647,75.124,25.25,21.02,29.97,0.0,50.59
2023-04-09,Hubballi,Karnataka,15.3647,75.124,27.74,21.26,35.44,0.0,34.84
2023-04-10,Hubballi,Karnataka,15.3647,75.124,27.65,23.51,32.36,0.0,49.08
2023-04-11,Hubballi,Karnataka,15.3647,75.124,27.2,22.11,34.28,0.0,43.65
2023-04-12,Hubballi,Karnataka,15.3647,75.124,27.69,23.27,33.66,0.0,38.52
2023-04-13,Hubballi,Karnataka,15.3647,75.124,28.78,22.06,34.14,0.0,48.68
2023-04-14,Hubballi,Karnataka,15.3647,75.124,26.44,20.14,34.38,0.0,49.31
2023-04-15,Hubballi,Karnataka,15.3647,75.124,28.23,23.33,33.39,0.0,52.06
2023-04-16,Hubballi,Karnataka,15.3647,75.124,27.2,21.42,31.89,0.0,49.81
2023-04-17,Hubballi,Karnataka,15.3647,75.124,26.43,22.41,30.45,0.0,48.29
2023-04-18,Hubballi,Karnataka,15.3647,75.124,28.3,21.9,33.36,0.0,54.21
2023-04-19,Hubballi,Karnataka,15.3647,75.124,27.56,22.02,34.64,0.0,48.64
2023-04-20,Hubballi,Karnataka,15.3647,75.124,27.8,23.17,35.11,0.15,45.42
2023-04-21,Hubballi,Karnataka,15.3647,75.124,28.69,24.52,34.36,0.0,49.84
2023-04-22,Hubballi,Karnataka,15.3647,75.124,26.86,22.71,33.45,0.0,44.57
2023-04-23,Hubballi,Karnataka,15.3647,75.124,30.09,25.76,36.43,0.0,51.9
2023-04-24,Hubballi,Karnataka,15.3647,75.124,27.6,23.1,34.71,0.0,49.78
2023-04-25,Hubballi,Karnataka,15.3647,75.124,27.32,20.36,34.97,7.72,48.41
2023-04-26,Hubballi,Karnataka,15.3647,75.124,27.21,20.68,32.16,0.0,48.33
2023-04-27,Hubballi,Karnataka,15.3647,75.124,27.67,22.73,32.64,0.0,40.84
2023-04-28,Hubballi,Karnataka,15.3647,75.124,28.49,22.59,36.11,0.0,41.71
2023-04-29,Hubballi,Karnataka,15.3647,75.124,29.72,22.91,35.33,0.0,50.55
2023-04-30,Hubballi,Karnataka,15.3647,75.124,26.48,22.04,32.77,0.0,53.96
2023-05-01,Hubballi,Karnataka,15.3647,75.124,27.83,21.6,33.47,0.0,41.6
2023-05-02,Hubballi,Karnataka,15.3647,75.124,27.55,21.64,34.46,0.0,36.89
2023-05-03,Hubballi,Karnataka,15.3647,75.124,28.19,23.33,32.54,0.0,44.13
2023-05-04,Hubballi,Karnataka,15.3647,75.124,29.03,22.96,35.57,0.0,39.46
2023-05-05,Hubballi,Karnataka,15.3647,75.124,27.74,21.09,34.6,0.0,54.49
2023-05-06,Hubballi,Karnataka,15.3647,75.124,28.55,21.8,34.45,0.0,51.03
2023-05-07,Hubballi,Karnataka,15.3647,75.124,27.47,22.08,33.77,0.0,45.11
2023-05-08,Hubballi,Karnataka,15.3647,75.124,29.61,23.48,37.08,0.0,31.09
2023-05-09,Hubballi,Karnataka,15.3647,75.124,27.66,22.92,34.57,0.0,52.92
2023-05-10,Hubballi,Karnataka,15.3647,75.124,29.84,24.99,35.76,0.0,54.3
2023-05-11,Hubballi,Karnataka,15.3647,75.124,27.11,21.31,33.16,0.0,46.88
2023-05-12,Hubballi,Karnataka,15.3647,75.124,28.46,23.49,35.3,0.0,49.83
2023-05-13,Hubballi,Karnataka,15.3647,75.124,29.67,23.2,34.9,0.0,55.89
2023-05-14,Hubballi,Karnataka,15.3647,75.124,29.66,23.34,36.69,0.0,42.5
2023-05-15,Hubballi,Karnataka,15.3647,75.124,29.44,23.71,37.15,0.0,49.38
2023-05-16,Hubballi,Karnataka,15.3647,75.124,26.65,19.75,33.16,0.0,46.64
2023-05-17,Hubballi,Karnataka,15.3647,75.124,27.96,21.72,32.67,0.0,56.27
2023-05-18,Hubballi,Karnataka,15.3647,75.124,30.95,25.15,37.5,0.0,46.46
2023-05-19,Hubballi,Karnataka,15.3647,75.124,28.42,22.65,33.06,0.0,47.61
2023-05-20,Hubballi,Karnataka,15.3647,75.124,30.24,24.12,35.38,0.0,48.55
2023-05-21,Hubballi,Karnataka,15.3647,75.124,28.61,23.64,34.95,0.0,47.55
2023-05-22,Hubballi,Karnataka,15.3647,75.124,28.51,22.8,32.56,0.0,43.23
2023-05-23,Hubballi,Karnataka,15.3647,75.124,29.91,23.32,34.69,0.0,39.37
2023-05-24,Hubballi,Karnataka,15.3647,75.124,27.21,22.59,34.02,0.0,46.08
2023-05-25,Hubballi,Karnataka,15.3647,75.124,26.84,22.65,32.95,0.0,46.72
2023-05-26,Hubballi,Karnataka,15.3647,75.124,28.25,23.92,34.81,0.0,53.43
2023-05-27,Hubballi,Karnataka,15.3647,75.124,31.35,26.34,35.9,0.0,46.36
2023-05-28,Hubballi,Karnataka,15.3647,75.124,28.64,24.16,33.03,0.0,52.33
2023-05-29,Hubballi,Karnataka,15.3647,75.124,31.39,25.07,38.35,0.0,43.3
2023-05-30,Hubballi,Karnataka,15.3647,75.124,30.97,25.55,38.34,0.0,89.23
2023-05-31,Hubballi,Karnataka,15.3647,75.124,28.91,24.0,33.64,0.0,74.86
2023-06-01,Hubballi,Karnataka,15.3647,75.124,30.47,26.42,36.89,0.0,81.3
2023-06-02,Hubballi,Karnataka,15.3647,75.124,29.29,22.75,33.59,0.0,83.78
2023-06-03,Hubballi,Karnataka,15.3647,75.124,31.52,25.93,35.71,16.07,80.09
2023-06-04,Hubballi,Karnataka,15.3647,75.124,29.91,24.32,34.6,1.57,85.79
2023-06-05,Hubballi,Karnataka,15.3647,75.124,31.76,26.54,38.8,0.0,86.89
2023-06-06,Hubballi,Karnataka,15.3647,75.124,30.37,23.61,37.3,21.59,88.96
2023-06-07,Hubballi,Karnataka,15.3647,75.124,32.28,25.59,39.06,6.19,66.08
2023-06-08,Hubballi,Karnataka,15.3647,75.124,29.84,25.28,34.44,7.16,93.51
2023-06-09,Hubballi,Karnataka,15.3647,75.124,28.76,23.54,32.84,10.18,86.75
2023-06-10,Hubballi,Karnataka,15.3647,75.124,31.87,27.84,36.06,26.75,87.41
2023-06-11,Hubballi,Karnataka,15.3647,75.124,31.71,26.07,36.52,0.0,79.07
2023-06-12,Hubballi,Karnataka,15.3647,75.124,31.06,26.02,38.12,0.0,89.07
2023-06-13,Hubballi,Karnataka,15.3647,75.124,31.91,26.52,39.69,11.33,71.29
2023-06-14,Hubballi,Karnataka,15.3647,75.124,29.92,23.2,36.87,29.77,85.08
2023-06-15,Hubballi,Karnataka,15.3647,75.124,30.2,24.04,34.45,0.0,87.68
2023-06-16,Hubballi,Karnataka,15.3647,75.124,29.41,24.91,34.09,0.0,79.63
2023-06-17,Hubballi,Karnataka,15.3647,75.124,29.22,22.93,34.77,0.0,81.62
2023-06-18,Hubballi,Karnataka,15.3647,75.124,31.65,25.64,37.14,0.0,82.16
2023-06-19,Hubballi,Karnataka,15.3647,75.124,32.91,26.34,39.61,20.35,82.72
2023-06-20,Hubballi,Karnataka,15.3647,75.124,29.92,25.22,36.45,0.0,87.82
2023-06-21,Hubballi,Karnataka,15.3647,75.124,31.07,26.16,38.13,0.0,81.45
2023-06-22,Hubballi,Karnataka,15.3647,75.124,32.67,28.34,36.7,0.0,81.01
2023-06-23,Hubballi,Karnataka,15.3647,75.124,30.55,25.01,34.96,0.0,79.02
2023-06-24,Hubballi,Karnataka,15.3647,75.124,32.34,27.32,37.88,0.0,79.37
2023-06-25,Hubballi,Karnataka,15.3647,75.124,32.25,27.19,39.2,0.0,80.47
2023-06-26,Hubballi,Karnataka,15.3647,75.124,27.99,22.29,34.69,0.0,88.05
2023-06-27,Hubballi,Karnataka,15.3647,75.124,30.39,24.94,36.27,34.42,79.47
2023-06-28,Hubballi,Karnataka,15.3647,75.124,31.68,24.95,38.79,0.0,74.97
2023-06-29,Hubballi,Karnataka,15.3647,75.124,29.14,24.99,34.49,0.0,79.92
2023-06-30,Hubballi,Karnataka,15.3647,75.124,31.52,24.83,35.55,0.0,90.95
2023-07-01,Hubballi,Karnataka,15.3647,75.124,29.16,22.36,33.33,3.78,77.92
2023-07-02,Hubballi,Karnataka,15.3647,75.124,30.42,25.14,35.64,14.73,79.25
2023-07-03,Hubballi,Karnataka,15.3647,75.124,33.16,28.53,40.42,2.1,85.26
2023-07-04,Hubballi,Karnataka,15.3647,75.124,30.41,24.35,35.08,11.3,83.03
2023-07-05,Hubballi,Karnataka,15.3647,75.124,30.62,24.52,36.05,0.0,84.09
2023-07-06,Hubballi,Karnataka,15.3647,75.124,32.32,26.41,36.85,6.54,84.53
2023-07-07,Hubballi,Karnataka,15.3647,75.124,28.91,24.71,36.29,12.34,81.51
2023-07-08,Hubballi,Karnataka,15.3647,75.124,31.89,25.7,37.5,4.55,84.38
2023-07-09,Hubballi,Karnataka,15.3647,75.124,30.09,23.09,36.27,0.0,77.8
2023-07-10,Hubballi,Karnataka,15.3647,75.124,30.96,25.81,38.81,22.73,74.56
2023-07-11,Hubballi,Karnataka,15.3647,75.124,29.66,23.38,35.33,11.67,79.64
2023-07-12,Hubballi,Karnataka,15.3647,75.124,32.31,27.91,39.36,6.51,80.93
2023-07-13,Hubballi,Karnataka,15.3647,75.124,29.93,23.66,37.02,14.66,85.29
2023-07-14,Hubballi,Karnataka,15.3647,75.124,29.91,23.97,34.29,0.0,93.12
2023-07-15,Hubballi,Karnataka,15.3647,75.124,31.52,25.37,37.56,0.0,87.19
2023-07-16,Hubballi,Karnataka,15.3647,75.124,31.9,27.37,36.79,8.2,80.67
2023-07-17,Hubballi,Karnataka,15.3647,75.124,30.94,24.18,37.27,0.0,73.26
2023-07-18,Hubballi,Karnataka,15.3647,75.124,29.97,23.52,34.54,0.0,77.6
2023-07-19,Hubballi,Karnataka,15.3647,75.124,31.51,26.28,36.5,0.0,77.97
2023-07-20,Hubballi,Karnataka,15.3647,75.124,30.87,24.61,36.86,0.0,81.89
2023-07-21,Hubballi,Karnataka,15.3647,75.124,28.68,23.42,35.93,0.0,75.73
2023-07-22,Hubballi,Karnataka,15.3647,75.124,33.15,28.2,40.51,0.0,79.24
2023-07-23,Hubballi,Karnataka,15.3647,75.124,30.81,25.4,36.63,0.0,79.63
2023-07-24,Hubballi,Karnataka,15.3647,75.124,29.81,24.65,34.17,0.25,81.16
2023-07-25,Hubballi,Karnataka,15.3647,75.124,30.54,24.04,37.17,0.0,76.94
2023-07-26,Hubballi,Karnataka,15.3647,75.124,30.88,26.73,36.0,0.49,80.07
2023-07-27,Hubballi,Karnataka,15.3647,75.124,31.23,27.11,37.15,0.0,83.53
2023-07-28,Hubballi,Karnataka,15.3647,75.124,30.41,23.44,35.13,0.0,83.63
2023-07-29,Hubballi,Karnataka,15.3647,75.124,30.49,24.99,37.55,0.0,77.98
2023-07-30,Hubballi,Karnataka,15.3647,75.124,32.61,25.64,38.72,13.7,80.65
2023-07-31,Hubballi,Karnataka,15.3647,75.124,29.82,24.24,34.43,29.27,85.22
2023-08-01,Hubballi,Karnataka,15.3647,75.124,31.07,24.49,37.23,45.67,77.64
2023-08-02,Hubballi,Karnataka,15.3647,75.124,31.26,26.02,36.43,25.76,83.87
2023-08-03,Hubballi,Karnataka,15.3647,75.124,30.48,23.81,38.3,43.51,76.44
2023-08-04,Hubballi,Karnataka,15.3647,75.124,31.63,26.81,39.61,0.0,83.97
2023-08-05,Hubballi,Karnataka,15.3647,75.124,31.71,27.15,39.45,0.0,82.72
2023-08-06,Hubballi,Karnataka,15.3647,75.124,31.39,26.89,36.68,0.0,78.27
2023-08-07,Hubballi,Karnataka,15.3647,75.124,28.22,23.95,32.89,0.0,80.66
2023-08-08,Hubballi,Karnataka,15.3647,75.124,28.64,24.0,35.61,0.0,72.71
2023-08-09,Hubballi,Karnataka,15.3647,75.124,28.88,24.51,34.42,10.45,76.45
2023-08-10,Hubballi,Karnataka,15.3647,75.124,31.5,25.51,39.0,3.83,84.47
2023-08-11,Hubballi,Karnataka,15.3647,75.124,31.37,26.58,35.42,0.0,80.86
2023-08-12,Hubballi,Karnataka,15.3647,75.124,29.75,25.28,34.1,0.0,74.29
2023-08-13,Hubballi,Karnataka,15.3647,75.124,30.85,25.46,38.78,0.0,85.1
2023-08-14,Hubballi,Karnataka,15.3647,75.124,30.85,24.48,35.1,1.73,82.93
2023-08-15,Hubballi,Karnataka,15.3647,75.124,28.05,22.01,32.39,0.0,88.05
2023-08-16,Hubballi,Karnataka,15.3647,75.124,28.92,23.07,36.24,0.0,90.45
2023-08-17,Hubballi,Karnataka,15.3647,75.124,30.35,24.65,36.91,9.83,80.54
2023-08-18,Hubballi,Karnataka,15.3647,75.124,30.48,24.23,37.73,8.91,84.06
2023-08-19,Hubballi,Karnataka,15.3647,75.124,31.56,26.64,36.88,0.0,88.59
2023-08-20,Hubballi,Karnataka,15.3647,75.124,30.53,25.95,34.99,0.0,77.2
2023-08-21,Hubballi,Karnataka,15.3647,75.124,32.43,27.56,39.3,0.0,84.69
2023-08-22,Hubballi,Karnataka,15.3647,75.124,28.81,22.09,34.14,0.0,94.91
2023-08-23,Hubballi,Karnataka,15.3647,75.124,31.09,26.81,37.2,0.0,80.46
2023-08-24,Hubballi,Karnataka,15.3647,75.124,30.59,24.03,36.7,0.0,85.41
2023-08-25,Hubballi,Karnataka,15.3647,75.124,31.61,25.38,38.18,0.0,79.86
2023-08-26,Hubballi,Karnataka,15.3647,75.124,28.8,23.82,34.04,0.0,78.86
2023-08-27,Hubballi,Karnataka,15.3647,75.124,30.99,24.73,36.49,0.0,84.0
2023-08-28,Hubballi,Karnataka,15.3647,75.124,29.43,23.98,33.83,5.16,82.25
2023-08-29,Hubballi,Karnataka,15.3647,75.124,30.16,24.05,37.42,0.0,88.55
2023-08-30,Hubballi,Karnataka,15.3647,75.124,28.75,21.81,36.26,0.0,77.02
2023-08-31,Hubballi,Karnataka,15.3647,75.124,28.52,22.13,36.08,3.93,82.4
2023-09-01,Hubballi,Karnataka,15.3647,75.124,27.98,21.86,33.22,0.0,76.79
2023-09-02,Hubballi,Karnataka,15.3647,75.124,29.4,23.55,34.39,15.16,78.65
2023-09-03,Hubballi,Karnataka,15.3647,75.124,29.85,25.17,37.81,6.81,84.81
2023-09-04,Hubballi,Karnataka,15.3647,75.124,28.99,24.73,33.97,45.17,83.79
2023-09-05,Hubballi,Karnataka,15.3647,75.124,29.37,25.23,36.54,0.0,83.69
2023-09-06,Hubballi,Karnataka,15.3647,75.124,26.03,19.79,32.82,2.5,77.92
2023-09-07,Hubballi,Karnataka,15.3647,75.124,29.71,24.88,36.24,16.68,79.66
2023-09-08,Hubballi,Karnataka,15.3647,75.124,29.88,23.28,35.98,3.57,76.96
2023-09-09,Hubballi,Karnataka,15.3647,75.124,27.93,23.8,32.93,0.0,81.43
2023-09-10,Hubballi,Karnataka,15.3647,75.124,28.59,21.66,33.53,0.0,82.19
2023-09-11,Hubballi,Karnataka,15.3647,75.124,28.68,23.42,34.32,0.0,84.64
2023-09-12,Hubballi,Karnataka,15.3647,75.124,29.0,23.3,35.94,0.0,88.87
2023-09-13,Hubballi,Karnataka,15.3647,75.124,29.53,22.7,34.67,23.19,81.42
2023-09-14,Hubballi,Karnataka,15.3647,75.124,27.51,23.24,32.79,0.0,87.03
2023-09-15,Hubballi,Karnataka,15.3647,75.124,29.66,24.62,34.81,5.32,83.45
2023-09-16,Hubballi,Karnataka,15.3647,75.124,28.08,23.91,33.12,5.22,87.79
2023-09-17,Hubballi,Karnataka,15.3647,75.124,31.87,26.92,36.33,0.0,75.76
2023-09-18,Hubballi,Karnataka,15.3647,75.124,29.44,25.2,33.64,52.29,83.52
2023-09-19,Hubballi,Karnataka,15.3647,75.124,27.54,23.19,34.35,50.9,82.03
2023-09-20,Hubballi,Karnataka,15.3647,75.124,28.68,23.48,34.85,2.75,88.27
2023-09-21,Hubballi,Karnataka,15.3647,75.124,29.23,24.64,33.94,0.0,84.86
2023-09-22,Hubballi,Karnataka,15.3647,75.124,29.52,22.6,37.46,15.73,93.24
2023-09-23,Hubballi,Karnataka,15.3647,75.124,28.82,22.49,35.04,1.69,75.71
2023-09-24,Hubballi,Karnataka,15.3647,75.124,29.26,23.47,36.45,0.0,83.69
2023-09-25,Hubballi,Karnataka,15.3647,75.124,27.9,21.65,34.45,0.0,79.49
2023-09-26,Hubballi,Karnataka,15.3647,75.124,30.14,24.36,36.75,6.96,79.83
2023-09-27,Hubballi,Karnataka,15.3647,75.124,27.47,20.8,32.87,0.0,85.18
2023-09-28,Hubballi,Karnataka,15.3647,75.124,30.13,23.24,37.78,0.0,50.74
2023-09-29,Hubballi,Karnataka,15.3647,75.124,29.43,24.32,35.11,0.0,46.68
2023-09-30,Hubballi,Karnataka,15.3647,75.124,28.86,23.82,34.35,0.0,53.32
2023-10-01,Hubballi,Karnataka,15.3647,75.124,30.22,25.86,36.57,0.0,38.82
2023-10-02,Hubballi,Karnataka,15.3647,75.124,27.4,23.07,34.22,0.0,51.06
2023-10-03,Hubballi,Karnataka,15.3647,75.124,27.84,22.39,32.61,0.0,42.61
2023-10-04,Hubballi,Karnataka,15.3647,75.124,29.98,23.66,34.52,0.0,48.99
2023-10-05,Hubballi,Karnataka,15.3647,75.124,27.69,23.01,32.37,0.0,51.21
2023-10-06,Hubballi,Karnataka,15.3647,75.124,27.32,20.87,33.03,0.0,53.37
2023-10-07,Hubballi,Karnataka,15.3647,75.124,27.13,20.88,32.74,0.0,62.22
2023-10-08,Hubballi,Karnataka,15.3647,75.124,25.17,18.68,32.6,0.0,58.45
2023-10-09,Hubballi,Karnataka,15.3647,75.124,27.75,21.72,34.94,0.0,56.22
2023-10-10,Hubballi,Karnataka,15.3647,75.124,26.2,20.41,32.85,0.0,51.47
2023-10-11,Hubballi,Karnataka,15.3647,75.124,28.74,21.86,33.23,0.0,38.26
2023-10-12,Hubballi,Karnataka,15.3647,75.124,27.88,22.09,35.39,0.0,62.38
2023-10-13,Hubballi,Karnataka,15.3647,75.124,28.46,22.63,36.14,0.0,46.34
2023-10-14,Hubballi,Karnataka,15.3647,75.124,27.65,22.66,33.62,0.0,43.69
2023-10-15,Hubballi,Karnataka,15.3647,75.124,27.75,21.88,31.97,0.0,55.07
2023-10-16,Hubballi,Karnataka,15.3647,75.124,26.39,19.84,30.8,0.0,44.39
2023-10-17,Hubballi,Karnataka,15.3647,75.124,26.36,19.54,33.3,0.0,53.32
2023-10-18,Hubballi,Karnataka,15.3647,75.124,27.15,22.26,33.06,0.0,45.7
2023-10-19,Hubballi,Karnataka,15.3647,75.124,27.42,21.77,32.48,0.0,49.48
2023-10-20,Hubballi,Karnataka,15.3647,75.124,25.97,19.28,31.61,0.0,44.78
2023-10-21,Hubballi,Karnataka,15.3647,75.124,26.14,21.82,33.09,0.0,52.84
2023-10-22,Hubballi,Karnataka,15.3647,75.124,27.21,22.21,33.05,0.0,48.88
2023-10-23,Hubballi,Karnataka,15.3647,75.124,25.31,20.76,30.3,0.0,48.23
2023-10-24,Hubballi,Karnataka,15.3647,75.124,27.73,22.07,32.85,0.0,47.4
2023-10-25,Hubballi,Karnataka,15.3647,75.124,26.13,20.04,32.86,0.0,45.13
2023-10-26,Hubballi,Karnataka,15.3647,75.124,25.37,20.2,31.03,0.0,56.79
2023-10-27,Hubballi,Karnataka,15.3647,75.124,27.0,20.92,31.05,0.0,45.39
2023-10-28,Hubballi,Karnataka,15.3647,75.124,24.52,18.21,32.47,0.0,47.78
2023-10-29,Hubballi,Karnataka,15.3647,75.124,28.38,22.76,32.77,0.0,32.13
2023-10-30,Hubballi,Karnataka,15.3647,75.124,25.87,21.18,32.8,0.0,46.77
2023-10-31,Hubballi,Karnataka,15.3647,75.124,26.57,21.31,33.7,0.0,46.14
2023-11-01,Hubballi,Karnataka,15.3647,75.124,23.51,17.25,31.2,0.0,45.31
2023-11-02,Hubballi,Karnataka,15.3647,75.124,25.75,21.01,30.72,0.0,53.67
2023-11-03,Hubballi,Karnataka,15.3647,75.124,25.4,19.86,30.47,0.0,54.08
2023-11-04,Hubballi,Karnataka,15.3647,75.124,25.17,19.56,29.22,0.0,47.95
2023-11-05,Hubballi,Karnataka,15.3647,75.124,25.42,19.97,31.38,0.0,44.9
2023-11-06,Hubballi,Karnataka,15.3647,75.124,26.82,20.19,33.68,0.0,58.09
2023-11-07,Hubballi,Karnataka,15.3647,75.124,24.89,19.67,29.19,0.0,34.6
2023-11-08,Hubballi,Karnataka,15.3647,75.124,26.18,20.42,32.47,0.0,34.73
2023-11-09,Hubballi,Karnataka,15.3647,75.124,24.75,18.04,32.66,0.0,55.34
2023-11-10,Hubballi,Karnataka,15.3647,75.124,27.98,22.52,33.45,0.0,46.99
2023-11-11,Hubballi,Karnataka,15.3647,75.124,25.26,19.42,30.43,0.0,37.81
2023-11-12,Hubballi,Karnataka,15.3647,75.124,26.18,21.43,30.91,0.0,50.81
2023-11-13,Hubballi,Karnataka,15.3647,75.124,26.12,19.29,32.23,0.0,49.46
2023-11-14,Hubballi,Karnataka,15.3647,75.124,25.48,18.99,33.25,0.0,47.22
2023-11-15,Hubballi,Karnataka,15.3647,75.124,25.84,21.31,31.67,0.0,43.71
2023-11-16,Hubballi,Karnataka,15.3647,75.124,24.8,17.85,30.17,0.0,38.88
2023-11-17,Hubballi,Karnataka,15.3647,75.124,25.26,20.19,33.01,0.0,39.45
2023-11-18,Hubballi,Karnataka,15.3647,75.124,23.75,18.95,29.89,0.0,61.18
2023-11-19,Hubballi,Karnataka,15.3647,75.124,25.38,18.41,32.61,0.0,39.99
2023-11-20,Hubballi,Karnataka,15.3647,75.124,23.11,17.68,29.26,0.0,42.23
2023-11-21,Hubballi,Karnataka,15.3647,75.124,24.73,18.52,31.6,0.0,48.66
2023-11-22,Hubballi,Karnataka,15.3647,75.124,26.21,20.29,30.86,0.0,38.1
2023-11-23,Hubballi,Karnataka,15.3647,75.124,24.67,17.77,28.73,0.0,52.78
2023-11-24,Hubballi,Karnataka,15.3647,75.124,26.27,21.38,31.99,0.0,54.12
2023-11-25,Hubballi,Karnataka,15.3647,75.124,25.12,20.99,32.3,0.0,43.46
2023-11-26,Hubballi,Karnataka,15.3647,75.124,21.81,15.07,26.46,0.0,48.05
2023-11-27,Hubballi,Karnataka,15.3647,75.124,25.23,18.61,29.64,0.0,51.97
2023-11-28,Hubballi,Karnataka,15.3647,75.124,25.21,20.48,32.15,0.0,33.7
2023-11-29,Hubballi,Karnataka,15.3647,75.124,22.26,15.56,26.57,0.0,45.87
2023-11-30,Hubballi,Karnataka,15.3647,75.124,24.74,18.79,31.61,0.0,42.67
2023-12-01,Hubballi,Karnataka,15.3647,75.124,24.37,18.92,31.48,0.0,48.32
2023-12-02,Hubballi,Karnataka,15.3647,75.124,25.03,20.19,32.78,0.0,46.72
2023-12-03,Hubballi,Karnataka,15.3647,75.124,25.73,19.85,30.35,0.0,41.96
2023-12-04,Hubballi,Karnataka,15.3647,75.124,23.44,17.65,27.88,0.0,51.34
2023-12-05,Hubballi,Karnataka,15.3647,75.124,22.59,16.24,28.02,0.0,50.91
2023-12-06,Hubballi,Karnataka,15.3647,75.124,23.19,17.5,28.22,0.0,56.63
2023-12-07,Hubballi,Karnataka,15.3647,75.124,24.31,18.13,30.29,0.0,43.98
2023-12-08,Hubballi,Karnataka,15.3647,75.124,23.13,16.35,29.85,0.0,44.9
2023-12-09,Hubballi,Karnataka,15.3647,75.124,23.98,19.37,31.09,0.0,53.54
2023-12-10,Hubballi,Karnataka,15.3647,75.124,22.81,17.41,29.72,7.97,56.44
2023-12-11,Hubballi,Karnataka,15.3647,75.124,22.14,17.03,26.46,0.0,47.53
2023-12-12,Hubballi,Karnataka,15.3647,75.124,21.68,16.07,26.86,0.0,54.7
2023-12-13,Hubballi,Karnataka,15.3647,75.124,23.29,19.26,28.62,0.0,52.5
2023-12-14,Hubballi,Karnataka,15.3647,75.124,23.91,19.35,28.85,0.0,50.56
2023-12-15,Hubballi,Karnataka,15.3647,75.124,23.82,18.05,30.03,0.0,48.78
2023-12-16,Hubballi,Karnataka,15.3647,75.124,20.95,14.4,28.26,0.0,49.3
2023-12-17,Hubballi,Karnataka,15.3647,75.124,22.87,15.93,27.86,0.0,40.61
2023-12-18,Hubballi,Karnataka,15.3647,75.124,25.89,21.26,33.7,0.0,44.03
2023-12-19,Hubballi,Karnataka,15.3647,75.124,22.06,15.55,27.64,0.0,55.36
2023-12-20,Hubballi,Karnataka,15.3647,75.124,19.42,13.61,26.66,0.0,54.77
2023-12-21,Hubballi,Karnataka,15.3647,75.124,22.34,17.67,27.42,0.0,54.42
2023-12-22,Hubballi,Karnataka,15.3647,75.124,24.08,17.72,30.18,0.0,40.24
2023-12-23,Hubballi,Karnataka,15.3647,75.124,24.56,20.53,32.09,0.0,47.5
2023-12-24,Hubballi,Karnataka,15.3647,75.124,22.4,15.49,29.77,0.0,41.64
2023-12-25,Hubballi,Karnataka,15.3647,75.124,22.96,18.11,27.87,0.0,49.44
2023-12-26,Hubballi,Karnataka,15.3647,75.124,24.38,18.94,28.86,0.0,43.97
2023-12-27,Hubballi,Karnataka,15.3647,75.124,20.54,16.53,25.92,0.0,38.72
2023-12-28,Hubballi,Karnataka,15.3647,75.124,23.07,17.96,29.45,5.1,47.57
2023-12-29,Hubballi,Karnataka,15.3647,75.124,24.09,17.13,29.28,0.0,46.07
2023-12-30,Hubballi,Karnataka,15.3647,75.124,23.34,17.43,28.69,0.0,61.36
2023-12-31,Hubballi,Karnataka,15.3647,75.124,23.41,19.28,31.18,0.0,55.3
2024-01-01,Hubballi,Karnataka,15.3647,75.124,21.74,16.97,29.46,0.0,45.93
2024-01-02,Hubballi,Karnataka,15.3647,75.124,22.11,15.51,27.13,0.0,41.36
2024-01-03,Hubballi,Karnataka,15.3647,75.124,23.56,16.58,28.54,0.0,53.06
2024-01-04,Hubballi,Karnataka,15.3647,75.124,23.79,18.31,30.09,0.0,44.53
2024-01-05,Hubballi,Karnataka,15.3647,75.124,23.23,16.75,27.75,0.0,44.89
2024-01-06,Hubballi,Karnataka,15.3647,75.124,21.41,15.09,27.07,0.0,55.66
2024-01-07,Hubballi,Karnataka,15.3647,75.124,24.67,18.01,29.98,0.0,43.74
2024-01-08,Hubballi,Karnataka,15.3647,75.124,22.9,16.07,29.9,0.0,49.07
2024-01-09,Hubballi,Karnataka,15.3647,75.124,21.97,15.76,29.39,0.0,50.75
2024-01-10,Hubballi,Karnataka,15.3647,75.124,21.63,17.43,27.77,0.0,54.2
2024-01-11,Hubballi,Karnataka,15.3647,75.124,24.17,20.03,31.13,0.0,44.85
2024-01-12,Hubballi,Karnataka,15.3647,75.124,22.57,16.32,30.17,0.0,54.18
2024-01-13,Hubballi,Karnataka,15.3647,75.124,22.58,17.19,27.59,0.0,46.85
2024-01-14,Hubballi,Karnataka,15.3647,75.124,22.77,16.44,27.95,0.0,42.89
2024-01-15,Hubballi,Karnataka,15.3647,75.124,23.14,16.5,29.7,0.0,34.59
2024-01-16,Hubballi,Karnataka,15.3647,75.124,21.14,15.96,25.16,0.0,47.63
2024-01-17,Hubballi,Karnataka,15.3647,75.124,22.45,17.77,28.46,0.0,41.24
2024-01-18,Hubballi,Karnataka,15.3647,75.124,23.17,16.92,30.91,0.0,56.57
2024-01-19,Hubballi,Karnataka,15.3647,75.124,22.84,18.3,28.76,0.0,52.34
2024-01-20,Hubballi,Karnataka,15.3647,75.124,25.71,19.04,31.82,0.0,51.54
2024-01-21,Hubballi,Karnataka,15.3647,75.124,23.05,18.51,28.75,0.0,59.73
2024-01-22,Hubballi,Karnataka,15.3647,75.124,22.55,15.63,30.09,0.0,53.11
2024-01-23,Hubballi,Karnataka,15.3647,75.124,22.2,17.55,29.55,0.0,46.83
2024-01-24,Hubballi,Karnataka,15.3647,75.124,24.64,20.18,28.77,0.0,45.79
2024-01-25,Hubballi,Karnataka,15.3647,75.124,22.94,16.84,30.66,0.0,52.78
2024-01-26,Hubballi,Karnataka,15.3647,75.124,22.05,16.39,29.78,0.0,56.16
2024-01-27,Hubballi,Karnataka,15.3647,75.124,25.73,20.3,32.65,0.0,48.9
2024-01-28,Hubballi,Karnataka,15.3647,75.124,22.16,15.78,27.05,0.0,57.7
2024-01-29,Hubballi,Karnataka,15.3647,75.124,23.8,17.73,27.96,0.0,55.37
2024-01-30,Hubballi,Karnataka,15.3647,75.124,21.73,16.7,28.36,0.0,46.01
2024-01-31,Hubballi,Karnataka,15.3647,75.124,22.95,18.45,27.87,0.0,47.07
2024-02-01,Hubballi,Karnataka,15.3647,75.124,21.33,15.47,28.41,0.0,41.61
2024-02-02,Hubballi,Karnataka,15.3647,75.124,22.19,16.07,27.15,0.0,50.96
2024-02-03,Hubballi,Karnataka,15.3647,75.124,21.01,15.65,28.21,0.0,50.47
2024-02-04,Hubballi,Karnataka,15.3647,75.124,23.61,17.12,28.99,0.0,42.15
2024-02-05,Hubballi,Karnataka,15.3647,75.124,24.28,18.3,30.7,0.0,52.43
2024-02-06,Hubballi,Karnataka,15.3647,75.124,23.44,16.71,30.46,0.0,41.25
2024-02-07,Hubballi,Karnataka,15.3647,75.124,24.08,18.8,32.04,0.0,41.91
2024-02-08,Hubballi,Karnataka,15.3647,75.124,24.11,20.01,29.15,0.0,58.38
2024-02-09,Hubballi,Karnataka,15.3647,75.124,21.66,16.98,27.51,0.0,44.32
2024-02-10,Hubballi,Karnataka,15.3647,75.124,21.6,14.65,27.18,0.0,43.19
2024-02-11,Hubballi,Karnataka,15.3647,75.124,23.12,18.52,27.4,2.95,51.18
2024-02-12,Hubballi,Karnataka,15.3647,75.124,21.1,15.12,26.09,0.0,51.77
2024-02-13,Hubballi,Karnataka,15.3647,75.124,22.55,17.54,29.7,0.0,43.83
2024-02-14,Hubballi,Karnataka,15.3647,75.124,22.75,18.23,28.46,0.0,54.66
2024-02-15,Hubballi,Karnataka,15.3647,75.124,23.92,18.83,29.52,0.0,48.77
2024-02-16,Hubballi,Karnataka,15.3647,75.124,23.77,17.82,28.56,0.0,55.78
2024-02-17,Hubballi,Karnataka,15.3647,75.124,25.38,20.54,32.15,0.0,53.96
2024-02-18,Hubballi,Karnataka,15.3647,75.124,21.93,14.96,29.93,0.0,49.93
2024-02-19,Hubballi,Karnataka,15.3647,75.124,25.7,21.27,31.96,0.0,43.13
2024-02-20,Hubballi,Karnataka,15.3647,75.124,24.82,19.53,30.21,0.0,45.74
2024-02-21,Hubballi,Karnataka,15.3647,75.124,22.06,15.12,30.06,0.0,39.8
2024-02-22,Hubballi,Karnataka,15.3647,75.124,24.66,18.11,31.8,0.0,46.16
2024-02-23,Hubballi,Karnataka,15.3647,75.124,24.88,19.36,31.61,0.0,44.84
2024-02-24,Hubballi,Karnataka,15.3647,75.124,23.91,18.24,27.99,0.0,45.51
2024-02-25,Hubballi,Karnataka,15.3647,75.124,24.22,19.48,29.27,0.0,51.41
2024-02-26,Hubballi,Karnataka,15.3647,75.124,26.42,20.02,33.12,0.0,61.36
2024-02-27,Hubballi,Karnataka,15.3647,75.124,24.01,18.43,29.66,0.0,47.63
2024-02-28,Hubballi,Karnataka,15.3647,75.124,24.77,19.35,29.26,0.0,54.23
2024-02-29,Hubballi,Karnataka,15.3647,75.124,23.86,18.61,28.8,0.0,53.62
2024-03-01,Hubballi,Karnataka,15.3647,75.124,23.88,18.22,29.98,0.0,58.48
2024-03-02,Hubballi,Karnataka,15.3647,75.124,24.52,18.94,31.43,0.0,49.23
2024-03-03,Hubballi,Karnataka,15.3647,75.124,21.17,15.54,26.15,0.0,50.77
2024-03-04,Hubballi,Karnataka,15.3647,75.124,23.5,18.03,29.45,0.0,54.91
2024-03-05,Hubballi,Karnataka,15.3647,75.124,26.8,20.01,32.32,0.0,54.82
2024-03-06,Hubballi,Karnataka,15.3647,75.124,24.28,19.75,32.13,0.0,43.99
2024-03-07,Hubballi,Karnataka,15.3647,75.124,22.51,16.05,27.38,0.0,42.31
2024-03-08,Hubballi,Karnataka,15.3647,75.124,23.37,17.52,28.52,0.0,46.72
2024-03-09,Hubballi,Karnataka,15.3647,75.124,24.94,18.25,30.53,0.0,42.51
2024-03-10,Hubballi,Karnataka,15.3647,75.124,26.61,21.57,31.33,0.0,40.4
2024-03-11,Hubballi,Karnataka,15.3647,75.124,24.66,18.08,29.0,0.0,42.23
2024-03-12,Hubballi,Karnataka,15.3647,75.124,24.79,18.46,30.74,0.0,56.56
2024-03-13,Hubballi,Karnataka,15.3647,75.124,27.01,21.89,33.45,0.0,40.62
2024-03-14,Hubballi,Karnataka,15.3647,75.124,25.73,19.71,30.19,0.0,51.75
2024-03-15,Hubballi,Karnataka,15.3647,75.124,23.84,17.37,30.26,0.0,45.63
2024-03-16,Hubballi,Karnataka,15.3647,75.124,26.86,21.37,31.08,0.0,39.09
2024-03-17,Hubballi,Karnataka,15.3647,75.124,25.11,19.88,32.4,0.0,49.07
2024-03-18,Hubballi,Karnataka,15.3647,75.124,24.64,19.89,29.81,0.0,42.72
2024-03-19,Hubballi,Karnataka,15.3647,75.124,26.5,20.06,34.24,0.0,41.8
2024-03-20,Hubballi,Karnataka,15.3647,75.124,26.04,19.59,30.59,0.0,43.43
2024-03-21,Hubballi,Karnataka,15.3647,75.124,26.01,20.09,31.13,0.0,48.9
2024-03-22,Hubballi,Karnataka,15.3647,75.124,26.55,21.41,33.12,0.78,54.73
2024-03-23,Hubballi,Karnataka,15.3647,75.124,25.54,20.72,29.64,0.0,59.57
2024-03-24,Hubballi,Karnataka,15.3647,75.124,24.83,18.85,31.21,0.0,48.26
2024-03-25,Hubballi,Karnataka,15.3647,75.124,28.11,21.73,35.27,0.0,43.45
2024-03-26,Hubballi,Karnataka,15.3647,75.124,25.75,20.77,32.59,0.0,45.36
2024-03-27,Hubballi,Karnataka,15.3647,75.124,23.94,17.55,28.65,0.0,53.6
2024-03-28,Hubballi,Karnataka,15.3647,75.124,26.56,19.97,32.56,0.0,46.74
2024-03-29,Hubballi,Karnataka,15.3647,75.124,25.09,20.89,31.51,0.0,44.69
2024-03-30,Hubballi,Karnataka,15.3647,75.124,25.36,21.19,31.86,0.39,45.82
2024-03-31,Hubballi,Karnataka,15.3647,75.124,26.8,22.44,33.03,0.0,42.99
2024-04-01,Hubballi,Karnataka,15.3647,75.124,26.2,21.16,32.07,0.0,55.67
2024-04-02,Hubballi,Karnataka,15.3647,75.124,26.98,21.42,34.14,0.0,49.79
2024-04-03,Hubballi,Karnataka,15.3647,75.124,27.01,20.36,33.78,0.0,50.93
2024-04-04,Hubballi,Karnataka,15.3647,75.124,26.33,19.37,31.13,0.0,47.25
2024-04-05,Hubballi,Karnataka,15.3647,75.124,25.86,19.69,32.18,0.0,54.01
2024-04-06,Hubballi,Karnataka,15.3647,75.124,25.23,18.69,32.93,0.0,56.79
2024-04-07,Hubballi,Karnataka,15.3647,75.124,23.43,16.57,29.17,0.0,44.69
2024-04-08,Hubballi,Karnataka,15.3647,75.124,25.31,21.24,30.99,0.0,50.23
2024-04-09,Hubballi,Karnataka,15.3647,75.124,25.78,21.2,33.25,0.0,47.39
2024-04-10,Hubballi,Karnataka,15.3647,75.124,26.51,19.79,33.71,0.0,45.21
2024-04-11,Hubballi,Karnataka,15.3647,75.124,24.34,17.71,32.1,0.0,61.53
2024-04-12,Hubballi,Karnataka,15.3647,75.124,27.02,21.95,32.59,0.0,52.82
2024-04-13,Hubballi,Karnataka,15.3647,75.124,28.21,21.82,32.9,0.0,60.74
2024-04-14,Hubballi,Karnataka,15.3647,75.124,28.15,22.67,33.94,0.0,56.51
2024-04-15,Hubballi,Karnataka,15.3647,75.124,27.57,23.18,33.15,0.0,57.32
2024-04-16,Hubballi,Karnataka,15.3647,75.124,27.75,23.04,32.0,0.0,48.66
2024-04-17,Hubballi,Karnataka,15.3647,75.124,29.15,24.61,35.32,0.0,44.0
2024-04-18,Hubballi,Karnataka,15.3647,75.124,25.84,21.03,29.85,0.0,51.14
2024-04-19,Hubballi,Karnataka,15.3647,75.124,26.47,22.11,32.59,0.0,44.56
2024-04-20,Hubballi,Karnataka,15.3647,75.124,28.31,24.12,32.85,0.0,44.7
2024-04-21,Hubballi,Karnataka,15.3647,75.124,26.99,20.46,31.11,4.67,49.83
2024-04-22,Hubballi,Karnataka,15.3647,75.124,29.04,24.51,36.42,0.0,37.64
2024-04-23,Hubballi,Karnataka,15.3647,75.124,29.43,23.9,33.5,0.0,44.12
2024-04-24,Hubballi,Karnataka,15.3647,75.124,27.87,20.92,32.66,0.0,44.08
2024-04-25,Hubballi,Karnataka,15.3647,75.124,29.43,24.19,37.34,0.0,42.15
2024-04-26,Hubballi,Karnataka,15.3647,75.124,27.68,23.61,34.99,0.0,45.49
2024-04-27,Hubballi,Karnataka,15.3647,75.124,28.62,24.26,34.95,0.0,48.34
2024-04-28,Hubballi,Karnataka,15.3647,75.124,27.91,23.28,35.24,0.0,42.89
2024-04-29,Hubballi,Karnataka,15.3647,75.124,29.2,23.1,34.67,0.0,40.67
2024-04-30,Hubballi,Karnataka,15.3647,75.124,27.66,20.83,33.83,0.0,48.32
2024-05-01,Hubballi,Karnataka,15.3647,75.124,28.14,23.62,35.49,0.0,48.95
2024-05-02,Hubballi,Karnataka,15.3647,75.124,27.11,22.94,34.1,7.4,54.2
2024-05-03,Hubballi,Karnataka,15.3647,75.124,31.32,24.38,36.6,0.0,47.12
2024-05-04,Hubballi,Karnataka,15.3647,75.124,28.49,22.37,36.13,0.0,47.91
2024-05-05,Hubballi,Karnataka,15.3647,75.124,27.36,21.51,32.56,0.0,62.21
2024-05-06,Hubballi,Karnataka,15.3647,75.124,27.25,22.88,33.68,0.0,52.93
2024-05-07,Hubballi,Karnataka,15.3647,75.124,27.83,21.97,34.16,0.0,47.86
2024-05-08,Hubballi,Karnataka,15.3647,75.124,32.01,26.84,38.68,0.0,49.97
2024-05-09,Hubballi,Karnataka,15.3647,75.124,30.17,25.4,37.25,0.0,49.29
2024-05-10,Hubballi,Karnataka,15.3647,75.124,28.32,22.54,34.02,0.0,44.5
2024-05-11,Hubballi,Karnataka,15.3647,75.124,27.6,21.8,33.95,0.0,49.54
2024-05-12,Hubballi,Karnataka,15.3647,75.124,26.95,21.83,33.75,0.0,59.54
2024-05-13,Hubballi,Karnataka,15.3647,75.124,29.05,23.72,33.09,0.0,44.98
2024-05-14,Hubballi,Karnataka,15.3647,75.124,29.43,24.86,34.09,0.0,39.87
2024-05-15,Hubballi,Karnataka,15.3647,75.124,28.2,23.1,35.12,0.0,47.06
2024-05-16,Hubballi,Karnataka,15.3647,75.124,28.72,24.08,36.49,0.0,51.5
2024-05-17,Hubballi,Karnataka,15.3647,75.124,29.88,24.41,34.37,0.0,49.36
2024-05-18,Hubballi,Karnataka,15.3647,75.124,30.65,26.48,38.42,0.0,49.18
2024-05-19,Hubballi,Karnataka,15.3647,75.124,28.46,22.93,32.94,0.0,41.64
2024-05-20,Hubballi,Karnataka,15.3647,75.124,28.66,22.01,36.58,0.0,46.66
2024-05-21,Hubballi,Karnataka,15.3647,75.124,28.45,22.87,35.13,0.0,43.93
2024-05-22,Hubballi,Karnataka,15.3647,75.124,30.19,23.57,38.09,0.0,54.33
2024-05-23,Hubballi,Karnataka,15.3647,75.124,30.41,25.03,35.67,0.0,56.0
2024-05-24,Hubballi,Karnataka,15.3647,75.124,30.16,25.42,36.86,0.0,52.64
2024-05-25,Hubballi,Karnataka,15.3647,75.124,30.84,24.4,36.19,0.0,46.53
2024-05-26,Hubballi,Karnataka,15.3647,75.124,28.22,23.01,34.11,0.0,49.92
2024-05-27,Hubballi,Karnataka,15.3647,75.124,31.01,24.01,35.08,0.0,46.97
2024-05-28,Hubballi,Karnataka,15.3647,75.124,29.85,24.69,37.22,0.0,48.65
2024-05-29,Hubballi,Karnataka,15.3647,75.124,30.49,26.05,35.11,0.0,75.0
2024-05-30,Hubballi,Karnataka,15.3647,75.124,30.46,25.02,38.39,2.88,88.2
2024-05-31,Hubballi,Karnataka,15.3647,75.124,29.03,22.19,35.27,0.0,82.5
2024-06-01,Hubballi,Karnataka,15.3647,75.124,31.78,26.41,38.16,0.0,84.9
2024-06-02,Hubballi,Karnataka,15.3647,75.124,31.28,26.21,36.99,0.0,72.12
2024-06-03,Hubballi,Karnataka,15.3647,75.124,29.43,23.19,35.49,0.0,80.72
2024-06-04,Hubballi,Karnataka,15.3647,75.124,30.36,24.46,37.31,0.89,83.47
2024-06-05,Hubballi,Karnataka,15.3647,75.124,30.12,24.23,37.02,7.41,79.94
2024-06-06,Hubballi,Karnataka,15.3647,75.124,30.07,24.74,34.7,0.0,78.4
2024-06-07,Hubballi,Karnataka,15.3647,75.124,28.62,24.35,34.39,0.0,76.44
2024-06-08,Hubballi,Karnataka,15.3647,75.124,28.6,22.44,36.56,0.0,81.18
2024-06-09,Hubballi,Karnataka,15.3647,75.124,30.2,24.97,34.6,0.2,86.65
2024-06-10,Hubballi,Karnataka,15.3647,75.124,30.02,23.6,34.4,0.0,85.57
2024-06-11,Hubballi,Karnataka,15.3647,75.124,30.89,24.29,38.69,0.0,87.03
2024-06-12,Hubballi,Karnataka,15.3647,75.124,32.55,27.58,40.16,0.0,72.82
2024-06-13,Hubballi,Karnataka,15.3647,75.124,32.04,26.24,38.35,0.0,86.12
2024-06-14,Hubballi,Karnataka,15.3647,75.124,29.63,23.35,36.98,0.0,86.42
2024-06-15,Hubballi,Karnataka,15.3647,75.124,30.04,25.85,34.06,9.28,72.35
2024-06-16,Hubballi,Karnataka,15.3647,75.124,31.54,25.83,35.6,0.0,85.28
2024-06-17,Hubballi,Karnataka,15.3647,75.124,30.79,24.75,35.5,0.0,78.91
2024-06-18,Hubballi,Karnataka,15.3647,75.124,30.13,25.14,36.69,0.0,80.84
2024-06-19,Hubballi,Karnataka,15.3647,75.124,29.84,22.9,37.82,16.71,79.0
2024-06-20,Hubballi,Karnataka,15.3647,75.124,30.17,25.63,36.63,10.57,74.51
2024-06-21,Hubballi,Karnataka,15.3647,75.124,30.75,24.21,35.54,0.0,88.58
2024-06-22,Hubballi,Karnataka,15.3647,75.124,31.46,25.1,37.34,12.46,77.74
2024-06-23,Hubballi,Karnataka,15.3647,75.124,29.69,23.44,35.39,0.0,86.28
2024-06-24,Hubballi,Karnataka,15.3647,75.124,29.37,25.15,36.11,0.0,83.11
2024-06-25,Hubballi,Karnataka,15.3647,75.124,31.13,24.61,36.38,0.0,78.77
2024-06-26,Hubballi,Karnataka,15.3647,75.124,32.14,26.12,37.57,0.0,76.89
2024-06-27,Hubballi,Karnataka,15.3647,75.124,30.2,25.45,37.27,6.34,83.47
2024-06-28,Hubballi,Karnataka,15.3647,75.124,30.72,25.95,38.01,0.0,84.05
2024-06-29,Hubballi,Karnataka,15.3647,75.124,29.8,24.81,36.1,0.0,83.93
2024-06-30,Hubballi,Karnataka,15.3647,75.124,30.25,25.72,36.49,19.55,70.86
2024-07-01,Hubballi,Karnataka,15.3647,75.124,32.0,25.4,39.38,0.0,87.43
2024-07-02,Hubballi,Karnataka,15.3647,75.124,31.14,26.76,38.99,14.51,87.87
2024-07-03,Hubballi,Karnataka,15.3647,75.124,30.31,23.32,37.3,0.0,81.8
2024-07-04,Hubballi,Karnataka,15.3647,75.124,32.35,25.76,38.14,32.67,84.0
2024-07-05,Hubballi,Karnataka,15.3647,75.124,29.83,24.02,34.26,3.02,70.27
2024-07-06,Hubballi,Karnataka,15.3647,75.124,31.86,27.75,37.02,15.85,74.0
2024-07-07,Hubballi,Karnataka,15.3647,75.124,31.2,27.18,39.01,0.35,81.6
2024-07-08,Hubballi,Karnataka,15.3647,75.124,31.55,26.29,38.18,0.0,75.22
2024-07-09,Hubballi,Karnataka,15.3647,75.124,36.56,30.21,42.6,0.0,83.97
2024-07-10,Hubballi,Karnataka,15.3647,75.124,28.51,21.68,34.56,1.04,81.52
2024-07-11,Hubballi,Karnataka,15.3647,75.124,30.92,26.78,38.65,0.0,87.43
2024-07-12,Hubballi,Karnataka,15.3647,75.124,32.47,26.08,40.29,13.42,81.03
2024-07-13,Hubballi,Karnataka,15.3647,75.124,31.38,26.47,39.33,2.46,71.88
2024-07-14,Hubballi,Karnataka,15.3647,75.124,31.76,27.54,38.65,3.38,86.88
2024-07-15,Hubballi,Karnataka,15.3647,75.124,31.14,27.0,35.63,4.86,78.22
2024-07-16,Hubballi,Karnataka,15.3647,75.124,30.66,26.48,35.67,8.38,92.63
2024-07-17,Hubballi,Karnataka,15.3647,75.124,31.05,24.64,38.57,0.0,84.83
2024-07-18,Hubballi,Karnataka,15.3647,75.124,31.92,27.3,38.51,14.86,87.2
2024-07-19,Hubballi,Karnataka,15.3647,75.124,30.83,26.29,37.76,0.0,92.72
2024-07-20,Hubballi,Karnataka,15.3647,75.124,29.69,25.47,34.42,0.0,76.56
2024-07-21,Hubballi,Karnataka,15.3647,75.124,31.02,25.14,35.82,0.0,84.01
2024-07-22,Hubballi,Karnataka,15.3647,75.124,30.64,25.57,38.34,0.0,71.84
2024-07-23,Hubballi,Karnataka,15.3647,75.124,30.58,24.56,37.1,19.68,89.68
2024-07-24,Hubballi,Karnataka,15.3647,75.124,32.13,26.03,38.56,25.42,80.34
2024-07-25,Hubballi,Karnataka,15.3647,75.124,31.06,24.08,36.03,0.0,82.04
2024-07-26,Hubballi,Karnataka,15.3647,75.124,31.27,26.43,38.48,0.0,79.27
2024-07-27,Hubballi,Karnataka,15.3647,75.124,30.65,26.61,36.49,0.0,81.36
2024-07-28,Hubballi,Karnataka,15.3647,75.124,31.72,24.76,37.84,17.17,81.17
2024-07-29,Hubballi,Karnataka,15.3647,75.124,33.35,26.39,38.88,2.24,84.88
2024-07-30,Hubballi,Karnataka,15.3647,75.124,27.31,20.64,33.31,0.0,81.27
2024-07-31,Hubballi,Karnataka,15.3647,75.124,31.81,26.42,38.02,0.0,75.86
2024-08-01,Hubballi,Karnataka,15.3647,75.124,31.04,26.1,37.36,0.0,80.13
2024-08-02,Hubballi,Karnataka,15.3647,75.124,29.74,23.64,37.51,18.01,75.37
2024-08-03,Hubballi,Karnataka,15.3647,75.124,31.4,26.0,37.71,0.0,80.32
2024-08-04,Hubballi,Karnataka,15.3647,75.124,30.43,24.15,38.01,0.94,91.14
2024-08-05,Hubballi,Karnataka,15.3647,75.124,32.49,25.79,37.82,16.79,85.93
2024-08-06,Hubballi,Karnataka,15.3647,75.124,29.1,22.19,35.33,0.0,79.31
2024-08-07,Hubballi,Karnataka,15.3647,75.124,27.2,21.03,33.73,0.0,77.94
2024-08-08,Hubballi,Karnataka,15.3647,75.124,31.53,27.5,38.29,0.0,82.02
2024-08-09,Hubballi,Karnataka,15.3647,75.124,29.93,23.41,34.0,11.34,82.48
2024-08-10,Hubballi,Karnataka,15.3647,75.124,30.24,23.94,37.44,0.0,87.76
2024-08-11,Hubballi,Karnataka,15.3647,75.124,29.49,24.51,35.93,0.0,77.84
2024-08-12,Hubballi,Karnataka,15.3647,75.124,28.13,22.36,33.4,6.07,79.96
2024-08-13,Hubballi,Karnataka,15.3647,75.124,31.67,27.61,36.78,0.0,82.7
2024-08-14,Hubballi,Karnataka,15.3647,75.124,30.82,24.79,35.01,0.0,78.53
2024-08-15,Hubballi,Karnataka,15.3647,75.124,30.64,24.89,38.52,6.16,79.62
2024-08-16,Hubballi,Karnataka,15.3647,75.124,32.37,26.64,38.03,20.54,73.38
2024-08-17,Hubballi,Karnataka,15.3647,75.124,31.47,26.6,35.87,0.0,78.43
2024-08-18,Hubballi,Karnataka,15.3647,75.124,30.41,25.77,35.08,3.2,82.12
2024-08-19,Hubballi,Karnataka,15.3647,75.124,32.3,26.98,38.68,0.0,77.4
2024-08-20,Hubballi,Karnataka,15.3647,75.124,31.46,26.43,37.09,0.0,71.22
2024-08-21,Hubballi,Karnataka,15.3647,75.124,30.86,24.64,35.74,0.0,81.02
2024-08-22,Hubballi,Karnataka,15.3647,75.124,30.9,24.2,35.71,0.0,85.34
2024-08-23,Hubballi,Karnataka,15.3647,75.124,29.33,25.01,34.69,1.99,78.58
2024-08-24,Hubballi,Karnataka,15.3647,75.124,29.4,24.61,35.96,0.0,77.62
2024-08-25,Hubballi,Karnataka,15.3647,75.124,30.09,25.44,34.72,8.26,74.81
2024-08-26,Hubballi,Karnataka,15.3647,75.124,32.78,28.31,38.56,43.35,75.07
2024-08-27,Hubballi,Karnataka,15.3647,75.124,30.46,25.12,34.49,0.0,74.4
2024-08-28,Hubballi,Karnataka,15.3647,75.124,28.08,21.52,34.9,0.0,82.06
2024-08-29,Hubballi,Karnataka,15.3647,75.124,28.17,21.31,35.44,0.35,78.58
2024-08-30,Hubballi,Karnataka,15.3647,75.124,29.04,23.29,36.18,0.0,79.67
2024-08-31,Hubballi,Karnataka,15.3647,75.124,29.64,24.48,36.64,3.54,88.68
2024-09-01,Hubballi,Karnataka,15.3647,75.124,28.42,22.63,33.82,0.0,79.5
2024-09-02,Hubballi,Karnataka,15.3647,75.124,30.1,25.82,37.86,0.0,78.73
2024-09-03,Hubballi,Karnataka,15.3647,75.124,29.88,24.27,36.87,2.41,84.52
2024-09-04,Hubballi,Karnataka,15.3647,75.124,28.11,21.53,35.9,0.0,88.23
2024-09-05,Hubballi,Karnataka,15.3647,75.124,29.53,23.81,34.33,5.18,74.02
2024-09-06,Hubballi,Karnataka,15.3647,75.124,31.23,24.53,38.84,0.0,79.64
2024-09-07,Hubballi,Karnataka,15.3647,75.124,28.27,23.07,35.08,18.02,81.95
2024-09-08,Hubballi,Karnataka,15.3647,75.124,28.93,24.1,33.89,10.18,77.7
2024-09-09,Hubballi,Karnataka,15.3647,75.124,29.14,23.33,35.47,0.0,80.3
2024-09-10,Hubballi,Karnataka,15.3647,75.124,28.18,23.14,32.92,0.0,74.95
2024-09-11,Hubballi,Karnataka,15.3647,75.124,31.11,24.75,35.71,0.0,84.9
2024-09-12,Hubballi,Karnataka,15.3647,75.124,31.79,27.22,38.5,10.14,82.44
2024-09-13,Hubballi,Karnataka,15.3647,75.124,29.34,24.26,35.58,21.61,79.65
2024-09-14,Hubballi,Karnataka,15.3647,75.124,28.87,24.14,34.52,33.42,85.06
2024-09-15,Hubballi,Karnataka,15.3647,75.124,27.98,23.2,32.78,0.0,79.28
2024-09-16,Hubballi,Karnataka,15.3647,75.124,30.15,24.21,35.93,22.91,79.66
2024-09-17,Hubballi,Karnataka,15.3647,75.124,27.08,22.43,34.48,5.66,80.65
2024-09-18,Hubballi,Karnataka,15.3647,75.124,29.58,24.32,36.12,0.0,78.15
2024-09-19,Hubballi,Karnataka,15.3647,75.124,27.77,22.69,31.97,5.12,79.39
2024-09-20,Hubballi,Karnataka,15.3647,75.124,26.8,20.78,31.05,10.27,81.12
2024-09-21,Hubballi,Karnataka,15.3647,75.124,28.15,22.81,32.35,0.0,76.1
2024-09-22,Hubballi,Karnataka,15.3647,75.124,29.91,23.3,36.43,0.0,78.76
2024-09-23,Hubballi,Karnataka,15.3647,75.124,27.23,20.62,32.44,0.0,79.67
2024-09-24,Hubballi,Karnataka,15.3647,75.124,27.17,22.2,34.57,15.0,85.29
2024-09-25,Hubballi,Karnataka,15.3647,75.124,27.3,23.02,33.06,10.59,85.09
2024-09-26,Hubballi,Karnataka,15.3647,75.124,28.15,21.54,35.08,0.0,80.11
2024-09-27,Hubballi,Karnataka,15.3647,75.124,28.65,23.01,33.83,0.0,49.91
2024-09-28,Hubballi,Karnataka,15.3647,75.124,27.28,22.19,32.23,0.0,40.27
2024-09-29,Hubballi,Karnataka,15.3647,75.124,27.0,22.14,31.91,0.0,45.39
2024-09-30,Hubballi,Karnataka,15.3647,75.124,28.49,23.02,35.87,0.0,52.05
2024-10-01,Hubballi,Karnataka,15.3647,75.124,26.87,20.23,31.25,0.0,53.32
2024-10-02,Hubballi,Karnataka,15.3647,75.124,27.08,22.72,32.48,0.0,44.89
2024-10-03,Hubballi,Karnataka,15.3647,75.124,27.51,21.8,32.22,0.0,53.58
2024-10-04,Hubballi,Karnataka,15.3647,75.124,29.08,23.62,34.08,0.0,50.04
2024-10-05,Hubballi,Karnataka,15.3647,75.124,26.43,21.28,33.46,0.0,51.7
2024-10-06,Hubballi,Karnataka,15.3647,75.124,26.99,21.93,34.48,0.0,42.23
2024-10-07,Hubballi,Karnataka,15.3647,75.124,25.08,20.95,32.96,0.0,50.9
2024-10-08,Hubballi,Karnataka,15.3647,75.124,26.78,22.72,31.31,1.68,49.43
2024-10-09,Hubballi,Karnataka,15.3647,75.124,26.68,21.3,32.57,0.0,56.56
2024-10-10,Hubballi,Karnataka,15.3647,75.124,25.87,21.83,32.06,0.0,35.65
2024-10-11,Hubballi,Karnataka,15.3647,75.124,27.27,22.87,32.54,0.0,50.44
2024-10-12,Hubballi,Karnataka,15.3647,75.124,27.55,23.4,33.27,0.0,47.28
2024-10-13,Hubballi,Karnataka,15.3647,75.124,25.67,19.01,31.82,0.0,49.21
2024-10-14,Hubballi,Karnataka,15.3647,75.124,25.99,21.21,30.75,0.0,67.94
2024-10-15,Hubballi,Karnataka,15.3647,75.124,26.04,19.2,33.63,0.0,46.65
2024-10-16,Hubballi,Karnataka,15.3647,75.124,25.49,20.56,32.29,1.03,32.48
2024-10-17,Hubballi,Karnataka,15.3647,75.124,28.0,21.61,34.99,0.0,51.75
2024-10-18,Hubballi,Karnataka,15.3647,75.124,24.8,19.6,32.09,0.0,59.31
2024-10-19,Hubballi,Karnataka,15.3647,75.124,25.52,19.01,31.81,0.0,41.65
2024-10-20,Hubballi,Karnataka,15.3647,75.124,26.33,20.45,31.03,0.0,46.27
2024-10-21,Hubballi,Karnataka,15.3647,75.124,26.1,20.62,32.89,0.0,37.79
2024-10-22,Hubballi,Karnataka,15.3647,75.124,26.96,20.89,34.94,0.0,37.47
2024-10-23,Hubballi,Karnataka,15.3647,75.124,25.8,19.64,32.52,0.0,48.22
2024-10-24,Hubballi,Karnataka,15.3647,75.124,26.34,19.67,32.79,0.0,47.47
2024-10-25,Hubballi,Karnataka,15.3647,75.124,26.61,20.07,32.58,0.0,42.55
2024-10-26,Hubballi,Karnataka,15.3647,75.124,27.72,22.24,33.66,0.0,47.13
2024-10-27,Hubballi,Karnataka,15.3647,75.124,25.87,20.94,30.63,0.0,50.53
2024-10-28,Hubballi,Karnataka,15.3647,75.124,24.13,19.32,32.13,0.0,53.91
2024-10-29,Hubballi,Karnataka,15.3647,75.124,26.62,21.92,31.34,0.0,38.97
2024-10-30,Hubballi,Karnataka,15.3647,75.124,25.5,19.98,31.66,0.0,49.94
2024-10-31,Hubballi,Karnataka,15.3647,75.124,28.2,22.53,33.67,0.0,43.11
2024-11-01,Hubballi,Karnataka,15.3647,75.124,28.29,21.78,34.34,0.0,43.27
2024-11-02,Hubballi,Karnataka,15.3647,75.124,28.1,22.68,32.99,0.0,42.17
2024-11-03,Hubballi,Karnataka,15.3647,75.124,26.77,19.94,31.49,0.0,55.57
2024-11-04,Hubballi,Karnataka,15.3647,75.124,25.99,21.8,33.36,0.0,49.2
2024-11-05,Hubballi,Karnataka,15.3647,75.124,25.78,20.37,31.01,0.0,54.68
2024-11-06,Hubballi,Karnataka,15.3647,75.124,25.89,21.0,31.54,0.0,50.81
2024-11-07,Hubballi,Karnataka,15.3647,75.124,27.31,21.58,32.23,0.0,48.77
2024-11-08,Hubballi,Karnataka,15.3647,75.124,23.63,17.68,28.56,0.0,55.78
2024-11-09,Hubballi,Karnataka,15.3647,75.124,25.75,21.14,31.48,0.0,45.96
2024-11-10,Hubballi,Karnataka,15.3647,75.124,26.68,20.4,33.6,0.0,33.31
2024-11-11,Hubballi,Karnataka,15.3647,75.124,24.46,18.95,29.62,0.0,29.8
2024-11-12,Hubballi,Karnataka,15.3647,75.124,29.21,24.56,34.72,0.0,43.05
2024-11-13,Hubballi,Karnataka,15.3647,75.124,25.46,18.89,29.97,0.0,49.44
2024-11-14,Hubballi,Karnataka,15.3647,75.124,22.87,17.31,29.76,0.0,48.08
2024-11-15,Hubballi,Karnataka,15.3647,75.124,27.43,20.79,33.06,0.0,54.47
2024-11-16,Hubballi,Karnataka,15.3647,75.124,25.33,20.24,32.15,0.0,55.09
2024-11-17,Hubballi,Karnataka,15.3647,75.124,24.61,19.45,30.09,0.0,45.49
2024-11-18,Hubballi,Karnataka,15.3647,75.124,23.35,19.33,29.7,0.0,45.55
2024-11-19,Hubballi,Karnataka,15.3647,75.124,25.34,18.35,32.03,0.0,45.46
2024-11-20,Hubballi,Karnataka,15.3647,75.124,25.86,21.3,31.32,0.0,56.22
2024-11-21,Hubballi,Karnataka,15.3647,75.124,22.6,16.59,29.27,0.0,47.21
2024-11-22,Hubballi,Karnataka,15.3647,75.124,25.38,20.09,31.76,0.0,44.38
2024-11-23,Hubballi,Karnataka,15.3647,75.124,24.15,17.18,28.66,0.0,31.65
2024-11-24,Hubballi,Karnataka,15.3647,75.124,23.75,16.76,29.31,0.0,52.1
2024-11-25,Hubballi,Karnataka,15.3647,75.124,23.4,19.11,30.94,0.0,49.16
2024-11-26,Hubballi,Karnataka,15.3647,75.124,21.7,15.92,27.13,0.0,48.54
2024-11-27,Hubballi,Karnataka,15.3647,75.124,24.52,19.32,31.03,0.0,40.91
2024-11-28,Hubballi,Karnataka,15.3647,75.124,25.1,20.63,31.08,0.0,50.68
2024-11-29,Hubballi,Karnataka,15.3647,75.124,25.37,20.07,30.89,0.0,49.56
2024-11-30,Hubballi,Karnataka,15.3647,75.124,23.55,18.92,28.26,0.0,55.23
2024-12-01,Hubballi,Karnataka,15.3647,75.124,24.01,17.24,30.92,0.0,54.43
2024-12-02,Hubballi,Karnataka,15.3647,75.124,25.0,18.28,30.7,0.0,52.5
2024-12-03,Hubballi,Karnataka,15.3647,75.124,24.67,18.48,29.19,0.0,56.2
2024-12-04,Hubballi,Karnataka,15.3647,75.124,23.17,17.43,30.29,0.0,47.15
2024-12-05,Hubballi,Karnataka,15.3647,75.124,21.81,16.42,25.96,0.0,47.4
2024-12-06,Hubballi,Karnataka,15.3647,75.124,22.95,17.62,30.72,0.0,52.12
2024-12-07,Hubballi,Karnataka,15.3647,75.124,21.86,15.77,27.58,0.0,43.44
2024-12-08,Hubballi,Karnataka,15.3647,75.124,24.64,18.31,28.84,0.0,38.37
2024-12-09,Hubballi,Karnataka,15.3647,75.124,23.67,18.93,28.07,0.0,45.58
2024-12-10,Hubballi,Karnataka,15.3647,75.124,24.51,19.2,30.35,0.0,45.39
2024-12-11,Hubballi,Karnataka,15.3647,75.124,24.54,18.68,31.1,0.0,48.03
2024-12-12,Hubballi,Karnataka,15.3647,75.124,24.71,18.7,31.63,0.0,44.77
2024-12-13,Hubballi,Karnataka,15.3647,75.124,24.76,20.61,29.19,0.0,47.26
2024-12-14,Hubballi,Karnataka,15.3647,75.124,25.49,19.34,31.92,0.0,42.49
2024-12-15,Hubballi,Karnataka,15.3647,75.124,23.97,17.36,29.07,0.0,39.82
2024-12-16,Hubballi,Karnataka,15.3647,75.124,24.47,19.4,29.54,0.0,50.34
2024-12-17,Hubballi,Karnataka,15.3647,75.124,26.11,20.91,32.84,0.0,42.19
2024-12-18,Hubballi,Karnataka,15.3647,75.124,22.14,17.02,27.31,0.0,45.64
2024-12-19,Hubballi,Karnataka,15.3647,75.124,21.04,15.24,26.81,0.0,44.47
2024-12-20,Hubballi,Karnataka,15.3647,75.124,24.09,17.36,31.22,0.0,49.45
2024-12-21,Hubballi,Karnataka,15.3647,75.124,22.17,15.24,28.91,0.0,46.86
2024-12-22,Hubballi,Karnataka,15.3647,75.124,19.5,13.91,27.03,0.0,44.65
2024-12-23,Hubballi,Karnataka,15.3647,75.124,24.69,20.37,32.61,0.0,56.05
2024-12-24,Hubballi,Karnataka,15.3647,75.124,23.55,18.49,27.83,0.0,51.84
2024-12-25,Hubballi,Karnataka,15.3647,75.124,23.34,16.67,30.04,0.0,41.85
2024-12-26,Hubballi,Karnataka,15.3647,75.124,23.68,18.69,28.95,0.0,44.23
2024-12-27,Hubballi,Karnataka,15.3647,75.124,21.97,15.93,27.72,0.0,42.91
2024-12-28,Hubballi,Karnataka,15.3647,75.124,22.59,18.32,29.65,0.0,37.68
2024-12-29,Hubballi,Karnataka,15.3647,75.124,21.76,17.47,28.2,0.0,51.67
2024-12-30,Hubballi,Karnataka,15.3647,75.124,21.53,16.1,28.55,0.0,40.65
2024-12-31,Hubballi,Karnataka,15.3647,75.124,23.58,19.2,28.72,0.0,50.02
2025-01-01,Hubballi,Karnataka,15.3647,75.124,23.44,18.8,30.2,0.0,49.63
2025-01-02,Hubballi,Karnataka,15.3647,75.124,23.92,18.42,30.13,0.0,41.9
2025-01-03,Hubballi,Karnataka,15.3647,75.124,22.11,15.55,27.03,0.0,60.73
2025-01-04,Hubballi,Karnataka,15.3647,75.124,24.58,18.86,29.81,0.0,51.04
2025-01-05,Hubballi,Karnataka,15.3647,75.124,24.1,19.04,31.34,0.0,37.55
2025-01-06,Hubballi,Karnataka,15.3647,75.124,22.91,17.42,28.24,0.0,42.07
2025-01-07,Hubballi,Karnataka,15.3647,75.124,23.36,16.46,29.47,0.0,48.99
2025-01-08,Hubballi,Karnataka,15.3647,75.124,19.39,14.43,26.48,0.0,51.13
2025-01-09,Hubballi,Karnataka,15.3647,75.124,22.67,16.72,27.06,0.0,54.94
2025-01-10,Hubballi,Karnataka,15.3647,75.124,23.78,17.59,30.52,0.0,50.7
2025-01-11,Hubballi,Karnataka,15.3647,75.124,21.58,14.73,27.23,0.0,50.36
2025-01-12,Hubballi,Karnataka,15.3647,75.124,21.93,16.09,26.65,0.0,43.97
2025-01-13,Hubballi,Karnataka,15.3647,75.124,22.86,17.02,28.46,0.0,47.1
2025-01-14,Hubballi,Karnataka,15.3647,75.124,24.23,18.8,29.55,0.0,50.73
2025-01-15,Hubballi,Karnataka,15.3647,75.124,22.15,15.87,29.53,0.0,49.33
2025-01-16,Hubballi,Karnataka,15.3647,75.124,21.82,15.7,29.54,0.0,55.5
2025-01-17,Hubballi,Karnataka,15.3647,75.124,23.81,17.68,28.74,0.0,55.27
2025-01-18,Hubballi,Karnataka,15.3647,75.124,22.97,17.0,29.38,0.0,41.46
2025-01-19,Hubballi,Karnataka,15.3647,75.124,22.69,15.74,28.9,0.0,46.15
2025-01-20,Hubballi,Karnataka,15.3647,75.124,23.05,17.53,29.93,0.0,48.08
2025-01-21,Hubballi,Karnataka,15.3647,75.124,23.63,18.03,29.85,0.0,47.7
2025-01-22,Hubballi,Karnataka,15.3647,75.124,23.8,18.38,28.87,0.0,46.18
2025-01-23,Hubballi,Karnataka,15.3647,75.124,23.37,18.33,28.91,0.0,52.26
2025-01-24,Hubballi,Karnataka,15.3647,75.124,23.21,18.85,27.86,0.0,44.19
2025-01-25,Hubballi,Karnataka,15.3647,75.124,21.66,16.98,28.35,0.0,51.62
2025-01-26,Hubballi,Karnataka,15.3647,75.124,23.78,19.24,28.7,0.0,43.97
2025-01-27,Hubballi,Karnataka,15.3647,75.124,24.23,18.75,31.58,0.0,58.15
2025-01-28,Hubballi,Karnataka,15.3647,75.124,24.16,17.65,30.36,0.8,50.28
2025-01-29,Hubballi,Karnataka,15.3647,75.124,24.23,17.4,29.57,0.0,54.85
2025-01-30,Hubballi,Karnataka,15.3647,75.124,24.12,18.93,31.56,0.0,57.94
2025-01-31,Hubballi,Karnataka,15.3647,75.124,22.94,18.26,29.98,0.0,58.56
2025-02-01,Hubballi,Karnataka,15.3647,75.124,22.82,17.96,30.69,0.0,41.9
2025-02-02,Hubballi,Karnataka,15.3647,75.124,23.36,16.91,30.15,0.0,52.47
2025-02-03,Hubballi,Karnataka,15.3647,75.124,23.57,18.22,29.77,0.0,54.39
2025-02-04,Hubballi,Karnataka,15.3647,75.124,23.86,18.61,29.9,0.0,37.68
2025-02-05,Hubballi,Karnataka,15.3647,75.124,20.91,15.18,27.83,0.0,52.97
2025-02-06,Hubballi,Karnataka,15.3647,75.124,22.31,15.32,29.57,0.0,50.71
2025-02-07,Hubballi,Karnataka,15.3647,75.124,23.16,17.82,29.96,0.0,47.13
2025-02-08,Hubballi,Karnataka,15.3647,75.124,24.97,20.46,32.1,0.0,52.31
2025-02-09,Hubballi,Karnataka,15.3647,75.124,22.16,15.83,27.61,0.0,46.03
2025-02-10,Hubballi,Karnataka,15.3647,75.124,24.66,18.21,31.65,0.0,39.13
2025-02-11,Hubballi,Karnataka,15.3647,75.124,23.54,17.32,31.17,0.0,55.7
2025-02-12,Hubballi,Karnataka,15.3647,75.124,25.03,20.2,32.55,0.0,50.97
2025-02-13,Hubballi,Karnataka,15.3647,75.124,21.51,15.71,27.53,0.0,43.81
2025-02-14,Hubballi,Karnataka,15.3647,75.124,24.03,18.72,28.64,0.0,49.65
2025-02-15,Hubballi,Karnataka,15.3647,75.124,25.37,19.38,30.67,0.0,54.29
2025-02-16,Hubballi,Karnataka,15.3647,75.124,22.38,15.65,28.04,0.0,46.19
2025-02-17,Hubballi,Karnataka,15.3647,75.124,24.67,19.6,30.63,0.0,51.02
2025-02-18,Hubballi,Karnataka,15.3647,75.124,21.62,15.38,26.31,0.0,46.49
2025-02-19,Hubballi,Karnataka,15.3647,75.124,23.07,17.91,28.3,0.0,35.12
2025-02-20,Hubballi,Karnataka,15.3647,75.124,23.61,17.35,29.79,0.0,48.68
2025-02-21,Hubballi,Karnataka,15.3647,75.124,25.47,21.06,31.4,0.0,53.38
2025-02-22,Hubballi,Karnataka,15.3647,75.124,24.06,19.35,30.53,0.0,45.31
2025-02-23,Hubballi,Karnataka,15.3647,75.124,24.19,18.43,30.12,0.0,45.15
2025-02-24,Hubballi,Karnataka,15.3647,75.124,24.33,19.92,31.84,0.0,56.16
2025-02-25,Hubballi,Karnataka,15.3647,75.124,23.59,17.98,27.97,0.0,52.52
2025-02-26,Hubballi,Karnataka,15.3647,75.124,22.8,18.63,27.59,0.0,37.95
2025-02-27,Hubballi,Karnataka,15.3647,75.124,24.49,17.67,29.7,0.0,45.02
2025-02-28,Hubballi,Karnataka,15.3647,75.124,23.36,18.94,28.73,0.0,51.88
2025-03-01,Hubballi,Karnataka,15.3647,75.124,23.84,17.12,31.76,1.35,42.64
2025-03-02,Hubballi,Karnataka,15.3647,75.124,24.94,20.17,32.73,0.0,42.81
2025-03-03,Hubballi,Karnataka,15.3647,75.124,22.86,16.97,27.62,0.0,56.82
2025-03-04,Hubballi,Karnataka,15.3647,75.124,24.01,19.12,31.66,0.0,52.82
2025-03-05,Hubballi,Karnataka,15.3647,75.124,23.19,16.67,28.28,0.0,51.36
2025-03-06,Hubballi,Karnataka,15.3647,75.124,25.03,20.52,29.96,0.0,35.71
2025-03-07,Hubballi,Karnataka,15.3647,75.124,25.05,19.72,29.36,0.0,43.83
2025-03-08,Hubballi,Karnataka,15.3647,75.124,25.61,19.09,31.26,0.0,53.5
2025-03-09,Hubballi,Karnataka,15.3647,75.124,23.07,17.95,27.68,0.0,47.72
2025-03-10,Hubballi,Karnataka,15.3647,75.124,25.16,20.57,32.97,0.0,55.25
2025-03-11,Hubballi,Karnataka,15.3647,75.124,26.2,20.97,32.15,0.0,47.71
2025-03-12,Hubballi,Karnataka,15.3647,75.124,24.68,20.11,32.21,0.0,55.99
2025-03-13,Hubballi,Karnataka,15.3647,75.124,23.94,18.84,29.19,0.0,47.52
2025-03-14,Hubballi,Karnataka,15.3647,75.124,22.77,18.4,27.57,0.0,49.51
2025-03-15,Hubballi,Karnataka,15.3647,75.124,26.05,21.14,33.0,0.0,50.98
2025-03-16,Hubballi,Karnataka,15.3647,75.124,26.68,22.63,31.28,0.0,48.04
2025-03-17,Hubballi,Karnataka,15.3647,75.124,25.66,20.21,30.69,0.2,48.38
2025-03-18,Hubballi,Karnataka,15.3647,75.124,23.81,18.31,28.95,0.0,50.75
2025-03-19,Hubballi,Karnataka,15.3647,75.124,24.88,19.94,30.27,0.0,41.54
2025-03-20,Hubballi,Karnataka,15.3647,75.124,25.72,20.61,33.56,0.0,54.23
2025-03-21,Hubballi,Karnataka,15.3647,75.124,22.69,18.65,29.54,0.0,51.67
2025-03-22,Hubballi,Karnataka,15.3647,75.124,23.67,17.29,31.09,0.0,40.99
2025-03-23,Hubballi,Karnataka,15.3647,75.124,24.98,18.51,32.95,0.0,42.38
2025-03-24,Hubballi,Karnataka,15.3647,75.124,26.14,21.36,30.58,0.0,44.94
2025-03-25,Hubballi,Karnataka,15.3647,75.124,26.91,21.56,34.0,0.0,46.34
2025-03-26,Hubballi,Karnataka,15.3647,75.124,25.67,21.48,30.72,0.0,42.19
2025-03-27,Hubballi,Karnataka,15.3647,75.124,26.92,19.94,31.61,0.0,56.17
2025-03-28,Hubballi,Karnataka,15.3647,75.124,24.32,19.01,30.69,0.0,48.64
2025-03-29,Hubballi,Karnataka,15.3647,75.124,26.1,19.62,32.29,0.0,40.08
2025-03-30,Hubballi,Karnataka,15.3647,75.124,25.95,21.77,31.86,0.0,52.19
2025-03-31,Hubballi,Karnataka,15.3647,75.124,26.39,20.39,30.65,0.0,48.09
2025-04-01,Hubballi,Karnataka,15.3647,75.124,26.42,19.62,30.96,0.0,54.04
2025-04-02,Hubballi,Karnataka,15.3647,75.124,24.83,20.61,29.83,0.0,46.02
2025-04-03,Hubballi,Karnataka,15.3647,75.124,25.92,19.64,32.88,0.0,51.98
2025-04-04,Hubballi,Karnataka,15.3647,75.124,27.13,21.08,33.31,0.0,35.23
2025-04-05,Hubballi,Karnataka,15.3647,75.124,26.4,22.14,30.65,0.0,53.32
2025-04-06,Hubballi,Karnataka,15.3647,75.124,25.97,19.1,31.48,0.0,57.96
2025-04-07,Hubballi,Karnataka,15.3647,75.124,26.47,22.05,34.19,0.0,46.12
2025-04-08,Hubballi,Karnataka,15.3647,75.124,30.22,25.8,35.63,0.0,53.61
2025-04-09,Hubballi,Karnataka,15.3647,75.124,25.47,20.52,32.42,0.0,42.18
2025-04-10,Hubballi,Karnataka,15.3647,75.124,26.42,21.34,33.45,0.0,51.9
2025-04-11,Hubballi,Karnataka,15.3647,75.124,26.75,21.88,33.98,0.0,50.88
2025-04-12,Hubballi,Karnataka,15.3647,75.124,25.69,20.65,29.95,0.0,56.35
2025-04-13,Hubballi,Karnataka,15.3647,75.124,25.44,20.48,33.16,0.0,51.06
2025-04-14,Hubballi,Karnataka,15.3647,75.124,26.17,20.25,33.23,7.34,50.37
2025-04-15,Hubballi,Karnataka,15.3647,75.124,26.39,20.16,32.33,0.0,59.62
2025-04-16,Hubballi,Karnataka,15.3647,75.124,24.7,17.88,31.75,0.0,31.38
2025-04-17,Hubballi,Karnataka,15.3647,75.124,26.98,20.6,33.38,0.0,53.8
2025-04-18,Hubballi,Karnataka,15.3647,75.124,29.25,23.82,35.83,0.0,49.74
2025-04-19,Hubballi,Karnataka,15.3647,75.124,26.28,20.25,30.72,0.0,50.29
2025-04-20,Hubballi,Karnataka,15.3647,75.124,27.02,21.5,33.43,0.0,53.12
2025-04-21,Hubballi,Karnataka,15.3647,75.124,27.55,21.22,33.62,0.0,42.75
2025-04-22,Hubballi,Karnataka,15.3647,75.124,27.92,21.05,34.85,0.0,43.7
2025-04-23,Hubballi,Karnataka,15.3647,75.124,26.19,21.51,31.56,0.0,45.5
2025-04-24,Hubballi,Karnataka,15.3647,75.124,27.38,22.82,35.17,0.0,45.93
2025-04-25,Hubballi,Karnataka,15.3647,75.124,26.19,20.61,33.98,0.0,42.21
2025-04-26,Hubballi,Karnataka,15.3647,75.124,28.96,23.32,34.89,0.0,45.64
2025-04-27,Hubballi,Karnataka,15.3647,75.124,28.37,21.42,33.87,0.0,51.96
2025-04-28,Hubballi,Karnataka,15.3647,75.124,26.72,20.09,31.76,0.0,56.34
2025-04-29,Hubballi,Karnataka,15.3647,75.124,29.27,23.71,34.5,0.0,42.67
2025-04-30,Hubballi,Karnataka,15.3647,75.124,27.55,22.12,32.81,0.0,53.61
2025-05-01,Hubballi,Karnataka,15.3647,75.124,29.04,24.1,36.81,5.43,49.78
2025-05-02,Hubballi,Karnataka,15.3647,75.124,29.98,25.06,34.77,0.0,45.04
2025-05-03,Hubballi,Karnataka,15.3647,75.124,27.63,22.97,32.43,0.0,54.7
2025-05-04,Hubballi,Karnataka,15.3647,75.124,28.94,22.19,33.65,0.0,48.38
2025-05-05,Hubballi,Karnataka,15.3647,75.124,29.58,24.73,35.48,0.0,44.67
2025-05-06,Hubballi,Karnataka,15.3647,75.124,28.66,22.62,34.81,0.0,54.55
2025-05-07,Hubballi,Karnataka,15.3647,75.124,28.65,23.57,35.39,0.0,53.47
2025-05-08,Hubballi,Karnataka,15.3647,75.124,30.66,24.04,37.47,0.0,51.81
2025-05-09,Hubballi,Karnataka,15.3647,75.124,27.0,22.2,32.49,3.68,45.85
2025-05-10,Hubballi,Karnataka,15.3647,75.124,28.85,24.57,34.29,0.0,37.92
2025-05-11,Hubballi,Karnataka,15.3647,75.124,26.93,22.43,33.58,0.0,38.02
2025-05-12,Hubballi,Karnataka,15.3647,75.124,29.93,25.3,37.66,0.0,55.11
2025-05-13,Hubballi,Karnataka,15.3647,75.124,30.46,24.34,35.71,0.0,51.35
2025-05-14,Hubballi,Karnataka,15.3647,75.124,30.54,26.12,37.31,0.0,56.0
2025-05-15,Hubballi,Karnataka,15.3647,75.124,28.88,23.34,33.83,0.37,53.8
2025-05-16,Hubballi,Karnataka,15.3647,75.124,27.57,22.05,35.26,0.41,55.3
2025-05-17,Hubballi,Karnataka,15.3647,75.124,29.38,22.46,37.12,0.0,54.1
2025-05-18,Hubballi,Karnataka,15.3647,75.124,30.77,25.86,38.35,0.0,49.16
2025-05-19,Hubballi,Karnataka,15.3647,75.124,30.8,25.15,35.54,0.0,46.86
2025-05-20,Hubballi,Karnataka,15.3647,75.124,28.18,21.5,33.78,0.0,44.0
2025-05-21,Hubballi,Karnataka,15.3647,75.124,30.32,23.83,36.17,0.0,47.62
2025-05-22,Hubballi,Karnataka,15.3647,75.124,30.01,23.7,37.97,0.0,51.27
2025-05-23,Hubballi,Karnataka,15.3647,75.124,29.8,25.31,33.9,0.0,47.93
2025-05-24,Hubballi,Karnataka,15.3647,75.124,30.68,26.23,35.64,0.0,36.44
2025-05-25,Hubballi,Karnataka,15.3647,75.124,28.8,23.26,35.04,0.0,42.64
2025-05-26,Hubballi,Karnataka,15.3647,75.124,28.43,23.71,35.18,0.0,48.55
2025-05-27,Hubballi,Karnataka,15.3647,75.124,29.51,23.0,35.32,0.0,43.98
2025-05-28,Hubballi,Karnataka,15.3647,75.124,29.72,23.4,34.41,0.0,46.5
2025-05-29,Hubballi,Karnataka,15.3647,75.124,28.71,24.3,33.53,0.0,42.91
2025-05-30,Hubballi,Karnataka,15.3647,75.124,29.28,24.61,36.74,23.22,83.16
2025-05-31,Hubballi,Karnataka,15.3647,75.124,29.98,23.75,34.82,27.02,86.4
2025-06-01,Hubballi,Karnataka,15.3647,75.124,27.56,21.56,34.66,0.83,78.42
2025-06-02,Hubballi,Karnataka,15.3647,75.124,28.07,21.17,33.29,20.6,82.76
2025-06-03,Hubballi,Karnataka,15.3647,75.124,30.44,23.61,34.6,9.08,81.44
2025-06-04,Hubballi,Karnataka,15.3647,75.124,30.73,26.42,36.81,52.48,75.64
2025-06-05,Hubballi,Karnataka,15.3647,75.124,28.64,22.57,32.86,0.0,91.69
2025-06-06,Hubballi,Karnataka,15.3647,75.124,30.27,25.42,38.18,0.0,80.38
2025-06-07,Hubballi,Karnataka,15.3647,75.124,31.7,27.28,36.22,0.0,84.53
2025-06-08,Hubballi,Karnataka,15.3647,75.124,31.35,25.24,38.81,0.22,81.7
2025-06-09,Hubballi,Karnataka,15.3647,75.124,30.57,24.23,38.25,0.0,85.46
2025-06-10,Hubballi,Karnataka,15.3647,75.124,29.07,24.44,36.37,2.89,83.59
2025-06-11,Hubballi,Karnataka,15.3647,75.124,30.06,24.87,34.48,1.2,79.05
2025-06-12,Hubballi,Karnataka,15.3647,75.124,31.27,27.12,38.87,1.95,87.85
2025-06-13,Hubballi,Karnataka,15.3647,75.124,31.26,25.15,38.64,0.0,75.33
2025-06-14,Hubballi,Karnataka,15.3647,75.124,31.14,24.34,38.46,0.0,81.42
2025-06-15,Hubballi,Karnataka,15.3647,75.124,31.25,26.97,38.71,0.0,74.36
2025-06-16,Hubballi,Karnataka,15.3647,75.124,29.7,23.55,35.94,8.36,90.45
2025-06-17,Hubballi,Karnataka,15.3647,75.124,30.63,23.78,37.26,15.1,77.61
2025-06-18,Hubballi,Karnataka,15.3647,75.124,31.12,25.92,37.3,0.0,79.4
2025-06-19,Hubballi,Karnataka,15.3647,75.124,29.94,23.28,36.52,0.0,81.64
2025-06-20,Hubballi,Karnataka,15.3647,75.124,30.16,26.03,36.86,0.0,80.65
2025-06-21,Hubballi,Karnataka,15.3647,75.124,30.89,24.43,36.32,3.31,74.24
2025-06-22,Hubballi,Karnataka,15.3647,75.124,30.49,26.45,36.57,0.0,81.79
2025-06-23,Hubballi,Karnataka,15.3647,75.124,31.85,27.39,37.7,0.0,84.58
2025-06-24,Hubballi,Karnataka,15.3647,75.124,28.75,24.3,32.76,2.86,83.36
2025-06-25,Hubballi,Karnataka,15.3647,75.124,30.02,25.03,35.69,0.0,79.06
2025-06-26,Hubballi,Karnataka,15.3647,75.124,30.09,24.75,36.58,0.0,82.43
2025-06-27,Hubballi,Karnataka,15.3647,75.124,31.05,24.13,36.82,0.0,81.19
2025-06-28,Hubballi,Karnataka,15.3647,75.124,31.5,24.82,37.28,13.48,86.78
2025-06-29,Hubballi,Karnataka,15.3647,75.124,29.85,23.93,33.96,25.51,85.92
2025-06-30,Hubballi,Karnataka,15.3647,75.124,31.7,26.22,37.44,0.0,82.37
2025-07-01,Hubballi,Karnataka,15.3647,75.124,31.27,26.72,38.55,0.0,88.15
2025-07-02,Hubballi,Karnataka,15.3647,75.124,29.73,22.74,37.31,46.25,85.43
2025-07-03,Hubballi,Karnataka,15.3647,75.124,31.63,26.64,36.42,0.0,78.34
2025-07-04,Hubballi,Karnataka,15.3647,75.124,29.4,23.55,35.4,0.0,81.17
2025-07-05,Hubballi,Karnataka,15.3647,75.124,32.7,27.59,38.59,0.0,77.14
2025-07-06,Hubballi,Karnataka,15.3647,75.124,31.17,25.1,38.93,17.42,78.15
2025-07-07,Hubballi,Karnataka,15.3647,75.124,29.38,25.08,35.62,0.0,95.38
2025-07-08,Hubballi,Karnataka,15.3647,75.124,33.32,27.24,40.87,29.87,73.51
2025-07-09,Hubballi,Karnataka,15.3647,75.124,30.87,26.67,37.75,0.0,85.15
2025-07-10,Hubballi,Karnataka,15.3647,75.124,32.63,27.88,37.15,14.69,83.33
2025-07-11,Hubballi,Karnataka,15.3647,75.124,30.21,24.12,35.94,0.0,78.41
2025-07-12,Hubballi,Karnataka,15.3647,75.124,30.97,26.14,37.71,0.0,88.83
2025-07-13,Hubballi,Karnataka,15.3647,75.124,30.96,24.63,35.43,13.99,79.6
2025-07-14,Hubballi,Karnataka,15.3647,75.124,29.97,23.19,37.14,29.88,91.54
2025-07-15,Hubballi,Karnataka,15.3647,75.124,29.9,24.14,37.83,2.17,86.71
2025-07-16,Hubballi,Karnataka,15.3647,75.124,30.07,25.36,35.13,25.64,83.24
2025-07-17,Hubballi,Karnataka,15.3647,75.124,30.52,25.94,38.04,8.6,84.05
2025-07-18,Hubballi,Karnataka,15.3647,75.124,33.28,28.8,37.37,0.0,76.56
2025-07-19,Hubballi,Karnataka,15.3647,75.124,32.01,27.6,38.78,8.34,77.91
2025-07-20,Hubballi,Karnataka,15.3647,75.124,29.67,23.66,33.99,0.0,76.69
2025-07-21,Hubballi,Karnataka,15.3647,75.124,29.39,25.04,34.07,0.0,98.0
2025-07-22,Hubballi,Karnataka,15.3647,75.124,28.6,23.83,35.71,32.4,84.84
2025-07-23,Hubballi,Karnataka,15.3647,75.124,30.93,24.86,38.21,0.0,82.91
2025-07-24,Hubballi,Karnataka,15.3647,75.124,32.66,28.41,36.91,0.0,79.48
2025-07-25,Hubballi,Karnataka,15.3647,75.124,33.31,28.66,40.17,0.0,84.79
2025-07-26,Hubballi,Karnataka,15.3647,75.124,30.95,25.81,37.95,0.0,96.83
2025-07-27,Hubballi,Karnataka,15.3647,75.124,32.29,26.23,36.39,4.7,82.31
2025-07-28,Hubballi,Karnataka,15.3647,75.124,30.93,26.91,38.56,0.0,79.38
2025-07-29,Hubballi,Karnataka,15.3647,75.124,31.03,25.95,35.95,0.0,87.77
2025-07-30,Hubballi,Karnataka,15.3647,75.124,28.12,21.48,36.1,17.87,78.42
2025-07-31,Hubballi,Karnataka,15.3647,75.124,30.83,25.32,37.49,60.84,83.22
2025-08-01,Hubballi,Karnataka,15.3647,75.124,29.98,23.95,36.13,26.07,85.15
2025-08-02,Hubballi,Karnataka,15.3647,75.124,31.09,25.84,36.76,0.0,86.45
2025-08-03,Hubballi,Karnataka,15.3647,75.124,31.13,25.92,35.83,0.0,77.41
2025-08-04,Hubballi,Karnataka,15.3647,75.124,30.86,25.4,38.79,0.0,79.83
2025-08-05,Hubballi,Karnataka,15.3647,75.124,29.22,23.51,36.91,0.0,70.96
2025-08-06,Hubballi,Karnataka,15.3647,75.124,30.03,25.1,36.83,0.0,88.08
2025-08-07,Hubballi,Karnataka,15.3647,75.124,28.36,21.83,32.96,7.78,80.41
2025-08-08,Hubballi,Karnataka,15.3647,75.124,29.02,23.36,35.62,2.56,81.92
2025-08-09,Hubballi,Karnataka,15.3647,75.124,31.19,26.88,38.93,0.0,81.74
2025-08-10,Hubballi,Karnataka,15.3647,75.124,30.18,25.38,37.67,0.0,78.96
2025-08-11,Hubballi,Karnataka,15.3647,75.124,30.01,24.24,35.55,0.0,79.14
2025-08-12,Hubballi,Karnataka,15.3647,75.124,31.62,27.15,35.74,0.0,73.57
2025-08-13,Hubballi,Karnataka,15.3647,75.124,31.28,26.24,36.69,0.0,77.74
2025-08-14,Hubballi,Karnataka,15.3647,75.124,29.8,22.87,35.61,28.63,81.75
2025-08-15,Hubballi,Karnataka,15.3647,75.124,32.08,26.58,37.95,5.36,73.93
2025-08-16,Hubballi,Karnataka,15.3647,75.124,31.54,26.53,36.97,0.0,77.7
2025-08-17,Hubballi,Karnataka,15.3647,75.124,29.69,23.62,35.63,0.0,82.52
2025-08-18,Hubballi,Karnataka,15.3647,75.124,30.56,24.36,38.52,0.0,81.17
2025-08-19,Hubballi,Karnataka,15.3647,75.124,29.17,23.81,35.8,0.0,77.32
2025-08-20,Hubballi,Karnataka,15.3647,75.124,31.4,25.11,38.3,0.0,81.92
2025-08-21,Hubballi,Karnataka,15.3647,75.124,28.88,24.74,32.95,9.73,82.37
2025-08-22,Hubballi,Karnataka,15.3647,75.124,29.68,23.36,37.13,0.0,80.33
2025-08-23,Hubballi,Karnataka,15.3647,75.124,28.72,21.88,35.34,0.0,84.2
2025-08-24,Hubballi,Karnataka,15.3647,75.124,27.9,22.27,33.33,29.91,83.97
2025-08-25,Hubballi,Karnataka,15.3647,75.124,29.25,24.43,37.18,0.0,83.89
2025-08-26,Hubballi,Karnataka,15.3647,75.124,30.39,25.31,37.31,5.85,78.53
2025-08-27,Hubballi,Karnataka,15.3647,75.124,27.92,22.07,34.59,7.11,83.33
2025-08-28,Hubballi,Karnataka,15.3647,75.124,28.7,23.42,34.65,0.0,81.74
2025-08-29,Hubballi,Karnataka,15.3647,75.124,30.67,24.61,36.37,0.0,79.99
2025-08-30,Hubballi,Karnataka,15.3647,75.124,29.3,23.23,33.3,6.2,90.17
2025-08-31,Hubballi,Karnataka,15.3647,75.124,28.58,21.96,32.91,0.0,83.86
2025-09-01,Hubballi,Karnataka,15.3647,75.124,30.58,24.51,38.07,0.0,85.18
2025-09-02,Hubballi,Karnataka,15.3647,75.124,29.74,24.68,34.5,0.0,73.54
2025-09-03,Hubballi,Karnataka,15.3647,75.124,29.56,24.46,33.76,3.12,81.15
2025-09-04,Hubballi,Karnataka,15.3647,75.124,30.29,24.38,38.01,0.0,82.66
2025-09-05,Hubballi,Karnataka,15.3647,75.124,28.43,21.78,33.82,1.38,88.48
2025-09-06,Hubballi,Karnataka,15.3647,75.124,31.23,25.58,37.19,3.66,86.26
2025-09-07,Hubballi,Karnataka,15.3647,75.124,28.21,23.44,35.97,10.81,81.04
2025-09-08,Hubballi,Karnataka,15.3647,75.124,29.16,22.25,34.42,1.92,80.41
2025-09-09,Hubballi,Karnataka,15.3647,75.124,27.55,21.89,31.74,0.0,79.5
2025-09-10,Hubballi,Karnataka,15.3647,75.124,29.21,24.37,36.76,0.0,73.67
2025-09-11,Hubballi,Karnataka,15.3647,75.124,28.58,22.26,33.03,8.52,89.17
2025-09-12,Hubballi,Karnataka,15.3647,75.124,26.67,21.07,30.72,36.54,89.76
2025-09-13,Hubballi,Karnataka,15.3647,75.124,29.71,23.81,36.08,17.98,79.42
2025-09-14,Hubballi,Karnataka,15.3647,75.124,27.76,23.44,35.48,0.0,84.57
2025-09-15,Hubballi,Karnataka,15.3647,75.124,28.26,23.37,35.21,19.95,83.65
2025-09-16,Hubballi,Karnataka,15.3647,75.124,29.96,23.54,36.4,0.0,84.15
2025-09-17,Hubballi,Karnataka,15.3647,75.124,28.69,23.83,36.57,0.0,83.65
2025-09-18,Hubballi,Karnataka,15.3647,75.124,29.24,22.48,33.59,0.93,89.51
2025-09-19,Hubballi,Karnataka,15.3647,75.124,28.17,22.64,35.25,13.08,85.26
2025-09-20,Hubballi,Karnataka,15.3647,75.124,28.03,21.73,36.01,0.0,77.32
2025-09-21,Hubballi,Karnataka,15.3647,75.124,29.21,25.2,36.64,0.0,88.97
2025-09-22,Hubballi,Karnataka,15.3647,75.124,28.9,23.89,36.22,3.39,82.26
2025-09-23,Hubballi,Karnataka,15.3647,75.124,28.06,21.94,33.96,1.52,85.14
2025-09-24,Hubballi,Karnataka,15.3647,75.124,28.88,22.58,33.82,0.0,76.56
2025-09-25,Hubballi,Karnataka,15.3647,75.124,30.12,24.41,34.74,0.0,86.05
2025-09-26,Hubballi,Karnataka,15.3647,75.124,28.54,21.75,35.05,13.79,85.46
2025-09-27,Hubballi,Karnataka,15.3647,75.124,27.99,23.87,35.82,0.0,87.07
2025-09-28,Hubballi,Karnataka,15.3647,75.124,28.43,22.84,36.2,0.0,49.96
2025-09-29,Hubballi,Karnataka,15.3647,75.124,30.05,24.22,35.91,0.0,51.13
2025-09-30,Hubballi,Karnataka,15.3647,75.124,27.46,22.74,31.58,0.0,49.53
2025-10-01,Hubballi,Karnataka,15.3647,75.124,30.28,24.95,35.27,1.18,34.15
2025-10-02,Hubballi,Karnataka,15.3647,75.124,25.27,20.94,32.34,0.0,40.52
2025-10-03,Hubballi,Karnataka,15.3647,75.124,28.57,23.37,33.82,0.0,49.13
2025-10-04,Hubballi,Karnataka,15.3647,75.124,27.05,21.16,34.19,0.0,42.3
2025-10-05,Hubballi,Karnataka,15.3647,75.124,29.09,23.25,33.78,0.0,49.27
2025-10-06,Hubballi,Karnataka,15.3647,75.124,26.38,21.75,33.08,0.0,50.46
2025-10-07,Hubballi,Karnataka,15.3647,75.124,28.4,21.68,36.26,0.0,45.35
2025-10-08,Hubballi,Karnataka,15.3647,75.124,27.61,21.37,32.08,0.0,48.09
2025-10-09,Hubballi,Karnataka,15.3647,75.124,26.85,21.29,33.03,0.0,47.06
2025-10-10,Hubballi,Karnataka,15.3647,75.124,27.65,21.62,33.52,0.0,52.41
2025-10-11,Hubballi,Karnataka,15.3647,75.124,27.3,20.78,32.0,0.0,57.06
2025-10-12,Hubballi,Karnataka,15.3647,75.124,28.15,22.91,34.66,0.0,45.38
2025-10-13,Hubballi,Karnataka,15.3647,75.124,26.55,19.78,31.21,0.0,50.92
2025-10-14,Hubballi,Karnataka,15.3647,75.124,28.83,24.74,36.7,0.0,54.07
2025-10-15,Hubballi,Karnataka,15.3647,75.124,30.95,25.44,37.62,0.0,44.31
2025-10-16,Hubballi,Karnataka,15.3647,75.124,27.34,23.15,32.96,0.0,53.4
2025-10-17,Hubballi,Karnataka,15.3647,75.124,26.53,19.54,31.45,0.0,39.16
2025-10-18,Hubballi,Karnataka,15.3647,75.124,26.09,20.58,30.96,0.0,45.4
2025-10-19,Hubballi,Karnataka,15.3647,75.124,27.33,20.86,35.16,0.0,42.87
2025-10-20,Hubballi,Karnataka,15.3647,75.124,27.9,21.48,32.43,0.0,43.87
2025-10-21,Hubballi,Karnataka,15.3647,75.124,27.59,21.45,35.04,0.0,49.44
2025-10-22,Hubballi,Karnataka,15.3647,75.124,26.43,21.44,34.4,0.0,50.52
2025-10-23,Hubballi,Karnataka,15.3647,75.124,26.42,20.57,33.46,0.0,56.73
2025-10-24,Hubballi,Karnataka,15.3647,75.124,26.32,21.8,32.12,0.0,52.85
2025-10-25,Hubballi,Karnataka,15.3647,75.124,27.86,23.76,35.44,0.0,50.42
2025-10-26,Hubballi,Karnataka,15.3647,75.124,24.49,20.36,31.41,0.0,43.58
2025-10-27,Hubballi,Karnataka,15.3647,75.124,26.43,20.0,31.4,0.0,52.53
2025-10-28,Hubballi,Karnataka,15.3647,75.124,27.36,22.26,32.84,0.0,36.11
2025-10-29,Hubballi,Karnataka,15.3647,75.124,27.02,20.61,32.49,0.0,57.1
2025-10-30,Hubballi,Karnataka,15.3647,75.124,28.09,22.31,33.04,0.0,39.0
2025-10-31,Hubballi,Karnataka,15.3647,75.124,25.87,20.02,30.84,0.0,47.69
2025-11-01,Hubballi,Karnataka,15.3647,75.124,26.82,19.88,31.33,0.0,37.8
2025-11-02,Hubballi,Karnataka,15.3647,75.124,27.04,20.79,31.77,0.0,52.04
2025-11-03,Hubballi,Karnataka,15.3647,75.124,25.78,20.84,32.65,0.0,48.25
2025-11-04,Hubballi,Karnataka,15.3647,75.124,28.51,24.07,33.73,3.96,48.99
2025-11-05,Hubballi,Karnataka,15.3647,75.124,24.56,17.6,28.77,0.0,53.51
2025-11-06,Hubballi,Karnataka,15.3647,75.124,23.62,19.17,30.21,0.0,48.08
2025-11-07,Hubballi,Karnataka,15.3647,75.124,26.95,20.14,32.46,0.0,50.57
2025-11-08,Hubballi,Karnataka,15.3647,75.124,26.41,20.6,30.9,0.0,47.98
2025-11-09,Hubballi,Karnataka,15.3647,75.124,25.81,20.92,30.08,0.0,41.61
2025-11-10,Hubballi,Karnataka,15.3647,75.124,22.55,17.58,30.49,0.0,41.97
2025-11-11,Hubballi,Karnataka,15.3647,75.124,25.31,20.58,31.88,0.0,45.58
2025-11-12,Hubballi,Karnataka,15.3647,75.124,25.71,20.95,30.44,0.0,51.55
2025-11-13,Hubballi,Karnataka,15.3647,75.124,26.66,21.96,33.96,0.0,51.18
2025-11-14,Hubballi,Karnataka,15.3647,75.124,26.4,20.33,31.07,0.0,42.6
2025-11-15,Hubballi,Karnataka,15.3647,75.124,24.91,19.17,30.34,0.0,47.22
2025-11-16,Hubballi,Karnataka,15.3647,75.124,24.73,17.79,30.73,0.0,46.34
2025-11-17,Hubballi,Karnataka,15.3647,75.124,25.4,20.46,30.54,0.0,51.18
2025-11-18,Hubballi,Karnataka,15.3647,75.124,26.32,21.27,31.7,0.0,31.45
2025-11-19,Hubballi,Karnataka,15.3647,75.124,25.91,19.31,31.21,0.0,46.36
2025-11-20,Hubballi,Karnataka,15.3647,75.124,24.78,17.94,29.49,0.0,46.89
2025-11-21,Hubballi,Karnataka,15.3647,75.124,25.1,19.06,32.43,0.0,47.02
2025-11-22,Hubballi,Karnataka,15.3647,75.124,24.44,19.47,29.48,2.38,58.25
2025-11-23,Hubballi,Karnataka,15.3647,75.124,24.54,18.27,28.88,0.0,50.41
2025-11-24,Hubballi,Karnataka,15.3647,75.124,23.87,17.44,29.35,0.0,48.68
2025-11-25,Hubballi,Karnataka,15.3647,75.124,25.97,19.5,32.05,0.0,47.52
2025-11-26,Hubballi,Karnataka,15.3647,75.124,24.8,20.38,32.14,0.0,48.24
2025-11-27,Hubballi,Karnataka,15.3647,75.124,25.89,18.98,31.33,0.0,55.78
2025-11-28,Hubballi,Karnataka,15.3647,75.124,23.97,19.7,28.43,0.0,51.73
2025-11-29,Hubballi,Karnataka,15.3647,75.124,23.91,17.91,28.82,0.0,56.56
2025-11-30,Hubballi,Karnataka,15.3647,75.124,22.57,16.4,27.75,0.0,53.11
2025-12-01,Hubballi,Karnataka,15.3647,75.124,24.32,20.18,31.14,0.0,51.37
2025-12-02,Hubballi,Karnataka,15.3647,75.124,24.67,19.21,32.59,0.0,53.34
2025-12-03,Hubballi,Karnataka,15.3647,75.124,24.08,19.27,31.58,0.0,55.05
2025-12-04,Hubballi,Karnataka,15.3647,75.124,23.67,16.69,29.31,0.0,39.88
2025-12-05,Hubballi,Karnataka,15.3647,75.124,24.09,18.14,31.74,0.0,39.08
2025-12-06,Hubballi,Karnataka,15.3647,75.124,23.72,19.51,31.28,0.0,46.94
2025-12-07,Hubballi,Karnataka,15.3647,75.124,27.25,22.92,32.52,0.0,49.54
2025-12-08,Hubballi,Karnataka,15.3647,75.124,22.92,18.19,29.59,0.0,44.2
2025-12-09,Hubballi,Karnataka,15.3647,75.124,20.27,14.22,25.34,0.0,32.66
2025-12-10,Hubballi,Karnataka,15.3647,75.124,23.0,16.33,30.14,0.0,51.06
2025-12-11,Hubballi,Karnataka,15.3647,75.124,23.61,19.26,29.04,0.0,45.98
2025-12-12,Hubballi,Karnataka,15.3647,75.124,26.16,20.68,32.74,0.0,58.84
2025-12-13,Hubballi,Karnataka,15.3647,75.124,23.29,16.57,28.59,0.0,42.23
2025-12-14,Hubballi,Karnataka,15.3647,75.124,22.8,17.74,26.86,0.0,40.48
2025-12-15,Hubballi,Karnataka,15.3647,75.124,22.72,16.57,28.72,0.0,48.36
2025-12-16,Hubballi,Karnataka,15.3647,75.124,21.44,16.91,27.17,0.0,50.84
2025-12-17,Hubballi,Karnataka,15.3647,75.124,23.3,17.54,28.28,0.0,45.85
2025-12-18,Hubballi,Karnataka,15.3647,75.124,23.31,17.45,28.55,0.0,54.73
2025-12-19,Hubballi,Karnataka,15.3647,75.124,23.59,16.62,30.53,0.0,43.05
2025-12-20,Hubballi,Karnataka,15.3647,75.124,22.43,18.19,28.7,0.0,47.24
2025-12-21,Hubballi,Karnataka,15.3647,75.124,24.69,17.9,31.29,0.0,46.7
2025-12-22,Hubballi,Karnataka,15.3647,75.124,22.35,17.9,27.09,0.0,42.57
2025-12-23,Hubballi,Karnataka,15.3647,75.124,24.09,17.9,29.04,0.0,51.99
2025-12-24,Hubballi,Karnataka,15.3647,75.124,22.78,16.63,27.76,0.0,51.0
2025-12-25,Hubballi,Karnataka,15.3647,75.124,24.47,18.49,28.58,0.0,42.09
2025-12-26,Hubballi,Karnataka,15.3647,75.124,22.77,16.43,26.98,0.0,62.29
2025-12-27,Hubballi,Karnataka,15.3647,75.124,22.03,17.17,27.94,0.0,56.99
2025-12-28,Hubballi,Karnataka,15.3647,75.124,22.85,18.65,28.23,0.0,53.38
2025-12-29,Hubballi,Karnataka,15.3647,75.124,25.41,19.44,32.15,0.0,48.78
2025-12-30,Hubballi,Karnataka,15.3647,75.124,25.74,19.93,31.41,0.0,49.37
2025-12-31,Hubballi,Karnataka,15.3647,75.124,24.9,18.26,30.42,0.0,51.69
2023-01-01,Kolar,Karnataka,13.1367,78.1292,19.66,14.51,27.29,0.0,34.24
2023-01-02,Kolar,Karnataka,13.1367,78.1292,19.39,14.15,23.43,0.0,52.22
2023-01-03,Kolar,Karnataka,13.1367,78.1292,20.83,15.69,28.75,0.0,45.71
2023-01-04,Kolar,Karnataka,13.1367,78.1292,18.51,13.55,25.23,0.0,50.37
2023-01-05,Kolar,Karnataka,13.1367,78.1292,19.43,15.15,24.63,0.0,44.76
2023-01-06,Kolar,Karnataka,13.1367,78.1292,18.56,14.4,23.66,0.0,58.37
2023-01-07,Kolar,Karnataka,13.1367,78.1292,21.97,16.3,26.95,0.0,59.33
2023-01-08,Kolar,Karnataka,13.1367,78.1292,19.26,12.79,24.48,0.0,55.25
2023-01-09,Kolar,Karnataka,13.1367,78.1292,19.32,13.97,26.4,0.0,52.49
2023-01-10,Kolar,Karnataka,13.1367,78.1292,17.65,11.84,24.85,0.0,53.56
2023-01-11,Kolar,Karnataka,13.1367,78.1292,19.97,15.42,27.69,0.0,49.89
2023-01-12,Kolar,Karnataka,13.1367,78.1292,20.03,15.37,25.82,0.0,59.72
2023-01-13,Kolar,Karnataka,13.1367,78.1292,20.86,16.35,25.62,0.0,44.99
2023-01-14,Kolar,Karnataka,13.1367,78.1292,21.54,15.6,26.34,0.0,54.59
2023-01-15,Kolar,Karnataka,13.1367,78.1292,18.39,13.01,25.82,0.0,57.72
2023-01-16,Kolar,Karnataka,13.1367,78.1292,20.26,15.36,27.51,0.0,55.15
2023-01-17,Kolar,Karnataka,13.1367,78.1292,18.69,13.29,23.69,0.0,44.77
2023-01-18,Kolar,Karnataka,13.1367,78.1292,20.05,13.5,26.05,0.0,60.24
2023-01-19,Kolar,Karnataka,13.1367,78.1292,19.32,14.17,27.3,0.0,51.23
2023-01-20,Kolar,Karnataka,13.1367,78.1292,21.25,16.51,28.1,0.0,50.85
2023-01-21,Kolar,Karnataka,13.1367,78.1292,18.21,13.32,25.08,0.0,54.32
2023-01-22,Kolar,Karnataka,13.1367,78.1292,21.35,16.11,26.07,0.0,48.5
2023-01-23,Kolar,Karnataka,13.1367,78.1292,21.4,15.7,26.66,0.0,47.39
2023-01-24,Kolar,Karnataka,13.1367,78.1292,19.42,15.23,23.6,0.0,64.51
2023-01-25,Kolar,Karnataka,13.1367,78.1292,19.36,14.15,23.4,0.0,51.32
2023-01-26,Kolar,Karnataka,13.1367,78.1292,18.97,13.28,23.51,0.0,61.62
2023-01-27,Kolar,Karnataka,13.1367,78.1292,21.17,15.67,26.25,0.0,53.57
2023-01-28,Kolar,Karnataka,13.1367,78.1292,20.9,14.25,27.12,0.0,64.38
2023-01-29,Kolar,Karnataka,13.1367,78.1292,19.28,14.23,24.56,0.0,36.3
2023-01-30,Kolar,Karnataka,13.1367,78.1292,19.38,13.06,25.71,0.0,51.92
2023-01-31,Kolar,Karnataka,13.1367,78.1292,21.29,17.16,26.49,0.0,56.65
2023-02-01,Kolar,Karnataka,13.1367,78.1292,18.33,14.25,25.58,0.0,51.68
2023-02-02,Kolar,Karnataka,13.1367,78.1292,19.19,13.38,23.78,0.0,54.51
2023-02-03,Kolar,Karnataka,13.1367,78.1292,19.54,15.4,26.25,0.0,49.81
2023-02-04,Kolar,Karnataka,13.1367,78.1292,18.28,13.03,23.47,0.0,51.17
2023-02-05,Kolar,Karnataka,13.1367,78.1292,21.31,15.89,29.23,0.0,49.16
2023-02-06,Kolar,Karnataka,13.1367,78.1292,18.88,13.94,26.12,0.0,52.3
2023-02-07,Kolar,Karnataka,13.1367,78.1292,20.12,14.54,28.06,0.0,41.28
2023-02-08,Kolar,Karnataka,13.1367,78.1292,21.4,14.45,27.41,0.0,61.82
2023-02-09,Kolar,Karnataka,13.1367,78.1292,20.29,13.53,25.64,3.9,59.59
2023-02-10,Kolar,Karnataka,13.1367,78.1292,20.31,14.04,26.09,0.0,49.07
2023-02-11,Kolar,Karnataka,13.1367,78.1292,20.08,15.96,25.8,0.0,48.1
2023-02-12,Kolar,Karnataka,13.1367,78.1292,18.79,12.69,24.07,0.0,60.54
2023-02-13,Kolar,Karnataka,13.1367,78.1292,19.06,13.97,27.01,0.0,56.77
2023-02-14,Kolar,Karnataka,13.1367,78.1292,20.9,15.11,28.52,0.0,55.41
2023-02-15,Kolar,Karnataka,13.1367,78.1292,19.27,14.25,24.72,0.0,57.06
2023-02-16,Kolar,Karnataka,13.1367,78.1292,21.83,15.79,29.45,0.0,41.23
2023-02-17,Kolar,Karnataka,13.1367,78.1292,20.75,15.77,27.6,0.0,46.26
2023-02-18,Kolar,Karnataka,13.1367,78.1292,20.09,15.07,25.61,0.0,42.9
2023-02-19,Kolar,Karnataka,13.1367,78.1292,20.85,16.59,26.13,0.0,48.81
2023-02-20,Kolar,Karnataka,13.1367,78.1292,21.04,16.14,29.01,0.0,50.8
2023-02-21,Kolar,Karnataka,13.1367,78.1292,19.95,15.56,25.96,0.0,46.45
2023-02-22,Kolar,Karnataka,13.1367,78.1292,21.5,15.9,27.35,0.0,61.78
2023-02-23,Kolar,Karnataka,13.1367,78.1292,22.52,15.89,28.71,0.0,45.38
2023-02-24,Kolar,Karnataka,13.1367,78.1292,21.37,16.74,27.95,0.0,35.29
2023-02-25,Kolar,Karnataka,13.1367,78.1292,21.99,15.6,26.5,0.0,52.53
2023-02-26,Kolar,Karnataka,13.1367,78.1292,20.36,14.33,24.47,0.0,45.86
2023-02-27,Kolar,Karnataka,13.1367,78.1292,23.08,16.2,30.84,0.0,51.4
2023-02-28,Kolar,Karnataka,13.1367,78.1292,20.68,15.82,25.42,0.0,45.31
2023-03-01,Kolar,Karnataka,13.1367,78.1292,19.58,12.87,26.45,0.0,51.12
2023-03-02,Kolar,Karnataka,13.1367,78.1292,20.19,15.73,25.95,0.0,55.59
2023-03-03,Kolar,Karnataka,13.1367,78.1292,21.27,16.59,26.2,0.0,47.12
2023-03-04,Kolar,Karnataka,13.1367,78.1292,18.89,14.14,24.18,0.0,51.92
2023-03-05,Kolar,Karnataka,13.1367,78.1292,20.81,13.83,28.18,0.0,45.9
2023-03-06,Kolar,Karnataka,13.1367,78.1292,19.54,14.09,24.3,6.3,53.97
2023-03-07,Kolar,Karnataka,13.1367,78.1292,22.07,15.66,27.77,0.0,58.59
2023-03-08,Kolar,Karnataka,13.1367,78.1292,22.9,16.37,27.75,0.0,42.44
2023-03-09,Kolar,Karnataka,13.1367,78.1292,21.33,17.13,27.4,0.0,48.71
2023-03-10,Kolar,Karnataka,13.1367,78.1292,22.64,17.86,27.65,0.0,48.44
2023-03-11,Kolar,Karnataka,13.1367,78.1292,22.2,16.43,26.84,0.0,52.6
2023-03-12,Kolar,Karnataka,13.1367,78.1292,23.19,18.0,27.67,0.0,48.98
2023-03-13,Kolar,Karnataka,13.1367,78.1292,22.12,15.54,27.4,0.0,44.94
2023-03-14,Kolar,Karnataka,13.1367,78.1292,20.32,13.96,24.67,0.0,49.57
2023-03-15,Kolar,Karnataka,13.1367,78.1292,21.21,14.6,28.8,0.0,41.55
2023-03-16,Kolar,Karnataka,13.1367,78.1292,19.66,13.04,24.39,0.0,38.47
2023-03-17,Kolar,Karnataka,13.1367,78.1292,22.17,17.63,28.25,0.0,52.91
2023-03-18,Kolar,Karnataka,13.1367,78.1292,20.41,14.18,24.88,0.0,44.47
2023-03-19,Kolar,Karnataka,13.1367,78.1292,24.63,17.88,31.69,0.0,53.4
2023-03-20,Kolar,Karnataka,13.1367,78.1292,22.5,16.06,30.42,0.0,59.22
2023-03-21,Kolar,Karnataka,13.1367,78.1292,21.81,16.39,28.41,0.0,61.28
2023-03-22,Kolar,Karnataka,13.1367,78.1292,21.25,16.03,25.44,0.0,49.21
2023-03-23,Kolar,Karnataka,13.1367,78.1292,24.27,19.79,30.83,0.0,54.87
2023-03-24,Kolar,Karnataka,13.1367,78.1292,24.35,18.73,31.6,0.0,51.31
2023-03-25,Kolar,Karnataka,13.1367,78.1292,24.0,18.67,31.29,0.0,53.48
2023-03-26,Kolar,Karnataka,13.1367,78.1292,24.42,19.09,31.27,0.0,53.83
2023-03-27,Kolar,Karnataka,13.1367,78.1292,20.61,14.66,25.33,0.0,55.75
2023-03-28,Kolar,Karnataka,13.1367,78.1292,24.83,20.19,30.03,0.0,54.86
2023-03-29,Kolar,Karnataka,13.1367,78.1292,24.6,18.98,29.0,0.0,52.87
2023-03-30,Kolar,Karnataka,13.1367,78.1292,23.92,18.19,28.42,0.0,53.3
2023-03-31,Kolar,Karnataka,13.1367,78.1292,22.52,17.54,30.22,0.0,53.07
2023-04-01,Kolar,Karnataka,13.1367,78.1292,23.32,16.64,27.74,0.0,52.77
2023-04-02,Kolar,Karnataka,13.1367,78.1292,22.49,16.75,27.42,0.0,53.45
2023-04-03,Kolar,Karnataka,13.1367,78.1292,23.18,18.06,31.02,0.0,56.87
2023-04-04,Kolar,Karnataka,13.1367,78.1292,25.35,19.98,32.32,0.0,50.5
2023-04-05,Kolar,Karnataka,13.1367,78.1292,25.39,18.71,29.59,0.0,46.39
2023-04-06,Kolar,Karnataka,13.1367,78.1292,23.73,17.59,29.88,0.0,64.82
2023-04-07,Kolar,Karnataka,13.1367,78.1292,25.76,20.73,31.4,0.0,53.12
2023-04-08,Kolar,Karnataka,13.1367,78.1292,24.78,19.87,29.1,0.0,47.32
2023-04-09,Kolar,Karnataka,13.1367,78.1292,23.54,18.1,30.94,0.3,63.35
2023-04-10,Kolar,Karnataka,13.1367,78.1292,22.65,16.98,26.97,0.0,55.18
2023-04-11,Kolar,Karnataka,13.1367,78.1292,24.3,17.38,29.15,0.0,48.42
2023-04-12,Kolar,Karnataka,13.1367,78.1292,23.74,19.0,27.78,0.0,50.75
2023-04-13,Kolar,Karnataka,13.1367,78.1292,24.86,18.38,29.0,0.0,39.13
2023-04-14,Kolar,Karnataka,13.1367,78.1292,25.93,21.69,31.17,0.0,50.4
2023-04-15,Kolar,Karnataka,13.1367,78.1292,24.38,18.19,30.7,0.0,54.38
2023-04-16,Kolar,Karnataka,13.1367,78.1292,24.98,20.85,29.41,0.0,46.46
2023-04-17,Kolar,Karnataka,13.1367,78.1292,26.79,20.06,30.82,0.0,53.75
2023-04-18,Kolar,Karnataka,13.1367,78.1292,24.11,18.23,29.5,0.0,56.17
2023-04-19,Kolar,Karnataka,13.1367,78.1292,23.55,19.16,27.65,0.0,46.92
2023-04-20,Kolar,Karnataka,13.1367,78.1292,22.85,16.45,29.26,0.0,45.09
2023-04-21,Kolar,Karnataka,13.1367,78.1292,24.03,19.73,29.31,0.0,51.63
2023-04-22,Kolar,Karnataka,13.1367,78.1292,23.91,18.37,29.3,0.0,57.79
2023-04-23,Kolar,Karnataka,13.1367,78.1292,24.71,18.82,30.2,0.0,52.95
2023-04-24,Kolar,Karnataka,13.1367,78.1292,25.14,20.63,30.27,0.0,43.5
2023-04-25,Kolar,Karnataka,13.1367,78.1292,22.0,17.84,27.29,0.0,47.88
2023-04-26,Kolar,Karnataka,13.1367,78.1292,24.72,18.18,31.63,0.0,52.15
2023-04-27,Kolar,Karnataka,13.1367,78.1292,24.19,19.44,30.45,0.0,45.96
2023-04-28,Kolar,Karnataka,13.1367,78.1292,26.19,20.3,30.59,0.0,53.36
2023-04-29,Kolar,Karnataka,13.1367,78.1292,26.53,20.45,30.58,0.0,54.09
2023-04-30,Kolar,Karnataka,13.1367,78.1292,24.37,20.23,30.98,0.0,53.16
2023-05-01,Kolar,Karnataka,13.1367,78.1292,24.23,18.28,31.7,0.0,73.28
2023-05-02,Kolar,Karnataka,13.1367,78.1292,28.24,22.98,34.0,0.0,45.02
2023-05-03,Kolar,Karnataka,13.1367,78.1292,26.39,19.58,32.0,0.0,57.8
2023-05-04,Kolar,Karnataka,13.1367,78.1292,25.87,20.0,33.63,0.0,52.61
2023-05-05,Kolar,Karnataka,13.1367,78.1292,25.31,19.23,33.03,0.0,64.46
2023-05-06,Kolar,Karnataka,13.1367,78.1292,24.05,17.14,29.19,0.0,50.97
2023-05-07,Kolar,Karnataka,13.1367,78.1292,27.12,20.28,32.35,0.0,59.87
2023-05-08,Kolar,Karnataka,13.1367,78.1292,25.21,19.86,31.33,0.0,50.8
2023-05-09,Kolar,Karnataka,13.1367,78.1292,26.88,20.89,33.6,0.0,53.74
2023-05-10,Kolar,Karnataka,13.1367,78.1292,26.53,22.47,32.21,0.0,47.67
2023-05-11,Kolar,Karnataka,13.1367,78.1292,26.21,21.31,32.77,0.0,49.69
2023-05-12,Kolar,Karnataka,13.1367,78.1292,26.72,20.99,33.02,0.0,52.46
2023-05-13,Kolar,Karnataka,13.1367,78.1292,28.24,23.41,32.81,0.0,51.45
2023-05-14,Kolar,Karnataka,13.1367,78.1292,26.78,19.82,33.38,0.0,49.24
2023-05-15,Kolar,Karnataka,13.1367,78.1292,27.12,21.39,31.65,0.0,54.15
2023-05-16,Kolar,Karnataka,13.1367,78.1292,26.02,21.13,31.06,0.0,51.91
2023-05-17,Kolar,Karnataka,13.1367,78.1292,26.07,21.35,30.18,0.0,42.3
2023-05-18,Kolar,Karnataka,13.1367,78.1292,25.14,20.03,30.25,0.0,52.55
2023-05-19,Kolar,Karnataka,13.1367,78.1292,25.56,20.96,30.16,0.0,55.53
2023-05-20,Kolar,Karnataka,13.1367,78.1292,27.48,22.73,34.37,0.0,48.97
2023-05-21,Kolar,Karnataka,13.1367,78.1292,29.02,24.22,36.21,0.0,51.36
2023-05-22,Kolar,Karnataka,13.1367,78.1292,28.47,24.34,34.63,0.0,54.91
2023-05-23,Kolar,Karnataka,13.1367,78.1292,27.69,21.35,33.44,0.0,54.48
2023-05-24,Kolar,Karnataka,13.1367,78.1292,27.82,22.28,32.61,0.0,55.31
2023-05-25,Kolar,Karnataka,13.1367,78.1292,24.12,18.6,29.41,0.0,55.7
2023-05-26,Kolar,Karnataka,13.1367,78.1292,26.77,21.29,34.5,0.0,52.08
2023-05-27,Kolar,Karnataka,13.1367,78.1292,26.26,21.48,31.44,0.0,44.48
2023-05-28,Kolar,Karnataka,13.1367,78.1292,25.58,20.11,31.37,0.0,49.77
2023-05-29,Kolar,Karnataka,13.1367,78.1292,27.71,21.8,34.07,0.0,56.26
2023-05-30,Kolar,Karnataka,13.1367,78.1292,28.14,23.9,35.7,0.0,90.43
2023-05-31,Kolar,Karnataka,13.1367,78.1292,26.9,20.98,31.39,0.39,82.08
2023-06-01,Kolar,Karnataka,13.1367,78.1292,29.14,22.34,34.6,0.0,78.96
2023-06-02,Kolar,Karnataka,13.1367,78.1292,26.52,21.83,32.28,0.0,85.02
2023-06-03,Kolar,Karnataka,13.1367,78.1292,28.71,22.99,36.45,0.0,81.48
2023-06-04,Kolar,Karnataka,13.1367,78.1292,28.98,22.93,34.68,0.0,78.64
2023-06-05,Kolar,Karnataka,13.1367,78.1292,29.28,23.38,37.11,0.0,85.59
2023-06-06,Kolar,Karnataka,13.1367,78.1292,28.85,24.03,36.13,0.0,76.52
2023-06-07,Kolar,Karnataka,13.1367,78.1292,29.98,24.45,37.64,0.0,82.88
2023-06-08,Kolar,Karnataka,13.1367,78.1292,28.64,23.56,32.96,8.7,76.35
2023-06-09,Kolar,Karnataka,13.1367,78.1292,28.07,21.83,32.1,14.52,87.54
2023-06-10,Kolar,Karnataka,13.1367,78.1292,31.15,26.12,38.7,0.0,90.09
2023-06-11,Kolar,Karnataka,13.1367,78.1292,27.25,20.66,32.3,23.79,93.2
2023-06-12,Kolar,Karnataka,13.1367,78.1292,28.91,24.33,33.03,0.0,89.29
2023-06-13,Kolar,Karnataka,13.1367,78.1292,27.01,21.32,34.98,0.0,86.76
2023-06-14,Kolar,Karnataka,13.1367,78.1292,26.71,20.88,31.89,0.0,77.68
2023-06-15,Kolar,Karnataka,13.1367,78.1292,28.2,21.95,34.14,58.63,91.79
2023-06-16,Kolar,Karnataka,13.1367,78.1292,28.93,24.77,35.21,11.72,92.68
2023-06-17,Kolar,Karnataka,13.1367,78.1292,26.19,21.9,30.47,0.0,86.89
2023-06-18,Kolar,Karnataka,13.1367,78.1292,27.06,21.5,34.62,0.0,88.65
2023-06-19,Kolar,Karnataka,13.1367,78.1292,27.33,20.91,32.86,15.94,82.7
2023-06-20,Kolar,Karnataka,13.1367,78.1292,29.08,23.05,33.69,14.1,74.22
2023-06-21,Kolar,Karnataka,13.1367,78.1292,29.75,24.56,35.43,0.67,79.57
2023-06-22,Kolar,Karnataka,13.1367,78.1292,29.99,23.54,36.79,0.0,88.91
2023-06-23,Kolar,Karnataka,13.1367,78.1292,28.67,22.73,35.54,50.58,82.36
2023-06-24,Kolar,Karnataka,13.1367,78.1292,27.48,23.3,31.8,31.26,91.16
2023-06-25,Kolar,Karnataka,13.1367,78.1292,27.25,22.09,33.14,0.0,81.91
2023-06-26,Kolar,Karnataka,13.1367,78.1292,28.68,23.29,34.87,4.33,88.58
2023-06-27,Kolar,Karnataka,13.1367,78.1292,28.03,21.81,33.04,9.09,90.94
2023-06-28,Kolar,Karnataka,13.1367,78.1292,28.12,23.31,33.69,0.0,93.37
2023-06-29,Kolar,Karnataka,13.1367,78.1292,29.86,24.12,35.37,7.14,83.64
2023-06-30,Kolar,Karnataka,13.1367,78.1292,27.72,23.24,33.72,9.18,92.65
2023-07-01,Kolar,Karnataka,13.1367,78.1292,26.05,21.76,31.72,11.5,88.83
2023-07-02,Kolar,Karnataka,13.1367,78.1292,29.36,24.82,36.43,4.64,84.84
2023-07-03,Kolar,Karnataka,13.1367,78.1292,28.47,23.39,35.34,0.0,85.45
2023-07-04,Kolar,Karnataka,13.1367,78.1292,28.83,23.94,33.59,5.71,84.8
2023-07-05,Kolar,Karnataka,13.1367,78.1292,28.27,24.16,33.07,0.0,78.09
2023-07-06,Kolar,Karnataka,13.1367,78.1292,30.11,26.06,37.82,14.79,82.35
2023-07-07,Kolar,Karnataka,13.1367,78.1292,29.29,22.75,33.55,0.0,81.05
2023-07-08,Kolar,Karnataka,13.1367,78.1292,28.97,22.6,35.66,46.67,88.52
2023-07-09,Kolar,Karnataka,13.1367,78.1292,29.59,23.27,35.22,0.0,79.64
2023-07-10,Kolar,Karnataka,13.1367,78.1292,28.41,23.81,34.57,7.71,78.37
2023-07-11,Kolar,Karnataka,13.1367,78.1292,29.49,24.66,33.95,0.0,87.59
2023-07-12,Kolar,Karnataka,13.1367,78.1292,29.19,25.12,35.42,0.0,88.52
2023-07-13,Kolar,Karnataka,13.1367,78.1292,29.63,24.7,35.09,0.0,84.19
2023-07-14,Kolar,Karnataka,13.1367,78.1292,26.27,20.29,31.62,0.0,90.2
2023-07-15,Kolar,Karnataka,13.1367,78.1292,26.98,22.49,33.9,0.0,86.61
2023-07-16,Kolar,Karnataka,13.1367,78.1292,30.85,25.24,35.79,7.76,85.32
2023-07-17,Kolar,Karnataka,13.1367,78.1292,27.76,21.54,32.68,0.0,83.16
2023-07-18,Kolar,Karnataka,13.1367,78.1292,28.77,24.24,34.62,0.0,84.18
2023-07-19,Kolar,Karnataka,13.1367,78.1292,27.71,23.53,34.99,0.0,84.66
2023-07-20,Kolar,Karnataka,13.1367,78.1292,28.83,24.59,35.67,0.0,85.07
2023-07-21,Kolar,Karnataka,13.1367,78.1292,28.87,23.5,33.6,34.42,98.0
2023-07-22,Kolar,Karnataka,13.1367,78.1292,29.13,24.65,35.7,0.0,86.11
2023-07-23,Kolar,Karnataka,13.1367,78.1292,30.32,24.5,34.52,6.48,92.08
2023-07-24,Kolar,Karnataka,13.1367,78.1292,27.84,22.79,33.87,0.0,86.67
2023-07-25,Kolar,Karnataka,13.1367,78.1292,31.76,26.56,38.71,7.38,80.03
2023-07-26,Kolar,Karnataka,13.1367,78.1292,27.06,22.55,32.11,0.0,82.47
2023-07-27,Kolar,Karnataka,13.1367,78.1292,30.1,23.33,35.25,0.0,77.98
2023-07-28,Kolar,Karnataka,13.1367,78.1292,29.35,24.76,37.12,0.0,75.72
2023-07-29,Kolar,Karnataka,13.1367,78.1292,28.67,22.68,36.27,0.0,81.1
2023-07-30,Kolar,Karnataka,13.1367,78.1292,28.09,22.24,32.17,0.0,81.47
2023-07-31,Kolar,Karnataka,13.1367,78.1292,29.64,24.9,36.68,10.23,72.6
2023-08-01,Kolar,Karnataka,13.1367,78.1292,30.03,24.77,36.49,76.92,89.34
2023-08-02,Kolar,Karnataka,13.1367,78.1292,29.59,24.8,37.57,13.34,79.27
2023-08-03,Kolar,Karnataka,13.1367,78.1292,28.82,23.34,34.12,10.54,90.37
2023-08-04,Kolar,Karnataka,13.1367,78.1292,29.18,23.0,36.03,9.03,88.82
2023-08-05,Kolar,Karnataka,13.1367,78.1292,30.32,24.41,37.56,20.91,85.56
2023-08-06,Kolar,Karnataka,13.1367,78.1292,31.81,25.7,37.74,0.0,83.89
2023-08-07,Kolar,Karnataka,13.1367,78.1292,29.49,23.05,35.99,6.28,85.71
2023-08-08,Kolar,Karnataka,13.1367,78.1292,28.29,22.71,35.95,0.0,85.69
2023-08-09,Kolar,Karnataka,13.1367,78.1292,29.02,22.65,33.46,49.6,80.68
2023-08-10,Kolar,Karnataka,13.1367,78.1292,26.98,20.95,32.61,2.0,82.36
2023-08-11,Kolar,Karnataka,13.1367,78.1292,28.68,24.64,34.73,8.32,82.44
2023-08-12,Kolar,Karnataka,13.1367,78.1292,29.05,24.62,33.08,0.0,70.53
2023-08-13,Kolar,Karnataka,13.1367,78.1292,27.3,20.43,34.22,0.0,89.96
2023-08-14,Kolar,Karnataka,13.1367,78.1292,26.79,20.46,32.4,0.0,82.91
2023-08-15,Kolar,Karnataka,13.1367,78.1292,26.34,22.31,34.22,22.1,71.38
2023-08-16,Kolar,Karnataka,13.1367,78.1292,27.89,23.48,33.64,3.23,83.29
2023-08-17,Kolar,Karnataka,13.1367,78.1292,28.22,22.82,35.54,10.32,82.12
2023-08-18,Kolar,Karnataka,13.1367,78.1292,27.98,23.6,34.94,6.23,92.63
2023-08-19,Kolar,Karnataka,13.1367,78.1292,26.15,20.64,31.13,41.42,82.96
2023-08-20,Kolar,Karnataka,13.1367,78.1292,30.05,23.48,35.87,11.26,88.77
2023-08-21,Kolar,Karnataka,13.1367,78.1292,29.57,24.71,36.82,0.0,85.52
2023-08-22,Kolar,Karnataka,13.1367,78.1292,28.85,22.58,33.67,0.0,87.61
2023-08-23,Kolar,Karnataka,13.1367,78.1292,27.53,23.03,33.06,0.0,83.6
2023-08-24,Kolar,Karnataka,13.1367,78.1292,27.08,22.63,33.85,6.27,98.0
2023-08-25,Kolar,Karnataka,13.1367,78.1292,28.62,23.99,33.57,0.0,88.42
2023-08-26,Kolar,Karnataka,13.1367,78.1292,27.35,20.84,32.43,0.0,88.99
2023-08-27,Kolar,Karnataka,13.1367,78.1292,29.3,24.13,36.1,0.0,86.5
2023-08-28,Kolar,Karnataka,13.1367,78.1292,28.46,22.15,36.43,16.09,92.08
2023-08-29,Kolar,Karnataka,13.1367,78.1292,27.66,22.5,33.32,5.86,82.18
2023-08-30,Kolar,Karnataka,13.1367,78.1292,27.15,22.81,35.0,3.93,83.77
2023-08-31,Kolar,Karnataka,13.1367,78.1292,26.44,19.73,31.9,0.0,85.14
2023-09-01,Kolar,Karnataka,13.1367,78.1292,28.77,24.53,34.86,0.0,87.69
2023-09-02,Kolar,Karnataka,13.1367,78.1292,27.79,21.23,35.1,0.0,86.73
2023-09-03,Kolar,Karnataka,13.1367,78.1292,28.37,22.76,36.2,32.25,87.18
2023-09-04,Kolar,Karnataka,13.1367,78.1292,26.78,22.27,31.94,0.0,78.53
2023-09-05,Kolar,Karnataka,13.1367,78.1292,26.88,21.29,31.52,6.02,83.03
2023-09-06,Kolar,Karnataka,13.1367,78.1292,27.39,20.8,33.5,11.95,84.52
2023-09-07,Kolar,Karnataka,13.1367,78.1292,26.08,19.55,30.78,18.43,89.4
2023-09-08,Kolar,Karnataka,13.1367,78.1292,29.1,23.25,34.28,27.02,86.61
2023-09-09,Kolar,Karnataka,13.1367,78.1292,27.85,21.76,33.12,0.0,85.78
2023-09-10,Kolar,Karnataka,13.1367,78.1292,28.93,23.48,34.09,0.0,81.77
2023-09-11,Kolar,Karnataka,13.1367,78.1292,27.76,22.8,33.46,0.0,94.0
2023-09-12,Kolar,Karnataka,13.1367,78.1292,26.27,19.29,33.87,5.36,83.2
2023-09-13,Kolar,Karnataka,13.1367,78.1292,27.55,21.87,32.33,14.45,85.73
2023-09-14,Kolar,Karnataka,13.1367,78.1292,25.03,20.49,31.8,17.6,78.34
2023-09-15,Kolar,Karnataka,13.1367,78.1292,26.45,21.14,32.32,5.54,81.83
2023-09-16,Kolar,Karnataka,13.1367,78.1292,25.32,19.02,31.13,0.0,85.46
2023-09-17,Kolar,Karnataka,13.1367,78.1292,26.69,21.27,30.85,16.2,85.23
2023-09-18,Kolar,Karnataka,13.1367,78.1292,26.8,20.49,32.8,3.23,93.42
2023-09-19,Kolar,Karnataka,13.1367,78.1292,26.55,20.89,32.69,0.0,81.27
2023-09-20,Kolar,Karnataka,13.1367,78.1292,26.33,21.65,34.05,0.34,90.84
2023-09-21,Kolar,Karnataka,13.1367,78.1292,25.71,20.98,33.46,0.0,75.94
2023-09-22,Kolar,Karnataka,13.1367,78.1292,26.78,21.42,34.68,0.0,75.44
2023-09-23,Kolar,Karnataka,13.1367,78.1292,24.97,18.47,29.11,9.82,88.38
2023-09-24,Kolar,Karnataka,13.1367,78.1292,26.12,19.96,30.69,12.57,90.62
2023-09-25,Kolar,Karnataka,13.1367,78.1292,25.35,20.87,30.66,0.0,85.92
2023-09-26,Kolar,Karnataka,13.1367,78.1292,26.46,20.36,32.32,0.0,89.1
2023-09-27,Kolar,Karnataka,13.1367,78.1292,27.05,22.52,32.93,0.0,80.93
2023-09-28,Kolar,Karnataka,13.1367,78.1292,26.95,21.9,34.04,2.66,50.84
2023-09-29,Kolar,Karnataka,13.1367,78.1292,26.76,22.24,33.18,0.0,53.04
2023-09-30,Kolar,Karnataka,13.1367,78.1292,25.75,19.6,30.11,0.0,41.32
2023-10-01,Kolar,Karnataka,13.1367,78.1292,25.39,20.5,31.81,0.0,48.96
2023-10-02,Kolar,Karnataka,13.1367,78.1292,23.67,18.82,29.57,0.0,59.09
2023-10-03,Kolar,Karnataka,13.1367,78.1292,24.89,19.9,32.45,0.0,45.84
2023-10-04,Kolar,Karnataka,13.1367,78.1292,25.96,20.95,31.68,0.0,51.58
2023-10-05,Kolar,Karnataka,13.1367,78.1292,26.26,22.03,30.8,0.0,55.59
2023-10-06,Kolar,Karnataka,13.1367,78.1292,23.4,16.92,29.75,0.0,53.13
2023-10-07,Kolar,Karnataka,13.1367,78.1292,26.01,19.95,33.09,0.0,54.86
2023-10-08,Kolar,Karnataka,13.1367,78.1292,25.66,21.29,31.98,0.0,46.35
2023-10-09,Kolar,Karnataka,13.1367,78.1292,25.74,20.06,30.53,0.0,55.17
2023-10-10,Kolar,Karnataka,13.1367,78.1292,24.19,18.98,31.58,0.0,54.55
2023-10-11,Kolar,Karnataka,13.1367,78.1292,26.1,21.96,31.08,0.0,55.83
2023-10-12,Kolar,Karnataka,13.1367,78.1292,21.76,15.3,28.3,0.18,47.15
2023-10-13,Kolar,Karnataka,13.1367,78.1292,23.93,17.51,31.77,0.0,51.4
2023-10-14,Kolar,Karnataka,13.1367,78.1292,27.65,20.83,34.1,0.0,49.06
2023-10-15,Kolar,Karnataka,13.1367,78.1292,23.18,18.61,27.27,0.0,51.38
2023-10-16,Kolar,Karnataka,13.1367,78.1292,24.76,19.9,30.8,0.0,51.45
2023-10-17,Kolar,Karnataka,13.1367,78.1292,24.41,19.81,28.59,0.0,59.85
2023-10-18,Kolar,Karnataka,13.1367,78.1292,24.78,19.34,32.04,0.0,53.97
2023-10-19,Kolar,Karnataka,13.1367,78.1292,22.87,18.35,28.01,0.0,57.81
2023-10-20,Kolar,Karnataka,13.1367,78.1292,25.23,18.44,29.9,0.0,51.31
2023-10-21,Kolar,Karnataka,13.1367,78.1292,25.78,19.54,30.48,0.0,51.19
2023-10-22,Kolar,Karnataka,13.1367,78.1292,22.48,17.38,28.21,0.0,44.48
2023-10-23,Kolar,Karnataka,13.1367,78.1292,24.13,19.13,30.32,0.0,48.33
2023-10-24,Kolar,Karnataka,13.1367,78.1292,23.88,19.79,28.03,0.0,52.6
2023-10-25,Kolar,Karnataka,13.1367,78.1292,21.42,16.05,26.94,1.85,50.97
2023-10-26,Kolar,Karnataka,13.1367,78.1292,24.22,17.31,29.07,0.0,53.01
2023-10-27,Kolar,Karnataka,13.1367,78.1292,23.72,17.79,29.18,0.0,49.04
2023-10-28,Kolar,Karnataka,13.1367,78.1292,24.12,18.26,28.52,0.0,42.76
2023-10-29,Kolar,Karnataka,13.1367,78.1292,22.87,18.38,29.62,0.0,47.9
2023-10-30,Kolar,Karnataka,13.1367,78.1292,23.53,17.64,31.23,0.0,54.9
2023-10-31,Kolar,Karnataka,13.1367,78.1292,24.9,18.76,31.38,0.0,40.9
2023-11-01,Kolar,Karnataka,13.1367,78.1292,20.21,16.02,26.59,0.0,52.31
2023-11-02,Kolar,Karnataka,13.1367,78.1292,21.67,16.68,27.52,0.0,46.99
2023-11-03,Kolar,Karnataka,13.1367,78.1292,20.91,16.11,26.41,0.0,52.86
2023-11-04,Kolar,Karnataka,13.1367,78.1292,23.79,19.47,29.79,0.0,49.23
2023-11-05,Kolar,Karnataka,13.1367,78.1292,22.99,18.08,29.66,0.0,51.41
2023-11-06,Kolar,Karnataka,13.1367,78.1292,23.04,18.55,28.31,0.0,62.05
2023-11-07,Kolar,Karnataka,13.1367,78.1292,24.95,20.26,30.3,0.0,46.86
2023-11-08,Kolar,Karnataka,13.1367,78.1292,23.67,18.43,28.05,0.0,46.02
2023-11-09,Kolar,Karnataka,13.1367,78.1292,22.18,15.75,29.8,0.0,48.47
2023-11-10,Kolar,Karnataka,13.1367,78.1292,23.42,18.91,30.41,0.0,48.99
2023-11-11,Kolar,Karnataka,13.1367,78.1292,22.04,17.45,29.31,0.0,43.07
2023-11-12,Kolar,Karnataka,13.1367,78.1292,23.96,17.22,28.01,0.0,55.58
2023-11-13,Kolar,Karnataka,13.1367,78.1292,23.68,17.8,29.64,0.0,53.85
2023-11-14,Kolar,Karnataka,13.1367,78.1292,24.36,19.56,29.21,0.0,47.81
2023-11-15,Kolar,Karnataka,13.1367,78.1292,23.59,17.3,27.94,0.0,42.82
2023-11-16,Kolar,Karnataka,13.1367,78.1292,21.42,15.61,25.63,0.0,42.71
2023-11-17,Kolar,Karnataka,13.1367,78.1292,23.59,19.4,28.74,0.0,55.39
2023-11-18,Kolar,Karnataka,13.1367,78.1292,21.13,15.43,27.33,0.0,53.84
2023-11-19,Kolar,Karnataka,13.1367,78.1292,20.1,15.34,24.95,0.0,49.76
2023-11-20,Kolar,Karnataka,13.1367,78.1292,21.91,15.15,28.72,0.0,52.21
2023-11-21,Kolar,Karnataka,13.1367,78.1292,20.88,14.56,25.79,0.0,56.46
2023-11-22,Kolar,Karnataka,13.1367,78.1292,22.08,15.16,29.66,0.0,48.86
2023-11-23,Kolar,Karnataka,13.1367,78.1292,23.03,17.17,29.04,0.0,45.58
2023-11-24,Kolar,Karnataka,13.1367,78.1292,21.72,17.58,25.89,0.0,42.72
2023-11-25,Kolar,Karnataka,13.1367,78.1292,20.75,14.64,28.47,0.0,49.33
2023-11-26,Kolar,Karnataka,13.1367,78.1292,22.73,16.46,27.05,0.0,44.97
2023-11-27,Kolar,Karnataka,13.1367,78.1292,21.26,14.75,29.01,0.0,52.98
2023-11-28,Kolar,Karnataka,13.1367,78.1292,21.0,15.79,25.77,0.0,55.71
2023-11-29,Kolar,Karnataka,13.1367,78.1292,20.78,13.81,26.89,0.0,56.39
2023-11-30,Kolar,Karnataka,13.1367,78.1292,22.0,15.93,29.93,0.0,48.95
2023-12-01,Kolar,Karnataka,13.1367,78.1292,19.75,14.03,26.22,0.0,56.06
2023-12-02,Kolar,Karnataka,13.1367,78.1292,20.73,16.32,27.69,0.0,59.08
2023-12-03,Kolar,Karnataka,13.1367,78.1292,21.48,16.95,27.86,0.0,58.66
2023-12-04,Kolar,Karnataka,13.1367,78.1292,21.17,14.27,26.12,0.0,50.13
2023-12-05,Kolar,Karnataka,13.1367,78.1292,19.42,14.88,26.15,0.0,49.12
2023-12-06,Kolar,Karnataka,13.1367,78.1292,20.69,14.26,25.23,0.0,48.38
2023-12-07,Kolar,Karnataka,13.1367,78.1292,21.59,15.96,28.48,0.0,50.44
2023-12-08,Kolar,Karnataka,13.1367,78.1292,22.49,17.53,27.35,0.0,58.12
2023-12-09,Kolar,Karnataka,13.1367,78.1292,18.93,14.43,23.34,0.0,47.66
2023-12-10,Kolar,Karnataka,13.1367,78.1292,21.82,16.12,29.7,0.0,38.23
2023-12-11,Kolar,Karnataka,13.1367,78.1292,20.56,15.06,26.6,0.0,39.7
2023-12-12,Kolar,Karnataka,13.1367,78.1292,20.4,15.32,26.32,0.0,50.18
2023-12-13,Kolar,Karnataka,13.1367,78.1292,20.69,13.89,28.35,0.0,64.8
2023-12-14,Kolar,Karnataka,13.1367,78.1292,21.65,15.07,27.0,0.0,50.26
2023-12-15,Kolar,Karnataka,13.1367,78.1292,20.87,15.07,25.69,0.0,44.85
2023-12-16,Kolar,Karnataka,13.1367,78.1292,19.17,14.5,27.06,0.0,56.57
2023-12-17,Kolar,Karnataka,13.1367,78.1292,21.38,15.9,25.46,0.0,42.88
2023-12-18,Kolar,Karnataka,13.1367,78.1292,20.3,14.3,27.77,0.0,44.49
2023-12-19,Kolar,Karnataka,13.1367,78.1292,19.48,14.05,24.17,0.0,54.06
2023-12-20,Kolar,Karnataka,13.1367,78.1292,22.06,16.34,26.54,0.0,47.18
2023-12-21,Kolar,Karnataka,13.1367,78.1292,19.28,13.0,27.17,0.0,50.04
2023-12-22,Kolar,Karnataka,13.1367,78.1292,20.83,15.4,25.78,0.0,57.75
2023-12-23,Kolar,Karnataka,13.1367,78.1292,21.38,15.01,28.81,0.0,52.0
2023-12-24,Kolar,Karnataka,13.1367,78.1292,17.76,11.58,23.86,0.0,60.21
2023-12-25,Kolar,Karnataka,13.1367,78.1292,22.23,15.77,27.09,0.0,59.52
2023-12-26,Kolar,Karnataka,13.1367,78.1292,18.35,12.07,24.51,0.0,51.23
2023-12-27,Kolar,Karnataka,13.1367,78.1292,19.58,14.07,25.14,0.0,40.13
2023-12-28,Kolar,Karnataka,13.1367,78.1292,19.94,14.76,26.25,0.0,58.05
2023-12-29,Kolar,Karnataka,13.1367,78.1292,19.43,13.53,23.86,0.0,51.85
2023-12-30,Kolar,Karnataka,13.1367,78.1292,21.57,16.84,28.54,0.0,52.45
2023-12-31,Kolar,Karnataka,13.1367,78.1292,19.43,13.62,25.74,0.0,42.09
2024-01-01,Kolar,Karnataka,13.1367,78.1292,19.21,13.22,26.29,0.0,53.51
2024-01-02,Kolar,Karnataka,13.1367,78.1292,18.39,11.79,24.19,0.0,52.74
2024-01-03,Kolar,Karnataka,13.1367,78.1292,22.98,16.75,28.03,0.0,51.63
2024-01-04,Kolar,Karnataka,13.1367,78.1292,18.47,11.67,24.56,0.0,56.72
2024-01-05,Kolar,Karnataka,13.1367,78.1292,20.79,14.05,28.1,1.19,57.49
2024-01-06,Kolar,Karnataka,13.1367,78.1292,20.18,15.68,25.25,0.0,58.76
2024-01-07,Kolar,Karnataka,13.1367,78.1292,19.23,13.76,26.02,0.0,56.75
2024-01-08,Kolar,Karnataka,13.1367,78.1292,19.74,13.0,24.89,0.0,53.26
2024-01-09,Kolar,Karnataka,13.1367,78.1292,19.32,12.74,25.09,0.0,48.98
2024-01-10,Kolar,Karnataka,13.1367,78.1292,21.39,15.01,27.9,0.0,48.4
2024-01-11,Kolar,Karnataka,13.1367,78.1292,18.65,12.76,23.05,0.0,45.19
2024-01-12,Kolar,Karnataka,13.1367,78.1292,21.18,16.11,28.89,0.0,48.81
2024-01-13,Kolar,Karnataka,13.1367,78.1292,19.76,15.43,24.04,0.0,42.63
2024-01-14,Kolar,Karnataka,13.1367,78.1292,18.8,13.12,25.89,0.0,41.03
2024-01-15,Kolar,Karnataka,13.1367,78.1292,18.63,13.62,25.27,0.0,56.94
2024-01-16,Kolar,Karnataka,13.1367,78.1292,19.41,14.18,23.43,0.0,47.56
2024-01-17,Kolar,Karnataka,13.1367,78.1292,19.85,14.49,25.25,0.0,51.51
2024-01-18,Kolar,Karnataka,13.1367,78.1292,21.32,16.06,26.99,0.0,53.89
2024-01-19,Kolar,Karnataka,13.1367,78.1292,20.05,14.79,27.3,0.0,47.37
2024-01-20,Kolar,Karnataka,13.1367,78.1292,20.83,14.22,26.43,0.0,49.84
2024-01-21,Kolar,Karnataka,13.1367,78.1292,20.54,15.5,26.47,1.35,61.56
2024-01-22,Kolar,Karnataka,13.1367,78.1292,19.77,13.85,26.54,0.0,54.22
2024-01-23,Kolar,Karnataka,13.1367,78.1292,20.09,15.15,25.71,0.0,44.6
2024-01-24,Kolar,Karnataka,13.1367,78.1292,19.37,14.73,27.15,7.72,45.71
2024-01-25,Kolar,Karnataka,13.1367,78.1292,19.71,14.14,23.79,0.0,45.95
2024-01-26,Kolar,Karnataka,13.1367,78.1292,19.87,15.06,27.4,0.0,54.51
2024-01-27,Kolar,Karnataka,13.1367,78.1292,18.23,11.54,25.95,0.0,58.9
2024-01-28,Kolar,Karnataka,13.1367,78.1292,18.09,13.16,25.08,0.0,45.84
2024-01-29,Kolar,Karnataka,13.1367,78.1292,22.1,16.77,26.13,0.0,50.05
2024-01-30,Kolar,Karnataka,13.1367,78.1292,19.16,14.5,26.81,0.0,52.86
2024-01-31,Kolar,Karnataka,13.1367,78.1292,20.36,16.13,26.39,0.0,65.09
2024-02-01,Kolar,Karnataka,13.1367,78.1292,19.65,15.09,24.22,0.0,50.26
2024-02-02,Kolar,Karnataka,13.1367,78.1292,21.35,15.12,26.79,0.0,48.6
2024-02-03,Kolar,Karnataka,13.1367,78.1292,20.07,14.35,26.72,0.0,46.12
2024-02-04,Kolar,Karnataka,13.1367,78.1292,20.99,14.89,26.66,0.0,54.05
2024-02-05,Kolar,Karnataka,13.1367,78.1292,19.24,13.82,24.75,0.0,52.45
2024-02-06,Kolar,Karnataka,13.1367,78.1292,21.77,15.28,27.03,0.0,60.34
2024-02-07,Kolar,Karnataka,13.1367,78.1292,21.34,14.41,28.21,0.0,54.94
2024-02-08,Kolar,Karnataka,13.1367,78.1292,20.01,13.3,27.19,0.0,47.42
2024-02-09,Kolar,Karnataka,13.1367,78.1292,21.79,17.61,27.49,0.0,52.32
2024-02-10,Kolar,Karnataka,13.1367,78.1292,20.24,14.48,28.1,0.0,31.4
2024-02-11,Kolar,Karnataka,13.1367,78.1292,18.96,12.12,23.49,0.0,44.04
2024-02-12,Kolar,Karnataka,13.1367,78.1292,20.6,13.78,28.16,0.0,43.72
2024-02-13,Kolar,Karnataka,13.1367,78.1292,18.62,12.25,23.01,0.0,51.2
2024-02-14,Kolar,Karnataka,13.1367,78.1292,20.9,15.46,28.7,3.96,60.31
2024-02-15,Kolar,Karnataka,13.1367,78.1292,20.26,15.46,24.99,0.0,51.43
2024-02-16,Kolar,Karnataka,13.1367,78.1292,22.42,18.22,29.5,0.0,51.39
2024-02-17,Kolar,Karnataka,13.1367,78.1292,19.2,15.04,25.52,0.0,45.41
2024-02-18,Kolar,Karnataka,13.1367,78.1292,19.31,12.4,24.81,0.0,52.57
2024-02-19,Kolar,Karnataka,13.1367,78.1292,20.11,15.08,26.3,0.0,47.93
2024-02-20,Kolar,Karnataka,13.1367,78.1292,20.84,14.55,24.96,0.0,63.34
2024-02-21,Kolar,Karnataka,13.1367,78.1292,20.41,13.41,24.7,0.0,53.89
2024-02-22,Kolar,Karnataka,13.1367,78.1292,20.74,15.86,25.38,0.0,57.41
2024-02-23,Kolar,Karnataka,13.1367,78.1292,23.46,16.77,27.47,0.0,54.9
2024-02-24,Kolar,Karnataka,13.1367,78.1292,21.81,17.5,29.21,0.0,50.1
2024-02-25,Kolar,Karnataka,13.1367,78.1292,21.98,15.73,27.61,0.0,47.01
2024-02-26,Kolar,Karnataka,13.1367,78.1292,19.08,14.63,23.44,0.0,50.68
2024-02-27,Kolar,Karnataka,13.1367,78.1292,22.66,15.99,27.94,2.4,57.56
2024-02-28,Kolar,Karnataka,13.1367,78.1292,20.32,15.2,25.44,0.0,48.91
2024-02-29,Kolar,Karnataka,13.1367,78.1292,20.67,16.37,25.92,0.0,52.81
2024-03-01,Kolar,Karnataka,13.1367,78.1292,22.16,16.03,29.89,0.0,55.27
2024-03-02,Kolar,Karnataka,13.1367,78.1292,23.25,16.69,27.6,0.0,49.03
2024-03-03,Kolar,Karnataka,13.1367,78.1292,21.26,15.25,28.96,0.0,37.15
2024-03-04,Kolar,Karnataka,13.1367,78.1292,22.67,17.43,29.8,0.0,52.88
2024-03-05,Kolar,Karnataka,13.1367,78.1292,20.06,15.82,25.64,1.6,42.39
2024-03-06,Kolar,Karnataka,13.1367,78.1292,22.09,16.5,29.14,0.0,40.19
2024-03-07,Kolar,Karnataka,13.1367,78.1292,22.45,16.44,28.0,0.0,39.97
2024-03-08,Kolar,Karnataka,13.1367,78.1292,21.69,15.45,25.72,0.0,42.35
2024-03-09,Kolar,Karnataka,13.1367,78.1292,21.02,16.71,26.86,0.0,43.4
2024-03-10,Kolar,Karnataka,13.1367,78.1292,22.97,16.15,30.31,0.0,42.01
2024-03-11,Kolar,Karnataka,13.1367,78.1292,24.48,20.43,31.89,0.0,53.18
2024-03-12,Kolar,Karnataka,13.1367,78.1292,22.28,15.37,26.63,0.0,47.05
2024-03-13,Kolar,Karnataka,13.1367,78.1292,19.9,13.35,25.41,0.0,52.5
2024-03-14,Kolar,Karnataka,13.1367,78.1292,21.97,17.86,27.61,0.0,54.15
2024-03-15,Kolar,Karnataka,13.1367,78.1292,20.16,15.07,27.96,0.0,52.55
2024-03-16,Kolar,Karnataka,13.1367,78.1292,21.78,15.01,27.33,0.0,46.25
2024-03-17,Kolar,Karnataka,13.1367,78.1292,21.56,15.67,27.87,0.0,54.65
2024-03-18,Kolar,Karnataka,13.1367,78.1292,22.97,16.56,28.66,0.0,45.65
2024-03-19,Kolar,Karnataka,13.1367,78.1292,23.04,18.97,27.14,0.0,46.34
2024-03-20,Kolar,Karnataka,13.1367,78.1292,25.24,18.87,29.28,0.0,52.0
2024-03-21,Kolar,Karnataka,13.1367,78.1292,24.2,19.72,29.8,0.0,55.34
2024-03-22,Kolar,Karnataka,13.1367,78.1292,24.59,18.52,29.35,0.0,49.45
2024-03-23,Kolar,Karnataka,13.1367,78.1292,21.86,16.08,27.81,0.0,41.17
2024-03-24,Kolar,Karnataka,13.1367,78.1292,24.17,18.02,31.03,0.0,51.85
2024-03-25,Kolar,Karnataka,13.1367,78.1292,22.85,17.31,27.14,0.0,53.39
2024-03-26,Kolar,Karnataka,13.1367,78.1292,22.7,16.16,28.54,0.0,58.13
2024-03-27,Kolar,Karnataka,13.1367,78.1292,22.35,17.7,29.57,0.0,52.41
2024-03-28,Kolar,Karnataka,13.1367,78.1292,23.77,18.02,29.23,0.0,52.59
2024-03-29,Kolar,Karnataka,13.1367,78.1292,25.45,20.3,31.77,0.0,48.23
2024-03-30,Kolar,Karnataka,13.1367,78.1292,25.4,21.08,31.44,0.0,59.65
2024-03-31,Kolar,Karnataka,13.1367,78.1292,22.47,16.32,29.92,0.0,51.2
2024-04-01,Kolar,Karnataka,13.1367,78.1292,22.39,16.23,29.57,0.0,52.6
2024-04-02,Kolar,Karnataka,13.1367,78.1292,24.06,19.92,29.92,0.0,46.42
2024-04-03,Kolar,Karnataka,13.1367,78.1292,23.23,16.78,27.79,0.0,45.56
2024-04-04,Kolar,Karnataka,13.1367,78.1292,25.14,19.02,29.79,0.0,57.67
2024-04-05,Kolar,Karnataka,13.1367,78.1292,22.47,18.37,28.82,0.0,51.72
2024-04-06,Kolar,Karnataka,13.1367,78.1292,22.54,17.71,29.32,0.0,40.25
2024-04-07,Kolar,Karnataka,13.1367,78.1292,24.44,18.74,30.04,0.0,38.8
2024-04-08,Kolar,Karnataka,13.1367,78.1292,25.08,19.62,30.8,0.0,45.5
2024-04-09,Kolar,Karnataka,13.1367,78.1292,22.52,17.63,26.91,0.0,56.59
2024-04-10,Kolar,Karnataka,13.1367,78.1292,24.19,18.69,31.77,0.0,57.84
2024-04-11,Kolar,Karnataka,13.1367,78.1292,25.1,20.84,31.71,0.0,51.06
2024-04-12,Kolar,Karnataka,13.1367,78.1292,25.61,21.06,31.31,0.0,51.05
2024-04-13,Kolar,Karnataka,13.1367,78.1292,24.56,18.84,31.74,0.0,53.22
2024-04-14,Kolar,Karnataka,13.1367,78.1292,24.87,19.78,31.83,0.0,54.21
2024-04-15,Kolar,Karnataka,13.1367,78.1292,25.74,19.63,32.85,0.0,37.77
2024-04-16,Kolar,Karnataka,13.1367,78.1292,25.7,20.21,33.04,0.0,43.27
2024-04-17,Kolar,Karnataka,13.1367,78.1292,24.15,17.77,31.88,0.0,52.53
2024-04-18,Kolar,Karnataka,13.1367,78.1292,24.06,18.63,31.99,0.0,53.81
2024-04-19,Kolar,Karnataka,13.1367,78.1292,23.25,19.18,30.89,0.0,56.14
2024-04-20,Kolar,Karnataka,13.1367,78.1292,22.15,15.43,28.17,0.0,55.39
2024-04-21,Kolar,Karnataka,13.1367,78.1292,25.39,19.46,29.88,0.0,45.69
2024-04-22,Kolar,Karnataka,13.1367,78.1292,24.94,20.39,30.6,0.0,54.67
2024-04-23,Kolar,Karnataka,13.1367,78.1292,26.28,20.15,32.59,0.0,57.81
2024-04-24,Kolar,Karnataka,13.1367,78.1292,25.46,20.64,31.8,0.0,40.03
2024-04-25,Kolar,Karnataka,13.1367,78.1292,24.91,18.68,32.44,0.0,53.68
2024-04-26,Kolar,Karnataka,13.1367,78.1292,25.61,20.04,32.5,0.0,48.27
2024-04-27,Kolar,Karnataka,13.1367,78.1292,26.07,20.95,33.66,0.0,63.51
2024-04-28,Kolar,Karnataka,13.1367,78.1292,27.55,22.9,33.88,0.0,52.19
2024-04-29,Kolar,Karnataka,13.1367,78.1292,26.88,20.22,34.02,0.0,54.64
2024-04-30,Kolar,Karnataka,13.1367,78.1292,25.83,19.41,33.28,0.0,52.62
2024-05-01,Kolar,Karnataka,13.1367,78.1292,25.09,20.94,31.76,1.52,49.89
2024-05-02,Kolar,Karnataka,13.1367,78.1292,27.66,20.72,35.63,0.0,56.5
2024-05-03,Kolar,Karnataka,13.1367,78.1292,23.66,19.57,28.25,0.0,54.05
2024-05-04,Kolar,Karnataka,13.1367,78.1292,26.11,20.37,34.07,0.0,57.49
2024-05-05,Kolar,Karnataka,13.1367,78.1292,27.36,20.44,33.5,0.0,50.97
2024-05-06,Kolar,Karnataka,13.1367,78.1292,26.07,21.96,30.82,0.0,52.49
2024-05-07,Kolar,Karnataka,13.1367,78.1292,25.6,19.4,31.78,0.0,50.67
2024-05-08,Kolar,Karnataka,13.1367,78.1292,27.38,20.91,32.13,0.0,44.93
2024-05-09,Kolar,Karnataka,13.1367,78.1292,27.75,21.07,34.9,0.0,51.83
2024-05-10,Kolar,Karnataka,13.1367,78.1292,25.95,21.81,30.38,0.0,51.62
2024-05-11,Kolar,Karnataka,13.1367,78.1292,26.22,22.2,32.48,0.0,54.45
2024-05-12,Kolar,Karnataka,13.1367,78.1292,25.61,20.7,32.76,0.0,52.26
2024-05-13,Kolar,Karnataka,13.1367,78.1292,26.87,21.79,31.64,0.0,40.83
2024-05-14,Kolar,Karnataka,13.1367,78.1292,27.71,23.43,33.63,0.0,54.27
2024-05-15,Kolar,Karnataka,13.1367,78.1292,26.75,21.49,32.03,0.0,49.11
2024-05-16,Kolar,Karnataka,13.1367,78.1292,27.78,22.4,33.53,0.0,53.98
2024-05-17,Kolar,Karnataka,13.1367,78.1292,27.31,22.66,33.0,0.0,52.03
2024-05-18,Kolar,Karnataka,13.1367,78.1292,26.39,20.1,33.57,0.0,59.32
2024-05-19,Kolar,Karnataka,13.1367,78.1292,24.6,18.58,31.22,0.0,43.83
2024-05-20,Kolar,Karnataka,13.1367,78.1292,25.5,20.62,30.64,0.0,54.23
2024-05-21,Kolar,Karnataka,13.1367,78.1292,25.37,18.49,31.27,0.0,56.47
2024-05-22,Kolar,Karnataka,13.1367,78.1292,28.62,22.7,35.69,0.0,46.35
2024-05-23,Kolar,Karnataka,13.1367,78.1292,26.41,22.16,30.7,0.0,47.23
2024-05-24,Kolar,Karnataka,13.1367,78.1292,27.41,23.26,32.52,0.0,45.02
2024-05-25,Kolar,Karnataka,13.1367,78.1292,28.14,24.03,34.9,0.0,57.02
2024-05-26,Kolar,Karnataka,13.1367,78.1292,28.59,22.49,33.14,0.0,44.84
2024-05-27,Kolar,Karnataka,13.1367,78.1292,26.54,21.19,34.31,0.0,57.91
2024-05-28,Kolar,Karnataka,13.1367,78.1292,27.31,21.05,32.24,0.0,62.55
2024-05-29,Kolar,Karnataka,13.1367,78.1292,26.64,22.51,33.01,0.0,93.69
2024-05-30,Kolar,Karnataka,13.1367,78.1292,26.9,22.13,34.69,0.0,88.97
2024-05-31,Kolar,Karnataka,13.1367,78.1292,26.54,22.23,31.7,0.0,86.65
2024-06-01,Kolar,Karnataka,13.1367,78.1292,26.19,21.06,30.85,0.0,76.18
2024-06-02,Kolar,Karnataka,13.1367,78.1292,26.46,20.94,31.65,0.0,83.62
2024-06-03,Kolar,Karnataka,13.1367,78.1292,28.2,23.48,34.95,0.0,85.27
2024-06-04,Kolar,Karnataka,13.1367,78.1292,27.89,22.94,34.19,6.36,80.05
2024-06-05,Kolar,Karnataka,13.1367,78.1292,29.06,24.71,35.7,0.0,86.88
2024-06-06,Kolar,Karnataka,13.1367,78.1292,28.52,23.88,35.5,0.0,85.97
2024-06-07,Kolar,Karnataka,13.1367,78.1292,29.46,24.34,37.29,0.0,95.66
2024-06-08,Kolar,Karnataka,13.1367,78.1292,29.06,24.66,33.96,13.02,83.89
2024-06-09,Kolar,Karnataka,13.1367,78.1292,29.07,23.52,34.64,0.0,79.03
2024-06-10,Kolar,Karnataka,13.1367,78.1292,28.07,21.92,33.7,0.0,88.35
2024-06-11,Kolar,Karnataka,13.1367,78.1292,26.84,20.17,33.48,0.0,77.4
2024-06-12,Kolar,Karnataka,13.1367,78.1292,29.27,23.95,34.1,2.38,96.35
2024-06-13,Kolar,Karnataka,13.1367,78.1292,27.3,22.9,33.42,0.0,87.17
2024-06-14,Kolar,Karnataka,13.1367,78.1292,28.44,24.42,34.57,1.5,87.09
2024-06-15,Kolar,Karnataka,13.1367,78.1292,30.62,24.15,36.26,9.93,95.36
2024-06-16,Kolar,Karnataka,13.1367,78.1292,30.62,25.37,38.4,5.52,83.24
2024-06-17,Kolar,Karnataka,13.1367,78.1292,30.51,25.68,34.99,0.0,82.74
2024-06-18,Kolar,Karnataka,13.1367,78.1292,27.23,21.59,31.81,13.48,87.28
2024-06-19,Kolar,Karnataka,13.1367,78.1292,27.4,21.2,33.45,0.0,74.71
2024-06-20,Kolar,Karnataka,13.1367,78.1292,29.61,22.9,35.24,19.56,83.77
2024-06-21,Kolar,Karnataka,13.1367,78.1292,27.59,23.58,33.06,0.0,79.73
2024-06-22,Kolar,Karnataka,13.1367,78.1292,28.55,23.66,36.04,9.11,83.46
2024-06-23,Kolar,Karnataka,13.1367,78.1292,28.54,22.75,36.37,29.69,87.4
2024-06-24,Kolar,Karnataka,13.1367,78.1292,29.0,22.28,35.89,0.53,82.94
2024-06-25,Kolar,Karnataka,13.1367,78.1292,28.75,23.75,35.8,0.0,79.56
2024-06-26,Kolar,Karnataka,13.1367,78.1292,27.01,22.36,33.43,0.0,83.4
2024-06-27,Kolar,Karnataka,13.1367,78.1292,27.6,22.38,34.9,5.03,75.83
2024-06-28,Kolar,Karnataka,13.1367,78.1292,28.06,24.06,35.95,37.07,87.28
2024-06-29,Kolar,Karnataka,13.1367,78.1292,29.41,24.98,36.91,11.36,91.38
2024-06-30,Kolar,Karnataka,13.1367,78.1292,28.97,22.29,34.69,0.0,81.07
2024-07-01,Kolar,Karnataka,13.1367,78.1292,29.44,22.48,35.39,11.62,81.05
2024-07-02,Kolar,Karnataka,13.1367,78.1292,28.9,24.38,33.39,5.05,84.07
2024-07-03,Kolar,Karnataka,13.1367,78.1292,29.33,23.51,34.29,4.43,85.75
2024-07-04,Kolar,Karnataka,13.1367,78.1292,28.56,22.92,34.19,0.0,83.53
2024-07-05,Kolar,Karnataka,13.1367,78.1292,29.03,23.7,34.79,15.12,76.16
2024-07-06,Kolar,Karnataka,13.1367,78.1292,29.46,23.91,36.74,0.0,79.11
2024-07-07,Kolar,Karnataka,13.1367,78.1292,28.64,22.94,36.31,0.0,87.9
2024-07-08,Kolar,Karnataka,13.1367,78.1292,26.77,21.36,34.65,0.0,83.27
2024-07-09,Kolar,Karnataka,13.1367,78.1292,27.98,21.17,33.32,0.0,77.69
2024-07-10,Kolar,Karnataka,13.1367,78.1292,29.66,25.35,36.18,7.29,85.93
2024-07-11,Kolar,Karnataka,13.1367,78.1292,27.59,21.55,35.47,5.63,79.72
2024-07-12,Kolar,Karnataka,13.1367,78.1292,29.39,22.96,34.76,1.77,86.49
2024-07-13,Kolar,Karnataka,13.1367,78.1292,30.32,24.67,36.4,0.0,86.77
2024-07-14,Kolar,Karnataka,13.1367,78.1292,27.18,20.32,33.41,2.9,92.29
2024-07-15,Kolar,Karnataka,13.1367,78.1292,28.01,23.11,32.65,0.0,83.27
2024-07-16,Kolar,Karnataka,13.1367,78.1292,27.54,21.02,31.54,3.51,77.26
2024-07-17,Kolar,Karnataka,13.1367,78.1292,26.61,22.33,30.71,5.0,82.66
2024-07-18,Kolar,Karnataka,13.1367,78.1292,29.09,23.3,36.36,1.39,81.0
2024-07-19,Kolar,Karnataka,13.1367,78.1292,29.9,23.07,37.09,0.0,82.76
2024-07-20,Kolar,Karnataka,13.1367,78.1292,31.09,24.12,37.87,0.0,81.39
2024-07-21,Kolar,Karnataka,13.1367,78.1292,28.66,22.92,33.38,0.0,91.56
2024-07-22,Kolar,Karnataka,13.1367,78.1292,28.44,24.14,35.06,0.0,87.97
2024-07-23,Kolar,Karnataka,13.1367,78.1292,27.56,20.84,33.99,24.45,85.25
2024-07-24,Kolar,Karnataka,13.1367,78.1292,28.02,23.31,32.3,0.0,78.76
2024-07-25,Kolar,Karnataka,13.1367,78.1292,29.01,24.64,34.73,20.84,89.86
2024-07-26,Kolar,Karnataka,13.1367,78.1292,30.27,25.53,34.5,0.0,84.38
2024-07-27,Kolar,Karnataka,13.1367,78.1292,30.78,26.68,35.11,9.97,82.06
2024-07-28,Kolar,Karnataka,13.1367,78.1292,27.22,20.46,34.17,5.97,85.09
2024-07-29,Kolar,Karnataka,13.1367,78.1292,31.78,26.41,38.69,0.04,87.97
2024-07-30,Kolar,Karnataka,13.1367,78.1292,30.8,24.07,35.9,0.33,90.12
2024-07-31,Kolar,Karnataka,13.1367,78.1292,28.86,22.05,34.1,36.64,76.86
2024-08-01,Kolar,Karnataka,13.1367,78.1292,29.5,25.02,34.15,0.0,82.55
2024-08-02,Kolar,Karnataka,13.1367,78.1292,27.42,22.45,31.75,4.81,84.66
2024-08-03,Kolar,Karnataka,13.1367,78.1292,28.88,23.2,34.47,0.0,88.73
2024-08-04,Kolar,Karnataka,13.1367,78.1292,27.95,22.7,34.37,2.25,80.11
2024-08-05,Kolar,Karnataka,13.1367,78.1292,28.81,22.56,35.24,0.0,79.92
2024-08-06,Kolar,Karnataka,13.1367,78.1292,24.79,18.83,29.97,11.79,83.23
2024-08-07,Kolar,Karnataka,13.1367,78.1292,26.56,20.94,32.04,0.0,81.32
2024-08-08,Kolar,Karnataka,13.1367,78.1292,28.91,24.01,36.44,0.34,88.16
2024-08-09,Kolar,Karnataka,13.1367,78.1292,27.3,22.11,31.67,37.6,82.26
2024-08-10,Kolar,Karnataka,13.1367,78.1292,30.79,26.17,35.49,8.29,92.67
2024-08-11,Kolar,Karnataka,13.1367,78.1292,26.93,21.76,32.76,0.0,91.35
2024-08-12,Kolar,Karnataka,13.1367,78.1292,29.39,24.62,36.11,8.78,81.25
2024-08-13,Kolar,Karnataka,13.1367,78.1292,27.48,20.52,33.48,9.53,79.46
2024-08-14,Kolar,Karnataka,13.1367,78.1292,27.29,20.33,33.38,0.0,84.74
2024-08-15,Kolar,Karnataka,13.1367,78.1292,26.31,21.16,30.49,14.91,87.26
2024-08-16,Kolar,Karnataka,13.1367,78.1292,27.73,21.63,33.52,25.82,89.5
2024-08-17,Kolar,Karnataka,13.1367,78.1292,27.44,22.58,32.47,6.75,79.7
2024-08-18,Kolar,Karnataka,13.1367,78.1292,27.44,20.91,35.2,0.18,86.24
2024-08-19,Kolar,Karnataka,13.1367,78.1292,28.59,23.23,33.52,0.0,83.6
2024-08-20,Kolar,Karnataka,13.1367,78.1292,28.37,23.08,35.52,12.55,83.53
2024-08-21,Kolar,Karnataka,13.1367,78.1292,29.71,24.76,36.11,30.84,82.49
2024-08-22,Kolar,Karnataka,13.1367,78.1292,30.96,24.12,35.66,0.0,92.39
2024-08-23,Kolar,Karnataka,13.1367,78.1292,26.61,19.69,31.1,20.34,84.46
2024-08-24,Kolar,Karnataka,13.1367,78.1292,25.77,20.6,30.22,18.32,82.26
2024-08-25,Kolar,Karnataka,13.1367,78.1292,28.26,23.9,32.51,23.82,87.89
2024-08-26,Kolar,Karnataka,13.1367,78.1292,28.86,23.1,35.14,10.65,87.02
2024-08-27,Kolar,Karnataka,13.1367,78.1292,28.12,21.69,35.29,0.0,85.31
2024-08-28,Kolar,Karnataka,13.1367,78.1292,26.51,21.77,30.86,0.0,91.32
2024-08-29,Kolar,Karnataka,13.1367,78.1292,29.13,22.75,36.5,4.99,88.46
2024-08-30,Kolar,Karnataka,13.1367,78.1292,28.89,21.97,33.68,0.0,78.79
2024-08-31,Kolar,Karnataka,13.1367,78.1292,26.61,21.69,33.44,10.1,79.57
2024-09-01,Kolar,Karnataka,13.1367,78.1292,26.99,21.69,34.79,0.0,87.25
2024-09-02,Kolar,Karnataka,13.1367,78.1292,28.65,23.83,36.27,0.0,83.96
2024-09-03,Kolar,Karnataka,13.1367,78.1292,27.15,21.06,35.0,5.25,87.49
2024-09-04,Kolar,Karnataka,13.1367,78.1292,26.34,22.11,31.61,0.0,90.56
2024-09-05,Kolar,Karnataka,13.1367,78.1292,28.72,23.99,33.72,0.0,90.82
2024-09-06,Kolar,Karnataka,13.1367,78.1292,26.95,22.8,31.43,0.0,88.12
2024-09-07,Kolar,Karnataka,13.1367,78.1292,23.41,16.9,27.93,0.0,85.71
2024-09-08,Kolar,Karnataka,13.1367,78.1292,28.73,21.91,33.7,6.69,85.03
2024-09-09,Kolar,Karnataka,13.1367,78.1292,25.96,19.16,33.07,0.0,81.01
2024-09-10,Kolar,Karnataka,13.1367,78.1292,27.98,23.76,35.85,0.0,87.47
2024-09-11,Kolar,Karnataka,13.1367,78.1292,25.93,21.9,31.9,0.0,81.49
2024-09-12,Kolar,Karnataka,13.1367,78.1292,28.13,21.86,35.45,6.93,85.4
2024-09-13,Kolar,Karnataka,13.1367,78.1292,27.48,23.31,34.3,33.64,82.66
2024-09-14,Kolar,Karnataka,13.1367,78.1292,26.72,22.38,34.58,0.0,81.6
2024-09-15,Kolar,Karnataka,13.1367,78.1292,25.74,19.89,30.2,0.0,82.41
2024-09-16,Kolar,Karnataka,13.1367,78.1292,28.08,23.31,36.06,0.0,80.72
2024-09-17,Kolar,Karnataka,13.1367,78.1292,29.01,23.02,33.23,0.0,78.78
2024-09-18,Kolar,Karnataka,13.1367,78.1292,25.64,19.12,31.91,7.43,81.16
2024-09-19,Kolar,Karnataka,13.1367,78.1292,26.13,21.52,33.88,0.0,89.86
2024-09-20,Kolar,Karnataka,13.1367,78.1292,28.33,22.9,34.07,10.01,84.38
2024-09-21,Kolar,Karnataka,13.1367,78.1292,26.73,22.22,31.57,0.0,84.64
2024-09-22,Kolar,Karnataka,13.1367,78.1292,26.72,20.29,33.42,0.0,97.41
2024-09-23,Kolar,Karnataka,13.1367,78.1292,27.22,20.63,32.32,0.0,85.05
2024-09-24,Kolar,Karnataka,13.1367,78.1292,26.35,21.74,33.85,9.84,81.52
2024-09-25,Kolar,Karnataka,13.1367,78.1292,27.93,21.2,35.91,6.44,92.11
2024-09-26,Kolar,Karnataka,13.1367,78.1292,25.59,19.84,33.36,0.0,87.2
2024-09-27,Kolar,Karnataka,13.1367,78.1292,25.26,21.21,30.39,0.0,47.77
2024-09-28,Kolar,Karnataka,13.1367,78.1292,26.67,21.73,31.49,0.0,50.47
2024-09-29,Kolar,Karnataka,13.1367,78.1292,24.14,17.2,30.06,0.0,49.93
2024-09-30,Kolar,Karnataka,13.1367,78.1292,25.18,18.77,32.42,0.0,51.1
2024-10-01,Kolar,Karnataka,13.1367,78.1292,26.49,20.14,33.82,0.0,53.23
2024-10-02,Kolar,Karnataka,13.1367,78.1292,25.82,21.48,32.14,0.0,46.35
2024-10-03,Kolar,Karnataka,13.1367,78.1292,25.73,21.58,31.58,0.0,53.96
2024-10-04,Kolar,Karnataka,13.1367,78.1292,24.15,17.57,29.47,1.07,49.19
2024-10-05,Kolar,Karnataka,13.1367,78.1292,24.68,18.79,30.72,0.0,56.14
2024-10-06,Kolar,Karnataka,13.1367,78.1292,26.34,20.44,31.79,0.0,43.58
2024-10-07,Kolar,Karnataka,13.1367,78.1292,25.4,20.29,31.8,0.0,44.78
2024-10-08,Kolar,Karnataka,13.1367,78.1292,24.96,20.69,30.81,0.0,49.7
2024-10-09,Kolar,Karnataka,13.1367,78.1292,25.02,20.53,29.87,0.0,37.82
2024-10-10,Kolar,Karnataka,13.1367,78.1292,24.88,20.26,30.51,0.0,56.02
2024-10-11,Kolar,Karnataka,13.1367,78.1292,25.42,20.6,32.56,0.0,63.71
2024-10-12,Kolar,Karnataka,13.1367,78.1292,23.64,17.26,27.65,2.16,53.1
2024-10-13,Kolar,Karnataka,13.1367,78.1292,24.3,17.32,28.34,0.0,53.45
2024-10-14,Kolar,Karnataka,13.1367,78.1292,23.92,19.24,31.19,0.0,53.47
2024-10-15,Kolar,Karnataka,13.1367,78.1292,23.22,17.88,31.02,0.0,50.92
2024-10-16,Kolar,Karnataka,13.1367,78.1292,24.15,18.25,29.16,0.0,47.04
2024-10-17,Kolar,Karnataka,13.1367,78.1292,25.45,18.64,33.41,0.0,57.54
2024-10-18,Kolar,Karnataka,13.1367,78.1292,24.77,20.35,31.65,0.0,64.97
2024-10-19,Kolar,Karnataka,13.1367,78.1292,26.44,21.71,31.57,0.0,42.19
2024-10-20,Kolar,Karnataka,13.1367,78.1292,25.1,18.98,32.61,0.47,50.75
2024-10-21,Kolar,Karnataka,13.1367,78.1292,23.64,19.05,28.21,0.0,39.22
2024-10-22,Kolar,Karnataka,13.1367,78.1292,26.65,20.02,33.01,0.0,52.03
2024-10-23,Kolar,Karnataka,13.1367,78.1292,23.11,18.57,30.98,0.0,41.55
2024-10-24,Kolar,Karnataka,13.1367,78.1292,24.56,19.04,31.37,0.0,51.93
2024-10-25,Kolar,Karnataka,13.1367,78.1292,22.55,17.17,27.44,0.0,53.93
2024-10-26,Kolar,Karnataka,13.1367,78.1292,24.31,18.03,31.27,0.0,45.48
2024-10-27,Kolar,Karnataka,13.1367,78.1292,23.61,19.54,28.69,0.0,57.04
2024-10-28,Kolar,Karnataka,13.1367,78.1292,22.27,17.58,27.97,0.0,44.44
2024-10-29,Kolar,Karnataka,13.1367,78.1292,24.5,17.57,32.27,0.0,46.86
2024-10-30,Kolar,Karnataka,13.1367,78.1292,23.42,17.49,28.95,0.0,44.14
2024-10-31,Kolar,Karnataka,13.1367,78.1292,23.49,17.26,28.71,0.0,43.94
2024-11-01,Kolar,Karnataka,13.1367,78.1292,23.39,17.52,27.66,0.0,56.45
2024-11-02,Kolar,Karnataka,13.1367,78.1292,21.67,16.53,26.32,0.0,59.72
2024-11-03,Kolar,Karnataka,13.1367,78.1292,22.93,18.23,29.02,0.0,53.52
2024-11-04,Kolar,Karnataka,13.1367,78.1292,22.51,17.45,26.93,0.0,60.25
2024-11-05,Kolar,Karnataka,13.1367,78.1292,24.94,19.8,30.01,0.0,53.75
2024-11-06,Kolar,Karnataka,13.1367,78.1292,23.67,17.55,28.35,0.0,45.46
2024-11-07,Kolar,Karnataka,13.1367,78.1292,21.45,16.53,27.91,0.0,64.98
2024-11-08,Kolar,Karnataka,13.1367,78.1292,24.43,20.21,30.3,0.0,48.81
2024-11-09,Kolar,Karnataka,13.1367,78.1292,20.78,14.68,27.02,0.0,55.02
2024-11-10,Kolar,Karnataka,13.1367,78.1292,22.33,15.56,26.45,0.0,52.21
2024-11-11,Kolar,Karnataka,13.1367,78.1292,24.17,18.49,30.65,0.0,54.72
2024-11-12,Kolar,Karnataka,13.1367,78.1292,23.09,18.39,28.63,0.0,57.96
2024-11-13,Kolar,Karnataka,13.1367,78.1292,22.48,16.76,28.78,0.46,48.63
2024-11-14,Kolar,Karnataka,13.1367,78.1292,20.74,15.85,26.65,0.0,44.71
2024-11-15,Kolar,Karnataka,13.1367,78.1292,21.17,14.72,26.95,0.0,46.39
2024-11-16,Kolar,Karnataka,13.1367,78.1292,22.32,15.63,28.91,0.0,42.48
2024-11-17,Kolar,Karnataka,13.1367,78.1292,20.51,14.56,27.38,0.0,53.17
2024-11-18,Kolar,Karnataka,13.1367,78.1292,21.64,17.47,26.29,0.0,53.31
2024-11-19,Kolar,Karnataka,13.1367,78.1292,22.34,15.86,26.49,0.0,41.78
2024-11-20,Kolar,Karnataka,13.1367,78.1292,21.08,16.79,27.64,0.0,47.67
2024-11-21,Kolar,Karnataka,13.1367,78.1292,22.58,16.95,27.63,0.0,54.63
2024-11-22,Kolar,Karnataka,13.1367,78.1292,21.31,17.21,26.54,0.0,51.92
2024-11-23,Kolar,Karnataka,13.1367,78.1292,22.1,16.53,26.68,0.0,58.31
2024-11-24,Kolar,Karnataka,13.1367,78.1292,21.72,14.79,27.61,0.0,52.69
2024-11-25,Kolar,Karnataka,13.1367,78.1292,23.45,19.24,27.9,0.0,50.83
2024-11-26,Kolar,Karnataka,13.1367,78.1292,20.47,14.45,25.4,0.0,52.22
2024-11-27,Kolar,Karnataka,13.1367,78.1292,21.85,16.29,27.09,0.0,47.62
2024-11-28,Kolar,Karnataka,13.1367,78.1292,20.16,15.29,25.13,0.0,60.7
2024-11-29,Kolar,Karnataka,13.1367,78.1292,23.46,18.88,28.57,0.0,43.26
2024-11-30,Kolar,Karnataka,13.1367,78.1292,20.52,14.83,24.92,0.0,46.23
2024-12-01,Kolar,Karnataka,13.1367,78.1292,20.02,15.28,25.4,0.0,44.84
2024-12-02,Kolar,Karnataka,13.1367,78.1292,21.52,15.98,27.74,0.0,44.51
2024-12-03,Kolar,Karnataka,13.1367,78.1292,21.25,15.93,27.15,0.0,41.47
2024-12-04,Kolar,Karnataka,13.1367,78.1292,22.67,17.44,27.15,0.0,51.24
2024-12-05,Kolar,Karnataka,13.1367,78.1292,20.22,13.75,27.06,0.0,63.21
2024-12-06,Kolar,Karnataka,13.1367,78.1292,20.01,15.0,25.51,0.0,50.78
2024-12-07,Kolar,Karnataka,13.1367,78.1292,21.44,16.86,28.31,0.0,32.8
2024-12-08,Kolar,Karnataka,13.1367,78.1292,20.84,16.12,25.57,0.0,56.87
2024-12-09,Kolar,Karnataka,13.1367,78.1292,20.23,14.44,27.53,0.0,47.16
2024-12-10,Kolar,Karnataka,13.1367,78.1292,20.87,15.93,28.56,0.0,47.43
2024-12-11,Kolar,Karnataka,13.1367,78.1292,19.96,15.43,25.94,0.0,43.94
2024-12-12,Kolar,Karnataka,13.1367,78.1292,18.11,13.46,24.26,0.0,57.83
2024-12-13,Kolar,Karnataka,13.1367,78.1292,21.26,15.12,26.74,0.0,49.54
2024-12-14,Kolar,Karnataka,13.1367,78.1292,20.96,16.39,26.52,0.0,43.87
2024-12-15,Kolar,Karnataka,13.1367,78.1292,20.92,13.99,27.12,0.0,56.87
2024-12-16,Kolar,Karnataka,13.1367,78.1292,17.81,11.18,23.95,0.0,36.6
2024-12-17,Kolar,Karnataka,13.1367,78.1292,21.51,16.31,28.02,0.0,53.32
2024-12-18,Kolar,Karnataka,13.1367,78.1292,17.9,12.43,23.55,0.0,58.68
2024-12-19,Kolar,Karnataka,13.1367,78.1292,18.95,12.15,26.07,0.0,54.88
2024-12-20,Kolar,Karnataka,13.1367,78.1292,20.87,14.89,28.61,0.0,53.77
2024-12-21,Kolar,Karnataka,13.1367,78.1292,19.49,14.57,25.99,0.0,57.21
2024-12-22,Kolar,Karnataka,13.1367,78.1292,20.75,14.05,27.19,13.36,47.57
2024-12-23,Kolar,Karnataka,13.1367,78.1292,20.51,14.28,28.4,0.0,45.22
2024-12-24,Kolar,Karnataka,13.1367,78.1292,19.3,13.08,23.78,0.0,51.0
2024-12-25,Kolar,Karnataka,13.1367,78.1292,19.99,13.2,24.84,0.0,44.32
2024-12-26,Kolar,Karnataka,13.1367,78.1292,19.58,13.67,23.69,0.0,43.28
2024-12-27,Kolar,Karnataka,13.1367,78.1292,22.72,17.24,27.16,0.0,56.91
2024-12-28,Kolar,Karnataka,13.1367,78.1292,20.41,15.62,25.59,0.0,53.02
2024-12-29,Kolar,Karnataka,13.1367,78.1292,20.53,13.77,26.67,0.0,47.16
2024-12-30,Kolar,Karnataka,13.1367,78.1292,19.44,12.89,24.17,0.0,52.07
2024-12-31,Kolar,Karnataka,13.1367,78.1292,19.37,12.85,23.43,0.0,44.83
2025-01-01,Kolar,Karnataka,13.1367,78.1292,18.89,13.2,24.36,0.0,49.05
2025-01-02,Kolar,Karnataka,13.1367,78.1292,19.99,14.7,27.54,0.54,41.9
2025-01-03,Kolar,Karnataka,13.1367,78.1292,21.39,15.85,28.88,0.0,40.84
2025-01-04,Kolar,Karnataka,13.1367,78.1292,22.01,16.35,26.89,0.0,53.79
2025-01-05,Kolar,Karnataka,13.1367,78.1292,21.77,16.69,28.57,0.0,64.83
2025-01-06,Kolar,Karnataka,13.1367,78.1292,18.9,14.53,24.21,0.0,49.49
2025-01-07,Kolar,Karnataka,13.1367,78.1292,19.85,13.28,26.76,0.0,48.06
2025-01-08,Kolar,Karnataka,13.1367,78.1292,20.04,13.88,24.85,0.0,55.48
2025-01-09,Kolar,Karnataka,13.1367,78.1292,19.37,14.84,24.65,0.0,52.06
2025-01-10,Kolar,Karnataka,13.1367,78.1292,19.9,14.75,27.66,0.0,50.61
2025-01-11,Kolar,Karnataka,13.1367,78.1292,19.86,14.63,25.73,0.0,58.8
2025-01-12,Kolar,Karnataka,13.1367,78.1292,19.77,13.32,26.27,0.0,58.63
2025-01-13,Kolar,Karnataka,13.1367,78.1292,21.43,17.03,25.45,0.0,48.38
2025-01-14,Kolar,Karnataka,13.1367,78.1292,21.81,15.89,26.18,0.0,41.11
2025-01-15,Kolar,Karnataka,13.1367,78.1292,21.38,16.75,29.35,0.0,50.63
2025-01-16,Kolar,Karnataka,13.1367,78.1292,20.33,15.38,27.32,0.0,46.46
2025-01-17,Kolar,Karnataka,13.1367,78.1292,19.96,14.15,25.88,0.0,51.86
2025-01-18,Kolar,Karnataka,13.1367,78.1292,18.6,12.95,23.38,0.0,52.61
2025-01-19,Kolar,Karnataka,13.1367,78.1292,19.12,12.21,26.86,0.0,51.15
2025-01-20,Kolar,Karnataka,13.1367,78.1292,19.85,14.74,25.73,0.0,55.49
2025-01-21,Kolar,Karnataka,13.1367,78.1292,19.45,13.62,25.51,0.0,50.77
2025-01-22,Kolar,Karnataka,13.1367,78.1292,20.64,15.51,26.51,7.21,59.26
2025-01-23,Kolar,Karnataka,13.1367,78.1292,18.66,13.18,25.43,0.0,47.02
2025-01-24,Kolar,Karnataka,13.1367,78.1292,21.32,17.02,28.54,0.0,56.13
2025-01-25,Kolar,Karnataka,13.1367,78.1292,18.99,13.81,23.68,0.0,39.95
2025-01-26,Kolar,Karnataka,13.1367,78.1292,19.84,14.9,26.03,0.0,43.52
2025-01-27,Kolar,Karnataka,13.1367,78.1292,20.66,15.68,28.49,0.0,55.36
2025-01-28,Kolar,Karnataka,13.1367,78.1292,21.07,14.54,28.64,0.0,44.96
2025-01-29,Kolar,Karnataka,13.1367,78.1292,20.39,16.32,25.85,0.0,57.3
2025-01-30,Kolar,Karnataka,13.1367,78.1292,18.35,11.63,24.9,0.0,55.38
2025-01-31,Kolar,Karnataka,13.1367,78.1292,20.28,13.34,24.5,0.0,56.05
2025-02-01,Kolar,Karnataka,13.1367,78.1292,21.76,16.7,29.56,0.0,44.4
2025-02-02,Kolar,Karnataka,13.1367,78.1292,20.64,15.85,26.09,0.0,53.88
2025-02-03,Kolar,Karnataka,13.1367,78.1292,19.51,12.54,26.05,0.0,57.26
2025-02-04,Kolar,Karnataka,13.1367,78.1292,21.23,14.42,28.87,0.0,41.0
2025-02-05,Kolar,Karnataka,13.1367,78.1292,20.62,13.92,25.75,0.0,55.09
2025-02-06,Kolar,Karnataka,13.1367,78.1292,19.68,13.17,25.65,0.0,49.99
2025-02-07,Kolar,Karnataka,13.1367,78.1292,20.09,15.58,27.33,0.0,52.59
2025-02-08,Kolar,Karnataka,13.1367,78.1292,21.57,16.24,26.04,0.0,53.14
2025-02-09,Kolar,Karnataka,13.1367,78.1292,20.32,15.17,27.82,0.0,50.95
2025-02-10,Kolar,Karnataka,13.1367,78.1292,19.53,14.99,26.02,0.0,46.36
2025-02-11,Kolar,Karnataka,13.1367,78.1292,19.0,14.58,25.45,3.57,50.37
2025-02-12,Kolar,Karnataka,13.1367,78.1292,23.02,16.28,29.27,0.0,50.54
2025-02-13,Kolar,Karnataka,13.1367,78.1292,21.31,15.66,25.54,1.04,42.24
2025-02-14,Kolar,Karnataka,13.1367,78.1292,19.11,13.85,26.54,0.0,54.42
2025-02-15,Kolar,Karnataka,13.1367,78.1292,21.03,15.03,28.99,0.0,58.72
2025-02-16,Kolar,Karnataka,13.1367,78.1292,19.43,13.63,23.66,0.0,58.75
2025-02-17,Kolar,Karnataka,13.1367,78.1292,20.49,13.76,25.26,0.0,54.55
2025-02-18,Kolar,Karnataka,13.1367,78.1292,22.24,16.33,27.65,0.0,53.75
2025-02-19,Kolar,Karnataka,13.1367,78.1292,22.43,16.17,27.1,1.58,42.31
2025-02-20,Kolar,Karnataka,13.1367,78.1292,20.08,13.79,24.79,0.0,53.02
2025-02-21,Kolar,Karnataka,13.1367,78.1292,21.28,16.47,25.62,0.0,47.61
2025-02-22,Kolar,Karnataka,13.1367,78.1292,17.59,13.3,22.07,0.0,52.95
2025-02-23,Kolar,Karnataka,13.1367,78.1292,20.44,14.32,28.06,0.0,50.22
2025-02-24,Kolar,Karnataka,13.1367,78.1292,20.07,14.9,25.78,0.0,51.9
2025-02-25,Kolar,Karnataka,13.1367,78.1292,19.34,13.23,24.19,0.0,57.32
2025-02-26,Kolar,Karnataka,13.1367,78.1292,21.43,16.86,28.1,0.0,39.52
2025-02-27,Kolar,Karnataka,13.1367,78.1292,21.51,16.4,28.73,0.0,56.02
2025-02-28,Kolar,Karnataka,13.1367,78.1292,21.99,17.42,26.22,0.0,42.22
2025-03-01,Kolar,Karnataka,13.1367,78.1292,21.74,15.09,27.39,0.0,46.03
2025-03-02,Kolar,Karnataka,13.1367,78.1292,21.09,16.89,25.25,0.0,45.33
2025-03-03,Kolar,Karnataka,13.1367,78.1292,21.28,14.38,28.73,0.0,50.46
2025-03-04,Kolar,Karnataka,13.1367,78.1292,20.45,13.45,25.84,0.0,57.65
2025-03-05,Kolar,Karnataka,13.1367,78.1292,20.9,14.37,28.76,0.0,53.9
2025-03-06,Kolar,Karnataka,13.1367,78.1292,21.66,16.33,29.62,0.0,41.57
2025-03-07,Kolar,Karnataka,13.1367,78.1292,21.11,16.86,28.91,0.0,49.41
2025-03-08,Kolar,Karnataka,13.1367,78.1292,20.55,13.76,27.83,0.0,60.27
2025-03-09,Kolar,Karnataka,13.1367,78.1292,21.71,15.3,28.12,0.0,59.31
2025-03-10,Kolar,Karnataka,13.1367,78.1292,22.05,15.25,28.64,0.0,59.02
2025-03-11,Kolar,Karnataka,13.1367,78.1292,20.69,16.29,24.82,0.0,46.97
2025-03-12,Kolar,Karnataka,13.1367,78.1292,21.33,16.42,27.05,0.0,38.21
2025-03-13,Kolar,Karnataka,13.1367,78.1292,22.1,16.96,28.71,0.0,51.46
2025-03-14,Kolar,Karnataka,13.1367,78.1292,21.71,16.0,28.47,0.0,48.28
2025-03-15,Kolar,Karnataka,13.1367,78.1292,21.3,16.23,27.43,0.0,44.05
2025-03-16,Kolar,Karnataka,13.1367,78.1292,22.55,18.25,26.88,0.0,51.49
2025-03-17,Kolar,Karnataka,13.1367,78.1292,21.09,16.48,27.35,0.0,49.9
2025-03-18,Kolar,Karnataka,13.1367,78.1292,22.01,15.8,26.07,0.0,53.35
2025-03-19,Kolar,Karnataka,13.1367,78.1292,20.35,16.27,26.02,0.0,44.52
2025-03-20,Kolar,Karnataka,13.1367,78.1292,21.38,14.73,28.3,0.0,47.0
2025-03-21,Kolar,Karnataka,13.1367,78.1292,22.12,16.14,29.35,0.0,48.28
2025-03-22,Kolar,Karnataka,13.1367,78.1292,21.9,16.67,27.97,0.0,54.04
2025-03-23,Kolar,Karnataka,13.1367,78.1292,22.47,16.0,27.12,0.0,47.64
2025-03-24,Kolar,Karnataka,13.1367,78.1292,22.72,17.12,27.66,0.0,49.25
2025-03-25,Kolar,Karnataka,13.1367,78.1292,23.39,16.5,27.43,0.0,40.87
2025-03-26,Kolar,Karnataka,13.1367,78.1292,23.25,19.24,27.75,0.0,47.67
2025-03-27,Kolar,Karnataka,13.1367,78.1292,22.31,16.95,29.46,0.0,56.59
2025-03-28,Kolar,Karnataka,13.1367,78.1292,21.62,17.19,28.48,0.0,44.45
2025-03-29,Kolar,Karnataka,13.1367,78.1292,22.52,18.24,26.93,0.0,39.01
2025-03-30,Kolar,Karnataka,13.1367,78.1292,23.29,19.11,30.06,0.0,55.59
2025-03-31,Kolar,Karnataka,13.1367,78.1292,24.23,19.79,31.92,0.0,47.15
2025-04-01,Kolar,Karnataka,13.1367,78.1292,24.91,20.54,30.95,5.12,52.56
2025-04-02,Kolar,Karnataka,13.1367,78.1292,27.16,21.79,34.65,0.0,44.1
2025-04-03,Kolar,Karnataka,13.1367,78.1292,23.52,16.73,30.38,0.0,45.06
2025-04-04,Kolar,Karnataka,13.1367,78.1292,23.09,16.11,29.48,0.0,48.99
2025-04-05,Kolar,Karnataka,13.1367,78.1292,23.12,17.14,29.68,0.0,60.48
2025-04-06,Kolar,Karnataka,13.1367,78.1292,23.7,16.94,28.23,0.0,46.13
2025-04-07,Kolar,Karnataka,13.1367,78.1292,24.17,18.05,30.41,0.0,54.31
2025-04-08,Kolar,Karnataka,13.1367,78.1292,24.11,18.28,29.23,0.0,49.69
2025-04-09,Kolar,Karnataka,13.1367,78.1292,24.55,18.81,30.36,0.0,46.85
2025-04-10,Kolar,Karnataka,13.1367,78.1292,25.13,20.34,33.11,0.0,47.49
2025-04-11,Kolar,Karnataka,13.1367,78.1292,23.59,18.72,30.16,0.0,57.36
2025-04-12,Kolar,Karnataka,13.1367,78.1292,23.07,16.6,30.17,0.0,44.38
2025-04-13,Kolar,Karnataka,13.1367,78.1292,25.25,18.8,33.13,0.0,49.82
2025-04-14,Kolar,Karnataka,13.1367,78.1292,25.69,20.38,32.91,0.0,53.3
2025-04-15,Kolar,Karnataka,13.1367,78.1292,22.93,17.94,30.81,0.0,56.98
2025-04-16,Kolar,Karnataka,13.1367,78.1292,22.89,16.98,27.48,0.0,52.81
2025-04-17,Kolar,Karnataka,13.1367,78.1292,25.32,20.5,30.87,0.0,58.64
2025-04-18,Kolar,Karnataka,13.1367,78.1292,25.35,21.28,32.46,0.0,55.86
2025-04-19,Kolar,Karnataka,13.1367,78.1292,23.91,19.55,29.29,0.0,58.12
2025-04-20,Kolar,Karnataka,13.1367,78.1292,25.68,19.99,32.72,0.0,28.16
2025-04-21,Kolar,Karnataka,13.1367,78.1292,24.69,20.14,30.05,0.0,53.94
2025-04-22,Kolar,Karnataka,13.1367,78.1292,24.49,18.1,29.37,0.0,48.63
2025-04-23,Kolar,Karnataka,13.1367,78.1292,26.66,20.23,34.59,0.0,42.17
2025-04-24,Kolar,Karnataka,13.1367,78.1292,23.78,17.08,30.34,0.0,41.66
2025-04-25,Kolar,Karnataka,13.1367,78.1292,24.89,18.1,29.94,0.0,53.66
2025-04-26,Kolar,Karnataka,13.1367,78.1292,24.52,19.2,29.79,0.0,53.89
2025-04-27,Kolar,Karnataka,13.1367,78.1292,25.54,20.64,30.85,0.0,48.44
2025-04-28,Kolar,Karnataka,13.1367,78.1292,24.44,18.02,31.19,0.0,51.64
2025-04-29,Kolar,Karnataka,13.1367,78.1292,24.21,18.86,29.01,0.0,58.36
2025-04-30,Kolar,Karnataka,13.1367,78.1292,25.46,19.04,32.94,0.0,58.68
2025-05-01,Kolar,Karnataka,13.1367,78.1292,26.05,20.84,32.95,0.0,52.93
2025-05-02,Kolar,Karnataka,13.1367,78.1292,26.28,19.59,31.9,0.0,55.76
2025-05-03,Kolar,Karnataka,13.1367,78.1292,24.99,20.82,31.34,1.86,53.72
2025-05-04,Kolar,Karnataka,13.1367,78.1292,27.7,21.63,32.93,0.0,45.69
2025-05-05,Kolar,Karnataka,13.1367,78.1292,26.15,21.67,33.56,0.0,51.59
2025-05-06,Kolar,Karnataka,13.1367,78.1292,25.98,20.6,33.15,0.0,42.62
2025-05-07,Kolar,Karnataka,13.1367,78.1292,25.36,20.36,30.52,0.0,50.41
2025-05-08,Kolar,Karnataka,13.1367,78.1292,26.34,19.91,30.71,0.0,47.26
2025-05-09,Kolar,Karnataka,13.1367,78.1292,24.12,20.11,31.52,0.0,58.84
2025-05-10,Kolar,Karnataka,13.1367,78.1292,26.34,19.6,32.23,0.0,59.45
2025-05-11,Kolar,Karnataka,13.1367,78.1292,27.79,23.12,34.79,0.0,54.23
2025-05-12,Kolar,Karnataka,13.1367,78.1292,26.93,21.75,32.77,0.0,47.09
2025-05-13,Kolar,Karnataka,13.1367,78.1292,27.76,22.74,33.76,0.0,45.07
2025-05-14,Kolar,Karnataka,13.1367,78.1292,26.83,22.35,33.43,0.0,48.71
2025-05-15,Kolar,Karnataka,13.1367,78.1292,28.01,23.66,33.49,0.0,46.88
2025-05-16,Kolar,Karnataka,13.1367,78.1292,27.47,22.44,32.19,0.0,52.37
2025-05-17,Kolar,Karnataka,13.1367,78.1292,25.58,19.42,33.56,0.0,43.53
2025-05-18,Kolar,Karnataka,13.1367,78.1292,27.7,21.88,32.93,0.0,50.66
2025-05-19,Kolar,Karnataka,13.1367,78.1292,25.63,20.75,30.59,0.0,49.73
2025-05-20,Kolar,Karnataka,13.1367,78.1292,27.73,21.41,33.03,0.0,50.92
2025-05-21,Kolar,Karnataka,13.1367,78.1292,28.01,23.08,35.11,0.0,45.48
2025-05-22,Kolar,Karnataka,13.1367,78.1292,28.57,23.32,35.85,0.0,59.43
2025-05-23,Kolar,Karnataka,13.1367,78.1292,27.98,21.61,35.69,0.0,46.87
2025-05-24,Kolar,Karnataka,13.1367,78.1292,27.0,21.84,34.31,0.0,45.99
2025-05-25,Kolar,Karnataka,13.1367,78.1292,26.43,20.4,31.36,4.02,49.52
2025-05-26,Kolar,Karnataka,13.1367,78.1292,26.8,22.32,33.47,0.0,62.77
2025-05-27,Kolar,Karnataka,13.1367,78.1292,29.43,25.37,36.9,0.0,50.0
2025-05-28,Kolar,Karnataka,13.1367,78.1292,28.58,22.68,34.99,0.0,50.76
2025-05-29,Kolar,Karnataka,13.1367,78.1292,28.73,22.66,36.4,0.0,48.59
2025-05-30,Kolar,Karnataka,13.1367,78.1292,26.48,19.59,33.97,12.17,87.86
2025-05-31,Kolar,Karnataka,13.1367,78.1292,25.89,20.11,33.17,4.68,78.64
2025-06-01,Kolar,Karnataka,13.1367,78.1292,29.57,22.89,34.42,0.0,82.0
2025-06-02,Kolar,Karnataka,13.1367,78.1292,29.39,22.56,36.01,0.55,91.96
2025-06-03,Kolar,Karnataka,13.1367,78.1292,27.77,23.47,33.62,19.86,77.29
2025-06-04,Kolar,Karnataka,13.1367,78.1292,26.38,21.81,32.77,0.0,89.9
2025-06-05,Kolar,Karnataka,13.1367,78.1292,26.51,19.97,32.94,0.0,88.95
2025-06-06,Kolar,Karnataka,13.1367,78.1292,28.4,22.9,33.9,0.0,92.37
2025-06-07,Kolar,Karnataka,13.1367,78.1292,28.38,24.18,32.99,0.0,83.69
2025-06-08,Kolar,Karnataka,13.1367,78.1292,27.77,21.35,35.56,0.0,80.72
2025-06-09,Kolar,Karnataka,13.1367,78.1292,27.78,21.67,35.73,26.73,81.46
2025-06-10,Kolar,Karnataka,13.1367,78.1292,28.6,23.97,35.42,0.0,81.76
2025-06-11,Kolar,Karnataka,13.1367,78.1292,26.83,20.13,31.91,11.5,89.03
2025-06-12,Kolar,Karnataka,13.1367,78.1292,28.65,22.93,32.65,14.07,86.64
2025-06-13,Kolar,Karnataka,13.1367,78.1292,29.49,23.42,33.58,0.0,84.15
2025-06-14,Kolar,Karnataka,13.1367,78.1292,27.12,22.28,34.23,0.0,83.99
2025-06-15,Kolar,Karnataka,13.1367,78.1292,30.98,25.51,36.59,1.85,90.75
2025-06-16,Kolar,Karnataka,13.1367,78.1292,29.27,22.73,35.39,0.0,78.36
2025-06-17,Kolar,Karnataka,13.1367,78.1292,28.76,23.45,35.85,0.0,85.72
2025-06-18,Kolar,Karnataka,13.1367,78.1292,25.44,18.62,32.64,0.0,89.97
2025-06-19,Kolar,Karnataka,13.1367,78.1292,29.54,24.54,33.82,25.92,86.01
2025-06-20,Kolar,Karnataka,13.1367,78.1292,28.48,24.25,35.94,14.81,81.51
2025-06-21,Kolar,Karnataka,13.1367,78.1292,29.91,23.96,34.84,0.0,83.24
2025-06-22,Kolar,Karnataka,13.1367,78.1292,29.04,23.74,35.65,7.9,82.98
2025-06-23,Kolar,Karnataka,13.1367,78.1292,29.88,25.7,36.05,4.89,83.89
2025-06-24,Kolar,Karnataka,13.1367,78.1292,27.77,23.33,35.72,19.02,80.3
2025-06-25,Kolar,Karnataka,13.1367,78.1292,28.49,22.38,33.55,0.0,84.45
2025-06-26,Kolar,Karnataka,13.1367,78.1292,27.0,22.8,32.22,9.78,86.94
2025-06-27,Kolar,Karnataka,13.1367,78.1292,28.6,22.18,33.92,0.0,81.57
2025-06-28,Kolar,Karnataka,13.1367,78.1292,29.17,22.54,35.11,13.08,89.66
2025-06-29,Kolar,Karnataka,13.1367,78.1292,27.83,22.93,33.37,0.0,83.45
2025-06-30,Kolar,Karnataka,13.1367,78.1292,29.36,24.56,37.26,0.0,77.36
2025-07-01,Kolar,Karnataka,13.1367,78.1292,27.7,21.76,34.85,5.34,81.03
2025-07-02,Kolar,Karnataka,13.1367,78.1292,30.36,24.62,36.13,2.56,79.33
2025-07-03,Kolar,Karnataka,13.1367,78.1292,30.07,25.94,37.81,0.0,83.84
2025-07-04,Kolar,Karnataka,13.1367,78.1292,28.54,21.62,36.15,0.0,79.8
2025-07-05,Kolar,Karnataka,13.1367,78.1292,27.6,22.7,35.45,5.43,92.67
2025-07-06,Kolar,Karnataka,13.1367,78.1292,29.54,23.38,33.64,9.43,97.59
2025-07-07,Kolar,Karnataka,13.1367,78.1292,30.06,25.28,35.33,0.0,91.61
2025-07-08,Kolar,Karnataka,13.1367,78.1292,28.45,22.76,33.3,0.0,81.79
2025-07-09,Kolar,Karnataka,13.1367,78.1292,29.2,23.61,33.68,3.68,86.93
2025-07-10,Kolar,Karnataka,13.1367,78.1292,28.85,24.46,35.93,7.01,81.52
2025-07-11,Kolar,Karnataka,13.1367,78.1292,29.87,25.8,37.14,10.23,89.74
2025-07-12,Kolar,Karnataka,13.1367,78.1292,29.47,24.22,35.65,0.0,91.03
2025-07-13,Kolar,Karnataka,13.1367,78.1292,30.13,24.48,36.74,0.0,81.3
2025-07-14,Kolar,Karnataka,13.1367,78.1292,27.05,21.22,32.13,0.85,83.82
2025-07-15,Kolar,Karnataka,13.1367,78.1292,29.48,24.26,37.31,0.0,82.18
2025-07-16,Kolar,Karnataka,13.1367,78.1292,29.31,22.33,34.49,7.85,87.56
2025-07-17,Kolar,Karnataka,13.1367,78.1292,29.32,23.8,33.83,0.0,85.59
2025-07-18,Kolar,Karnataka,13.1367,78.1292,29.01,23.51,33.58,0.0,83.99
2025-07-19,Kolar,Karnataka,13.1367,78.1292,28.64,24.32,35.42,0.0,86.4
2025-07-20,Kolar,Karnataka,13.1367,78.1292,28.95,23.62,34.38,11.55,86.28
2025-07-21,Kolar,Karnataka,13.1367,78.1292,28.42,22.61,36.14,6.47,87.32
2025-07-22,Kolar,Karnataka,13.1367,78.1292,29.17,24.81,35.04,7.09,82.35
2025-07-23,Kolar,Karnataka,13.1367,78.1292,26.91,20.82,32.44,0.0,94.65
2025-07-24,Kolar,Karnataka,13.1367,78.1292,26.82,21.19,33.17,0.0,88.46
2025-07-25,Kolar,Karnataka,13.1367,78.1292,29.02,23.23,33.21,0.0,88.55
2025-07-26,Kolar,Karnataka,13.1367,78.1292,28.84,22.7,34.41,0.0,83.57
2025-07-27,Kolar,Karnataka,13.1367,78.1292,29.96,25.61,34.26,0.0,83.27
2025-07-28,Kolar,Karnataka,13.1367,78.1292,30.12,25.6,37.27,0.0,76.21
2025-07-29,Kolar,Karnataka,13.1367,78.1292,29.27,23.62,33.42,11.87,87.33
2025-07-30,Kolar,Karnataka,13.1367,78.1292,29.38,22.52,35.28,15.54,80.79
2025-07-31,Kolar,Karnataka,13.1367,78.1292,27.88,21.84,33.19,3.22,84.28
2025-08-01,Kolar,Karnataka,13.1367,78.1292,28.78,23.65,33.12,0.0,90.36
2025-08-02,Kolar,Karnataka,13.1367,78.1292,26.23,21.38,30.49,0.0,80.91
2025-08-03,Kolar,Karnataka,13.1367,78.1292,31.01,26.98,35.63,0.0,84.64
2025-08-04,Kolar,Karnataka,13.1367,78.1292,30.0,24.76,35.98,0.0,86.33
2025-08-05,Kolar,Karnataka,13.1367,78.1292,28.09,22.51,34.81,16.72,85.37
2025-08-06,Kolar,Karnataka,13.1367,78.1292,28.38,22.1,35.5,13.48,93.33
2025-08-07,Kolar,Karnataka,13.1367,78.1292,27.89,23.37,32.12,0.0,83.6
2025-08-08,Kolar,Karnataka,13.1367,78.1292,27.35,22.37,32.47,0.0,76.45
2025-08-09,Kolar,Karnataka,13.1367,78.1292,30.51,26.26,36.07,0.0,85.83
2025-08-10,Kolar,Karnataka,13.1367,78.1292,26.41,21.83,32.22,1.63,81.23
2025-08-11,Kolar,Karnataka,13.1367,78.1292,29.13,23.9,33.9,60.45,85.8
2025-08-12,Kolar,Karnataka,13.1367,78.1292,28.32,22.96,34.99,0.0,82.25
2025-08-13,Kolar,Karnataka,13.1367,78.1292,30.06,24.75,36.09,0.0,85.78
2025-08-14,Kolar,Karnataka,13.1367,78.1292,28.7,22.38,35.14,12.91,76.52
2025-08-15,Kolar,Karnataka,13.1367,78.1292,28.62,23.44,36.19,7.42,85.58
2025-08-16,Kolar,Karnataka,13.1367,78.1292,26.9,20.8,33.17,0.0,88.16
2025-08-17,Kolar,Karnataka,13.1367,78.1292,27.99,23.24,32.93,4.54,84.07
2025-08-18,Kolar,Karnataka,13.1367,78.1292,28.06,23.44,33.91,0.0,80.89
2025-08-19,Kolar,Karnataka,13.1367,78.1292,29.73,23.39,34.62,11.19,89.13
2025-08-20,Kolar,Karnataka,13.1367,78.1292,27.87,21.02,33.47,0.0,92.06
2025-08-21,Kolar,Karnataka,13.1367,78.1292,27.99,21.71,32.02,0.0,81.83
2025-08-22,Kolar,Karnataka,13.1367,78.1292,27.98,22.78,34.02,42.36,84.4
2025-08-23,Kolar,Karnataka,13.1367,78.1292,29.1,24.13,36.94,0.0,82.09
2025-08-24,Kolar,Karnataka,13.1367,78.1292,28.11,23.04,32.98,3.92,85.32
2025-08-25,Kolar,Karnataka,13.1367,78.1292,31.39,27.03,39.31,0.0,88.71
2025-08-26,Kolar,Karnataka,13.1367,78.1292,29.13,25.05,36.81,0.0,78.76
2025-08-27,Kolar,Karnataka,13.1367,78.1292,27.52,21.73,33.01,23.38,82.56
2025-08-28,Kolar,Karnataka,13.1367,78.1292,28.05,23.29,33.03,3.19,85.14
2025-08-29,Kolar,Karnataka,13.1367,78.1292,28.76,24.63,34.4,3.87,92.78
2025-08-30,Kolar,Karnataka,13.1367,78.1292,27.48,21.67,31.57,34.37,94.31
2025-08-31,Kolar,Karnataka,13.1367,78.1292,28.4,24.09,35.43,18.61,89.09
2025-09-01,Kolar,Karnataka,13.1367,78.1292,26.93,21.15,31.72,41.35,85.28
2025-09-02,Kolar,Karnataka,13.1367,78.1292,29.24,22.65,34.59,0.0,89.63
2025-09-03,Kolar,Karnataka,13.1367,78.1292,26.84,21.25,31.39,0.0,79.11
2025-09-04,Kolar,Karnataka,13.1367,78.1292,25.84,21.71,33.08,0.23,84.18
2025-09-05,Kolar,Karnataka,13.1367,78.1292,24.32,17.74,32.12,19.46,86.87
2025-09-06,Kolar,Karnataka,13.1367,78.1292,27.03,21.98,32.72,0.0,86.8
2025-09-07,Kolar,Karnataka,13.1367,78.1292,26.42,20.01,31.99,6.84,78.52
2025-09-08,Kolar,Karnataka,13.1367,78.1292,27.83,22.86,34.41,0.0,94.75
2025-09-09,Kolar,Karnataka,13.1367,78.1292,28.97,24.69,33.66,5.01,75.15
2025-09-10,Kolar,Karnataka,13.1367,78.1292,25.62,21.58,30.24,20.46,86.26
2025-09-11,Kolar,Karnataka,13.1367,78.1292,28.99,23.9,36.81,0.0,89.86
2025-09-12,Kolar,Karnataka,13.1367,78.1292,27.35,23.15,34.71,21.42,89.02
2025-09-13,Kolar,Karnataka,13.1367,78.1292,26.44,21.93,32.79,0.0,84.68
2025-09-14,Kolar,Karnataka,13.1367,78.1292,24.7,20.21,29.59,0.0,79.77
2025-09-15,Kolar,Karnataka,13.1367,78.1292,27.4,21.86,32.91,12.12,84.17
2025-09-16,Kolar,Karnataka,13.1367,78.1292,27.39,22.62,34.28,26.78,90.54
2025-09-17,Kolar,Karnataka,13.1367,78.1292,28.35,23.08,36.03,6.28,84.57
2025-09-18,Kolar,Karnataka,13.1367,78.1292,27.24,23.19,32.31,31.36,83.95
2025-09-19,Kolar,Karnataka,13.1367,78.1292,25.51,21.35,31.4,9.59,82.48
2025-09-20,Kolar,Karnataka,13.1367,78.1292,26.33,21.27,33.08,5.2,80.72
2025-09-21,Kolar,Karnataka,13.1367,78.1292,27.4,21.71,34.69,0.0,86.12
2025-09-22,Kolar,Karnataka,13.1367,78.1292,26.68,21.15,31.54,0.0,85.34
2025-09-23,Kolar,Karnataka,13.1367,78.1292,28.47,21.61,33.34,25.98,82.72
2025-09-24,Kolar,Karnataka,13.1367,78.1292,26.71,22.39,32.51,14.81,76.03
2025-09-25,Kolar,Karnataka,13.1367,78.1292,26.73,20.1,31.47,0.0,90.27
2025-09-26,Kolar,Karnataka,13.1367,78.1292,24.1,19.8,30.05,0.0,89.29
2025-09-27,Kolar,Karnataka,13.1367,78.1292,23.6,17.17,29.0,0.0,84.09
2025-09-28,Kolar,Karnataka,13.1367,78.1292,26.76,21.28,31.52,0.0,48.97
2025-09-29,Kolar,Karnataka,13.1367,78.1292,26.15,21.89,31.68,0.0,50.4
2025-09-30,Kolar,Karnataka,13.1367,78.1292,25.61,19.11,31.48,0.0,46.15
2025-10-01,Kolar,Karnataka,13.1367,78.1292,24.58,19.12,31.04,0.0,46.4
2025-10-02,Kolar,Karnataka,13.1367,78.1292,25.75,19.2,33.43,0.0,61.32
2025-10-03,Kolar,Karnataka,13.1367,78.1292,26.84,22.39,33.85,0.0,60.53
2025-10-04,Kolar,Karnataka,13.1367,78.1292,25.82,19.71,31.32,0.0,43.52
2025-10-05,Kolar,Karnataka,13.1367,78.1292,25.22,21.05,29.54,0.0,50.96
2025-10-06,Kolar,Karnataka,13.1367,78.1292,25.53,18.85,31.28,0.0,51.45
2025-10-07,Kolar,Karnataka,13.1367,78.1292,25.76,18.78,31.83,0.95,54.95
2025-10-08,Kolar,Karnataka,13.1367,78.1292,24.44,18.45,31.41,0.0,49.94
2025-10-09,Kolar,Karnataka,13.1367,78.1292,26.49,21.87,30.78,0.0,50.95
2025-10-10,Kolar,Karnataka,13.1367,78.1292,27.05,20.66,33.61,2.59,51.53
2025-10-11,Kolar,Karnataka,13.1367,78.1292,24.34,18.3,28.59,0.0,39.79
2025-10-12,Kolar,Karnataka,13.1367,78.1292,25.91,19.45,30.07,0.0,45.74
2025-10-13,Kolar,Karnataka,13.1367,78.1292,25.04,20.69,29.23,0.0,60.86
2025-10-14,Kolar,Karnataka,13.1367,78.1292,22.41,17.41,27.06,0.0,45.17
2025-10-15,Kolar,Karnataka,13.1367,78.1292,25.86,21.71,32.85,0.0,59.51
2025-10-16,Kolar,Karnataka,13.1367,78.1292,24.53,18.85,29.12,0.0,57.06
2025-10-17,Kolar,Karnataka,13.1367,78.1292,23.86,19.6,29.81,0.0,50.32
2025-10-18,Kolar,Karnataka,13.1367,78.1292,24.48,18.15,28.99,0.0,45.45
2025-10-19,Kolar,Karnataka,13.1367,78.1292,22.39,17.27,27.72,0.0,56.88
2025-10-20,Kolar,Karnataka,13.1367,78.1292,23.04,16.87,28.38,0.0,53.77
2025-10-21,Kolar,Karnataka,13.1367,78.1292,24.38,18.97,31.18,0.0,50.36
2025-10-22,Kolar,Karnataka,13.1367,78.1292,25.12,19.32,29.45,0.0,55.63
2025-10-23,Kolar,Karnataka,13.1367,78.1292,23.81,19.1,28.41,0.0,47.48
2025-10-24,Kolar,Karnataka,13.1367,78.1292,24.67,17.96,30.47,0.0,51.74
2025-10-25,Kolar,Karnataka,13.1367,78.1292,25.63,21.14,31.74,0.0,47.98
2025-10-26,Kolar,Karnataka,13.1367,78.1292,23.62,17.8,30.74,0.0,54.52
2025-10-27,Kolar,Karnataka,13.1367,78.1292,21.69,16.47,27.89,0.0,43.85
2025-10-28,Kolar,Karnataka,13.1367,78.1292,23.85,19.5,29.98,0.0,51.68
2025-10-29,Kolar,Karnataka,13.1367,78.1292,21.33,17.13,27.24,0.0,48.09
2025-10-30,Kolar,Karnataka,13.1367,78.1292,23.24,17.55,29.09,0.0,56.64
2025-10-31,Kolar,Karnataka,13.1367,78.1292,23.65,17.0,28.02,0.0,53.1
2025-11-01,Kolar,Karnataka,13.1367,78.1292,21.06,14.63,26.72,0.0,62.34
2025-11-02,Kolar,Karnataka,13.1367,78.1292,21.98,15.99,29.92,0.0,58.36
2025-11-03,Kolar,Karnataka,13.1367,78.1292,23.75,18.53,30.61,0.0,52.32
2025-11-04,Kolar,Karnataka,13.1367,78.1292,22.23,17.97,28.72,0.0,39.65
2025-11-05,Kolar,Karnataka,13.1367,78.1292,22.76,18.26,29.12,0.0,55.84
2025-11-06,Kolar,Karnataka,13.1367,78.1292,21.13,15.48,27.09,0.0,47.7
2025-11-07,Kolar,Karnataka,13.1367,78.1292,22.15,18.07,28.27,0.0,61.18
2025-11-08,Kolar,Karnataka,13.1367,78.1292,22.44,15.53,29.78,0.0,49.33
2025-11-09,Kolar,Karnataka,13.1367,78.1292,22.27,16.19,28.03,0.0,56.29
2025-11-10,Kolar,Karnataka,13.1367,78.1292,22.21,18.06,26.61,0.0,55.96
2025-11-11,Kolar,Karnataka,13.1367,78.1292,23.86,17.62,30.6,0.0,55.31
2025-11-12,Kolar,Karnataka,13.1367,78.1292,24.65,17.93,31.39,0.0,47.29
2025-11-13,Kolar,Karnataka,13.1367,78.1292,22.83,16.89,29.73,0.0,49.61
2025-11-14,Kolar,Karnataka,13.1367,78.1292,22.22,15.91,29.94,0.0,56.13
2025-11-15,Kolar,Karnataka,13.1367,78.1292,23.12,18.43,31.0,0.0,46.58
2025-11-16,Kolar,Karnataka,13.1367,78.1292,24.04,18.46,30.11,0.0,47.07
2025-11-17,Kolar,Karnataka,13.1367,78.1292,22.24,17.86,28.63,0.0,48.83
2025-11-18,Kolar,Karnataka,13.1367,78.1292,21.31,14.63,28.61,0.0,43.77
2025-11-19,Kolar,Karnataka,13.1367,78.1292,22.68,15.73,29.64,0.0,44.31
2025-11-20,Kolar,Karnataka,13.1367,78.1292,22.31,16.16,28.87,0.0,46.29
2025-11-21,Kolar,Karnataka,13.1367,78.1292,21.75,15.77,27.48,0.0,60.61
2025-11-22,Kolar,Karnataka,13.1367,78.1292,22.01,17.05,28.07,0.0,46.96
2025-11-23,Kolar,Karnataka,13.1367,78.1292,21.52,15.81,25.93,0.0,50.64
2025-11-24,Kolar,Karnataka,13.1367,78.1292,22.06,17.22,27.35,0.0,47.53
2025-11-25,Kolar,Karnataka,13.1367,78.1292,20.45,15.08,26.38,0.0,46.56
2025-11-26,Kolar,Karnataka,13.1367,78.1292,22.52,18.46,29.91,0.0,45.66
2025-11-27,Kolar,Karnataka,13.1367,78.1292,21.19,16.35,25.66,0.0,51.86
2025-11-28,Kolar,Karnataka,13.1367,78.1292,21.47,17.06,27.16,0.0,46.77
2025-11-29,Kolar,Karnataka,13.1367,78.1292,21.06,14.83,26.26,0.0,52.44
2025-11-30,Kolar,Karnataka,13.1367,78.1292,21.66,17.03,26.71,0.0,53.51
2025-12-01,Kolar,Karnataka,13.1367,78.1292,22.21,16.85,26.6,0.0,42.49
2025-12-02,Kolar,Karnataka,13.1367,78.1292,22.54,17.16,30.33,6.37,47.74
2025-12-03,Kolar,Karnataka,13.1367,78.1292,18.66,13.27,26.37,0.0,43.88
2025-12-04,Kolar,Karnataka,13.1367,78.1292,22.53,17.05,28.23,0.0,48.22
2025-12-05,Kolar,Karnataka,13.1367,78.1292,20.97,14.91,27.56,3.09,60.24
2025-12-06,Kolar,Karnataka,13.1367,78.1292,20.87,15.87,25.38,0.0,50.95
2025-12-07,Kolar,Karnataka,13.1367,78.1292,20.98,14.82,27.78,0.0,46.31
2025-12-08,Kolar,Karnataka,13.1367,78.1292,21.02,14.26,26.24,0.0,52.62
2025-12-09,Kolar,Karnataka,13.1367,78.1292,20.14,15.93,28.1,0.0,44.13
2025-12-10,Kolar,Karnataka,13.1367,78.1292,22.66,18.22,29.83,0.0,56.71
2025-12-11,Kolar,Karnataka,13.1367,78.1292,20.17,15.16,25.96,0.0,55.07
2025-12-12,Kolar,Karnataka,13.1367,78.1292,22.6,16.98,27.52,0.0,38.62
2025-12-13,Kolar,Karnataka,13.1367,78.1292,18.64,13.5,23.86,0.0,57.22
2025-12-14,Kolar,Karnataka,13.1367,78.1292,19.64,12.68,24.45,0.0,48.19
2025-12-15,Kolar,Karnataka,13.1367,78.1292,20.84,15.84,28.36,0.0,51.25
2025-12-16,Kolar,Karnataka,13.1367,78.1292,20.85,16.14,27.29,0.0,59.12
2025-12-17,Kolar,Karnataka,13.1367,78.1292,19.79,13.09,25.32,0.0,50.63
2025-12-18,Kolar,Karnataka,13.1367,78.1292,21.33,15.25,26.27,0.0,57.29
2025-12-19,Kolar,Karnataka,13.1367,78.1292,20.57,14.23,25.58,0.0,48.46
2025-12-20,Kolar,Karnataka,13.1367,78.1292,22.34,15.51,27.06,0.0,45.61
2025-12-21,Kolar,Karnataka,13.1367,78.1292,19.35,15.06,24.39,0.0,49.01
2025-12-22,Kolar,Karnataka,13.1367,78.1292,20.14,16.0,26.25,0.0,45.59
2025-12-23,Kolar,Karnataka,13.1367,78.1292,19.49,15.38,27.23,0.0,46.86
2025-12-24,Kolar,Karnataka,13.1367,78.1292,19.5,12.99,27.05,0.0,54.91
2025-12-25,Kolar,Karnataka,13.1367,78.1292,21.45,15.2,29.0,0.0,40.89
2025-12-26,Kolar,Karnataka,13.1367,78.1292,19.7,14.89,27.48,0.0,61.93
2025-12-27,Kolar,Karnataka,13.1367,78.1292,18.79,12.03,23.39,0.0,47.99
2025-12-28,Kolar,Karnataka,13.1367,78.1292,18.77,12.2,24.61,0.67,53.64
2025-12-29,Kolar,Karnataka,13.1367,78.1292,20.96,13.98,28.52,0.0,51.7
2025-12-30,Kolar,Karnataka,13.1367,78.1292,20.37,14.18,26.75,0.0,49.53
2025-12-31,Kolar,Karnataka,13.1367,78.1292,20.37,13.99,26.03,0.0,57.2
2023-01-01,Ludhiana,Punjab,30.901,75.8573,14.47,8.32,19.17,0.0,47.16
2023-01-02,Ludhiana,Punjab,30.901,75.8573,15.21,8.68,20.96,0.0,48.72
2023-01-03,Ludhiana,Punjab,30.901,75.8573,15.0,8.94,21.51,0.0,32.77
2023-01-04,Ludhiana,Punjab,30.901,75.8573,15.68,9.37,23.45,2.88,40.4
2023-01-05,Ludhiana,Punjab,30.901,75.8573,15.61,9.68,19.87,0.0,41.23
2023-01-06,Ludhiana,Punjab,30.901,75.8573,15.15,10.0,20.03,0.0,35.66
2023-01-07,Ludhiana,Punjab,30.901,75.8573,13.77,9.68,21.69,0.0,37.13
2023-01-08,Ludhiana,Punjab,30.901,75.8573,17.96,11.16,23.82,0.0,40.61
2023-01-09,Ludhiana,Punjab,30.901,75.8573,17.21,11.99,21.79,0.0,32.79
2023-01-10,Ludhiana,Punjab,30.901,75.8573,14.01,8.46,18.1,0.0,44.15
2023-01-11,Ludhiana,Punjab,30.901,75.8573,14.62,8.52,22.18,0.0,47.91
2023-01-12,Ludhiana,Punjab,30.901,75.8573,15.14,10.17,21.73,0.0,35.67
2023-01-13,Ludhiana,Punjab,30.901,75.8573,14.29,8.51,19.89,0.0,43.12
2023-01-14,Ludhiana,Punjab,30.901,75.8573,12.15,6.39,17.24,0.0,42.59
2023-01-15,Ludhiana,Punjab,30.901,75.8573,15.53,9.21,20.67,0.0,29.78
2023-01-16,Ludhiana,Punjab,30.901,75.8573,16.16,11.44,23.78,0.0,34.15
2023-01-17,Ludhiana,Punjab,30.901,75.8573,15.38,9.41,19.59,0.0,48.74
2023-01-18,Ludhiana,Punjab,30.901,75.8573,15.67,9.06,23.58,0.0,55.72
2023-01-19,Ludhiana,Punjab,30.901,75.8573,15.81,10.82,20.43,0.0,38.36
2023-01-20,Ludhiana,Punjab,30.901,75.8573,14.39,9.9,19.21,0.0,43.08
2023-01-21,Ludhiana,Punjab,30.901,75.8573,14.73,9.27,19.55,0.0,42.17
2023-01-22,Ludhiana,Punjab,30.901,75.8573,15.2,10.99,22.27,0.31,33.18
2023-01-23,Ludhiana,Punjab,30.901,75.8573,12.82,8.19,16.99,0.0,50.21
2023-01-24,Ludhiana,Punjab,30.901,75.8573,16.48,11.9,23.08,0.0,45.01
2023-01-25,Ludhiana,Punjab,30.901,75.8573,14.92,9.08,19.5,0.0,37.65
2023-01-26,Ludhiana,Punjab,30.901,75.8573,15.99,9.45,22.15,0.0,35.94
2023-01-27,Ludhiana,Punjab,30.901,75.8573,15.9,9.73,21.15,0.0,45.04
2023-01-28,Ludhiana,Punjab,30.901,75.8573,14.57,9.72,20.86,0.0,31.4
2023-01-29,Ludhiana,Punjab,30.901,75.8573,14.58,9.79,18.8,0.0,37.08
2023-01-30,Ludhiana,Punjab,30.901,75.8573,16.3,10.31,21.63,0.0,40.79
2023-01-31,Ludhiana,Punjab,30.901,75.8573,17.7,11.41,24.28,0.0,48.03
2023-02-01,Ludhiana,Punjab,30.901,75.8573,16.83,9.88,23.55,0.0,39.29
2023-02-02,Ludhiana,Punjab,30.901,75.8573,16.08,9.68,23.35,0.0,52.13
2023-02-03,Ludhiana,Punjab,30.901,75.8573,13.45,6.55,20.85,0.0,32.94
2023-02-04,Ludhiana,Punjab,30.901,75.8573,16.1,11.55,20.18,0.0,42.96
2023-02-05,Ludhiana,Punjab,30.901,75.8573,13.58,7.44,17.9,0.0,32.28
2023-02-06,Ludhiana,Punjab,30.901,75.8573,12.94,6.72,17.06,0.0,42.0
2023-02-07,Ludhiana,Punjab,30.901,75.8573,14.31,9.74,20.73,0.64,52.44
2023-02-08,Ludhiana,Punjab,30.901,75.8573,16.9,11.44,21.08,0.0,48.93
2023-02-09,Ludhiana,Punjab,30.901,75.8573,16.28,10.65,23.19,0.0,36.63
2023-02-10,Ludhiana,Punjab,30.901,75.8573,16.38,9.9,20.86,0.0,35.44
2023-02-11,Ludhiana,Punjab,30.901,75.8573,16.3,10.7,21.31,0.0,33.3
2023-02-12,Ludhiana,Punjab,30.901,75.8573,16.25,10.59,23.97,0.0,44.31
2023-02-13,Ludhiana,Punjab,30.901,75.8573,17.51,11.23,25.09,0.37,39.21
2023-02-14,Ludhiana,Punjab,30.901,75.8573,17.0,10.33,24.57,0.0,34.2
2023-02-15,Ludhiana,Punjab,30.901,75.8573,14.32,9.47,21.16,0.0,46.05
2023-02-16,Ludhiana,Punjab,30.901,75.8573,19.34,14.71,25.87,0.0,49.72
2023-02-17,Ludhiana,Punjab,30.901,75.8573,17.46,12.17,23.05,0.0,37.69
2023-02-18,Ludhiana,Punjab,30.901,75.8573,14.14,7.58,19.0,0.0,46.92
2023-02-19,Ludhiana,Punjab,30.901,75.8573,16.8,10.83,24.07,0.0,41.88
2023-02-20,Ludhiana,Punjab,30.901,75.8573,16.25,9.77,21.78,0.0,46.87
2023-02-21,Ludhiana,Punjab,30.901,75.8573,18.91,14.17,24.65,0.0,42.59
2023-02-22,Ludhiana,Punjab,30.901,75.8573,17.8,13.61,25.1,0.0,38.95
2023-02-23,Ludhiana,Punjab,30.901,75.8573,13.24,7.3,19.16,0.0,42.74
2023-02-24,Ludhiana,Punjab,30.901,75.8573,16.86,12.4,21.18,0.0,41.69
2023-02-25,Ludhiana,Punjab,30.901,75.8573,14.05,9.22,18.1,0.0,53.4
2023-02-26,Ludhiana,Punjab,30.901,75.8573,16.74,11.17,22.6,0.0,36.03
2023-02-27,Ludhiana,Punjab,30.901,75.8573,18.58,14.13,22.86,0.0,38.13
2023-02-28,Ludhiana,Punjab,30.901,75.8573,17.13,11.02,21.97,0.0,40.38
2023-03-01,Ludhiana,Punjab,30.901,75.8573,18.29,11.43,23.48,0.0,41.06
2023-03-02,Ludhiana,Punjab,30.901,75.8573,18.49,14.38,26.28,0.0,45.85
2023-03-03,Ludhiana,Punjab,30.901,75.8573,18.56,11.64,26.4,0.0,35.36
2023-03-04,Ludhiana,Punjab,30.901,75.8573,18.75,13.16,26.42,0.0,42.82
2023-03-05,Ludhiana,Punjab,30.901,75.8573,19.27,13.25,25.79,0.0,41.61
2023-03-06,Ludhiana,Punjab,30.901,75.8573,17.26,12.55,23.25,0.0,35.12
2023-03-07,Ludhiana,Punjab,30.901,75.8573,17.64,12.8,23.7,0.0,34.15
2023-03-08,Ludhiana,Punjab,30.901,75.8573,18.3,14.18,26.03,0.0,44.99
2023-03-09,Ludhiana,Punjab,30.901,75.8573,18.78,14.13,22.89,0.0,37.11
2023-03-10,Ludhiana,Punjab,30.901,75.8573,18.89,14.07,25.06,0.0,36.09
2023-03-11,Ludhiana,Punjab,30.901,75.8573,18.53,12.31,25.55,0.0,50.38
2023-03-12,Ludhiana,Punjab,30.901,75.8573,17.75,13.02,23.87,0.0,46.85
2023-03-13,Ludhiana,Punjab,30.901,75.8573,18.69,11.7,25.33,0.0,47.63
2023-03-14,Ludhiana,Punjab,30.901,75.8573,18.86,12.08,26.37,0.0,48.31
2023-03-15,Ludhiana,Punjab,30.901,75.8573,18.48,12.19,24.21,0.0,39.01
2023-03-16,Ludhiana,Punjab,30.901,75.8573,20.88,14.59,28.1,0.0,43.89
2023-03-17,Ludhiana,Punjab,30.901,75.8573,18.62,11.88,23.54,0.0,42.6
2023-03-18,Ludhiana,Punjab,30.901,75.8573,19.52,13.07,25.5,0.0,31.61
2023-03-19,Ludhiana,Punjab,30.901,75.8573,20.56,15.63,25.64,0.0,35.77
2023-03-20,Ludhiana,Punjab,30.901,75.8573,19.54,13.52,27.15,0.0,37.62
2023-03-21,Ludhiana,Punjab,30.901,75.8573,19.95,15.54,24.01,0.0,40.66
2023-03-22,Ludhiana,Punjab,30.901,75.8573,19.52,12.84,27.43,0.0,41.93
2023-03-23,Ludhiana,Punjab,30.901,75.8573,21.29,15.58,27.71,0.0,43.11
2023-03-24,Ludhiana,Punjab,30.901,75.8573,18.98,14.4,24.08,0.0,40.34
2023-03-25,Ludhiana,Punjab,30.901,75.8573,19.76,15.43,23.9,0.0,37.57
2023-03-26,Ludhiana,Punjab,30.901,75.8573,22.27,16.33,29.35,0.0,43.35
2023-03-27,Ludhiana,Punjab,30.901,75.8573,21.31,16.04,27.09,0.0,43.63
2023-03-28,Ludhiana,Punjab,30.901,75.8573,24.19,18.43,28.52,0.0,50.22
2023-03-29,Ludhiana,Punjab,30.901,75.8573,18.82,13.04,26.55,0.0,47.22
2023-03-30,Ludhiana,Punjab,30.901,75.8573,20.81,16.13,25.99,0.0,58.49
2023-03-31,Ludhiana,Punjab,30.901,75.8573,19.95,15.48,25.43,0.0,33.24
2023-04-01,Ludhiana,Punjab,30.901,75.8573,19.83,13.8,26.11,0.0,39.18
2023-04-02,Ludhiana,Punjab,30.901,75.8573,22.54,17.54,27.51,0.0,45.74
2023-04-03,Ludhiana,Punjab,30.901,75.8573,22.93,18.66,28.83,0.0,46.28
2023-04-04,Ludhiana,Punjab,30.901,75.8573,24.06,20.02,31.86,0.0,30.27
2023-04-05,Ludhiana,Punjab,30.901,75.8573,20.84,14.76,28.23,0.0,41.48
2023-04-06,Ludhiana,Punjab,30.901,75.8573,21.51,16.34,27.58,0.0,45.2
2023-04-07,Ludhiana,Punjab,30.901,75.8573,19.63,15.08,27.05,0.0,40.39
2023-04-08,Ludhiana,Punjab,30.901,75.8573,21.89,17.56,28.71,0.0,55.71
2023-04-09,Ludhiana,Punjab,30.901,75.8573,21.72,15.97,27.74,0.0,33.33
2023-04-10,Ludhiana,Punjab,30.901,75.8573,24.76,19.41,32.02,0.0,51.65
2023-04-11,Ludhiana,Punjab,30.901,75.8573,24.74,18.39,32.38,0.0,46.21
2023-04-12,Ludhiana,Punjab,30.901,75.8573,24.45,20.13,29.74,0.0,49.98
2023-04-13,Ludhiana,Punjab,30.901,75.8573,25.24,20.93,31.22,0.0,40.94
2023-04-14,Ludhiana,Punjab,30.901,75.8573,24.22,19.21,32.21,0.0,43.06
2023-04-15,Ludhiana,Punjab,30.901,75.8573,23.7,17.34,28.3,0.0,35.11
2023-04-16,Ludhiana,Punjab,30.901,75.8573,23.59,18.0,30.9,0.0,38.56
2023-04-17,Ludhiana,Punjab,30.901,75.8573,23.65,17.76,27.73,0.0,52.95
2023-04-18,Ludhiana,Punjab,30.901,75.8573,24.21,19.63,29.4,0.0,44.88
2023-04-19,Ludhiana,Punjab,30.901,75.8573,23.93,19.72,29.13,0.0,38.52
2023-04-20,Ludhiana,Punjab,30.901,75.8573,24.86,20.45,29.91,0.45,27.72
2023-04-21,Ludhiana,Punjab,30.901,75.8573,23.53,16.84,29.12,0.0,52.73
2023-04-22,Ludhiana,Punjab,30.901,75.8573,26.22,20.66,30.79,0.0,45.92
2023-04-23,Ludhiana,Punjab,30.901,75.8573,24.07,19.7,31.77,0.0,51.05
2023-04-24,Ludhiana,Punjab,30.901,75.8573,26.79,20.91,31.94,0.0,46.44
2023-04-25,Ludhiana,Punjab,30.901,75.8573,26.6,21.21,34.33,0.0,33.84
2023-04-26,Ludhiana,Punjab,30.901,75.8573,25.35,20.62,29.88,1.54,40.98
2023-04-27,Ludhiana,Punjab,30.901,75.8573,23.86,19.21,27.94,0.0,46.43
2023-04-28,Ludhiana,Punjab,30.901,75.8573,25.28,19.57,29.88,0.0,53.62
2023-04-29,Ludhiana,Punjab,30.901,75.8573,27.93,21.63,33.83,0.0,42.95
2023-04-30,Ludhiana,Punjab,30.901,75.8573,25.26,19.05,33.17,0.0,42.67
2023-05-01,Ludhiana,Punjab,30.901,75.8573,26.7,20.93,34.22,0.0,48.51
2023-05-02,Ludhiana,Punjab,30.901,75.8573,27.07,20.18,31.95,0.0,46.03
2023-05-03,Ludhiana,Punjab,30.901,75.8573,27.21,22.39,34.05,0.0,47.31
2023-05-04,Ludhiana,Punjab,30.901,75.8573,25.2,19.12,32.15,0.0,41.42
2023-05-05,Ludhiana,Punjab,30.901,75.8573,25.59,19.7,29.82,0.0,38.73
2023-05-06,Ludhiana,Punjab,30.901,75.8573,24.96,19.69,31.58,0.0,38.51
2023-05-07,Ludhiana,Punjab,30.901,75.8573,27.21,20.73,34.24,0.02,40.25
2023-05-08,Ludhiana,Punjab,30.901,75.8573,28.28,22.89,34.7,0.0,36.67
2023-05-09,Ludhiana,Punjab,30.901,75.8573,28.98,23.39,34.19,0.0,39.63
2023-05-10,Ludhiana,Punjab,30.901,75.8573,27.89,22.02,34.56,0.0,43.17
2023-05-11,Ludhiana,Punjab,30.901,75.8573,29.62,24.18,36.72,0.0,39.93
2023-05-12,Ludhiana,Punjab,30.901,75.8573,27.66,21.6,34.32,0.0,34.84
2023-05-13,Ludhiana,Punjab,30.901,75.8573,27.85,21.47,32.01,0.0,30.09
2023-05-14,Ludhiana,Punjab,30.901,75.8573,28.1,24.1,35.52,0.0,38.73
2023-05-15,Ludhiana,Punjab,30.901,75.8573,26.63,22.61,31.0,0.0,41.76
2023-05-16,Ludhiana,Punjab,30.901,75.8573,28.48,23.58,35.14,0.0,55.32
2023-05-17,Ludhiana,Punjab,30.901,75.8573,29.34,24.81,34.62,0.0,38.62
2023-05-18,Ludhiana,Punjab,30.901,75.8573,29.37,23.36,35.47,0.0,53.13
2023-05-19,Ludhiana,Punjab,30.901,75.8573,29.67,25.52,36.1,0.0,34.46
2023-05-20,Ludhiana,Punjab,30.901,75.8573,27.87,22.17,34.5,0.0,48.42
2023-05-21,Ludhiana,Punjab,30.901,75.8573,27.62,23.59,34.27,0.0,49.57
2023-05-22,Ludhiana,Punjab,30.901,75.8573,29.68,25.35,35.86,0.0,46.31
2023-05-23,Ludhiana,Punjab,30.901,75.8573,29.13,23.91,36.0,0.0,45.45
2023-05-24,Ludhiana,Punjab,30.901,75.8573,28.03,23.65,34.43,0.0,56.14
2023-05-25,Ludhiana,Punjab,30.901,75.8573,29.88,24.22,37.37,0.0,42.12
2023-05-26,Ludhiana,Punjab,30.901,75.8573,30.17,23.53,35.18,0.0,40.33
2023-05-27,Ludhiana,Punjab,30.901,75.8573,30.51,25.17,37.76,0.0,35.93
2023-05-28,Ludhiana,Punjab,30.901,75.8573,30.7,24.55,36.66,0.0,34.72
2023-05-29,Ludhiana,Punjab,30.901,75.8573,29.5,25.35,37.02,0.0,38.5
2023-05-30,Ludhiana,Punjab,30.901,75.8573,30.48,23.95,36.11,16.99,79.77
2023-05-31,Ludhiana,Punjab,30.901,75.8573,32.79,26.78,38.07,0.0,77.84
2023-06-01,Ludhiana,Punjab,30.901,75.8573,31.48,25.62,36.35,25.86,78.05
2023-06-02,Ludhiana,Punjab,30.901,75.8573,30.62,25.32,36.46,0.0,70.53
2023-06-03,Ludhiana,Punjab,30.901,75.8573,33.02,27.56,40.9,11.15,85.03
2023-06-04,Ludhiana,Punjab,30.901,75.8573,30.66,25.24,35.78,10.74,66.81
2023-06-05,Ludhiana,Punjab,30.901,75.8573,30.36,25.71,37.35,0.0,86.08
2023-06-06,Ludhiana,Punjab,30.901,75.8573,31.29,25.3,35.37,0.0,78.56
2023-06-07,Ludhiana,Punjab,30.901,75.8573,32.21,26.67,37.69,0.0,72.26
2023-06-08,Ludhiana,Punjab,30.901,75.8573,30.49,24.56,34.62,0.0,81.12
2023-06-09,Ludhiana,Punjab,30.901,75.8573,30.45,25.65,38.08,10.4,68.2
2023-06-10,Ludhiana,Punjab,30.901,75.8573,34.58,29.57,42.3,29.92,70.08
2023-06-11,Ludhiana,Punjab,30.901,75.8573,30.05,25.32,35.99,2.28,73.98
2023-06-12,Ludhiana,Punjab,30.901,75.8573,32.29,28.19,36.54,0.59,88.87
2023-06-13,Ludhiana,Punjab,30.901,75.8573,31.16,24.94,35.28,2.38,73.49
2023-06-14,Ludhiana,Punjab,30.901,75.8573,32.49,27.24,37.68,0.0,68.19
2023-06-15,Ludhiana,Punjab,30.901,75.8573,31.1,25.84,35.69,7.49,71.39
2023-06-16,Ludhiana,Punjab,30.901,75.8573,31.97,27.23,36.3,6.95,73.86
2023-06-17,Ludhiana,Punjab,30.901,75.8573,31.76,26.48,36.78,0.0,73.09
2023-06-18,Ludhiana,Punjab,30.901,75.8573,31.23,25.86,37.55,1.73,72.37
2023-06-19,Ludhiana,Punjab,30.901,75.8573,30.62,26.46,35.66,6.52,75.12
2023-06-20,Ludhiana,Punjab,30.901,75.8573,31.81,25.08,37.57,0.0,73.25
2023-06-21,Ludhiana,Punjab,30.901,75.8573,32.73,28.62,38.97,9.74,76.69
2023-06-22,Ludhiana,Punjab,30.901,75.8573,31.46,26.77,38.54,0.0,84.03
2023-06-23,Ludhiana,Punjab,30.901,75.8573,32.64,28.52,39.43,0.0,76.69
2023-06-24,Ludhiana,Punjab,30.901,75.8573,33.16,27.85,40.91,0.0,66.9
2023-06-25,Ludhiana,Punjab,30.901,75.8573,30.57,25.19,38.43,0.0,87.57
2023-06-26,Ludhiana,Punjab,30.901,75.8573,34.31,28.55,38.63,0.0,78.88
2023-06-27,Ludhiana,Punjab,30.901,75.8573,33.16,28.54,40.07,0.0,76.56
2023-06-28,Ludhiana,Punjab,30.901,75.8573,32.05,27.99,37.75,0.0,73.03
2023-06-29,Ludhiana,Punjab,30.901,75.8573,31.94,25.08,37.9,0.0,73.94
2023-06-30,Ludhiana,Punjab,30.901,75.8573,35.13,29.98,41.35,0.0,76.92
2023-07-01,Ludhiana,Punjab,30.901,75.8573,34.66,28.33,39.5,0.0,78.14
2023-07-02,Ludhiana,Punjab,30.901,75.8573,33.49,27.43,40.31,6.51,77.97
2023-07-03,Ludhiana,Punjab,30.901,75.8573,33.33,28.6,38.44,15.49,78.65
2023-07-04,Ludhiana,Punjab,30.901,75.8573,35.38,29.09,42.7,32.72,80.63
2023-07-05,Ludhiana,Punjab,30.901,75.8573,34.2,27.35,40.88,18.29,84.44
2023-07-06,Ludhiana,Punjab,30.901,75.8573,32.35,25.65,36.88,0.0,74.98
2023-07-07,Ludhiana,Punjab,30.901,75.8573,33.45,27.99,40.86,0.0,84.3
2023-07-08,Ludhiana,Punjab,30.901,75.8573,33.23,26.84,39.72,0.0,71.68
2023-07-09,Ludhiana,Punjab,30.901,75.8573,33.24,27.76,38.97,0.0,70.99
2023-07-10,Ludhiana,Punjab,30.901,75.8573,32.26,25.94,38.95,6.08,76.99
2023-07-11,Ludhiana,Punjab,30.901,75.8573,31.78,25.34,37.27,0.0,78.96
2023-07-12,Ludhiana,Punjab,30.901,75.8573,31.62,27.03,38.01,6.32,70.36
2023-07-13,Ludhiana,Punjab,30.901,75.8573,32.11,25.56,38.49,0.0,80.01
2023-07-14,Ludhiana,Punjab,30.901,75.8573,32.06,27.35,37.09,0.0,80.39
2023-07-15,Ludhiana,Punjab,30.901,75.8573,33.27,28.74,40.65,40.95,86.65
2023-07-16,Ludhiana,Punjab,30.901,75.8573,33.82,27.72,40.28,0.0,71.6
2023-07-17,Ludhiana,Punjab,30.901,75.8573,32.59,28.58,39.61,1.76,67.06
2023-07-18,Ludhiana,Punjab,30.901,75.8573,32.13,27.16,39.88,15.56,67.47
2023-07-19,Ludhiana,Punjab,30.901,75.8573,32.77,28.03,39.81,0.0,81.26
2023-07-20,Ludhiana,Punjab,30.901,75.8573,34.68,30.49,39.43,6.83,75.05
2023-07-21,Ludhiana,Punjab,30.901,75.8573,33.3,27.2,38.47,0.0,74.29
2023-07-22,Ludhiana,Punjab,30.901,75.8573,34.79,29.23,40.24,0.0,77.26
2023-07-23,Ludhiana,Punjab,30.901,75.8573,32.58,26.51,40.54,0.0,66.34
2023-07-24,Ludhiana,Punjab,30.901,75.8573,34.95,29.22,40.95,0.0,78.39
2023-07-25,Ludhiana,Punjab,30.901,75.8573,33.33,26.44,39.22,28.77,75.47
2023-07-26,Ludhiana,Punjab,30.901,75.8573,31.96,27.51,37.24,0.0,84.35
2023-07-27,Ludhiana,Punjab,30.901,75.8573,33.23,27.34,40.5,0.0,82.7
2023-07-28,Ludhiana,Punjab,30.901,75.8573,32.76,28.12,40.02,0.0,70.83
2023-07-29,Ludhiana,Punjab,30.901,75.8573,32.46,28.05,37.81,78.79,76.78
2023-07-30,Ludhiana,Punjab,30.901,75.8573,32.3,25.36,39.31,0.0,76.34
2023-07-31,Ludhiana,Punjab,30.901,75.8573,33.88,26.96,40.98,0.0,86.1
2023-08-01,Ludhiana,Punjab,30.901,75.8573,32.75,26.22,38.47,26.92,81.04
2023-08-02,Ludhiana,Punjab,30.901,75.8573,33.41,28.47,39.81,13.53,68.69
2023-08-03,Ludhiana,Punjab,30.901,75.8573,32.15,26.44,38.67,2.79,76.69
2023-08-04,Ludhiana,Punjab,30.901,75.8573,32.52,28.4,39.58,0.0,76.57
2023-08-05,Ludhiana,Punjab,30.901,75.8573,32.84,26.3,39.54,0.0,81.39
2023-08-06,Ludhiana,Punjab,30.901,75.8573,32.31,25.47,38.3,5.83,74.12
2023-08-07,Ludhiana,Punjab,30.901,75.8573,30.97,24.77,36.37,40.0,80.56
2023-08-08,Ludhiana,Punjab,30.901,75.8573,31.51,25.39,36.4,0.0,81.66
2023-08-09,Ludhiana,Punjab,30.901,75.8573,30.74,24.69,35.49,0.0,82.1
2023-08-10,Ludhiana,Punjab,30.901,75.8573,32.07,26.88,38.9,10.11,69.31
2023-08-11,Ludhiana,Punjab,30.901,75.8573,29.99,24.02,34.69,0.0,76.43
2023-08-12,Ludhiana,Punjab,30.901,75.8573,33.05,26.12,38.17,0.0,75.04
2023-08-13,Ludhiana,Punjab,30.901,75.8573,32.26,25.86,38.46,0.0,76.7
2023-08-14,Ludhiana,Punjab,30.901,75.8573,31.58,27.03,37.7,0.0,74.82
2023-08-15,Ludhiana,Punjab,30.901,75.8573,31.57,26.44,37.79,0.0,83.33
2023-08-16,Ludhiana,Punjab,30.901,75.8573,29.73,25.5,36.2,0.0,81.48
2023-08-17,Ludhiana,Punjab,30.901,75.8573,33.29,28.43,39.65,19.56,79.2
2023-08-18,Ludhiana,Punjab,30.901,75.8573,30.2,24.63,34.63,0.0,81.61
2023-08-19,Ludhiana,Punjab,30.901,75.8573,30.8,25.56,38.28,10.63,74.07
2023-08-20,Ludhiana,Punjab,30.901,75.8573,31.35,26.1,37.59,0.0,78.46
2023-08-21,Ludhiana,Punjab,30.901,75.8573,29.67,24.54,36.99,0.0,73.99
2023-08-22,Ludhiana,Punjab,30.901,75.8573,30.69,25.72,38.58,12.96,71.78
2023-08-23,Ludhiana,Punjab,30.901,75.8573,31.26,26.05,39.01,12.37,81.05
2023-08-24,Ludhiana,Punjab,30.901,75.8573,32.35,28.0,39.01,0.0,81.68
2023-08-25,Ludhiana,Punjab,30.901,75.8573,30.8,25.97,35.78,0.0,74.82
2023-08-26,Ludhiana,Punjab,30.901,75.8573,30.58,24.47,38.48,0.0,80.95
2023-08-27,Ludhiana,Punjab,30.901,75.8573,31.77,27.02,38.79,0.0,77.22
2023-08-28,Ludhiana,Punjab,30.901,75.8573,29.42,24.86,35.25,2.68,65.18
2023-08-29,Ludhiana,Punjab,30.901,75.8573,30.34,23.44,36.63,6.92,73.97
2023-08-30,Ludhiana,Punjab,30.901,75.8573,30.83,24.8,37.74,5.49,60.02
2023-08-31,Ludhiana,Punjab,30.901,75.8573,32.06,25.31,39.02,0.0,80.49
2023-09-01,Ludhiana,Punjab,30.901,75.8573,31.16,24.76,37.4,17.15,76.34
2023-09-02,Ludhiana,Punjab,30.901,75.8573,27.18,22.97,32.21,7.09,72.5
2023-09-03,Ludhiana,Punjab,30.901,75.8573,30.28,23.82,35.32,0.0,80.66
2023-09-04,Ludhiana,Punjab,30.901,75.8573,30.38,23.42,36.13,7.12,77.47
2023-09-05,Ludhiana,Punjab,30.901,75.8573,30.93,25.12,36.78,0.0,78.94
2023-09-06,Ludhiana,Punjab,30.901,75.8573,29.46,22.88,35.96,0.0,79.97
2023-09-07,Ludhiana,Punjab,30.901,75.8573,30.92,25.75,35.98,0.0,86.04
2023-09-08,Ludhiana,Punjab,30.901,75.8573,29.47,25.41,36.22,20.11,73.88
2023-09-09,Ludhiana,Punjab,30.901,75.8573,28.53,24.39,36.15,0.0,74.58
2023-09-10,Ludhiana,Punjab,30.901,75.8573,28.8,23.22,34.21,1.25,74.85
2023-09-11,Ludhiana,Punjab,30.901,75.8573,27.75,22.76,33.35,0.0,84.42
2023-09-12,Ludhiana,Punjab,30.901,75.8573,27.12,20.22,33.43,0.0,71.56
2023-09-13,Ludhiana,Punjab,30.901,75.8573,30.58,24.39,37.2,0.0,78.66
2023-09-14,Ludhiana,Punjab,30.901,75.8573,29.36,22.76,34.98,0.0,75.47
2023-09-15,Ludhiana,Punjab,30.901,75.8573,29.02,23.92,34.76,0.0,76.52
2023-09-16,Ludhiana,Punjab,30.901,75.8573,29.94,25.9,36.68,32.88,76.47
2023-09-17,Ludhiana,Punjab,30.901,75.8573,27.17,22.73,31.3,7.57,76.03
2023-09-18,Ludhiana,Punjab,30.901,75.8573,28.68,23.09,33.24,0.0,70.03
2023-09-19,Ludhiana,Punjab,30.901,75.8573,24.77,18.33,32.76,0.0,74.48
2023-09-20,Ludhiana,Punjab,30.901,75.8573,27.7,22.89,32.81,24.09,79.51
2023-09-21,Ludhiana,Punjab,30.901,75.8573,28.1,22.62,33.06,3.83,81.95
2023-09-22,Ludhiana,Punjab,30.901,75.8573,26.34,21.22,31.2,0.0,78.15
2023-09-23,Ludhiana,Punjab,30.901,75.8573,28.13,22.82,32.66,3.16,78.96
2023-09-24,Ludhiana,Punjab,30.901,75.8573,27.57,23.53,32.23,0.0,69.22
2023-09-25,Ludhiana,Punjab,30.901,75.8573,25.68,19.96,31.61,0.0,75.87
2023-09-26,Ludhiana,Punjab,30.901,75.8573,27.32,23.0,35.03,11.42,79.48
2023-09-27,Ludhiana,Punjab,30.901,75.8573,27.67,21.74,35.05,20.95,76.02
2023-09-28,Ludhiana,Punjab,30.901,75.8573,27.7,22.65,35.03,0.0,47.18
2023-09-29,Ludhiana,Punjab,30.901,75.8573,28.2,22.68,34.08,0.0,46.76
2023-09-30,Ludhiana,Punjab,30.901,75.8573,24.68,20.25,30.9,0.0,46.53
2023-10-01,Ludhiana,Punjab,30.901,75.8573,28.61,22.84,32.75,0.0,43.1
2023-10-02,Ludhiana,Punjab,30.901,75.8573,28.59,22.06,35.02,0.0,43.29
2023-10-03,Ludhiana,Punjab,30.901,75.8573,27.06,21.15,33.2,0.0,55.99
2023-10-04,Ludhiana,Punjab,30.901,75.8573,25.9,19.29,32.55,0.0,42.78
2023-10-05,Ludhiana,Punjab,30.901,75.8573,26.36,20.87,33.77,0.0,46.82
2023-10-06,Ludhiana,Punjab,30.901,75.8573,26.11,19.21,33.01,4.45,33.72
2023-10-07,Ludhiana,Punjab,30.901,75.8573,25.54,19.43,31.79,0.0,34.66
2023-10-08,Ludhiana,Punjab,30.901,75.8573,24.03,18.39,28.26,0.0,43.49
2023-10-09,Ludhiana,Punjab,30.901,75.8573,23.83,18.58,29.8,0.0,49.18
2023-10-10,Ludhiana,Punjab,30.901,75.8573,24.89,19.97,29.77,0.0,33.56
2023-10-11,Ludhiana,Punjab,30.901,75.8573,23.56,17.77,29.06,0.0,31.96
2023-10-12,Ludhiana,Punjab,30.901,75.8573,25.14,20.56,32.85,0.0,49.48
2023-10-13,Ludhiana,Punjab,30.901,75.8573,22.01,16.34,28.71,0.0,45.62
2023-10-14,Ludhiana,Punjab,30.901,75.8573,22.53,16.3,27.55,0.0,39.77
2023-10-15,Ludhiana,Punjab,30.901,75.8573,23.99,17.48,30.69,0.0,44.65
2023-10-16,Ludhiana,Punjab,30.901,75.8573,24.03,18.79,29.51,0.0,38.58
2023-10-17,Ludhiana,Punjab,30.901,75.8573,24.64,19.33,32.32,0.0,33.31
2023-10-18,Ludhiana,Punjab,30.901,75.8573,24.11,17.17,29.72,0.0,41.84
2023-10-19,Ludhiana,Punjab,30.901,75.8573,25.86,20.91,32.92,0.0,48.75
2023-10-20,Ludhiana,Punjab,30.901,75.8573,25.26,20.52,31.4,0.0,44.97
2023-10-21,Ludhiana,Punjab,30.901,75.8573,22.0,17.01,26.87,0.0,45.47
2023-10-22,Ludhiana,Punjab,30.901,75.8573,23.8,18.33,28.3,0.0,39.93
2023-10-23,Ludhiana,Punjab,30.901,75.8573,21.31,14.78,27.09,0.0,40.09
2023-10-24,Ludhiana,Punjab,30.901,75.8573,22.01,15.42,28.59,0.0,39.76
2023-10-25,Ludhiana,Punjab,30.901,75.8573,23.05,17.05,27.87,0.0,46.24
2023-10-26,Ludhiana,Punjab,30.901,75.8573,19.9,14.32,27.41,0.0,50.67
2023-10-27,Ludhiana,Punjab,30.901,75.8573,23.58,18.5,31.44,0.0,40.03
2023-10-28,Ludhiana,Punjab,30.901,75.8573,23.09,18.05,28.97,0.0,40.37
2023-10-29,Ludhiana,Punjab,30.901,75.8573,21.22,14.68,27.42,0.0,42.89
2023-10-30,Ludhiana,Punjab,30.901,75.8573,19.44,14.27,24.47,0.0,44.9
2023-10-31,Ludhiana,Punjab,30.901,75.8573,21.97,15.37,28.84,0.0,41.24
2023-11-01,Ludhiana,Punjab,30.901,75.8573,22.86,15.94,28.69,0.0,46.68
2023-11-02,Ludhiana,Punjab,30.901,75.8573,20.87,14.57,27.0,0.0,40.66
2023-11-03,Ludhiana,Punjab,30.901,75.8573,20.9,16.79,27.91,0.0,37.46
2023-11-04,Ludhiana,Punjab,30.901,75.8573,23.03,16.48,29.74,0.0,48.69
2023-11-05,Ludhiana,Punjab,30.901,75.8573,20.76,16.73,25.0,0.0,47.8
2023-11-06,Ludhiana,Punjab,30.901,75.8573,20.96,14.01,27.38,0.0,48.26
2023-11-07,Ludhiana,Punjab,30.901,75.8573,22.1,16.46,26.75,0.0,38.99
2023-11-08,Ludhiana,Punjab,30.901,75.8573,21.51,15.08,26.61,0.0,44.39
2023-11-09,Ludhiana,Punjab,30.901,75.8573,20.08,15.67,26.62,0.0,49.83
2023-11-10,Ludhiana,Punjab,30.901,75.8573,22.34,16.62,28.82,0.0,40.14
2023-11-11,Ludhiana,Punjab,30.901,75.8573,19.51,15.32,26.94,0.0,33.18
2023-11-12,Ludhiana,Punjab,30.901,75.8573,20.9,14.97,26.05,0.0,41.52
2023-11-13,Ludhiana,Punjab,30.901,75.8573,19.71,14.54,24.88,0.53,33.32
2023-11-14,Ludhiana,Punjab,30.901,75.8573,18.78,13.48,23.9,0.0,34.17
2023-11-15,Ludhiana,Punjab,30.901,75.8573,20.41,15.32,24.43,0.0,53.6
2023-11-16,Ludhiana,Punjab,30.901,75.8573,20.73,14.74,25.75,0.0,37.25
2023-11-17,Ludhiana,Punjab,30.901,75.8573,19.57,13.26,25.08,0.0,49.7
2023-11-18,Ludhiana,Punjab,30.901,75.8573,19.04,12.65,25.78,0.0,54.38
2023-11-19,Ludhiana,Punjab,30.901,75.8573,18.99,14.98,25.39,0.0,50.19
2023-11-20,Ludhiana,Punjab,30.901,75.8573,16.55,11.18,22.58,0.0,45.71
2023-11-21,Ludhiana,Punjab,30.901,75.8573,17.59,11.14,21.78,0.0,44.39
2023-11-22,Ludhiana,Punjab,30.901,75.8573,20.76,14.88,27.94,0.0,51.23
2023-11-23,Ludhiana,Punjab,30.901,75.8573,18.45,13.0,25.71,0.0,30.69
2023-11-24,Ludhiana,Punjab,30.901,75.8573,19.77,14.01,25.07,0.0,34.46
2023-11-25,Ludhiana,Punjab,30.901,75.8573,18.96,13.72,24.34,0.0,32.91
2023-11-26,Ludhiana,Punjab,30.901,75.8573,17.8,11.29,22.01,0.0,53.07
2023-11-27,Ludhiana,Punjab,30.901,75.8573,19.37,12.51,25.35,0.0,35.77
2023-11-28,Ludhiana,Punjab,30.901,75.8573,16.47,10.85,22.06,0.0,39.77
2023-11-29,Ludhiana,Punjab,30.901,75.8573,16.67,12.28,21.0,0.0,41.78
2023-11-30,Ludhiana,Punjab,30.901,75.8573,17.43,11.31,22.56,0.0,45.97
2023-12-01,Ludhiana,Punjab,30.901,75.8573,17.04,12.34,22.43,0.0,37.32
2023-12-02,Ludhiana,Punjab,30.901,75.8573,15.64,10.02,21.24,0.0,39.08
2023-12-03,Ludhiana,Punjab,30.901,75.8573,17.31,12.55,24.25,0.0,42.48
2023-12-04,Ludhiana,Punjab,30.901,75.8573,18.1,11.38,23.62,0.0,40.88
2023-12-05,Ludhiana,Punjab,30.901,75.8573,17.82,13.39,24.05,0.0,51.7
2023-12-06,Ludhiana,Punjab,30.901,75.8573,15.3,9.73,21.61,0.0,32.61
2023-12-07,Ludhiana,Punjab,30.901,75.8573,16.47,9.55,20.65,0.0,39.24
2023-12-08,Ludhiana,Punjab,30.901,75.8573,14.9,10.31,22.85,0.0,44.21
2023-12-09,Ludhiana,Punjab,30.901,75.8573,16.79,12.19,24.11,0.0,50.92
2023-12-10,Ludhiana,Punjab,30.901,75.8573,16.21,12.05,23.9,0.0,51.81
2023-12-11,Ludhiana,Punjab,30.901,75.8573,15.2,10.79,22.6,0.0,52.53
2023-12-12,Ludhiana,Punjab,30.901,75.8573,17.19,12.15,24.36,0.0,41.1
2023-12-13,Ludhiana,Punjab,30.901,75.8573,16.37,9.94,21.05,0.0,33.51
2023-12-14,Ludhiana,Punjab,30.901,75.8573,16.71,12.13,22.09,0.0,48.61
2023-12-15,Ludhiana,Punjab,30.901,75.8573,17.85,11.27,23.08,0.0,44.89
2023-12-16,Ludhiana,Punjab,30.901,75.8573,14.98,10.64,22.0,0.0,36.5
2023-12-17,Ludhiana,Punjab,30.901,75.8573,16.97,10.89,24.5,0.0,42.3
2023-12-18,Ludhiana,Punjab,30.901,75.8573,15.07,8.79,21.04,0.0,39.86
2023-12-19,Ludhiana,Punjab,30.901,75.8573,16.8,12.57,21.18,0.0,39.15
2023-12-20,Ludhiana,Punjab,30.901,75.8573,15.9,9.06,20.6,0.0,47.67
2023-12-21,Ludhiana,Punjab,30.901,75.8573,16.21,11.53,22.38,0.26,35.39
2023-12-22,Ludhiana,Punjab,30.901,75.8573,15.16,8.88,22.82,0.0,40.47
2023-12-23,Ludhiana,Punjab,30.901,75.8573,16.76,10.75,20.76,7.76,41.01
2023-12-24,Ludhiana,Punjab,30.901,75.8573,16.93,11.8,24.47,0.0,36.17
2023-12-25,Ludhiana,Punjab,30.901,75.8573,15.76,9.01,23.32,0.0,48.55
2023-12-26,Ludhiana,Punjab,30.901,75.8573,15.93,11.17,20.38,0.0,49.02
2023-12-27,Ludhiana,Punjab,30.901,75.8573,15.92,11.82,21.77,0.0,50.79
2023-12-28,Ludhiana,Punjab,30.901,75.8573,14.58,8.17,18.67,0.0,35.54
2023-12-29,Ludhiana,Punjab,30.901,75.8573,13.62,7.87,18.17,0.0,47.21
2023-12-30,Ludhiana,Punjab,30.901,75.8573,14.37,7.98,18.4,0.0,46.02
2023-12-31,Ludhiana,Punjab,30.901,75.8573,14.14,8.93,21.94,0.0,36.72
2024-01-01,Ludhiana,Punjab,30.901,75.8573,14.37,9.2,21.46,0.0,41.26
2024-01-02,Ludhiana,Punjab,30.901,75.8573,13.56,6.91,17.98,0.0,47.31
2024-01-03,Ludhiana,Punjab,30.901,75.8573,16.01,9.89,23.86,0.0,45.07
2024-01-04,Ludhiana,Punjab,30.901,75.8573,12.18,5.41,16.61,0.0,31.37
2024-01-05,Ludhiana,Punjab,30.901,75.8573,14.83,10.67,21.54,0.0,42.77
2024-01-06,Ludhiana,Punjab,30.901,75.8573,14.82,9.68,19.78,0.0,50.86
2024-01-07,Ludhiana,Punjab,30.901,75.8573,15.21,10.63,20.83,0.0,34.04
2024-01-08,Ludhiana,Punjab,30.901,75.8573,13.47,9.15,20.71,0.0,34.15
2024-01-09,Ludhiana,Punjab,30.901,75.8573,14.34,7.35,22.15,0.0,34.05
2024-01-10,Ludhiana,Punjab,30.901,75.8573,14.4,7.53,18.41,0.0,37.62
2024-01-11,Ludhiana,Punjab,30.901,75.8573,14.31,10.17,21.98,0.0,38.91
2024-01-12,Ludhiana,Punjab,30.901,75.8573,13.22,9.06,17.98,0.0,46.54
2024-01-13,Ludhiana,Punjab,30.901,75.8573,13.29,9.23,17.7,0.0,47.72
2024-01-14,Ludhiana,Punjab,30.901,75.8573,15.84,10.79,22.89,0.0,39.68
2024-01-15,Ludhiana,Punjab,30.901,75.8573,14.31,10.22,22.05,0.0,44.06
2024-01-16,Ludhiana,Punjab,30.901,75.8573,14.01,9.59,19.7,0.0,43.84
2024-01-17,Ludhiana,Punjab,30.901,75.8573,14.94,8.81,21.6,0.0,47.05
2024-01-18,Ludhiana,Punjab,30.901,75.8573,14.79,8.41,22.14,0.0,51.11
2024-01-19,Ludhiana,Punjab,30.901,75.8573,16.28,9.37,22.35,0.0,39.6
2024-01-20,Ludhiana,Punjab,30.901,75.8573,14.36,7.77,18.47,0.0,51.96
2024-01-21,Ludhiana,Punjab,30.901,75.8573,15.37,8.65,23.01,0.0,50.88
2024-01-22,Ludhiana,Punjab,30.901,75.8573,15.2,10.56,21.14,0.0,47.11
2024-01-23,Ludhiana,Punjab,30.901,75.8573,16.19,10.16,22.47,0.0,33.4
2024-01-24,Ludhiana,Punjab,30.901,75.8573,14.97,9.03,22.29,0.0,47.61
2024-01-25,Ludhiana,Punjab,30.901,75.8573,16.84,10.22,24.61,0.0,39.41
2024-01-26,Ludhiana,Punjab,30.901,75.8573,13.56,9.29,21.41,0.0,49.41
2024-01-27,Ludhiana,Punjab,30.901,75.8573,16.04,9.87,23.84,0.0,52.28
2024-01-28,Ludhiana,Punjab,30.901,75.8573,15.02,8.55,21.58,0.0,42.56
2024-01-29,Ludhiana,Punjab,30.901,75.8573,15.0,8.71,21.23,0.0,43.06
2024-01-30,Ludhiana,Punjab,30.901,75.8573,15.29,10.88,21.43,0.0,50.53
2024-01-31,Ludhiana,Punjab,30.901,75.8573,15.1,10.95,21.12,0.0,48.51
2024-02-01,Ludhiana,Punjab,30.901,75.8573,17.24,10.54,24.77,0.0,41.48
2024-02-02,Ludhiana,Punjab,30.901,75.8573,14.17,7.68,21.92,0.0,46.54
2024-02-03,Ludhiana,Punjab,30.901,75.8573,15.77,10.48,23.28,0.0,43.14
2024-02-04,Ludhiana,Punjab,30.901,75.8573,15.87,8.89,20.76,0.0,41.3
2024-02-05,Ludhiana,Punjab,30.901,75.8573,16.7,12.03,22.69,0.0,34.3
2024-02-06,Ludhiana,Punjab,30.901,75.8573,16.13,10.46,23.48,0.0,37.43
2024-02-07,Ludhiana,Punjab,30.901,75.8573,16.88,10.73,21.57,0.0,46.36
2024-02-08,Ludhiana,Punjab,30.901,75.8573,15.59,8.92,22.48,0.0,42.2
2024-02-09,Ludhiana,Punjab,30.901,75.8573,16.37,12.01,24.21,0.0,44.82
2024-02-10,Ludhiana,Punjab,30.901,75.8573,17.31,10.47,22.33,0.0,45.02
2024-02-11,Ludhiana,Punjab,30.901,75.8573,14.74,9.42,20.54,0.0,30.85
2024-02-12,Ludhiana,Punjab,30.901,75.8573,15.37,10.5,21.68,0.0,37.97
2024-02-13,Ludhiana,Punjab,30.901,75.8573,15.28,8.96,21.97,0.0,38.59
2024-02-14,Ludhiana,Punjab,30.901,75.8573,17.84,11.27,22.94,0.0,36.96
2024-02-15,Ludhiana,Punjab,30.901,75.8573,16.97,12.72,24.57,0.0,45.62
2024-02-16,Ludhiana,Punjab,30.901,75.8573,14.3,8.8,21.78,11.34,35.98
2024-02-17,Ludhiana,Punjab,30.901,75.8573,12.33,7.66,19.83,0.0,51.83
2024-02-18,Ludhiana,Punjab,30.901,75.8573,14.46,9.98,19.76,0.0,54.41
2024-02-19,Ludhiana,Punjab,30.901,75.8573,16.87,11.42,24.82,0.0,44.99
2024-02-20,Ludhiana,Punjab,30.901,75.8573,16.54,10.18,23.39,5.73,52.24
2024-02-21,Ludhiana,Punjab,30.901,75.8573,16.5,10.75,22.51,0.0,39.83
2024-02-22,Ludhiana,Punjab,30.901,75.8573,16.37,11.54,21.74,0.0,39.02
2024-02-23,Ludhiana,Punjab,30.901,75.8573,17.74,11.97,24.44,0.0,45.27
2024-02-24,Ludhiana,Punjab,30.901,75.8573,17.61,11.43,21.74,0.0,42.49
2024-02-25,Ludhiana,Punjab,30.901,75.8573,16.81,12.74,24.27,0.0,38.24
2024-02-26,Ludhiana,Punjab,30.901,75.8573,18.81,12.43,25.17,0.0,41.81
2024-02-27,Ludhiana,Punjab,30.901,75.8573,16.58,12.18,21.75,0.0,46.29
2024-02-28,Ludhiana,Punjab,30.901,75.8573,15.93,10.44,21.98,0.0,41.86
2024-02-29,Ludhiana,Punjab,30.901,75.8573,17.42,11.99,24.45,0.0,42.53
2024-03-01,Ludhiana,Punjab,30.901,75.8573,17.55,10.9,23.06,0.0,44.18
2024-03-02,Ludhiana,Punjab,30.901,75.8573,18.74,13.41,26.41,0.0,51.1
2024-03-03,Ludhiana,Punjab,30.901,75.8573,18.81,12.03,24.3,0.0,47.53
2024-03-04,Ludhiana,Punjab,30.901,75.8573,18.85,12.44,25.21,0.0,44.67
2024-03-05,Ludhiana,Punjab,30.901,75.8573,16.19,11.84,21.4,0.0,58.84
2024-03-06,Ludhiana,Punjab,30.901,75.8573,19.02,12.54,24.15,0.0,41.17
2024-03-07,Ludhiana,Punjab,30.901,75.8573,20.19,14.31,24.32,0.0,38.9
2024-03-08,Ludhiana,Punjab,30.901,75.8573,18.78,14.77,23.91,0.0,44.96
2024-03-09,Ludhiana,Punjab,30.901,75.8573,18.61,13.23,26.47,0.0,49.74
2024-03-10,Ludhiana,Punjab,30.901,75.8573,18.37,13.06,25.26,0.0,41.86
2024-03-11,Ludhiana,Punjab,30.901,75.8573,18.92,12.25,24.59,0.0,35.56
2024-03-12,Ludhiana,Punjab,30.901,75.8573,20.27,14.82,26.17,0.0,38.18
2024-03-13,Ludhiana,Punjab,30.901,75.8573,18.45,12.93,25.51,0.0,50.13
2024-03-14,Ludhiana,Punjab,30.901,75.8573,20.84,14.99,25.14,0.0,47.21
2024-03-15,Ludhiana,Punjab,30.901,75.8573,20.54,15.51,24.92,0.0,36.4
2024-03-16,Ludhiana,Punjab,30.901,75.8573,18.94,13.98,23.34,0.0,61.17
2024-03-17,Ludhiana,Punjab,30.901,75.8573,18.7,13.88,25.9,0.0,39.59
2024-03-18,Ludhiana,Punjab,30.901,75.8573,20.04,15.42,24.57,0.0,39.68
2024-03-19,Ludhiana,Punjab,30.901,75.8573,19.7,14.79,25.58,0.0,38.62
2024-03-20,Ludhiana,Punjab,30.901,75.8573,20.16,13.23,27.5,0.0,39.79
2024-03-21,Ludhiana,Punjab,30.901,75.8573,19.18,14.34,26.14,0.0,40.0
2024-03-22,Ludhiana,Punjab,30.901,75.8573,20.63,13.7,27.2,0.0,37.84
2024-03-23,Ludhiana,Punjab,30.901,75.8573,22.53,17.58,28.53,0.0,59.28
2024-03-24,Ludhiana,Punjab,30.901,75.8573,21.87,15.84,26.75,0.0,53.59
2024-03-25,Ludhiana,Punjab,30.901,75.8573,19.35,13.62,24.08,0.0,46.65
2024-03-26,Ludhiana,Punjab,30.901,75.8573,22.71,16.54,27.03,0.0,48.74
2024-03-27,Ludhiana,Punjab,30.901,75.8573,22.23,15.47,26.57,0.0,42.75
2024-03-28,Ludhiana,Punjab,30.901,75.8573,21.57,15.14,27.6,0.0,41.48
2024-03-29,Ludhiana,Punjab,30.901,75.8573,21.23,15.29,25.93,0.0,43.48
2024-03-30,Ludhiana,Punjab,30.901,75.8573,21.0,16.21,27.84,0.0,43.24
2024-03-31,Ludhiana,Punjab,30.901,75.8573,22.85,16.58,27.99,0.0,42.38
2024-04-01,Ludhiana,Punjab,30.901,75.8573,22.9,16.22,28.14,0.0,36.89
2024-04-02,Ludhiana,Punjab,30.901,75.8573,21.22,16.52,28.35,0.0,50.08
2024-04-03,Ludhiana,Punjab,30.901,75.8573,22.4,16.22,29.37,0.0,51.24
2024-04-04,Ludhiana,Punjab,30.901,75.8573,23.61,18.66,31.27,0.0,48.05
2024-04-05,Ludhiana,Punjab,30.901,75.8573,22.86,18.15,28.06,0.0,47.2
2024-04-06,Ludhiana,Punjab,30.901,75.8573,23.73,17.92,31.64,0.0,54.05
2024-04-07,Ludhiana,Punjab,30.901,75.8573,23.29,17.38,29.49,0.0,41.55
2024-04-08,Ludhiana,Punjab,30.901,75.8573,22.64,18.25,28.2,0.0,37.68
2024-04-09,Ludhiana,Punjab,30.901,75.8573,22.78,18.62,29.78,0.0,44.47
2024-04-10,Ludhiana,Punjab,30.901,75.8573,23.89,18.43,29.13,0.0,51.26
2024-04-11,Ludhiana,Punjab,30.901,75.8573,23.64,18.0,29.89,0.0,28.79
2024-04-12,Ludhiana,Punjab,30.901,75.8573,23.99,17.93,28.72,0.0,49.01
2024-04-13,Ludhiana,Punjab,30.901,75.8573,24.11,19.4,29.68,0.0,39.15
2024-04-14,Ludhiana,Punjab,30.901,75.8573,23.1,16.97,27.99,0.0,35.19
2024-04-15,Ludhiana,Punjab,30.901,75.8573,24.03,18.44,29.66,0.0,38.43
2024-04-16,Ludhiana,Punjab,30.901,75.8573,23.22,16.65,29.06,0.0,40.45
2024-04-17,Ludhiana,Punjab,30.901,75.8573,23.59,17.1,29.66,0.0,37.9
2024-04-18,Ludhiana,Punjab,30.901,75.8573,26.43,20.55,31.79,0.0,37.82
2024-04-19,Ludhiana,Punjab,30.901,75.8573,24.35,17.73,28.76,0.0,49.35
2024-04-20,Ludhiana,Punjab,30.901,75.8573,27.72,21.21,33.99,0.0,30.2
2024-04-21,Ludhiana,Punjab,30.901,75.8573,25.75,21.18,30.05,0.0,50.26
2024-04-22,Ludhiana,Punjab,30.901,75.8573,24.94,19.02,31.81,0.0,37.22
2024-04-23,Ludhiana,Punjab,30.901,75.8573,22.36,17.72,27.62,0.0,31.95
2024-04-24,Ludhiana,Punjab,30.901,75.8573,26.12,21.99,33.74,0.0,42.59
2024-04-25,Ludhiana,Punjab,30.901,75.8573,24.4,18.63,28.93,0.0,37.41
2024-04-26,Ludhiana,Punjab,30.901,75.8573,24.82,19.2,31.59,0.0,43.57
2024-04-27,Ludhiana,Punjab,30.901,75.8573,25.56,21.23,30.69,0.0,58.96
2024-04-28,Ludhiana,Punjab,30.901,75.8573,26.35,20.44,30.59,0.0,43.36
2024-04-29,Ludhiana,Punjab,30.901,75.8573,24.86,20.55,29.39,0.0,41.05
2024-04-30,Ludhiana,Punjab,30.901,75.8573,25.15,20.16,30.07,0.0,44.4
2024-05-01,Ludhiana,Punjab,30.901,75.8573,25.83,21.7,33.8,0.0,38.55
2024-05-02,Ludhiana,Punjab,30.901,75.8573,25.48,20.94,30.63,0.0,56.39
2024-05-03,Ludhiana,Punjab,30.901,75.8573,27.47,20.97,34.48,0.0,40.97
2024-05-04,Ludhiana,Punjab,30.901,75.8573,28.17,22.24,33.42,0.0,47.98
2024-05-05,Ludhiana,Punjab,30.901,75.8573,28.72,22.92,32.93,0.0,48.4
2024-05-06,Ludhiana,Punjab,30.901,75.8573,28.62,21.9,35.53,0.0,49.24
2024-05-07,Ludhiana,Punjab,30.901,75.8573,26.84,20.96,33.0,0.0,34.2
2024-05-08,Ludhiana,Punjab,30.901,75.8573,27.84,22.83,35.76,0.0,51.01
2024-05-09,Ludhiana,Punjab,30.901,75.8573,27.59,21.54,32.69,0.0,50.07
2024-05-10,Ludhiana,Punjab,30.901,75.8573,26.64,22.49,32.04,0.0,45.03
2024-05-11,Ludhiana,Punjab,30.901,75.8573,29.82,25.06,35.72,0.0,39.93
2024-05-12,Ludhiana,Punjab,30.901,75.8573,28.16,21.64,32.48,0.0,40.41
2024-05-13,Ludhiana,Punjab,30.901,75.8573,29.11,24.48,34.76,0.0,40.67
2024-05-14,Ludhiana,Punjab,30.901,75.8573,30.24,23.87,36.18,0.0,42.67
2024-05-15,Ludhiana,Punjab,30.901,75.8573,29.29,24.49,36.63,0.0,49.52
2024-05-16,Ludhiana,Punjab,30.901,75.8573,30.12,24.95,37.14,0.0,41.87
2024-05-17,Ludhiana,Punjab,30.901,75.8573,31.7,24.88,38.92,0.0,35.2
2024-05-18,Ludhiana,Punjab,30.901,75.8573,28.74,24.41,34.35,0.0,41.08
2024-05-19,Ludhiana,Punjab,30.901,75.8573,28.57,23.8,34.94,0.0,49.32
2024-05-20,Ludhiana,Punjab,30.901,75.8573,26.98,21.37,31.78,0.0,34.91
2024-05-21,Ludhiana,Punjab,30.901,75.8573,29.0,22.51,35.07,0.0,54.34
2024-05-22,Ludhiana,Punjab,30.901,75.8573,29.74,22.96,35.61,0.0,33.78
2024-05-23,Ludhiana,Punjab,30.901,75.8573,30.5,26.31,37.72,0.0,41.25
2024-05-24,Ludhiana,Punjab,30.901,75.8573,29.3,25.28,36.07,0.0,44.95
2024-05-25,Ludhiana,Punjab,30.901,75.8573,30.17,25.52,34.78,0.0,41.43
2024-05-26,Ludhiana,Punjab,30.901,75.8573,30.82,25.7,35.76,0.0,41.35
2024-05-27,Ludhiana,Punjab,30.901,75.8573,29.63,25.52,35.51,0.0,47.75
2024-05-28,Ludhiana,Punjab,30.901,75.8573,30.61,24.74,36.32,0.0,42.4
2024-05-29,Ludhiana,Punjab,30.901,75.8573,29.26,24.83,34.04,3.21,74.9
2024-05-30,Ludhiana,Punjab,30.901,75.8573,29.87,25.84,35.26,5.71,74.44
2024-05-31,Ludhiana,Punjab,30.901,75.8573,29.77,24.15,33.84,0.0,73.78
2024-06-01,Ludhiana,Punjab,30.901,75.8573,29.14,23.73,37.13,29.87,77.35
2024-06-02,Ludhiana,Punjab,30.901,75.8573,30.81,24.45,36.12,0.0,75.43
2024-06-03,Ludhiana,Punjab,30.901,75.8573,28.88,22.94,35.48,0.0,73.92
2024-06-04,Ludhiana,Punjab,30.901,75.8573,30.4,25.3,34.91,2.05,65.92
2024-06-05,Ludhiana,Punjab,30.901,75.8573,32.26,27.38,40.11,31.01,80.7
2024-06-06,Ludhiana,Punjab,30.901,75.8573,30.86,25.38,35.39,0.0,74.79
2024-06-07,Ludhiana,Punjab,30.901,75.8573,28.31,23.48,35.48,3.84,74.0
2024-06-08,Ludhiana,Punjab,30.901,75.8573,30.31,25.71,36.93,6.2,76.3
2024-06-09,Ludhiana,Punjab,30.901,75.8573,30.38,24.93,35.04,0.0,76.6
2024-06-10,Ludhiana,Punjab,30.901,75.8573,31.38,24.49,36.97,0.0,82.18
2024-06-11,Ludhiana,Punjab,30.901,75.8573,29.56,23.51,34.44,8.07,77.04
2024-06-12,Ludhiana,Punjab,30.901,75.8573,31.29,25.96,36.78,7.83,76.78
2024-06-13,Ludhiana,Punjab,30.901,75.8573,34.26,28.17,41.65,0.0,76.56
2024-06-14,Ludhiana,Punjab,30.901,75.8573,32.2,26.72,37.3,0.0,70.54
2024-06-15,Ludhiana,Punjab,30.901,75.8573,31.71,24.77,35.8,3.05,76.23
2024-06-16,Ludhiana,Punjab,30.901,75.8573,30.86,25.8,35.1,0.0,82.86
2024-06-17,Ludhiana,Punjab,30.901,75.8573,32.05,25.56,38.79,0.0,78.83
2024-06-18,Ludhiana,Punjab,30.901,75.8573,30.71,24.74,35.86,22.96,81.45
2024-06-19,Ludhiana,Punjab,30.901,75.8573,33.33,28.09,39.13,0.0,76.61
2024-06-20,Ludhiana,Punjab,30.901,75.8573,33.29,28.97,40.64,0.0,78.73
2024-06-21,Ludhiana,Punjab,30.901,75.8573,32.31,26.4,39.71,2.08,65.78
2024-06-22,Ludhiana,Punjab,30.901,75.8573,31.74,25.75,37.34,0.0,73.53
2024-06-23,Ludhiana,Punjab,30.901,75.8573,33.12,29.08,39.28,14.55,77.52
2024-06-24,Ludhiana,Punjab,30.901,75.8573,32.15,25.19,36.92,20.09,65.85
2024-06-25,Ludhiana,Punjab,30.901,75.8573,31.48,26.12,38.25,0.0,74.81
2024-06-26,Ludhiana,Punjab,30.901,75.8573,31.24,26.75,35.49,0.0,76.41
2024-06-27,Ludhiana,Punjab,30.901,75.8573,31.04,26.81,36.57,0.0,80.01
2024-06-28,Ludhiana,Punjab,30.901,75.8573,33.2,26.64,37.39,7.52,82.83
2024-06-29,Ludhiana,Punjab,30.901,75.8573,32.85,26.29,37.98,4.25,71.64
2024-06-30,Ludhiana,Punjab,30.901,75.8573,33.31,28.04,37.52,0.0,77.18
2024-07-01,Ludhiana,Punjab,30.901,75.8573,35.27,29.89,42.38,0.0,65.11
2024-07-02,Ludhiana,Punjab,30.901,75.8573,32.23,26.16,39.73,31.56,72.3
2024-07-03,Ludhiana,Punjab,30.901,75.8573,33.99,27.6,38.58,0.0,73.25
2024-07-04,Ludhiana,Punjab,30.901,75.8573,31.53,25.78,39.5,0.0,75.61
2024-07-05,Ludhiana,Punjab,30.901,75.8573,31.27,25.88,36.07,21.55,74.21
2024-07-06,Ludhiana,Punjab,30.901,75.8573,35.31,28.41,42.16,2.54,84.74
2024-07-07,Ludhiana,Punjab,30.901,75.8573,33.85,29.02,38.88,0.0,81.17
2024-07-08,Ludhiana,Punjab,30.901,75.8573,32.49,28.4,40.11,0.0,88.66
2024-07-09,Ludhiana,Punjab,30.901,75.8573,31.71,25.19,38.8,1.46,68.8
2024-07-10,Ludhiana,Punjab,30.901,75.8573,33.55,27.54,38.26,0.0,86.16
2024-07-11,Ludhiana,Punjab,30.901,75.8573,32.39,27.49,39.03,0.0,75.83
2024-07-12,Ludhiana,Punjab,30.901,75.8573,32.45,25.64,40.15,11.7,75.13
2024-07-13,Ludhiana,Punjab,30.901,75.8573,32.8,26.41,36.81,4.1,77.69
2024-07-14,Ludhiana,Punjab,30.901,75.8573,32.73,26.05,36.97,24.07,83.01
2024-07-15,Ludhiana,Punjab,30.901,75.8573,31.43,26.11,37.12,0.0,71.77
2024-07-16,Ludhiana,Punjab,30.901,75.8573,33.89,26.99,38.02,0.0,79.61
2024-07-17,Ludhiana,Punjab,30.901,75.8573,32.78,27.11,37.7,0.0,72.6
2024-07-18,Ludhiana,Punjab,30.901,75.8573,34.28,29.18,38.93,0.0,71.6
2024-07-19,Ludhiana,Punjab,30.901,75.8573,33.84,29.19,40.04,0.0,77.89
2024-07-20,Ludhiana,Punjab,30.901,75.8573,32.45,28.4,37.91,0.0,71.97
2024-07-21,Ludhiana,Punjab,30.901,75.8573,32.39,27.96,39.42,9.33,76.62
2024-07-22,Ludhiana,Punjab,30.901,75.8573,31.26,24.6,36.04,0.0,74.14
2024-07-23,Ludhiana,Punjab,30.901,75.8573,33.57,27.74,40.73,6.9,86.73
2024-07-24,Ludhiana,Punjab,30.901,75.8573,34.46,28.4,41.89,0.0,73.4
2024-07-25,Ludhiana,Punjab,30.901,75.8573,30.87,23.92,37.19,0.0,75.8
2024-07-26,Ludhiana,Punjab,30.901,75.8573,30.42,23.97,37.18,0.0,74.85
2024-07-27,Ludhiana,Punjab,30.901,75.8573,33.99,29.36,41.29,26.51,79.0
2024-07-28,Ludhiana,Punjab,30.901,75.8573,34.15,28.0,40.84,0.0,75.79
2024-07-29,Ludhiana,Punjab,30.901,75.8573,33.47,28.41,37.73,0.0,69.09
2024-07-30,Ludhiana,Punjab,30.901,75.8573,34.31,28.18,38.68,0.0,75.92
2024-07-31,Ludhiana,Punjab,30.901,75.8573,31.82,26.04,39.53,13.57,80.8
2024-08-01,Ludhiana,Punjab,30.901,75.8573,34.05,29.91,38.75,3.14,77.18
2024-08-02,Ludhiana,Punjab,30.901,75.8573,32.47,27.46,39.23,1.96,89.05
2024-08-03,Ludhiana,Punjab,30.901,75.8573,32.29,26.46,39.82,33.97,68.36
2024-08-04,Ludhiana,Punjab,30.901,75.8573,34.37,28.39,39.27,0.0,70.62
2024-08-05,Ludhiana,Punjab,30.901,75.8573,33.51,26.78,40.33,24.34,73.18
2024-08-06,Ludhiana,Punjab,30.901,75.8573,32.3,27.17,39.28,0.0,70.87
2024-08-07,Ludhiana,Punjab,30.901,75.8573,32.73,28.64,40.55,20.35,76.67
2024-08-08,Ludhiana,Punjab,30.901,75.8573,30.61,23.98,36.67,0.0,66.07
2024-08-09,Ludhiana,Punjab,30.901,75.8573,30.55,23.74,36.92,20.53,86.79
2024-08-10,Ludhiana,Punjab,30.901,75.8573,32.69,25.76,40.28,17.07,76.12
2024-08-11,Ludhiana,Punjab,30.901,75.8573,31.84,27.53,38.55,5.78,77.25
2024-08-12,Ludhiana,Punjab,30.901,75.8573,32.19,27.7,36.9,0.0,78.35
2024-08-13,Ludhiana,Punjab,30.901,75.8573,28.82,22.42,34.25,0.58,75.13
2024-08-14,Ludhiana,Punjab,30.901,75.8573,32.88,25.9,38.89,0.0,75.81
2024-08-15,Ludhiana,Punjab,30.901,75.8573,32.08,27.03,38.15,2.02,71.72
2024-08-16,Ludhiana,Punjab,30.901,75.8573,32.12,25.65,40.01,0.0,66.1
2024-08-17,Ludhiana,Punjab,30.901,75.8573,30.95,26.53,37.02,29.54,79.13
2024-08-18,Ludhiana,Punjab,30.901,75.8573,31.42,24.79,36.7,0.0,85.97
2024-08-19,Ludhiana,Punjab,30.901,75.8573,29.89,25.52,35.96,0.0,76.6
2024-08-20,Ludhiana,Punjab,30.901,75.8573,32.85,26.6,39.76,7.19,75.9
2024-08-21,Ludhiana,Punjab,30.901,75.8573,32.29,27.97,39.52,0.0,76.54
2024-08-22,Ludhiana,Punjab,30.901,75.8573,30.54,25.98,35.45,61.13,72.21
2024-08-23,Ludhiana,Punjab,30.901,75.8573,29.44,24.17,34.51,0.0,73.51
2024-08-24,Ludhiana,Punjab,30.901,75.8573,29.9,23.72,37.86,22.29,75.79
2024-08-25,Ludhiana,Punjab,30.901,75.8573,30.17,25.63,36.23,0.0,79.88
2024-08-26,Ludhiana,Punjab,30.901,75.8573,31.45,26.48,36.28,4.01,80.04
2024-08-27,Ludhiana,Punjab,30.901,75.8573,32.09,27.78,39.46,13.35,80.29
2024-08-28,Ludhiana,Punjab,30.901,75.8573,28.77,21.77,36.03,0.0,80.32
2024-08-29,Ludhiana,Punjab,30.901,75.8573,29.32,22.7,34.65,3.32,78.57
2024-08-30,Ludhiana,Punjab,30.901,75.8573,29.98,24.21,35.68,0.0,80.76
2024-08-31,Ludhiana,Punjab,30.901,75.8573,30.25,24.6,37.26,13.97,71.01
2024-09-01,Ludhiana,Punjab,30.901,75.8573,31.11,25.38,38.55,8.42,82.1
2024-09-02,Ludhiana,Punjab,30.901,75.8573,29.52,25.23,37.09,23.05,65.91
2024-09-03,Ludhiana,Punjab,30.901,75.8573,30.07,25.69,34.5,0.0,73.53
2024-09-04,Ludhiana,Punjab,30.901,75.8573,29.16,22.19,35.67,0.0,79.69
2024-09-05,Ludhiana,Punjab,30.901,75.8573,29.39,25.24,36.53,3.25,85.73
2024-09-06,Ludhiana,Punjab,30.901,75.8573,31.33,26.9,39.13,0.0,74.26
2024-09-07,Ludhiana,Punjab,30.901,75.8573,28.0,22.9,35.44,0.0,75.88
2024-09-08,Ludhiana,Punjab,30.901,75.8573,29.59,25.13,36.01,0.0,71.43
2024-09-09,Ludhiana,Punjab,30.901,75.8573,32.57,25.83,38.92,0.0,74.16
2024-09-10,Ludhiana,Punjab,30.901,75.8573,30.74,25.41,35.99,0.0,74.44
2024-09-11,Ludhiana,Punjab,30.901,75.8573,29.5,22.62,35.28,1.58,71.98
2024-09-12,Ludhiana,Punjab,30.901,75.8573,28.21,23.9,35.35,0.0,77.69
2024-09-13,Ludhiana,Punjab,30.901,75.8573,29.41,23.51,36.32,0.0,70.95
2024-09-14,Ludhiana,Punjab,30.901,75.8573,30.25,24.6,35.13,0.0,72.06
2024-09-15,Ludhiana,Punjab,30.901,75.8573,28.21,22.08,32.52,0.0,75.23
2024-09-16,Ludhiana,Punjab,30.901,75.8573,28.74,23.88,33.5,0.0,65.5
2024-09-17,Ludhiana,Punjab,30.901,75.8573,29.49,24.77,35.34,0.0,79.83
2024-09-18,Ludhiana,Punjab,30.901,75.8573,26.92,21.97,34.78,13.18,69.91
2024-09-19,Ludhiana,Punjab,30.901,75.8573,27.47,21.72,34.61,0.0,88.5
2024-09-20,Ludhiana,Punjab,30.901,75.8573,28.49,23.69,35.74,0.0,76.72
2024-09-21,Ludhiana,Punjab,30.901,75.8573,29.02,24.07,36.03,10.29,76.63
2024-09-22,Ludhiana,Punjab,30.901,75.8573,27.87,22.79,32.29,0.0,72.99
2024-09-23,Ludhiana,Punjab,30.901,75.8573,28.74,22.98,36.37,0.0,72.72
2024-09-24,Ludhiana,Punjab,30.901,75.8573,26.98,22.24,32.8,0.49,80.69
2024-09-25,Ludhiana,Punjab,30.901,75.8573,26.21,20.0,31.55,30.99,75.63
2024-09-26,Ludhiana,Punjab,30.901,75.8573,28.73,22.7,33.41,2.0,71.17
2024-09-27,Ludhiana,Punjab,30.901,75.8573,26.18,19.83,31.12,0.0,32.61
2024-09-28,Ludhiana,Punjab,30.901,75.8573,25.57,20.52,33.33,0.0,57.14
2024-09-29,Ludhiana,Punjab,30.901,75.8573,27.03,22.29,32.19,0.0,35.96
2024-09-30,Ludhiana,Punjab,30.901,75.8573,26.33,20.91,31.49,0.0,40.76
2024-10-01,Ludhiana,Punjab,30.901,75.8573,26.59,21.23,33.38,0.0,42.79
2024-10-02,Ludhiana,Punjab,30.901,75.8573,25.79,19.36,30.97,0.0,35.54
2024-10-03,Ludhiana,Punjab,30.901,75.8573,23.88,19.28,28.85,0.0,34.82
2024-10-04,Ludhiana,Punjab,30.901,75.8573,23.17,16.42,28.06,0.0,47.88
2024-10-05,Ludhiana,Punjab,30.901,75.8573,24.59,17.96,30.26,0.0,41.65
2024-10-06,Ludhiana,Punjab,30.901,75.8573,25.66,19.77,29.97,0.0,32.1
2024-10-07,Ludhiana,Punjab,30.901,75.8573,27.9,21.38,33.89,0.0,45.73
2024-10-08,Ludhiana,Punjab,30.901,75.8573,23.16,17.88,29.58,0.85,40.51
2024-10-09,Ludhiana,Punjab,30.901,75.8573,24.65,19.39,32.29,0.0,50.06
2024-10-10,Ludhiana,Punjab,30.901,75.8573,24.63,19.61,32.11,0.0,47.26
2024-10-11,Ludhiana,Punjab,30.901,75.8573,25.39,21.21,30.48,0.0,43.88
2024-10-12,Ludhiana,Punjab,30.901,75.8573,24.13,18.81,30.76,0.0,47.66
2024-10-13,Ludhiana,Punjab,30.901,75.8573,23.17,16.84,30.14,0.0,42.72
2024-10-14,Ludhiana,Punjab,30.901,75.8573,23.54,16.88,27.89,0.0,36.55
2024-10-15,Ludhiana,Punjab,30.901,75.8573,23.26,17.88,27.35,0.0,39.48
2024-10-16,Ludhiana,Punjab,30.901,75.8573,26.3,20.55,31.62,0.0,44.82
2024-10-17,Ludhiana,Punjab,30.901,75.8573,22.01,15.41,27.45,0.0,52.87
2024-10-18,Ludhiana,Punjab,30.901,75.8573,25.12,20.6,30.56,0.0,37.92
2024-10-19,Ludhiana,Punjab,30.901,75.8573,23.61,17.74,29.2,0.0,32.47
2024-10-20,Ludhiana,Punjab,30.901,75.8573,23.52,17.75,28.63,0.0,46.13
2024-10-21,Ludhiana,Punjab,30.901,75.8573,24.57,20.37,31.15,0.0,46.25
2024-10-22,Ludhiana,Punjab,30.901,75.8573,22.93,18.26,27.22,0.0,62.63
2024-10-23,Ludhiana,Punjab,30.901,75.8573,24.79,20.7,31.83,0.0,49.55
2024-10-24,Ludhiana,Punjab,30.901,75.8573,22.63,15.94,29.48,0.0,39.47
2024-10-25,Ludhiana,Punjab,30.901,75.8573,22.77,18.73,27.77,0.0,48.12
2024-10-26,Ludhiana,Punjab,30.901,75.8573,25.79,20.58,33.68,0.0,47.21
2024-10-27,Ludhiana,Punjab,30.901,75.8573,22.69,18.37,29.87,0.0,41.98
2024-10-28,Ludhiana,Punjab,30.901,75.8573,21.3,16.97,25.44,0.0,46.6
2024-10-29,Ludhiana,Punjab,30.901,75.8573,21.99,17.95,29.28,0.0,37.61
2024-10-30,Ludhiana,Punjab,30.901,75.8573,21.63,16.53,26.66,0.0,37.27
2024-10-31,Ludhiana,Punjab,30.901,75.8573,21.33,15.78,26.82,0.0,57.18
2024-11-01,Ludhiana,Punjab,30.901,75.8573,21.31,15.66,25.78,0.0,42.8
2024-11-02,Ludhiana,Punjab,30.901,75.8573,21.13,14.72,27.94,0.0,41.25
2024-11-03,Ludhiana,Punjab,30.901,75.8573,21.92,15.09,28.2,0.0,43.74
2024-11-04,Ludhiana,Punjab,30.901,75.8573,19.06,14.07,23.49,0.0,43.09
2024-11-05,Ludhiana,Punjab,30.901,75.8573,20.28,14.21,26.14,0.0,39.34
2024-11-06,Ludhiana,Punjab,30.901,75.8573,20.8,14.55,28.34,0.0,48.2
2024-11-07,Ludhiana,Punjab,30.901,75.8573,22.5,16.35,28.51,0.0,41.33
2024-11-08,Ludhiana,Punjab,30.901,75.8573,22.01,17.56,27.4,0.0,38.23
2024-11-09,Ludhiana,Punjab,30.901,75.8573,20.84,16.31,27.1,0.0,49.21
2024-11-10,Ludhiana,Punjab,30.901,75.8573,19.72,12.74,26.04,0.0,47.18
2024-11-11,Ludhiana,Punjab,30.901,75.8573,21.01,15.58,26.18,0.0,40.02
2024-11-12,Ludhiana,Punjab,30.901,75.8573,19.89,13.85,25.54,0.0,49.28
2024-11-13,Ludhiana,Punjab,30.901,75.8573,20.67,14.77,24.84,0.0,36.25
2024-11-14,Ludhiana,Punjab,30.901,75.8573,20.87,13.95,24.93,0.0,32.33
2024-11-15,Ludhiana,Punjab,30.901,75.8573,20.11,15.09,27.56,0.0,47.23
2024-11-16,Ludhiana,Punjab,30.901,75.8573,19.22,13.11,24.73,0.0,40.46
2024-11-17,Ludhiana,Punjab,30.901,75.8573,20.84,16.27,27.27,0.0,35.3
2024-11-18,Ludhiana,Punjab,30.901,75.8573,19.98,15.57,27.92,12.23,41.24
2024-11-19,Ludhiana,Punjab,30.901,75.8573,18.28,13.21,23.91,0.0,41.59
2024-11-20,Ludhiana,Punjab,30.901,75.8573,18.74,12.38,25.11,0.0,37.6
2024-11-21,Ludhiana,Punjab,30.901,75.8573,19.88,14.46,27.71,0.0,48.22
2024-11-22,Ludhiana,Punjab,30.901,75.8573,16.52,11.82,21.68,0.0,51.32
2024-11-23,Ludhiana,Punjab,30.901,75.8573,16.34,10.21,21.13,0.0,49.49
2024-11-24,Ludhiana,Punjab,30.901,75.8573,18.71,12.66,26.57,0.0,32.96
2024-11-25,Ludhiana,Punjab,30.901,75.8573,18.71,12.75,25.77,0.0,37.94
2024-11-26,Ludhiana,Punjab,30.901,75.8573,18.47,13.89,24.02,0.0,39.46
2024-11-27,Ludhiana,Punjab,30.901,75.8573,18.45,14.26,25.71,0.0,37.96
2024-11-28,Ludhiana,Punjab,30.901,75.8573,16.12,9.23,22.0,0.0,45.84
2024-11-29,Ludhiana,Punjab,30.901,75.8573,20.4,14.38,25.97,0.0,51.78
2024-11-30,Ludhiana,Punjab,30.901,75.8573,17.95,11.65,22.0,0.0,32.74
2024-12-01,Ludhiana,Punjab,30.901,75.8573,18.44,13.18,25.73,0.0,43.39
2024-12-02,Ludhiana,Punjab,30.901,75.8573,19.75,13.7,25.86,0.0,38.96
2024-12-03,Ludhiana,Punjab,30.901,75.8573,17.86,13.73,23.62,0.0,46.86
2024-12-04,Ludhiana,Punjab,30.901,75.8573,15.73,11.51,22.48,0.0,32.34
2024-12-05,Ludhiana,Punjab,30.901,75.8573,16.79,12.05,20.94,0.0,43.85
2024-12-06,Ludhiana,Punjab,30.901,75.8573,16.71,11.22,21.42,0.0,45.79
2024-12-07,Ludhiana,Punjab,30.901,75.8573,16.56,9.61,20.63,0.8,50.25
2024-12-08,Ludhiana,Punjab,30.901,75.8573,17.9,13.51,23.8,0.0,33.23
2024-12-09,Ludhiana,Punjab,30.901,75.8573,17.7,12.59,25.01,0.0,33.05
2024-12-10,Ludhiana,Punjab,30.901,75.8573,14.53,10.04,22.0,0.0,51.72
2024-12-11,Ludhiana,Punjab,30.901,75.8573,19.45,13.99,25.48,0.8,47.22
2024-12-12,Ludhiana,Punjab,30.901,75.8573,15.48,10.64,19.95,0.0,45.13
2024-12-13,Ludhiana,Punjab,30.901,75.8573,16.89,12.53,24.58,0.0,41.28
2024-12-14,Ludhiana,Punjab,30.901,75.8573,14.82,9.54,19.87,0.0,45.21
2024-12-15,Ludhiana,Punjab,30.901,75.8573,16.14,10.66,21.88,0.0,35.66
2024-12-16,Ludhiana,Punjab,30.901,75.8573,16.89,11.28,24.52,0.0,46.87
2024-12-17,Ludhiana,Punjab,30.901,75.8573,15.01,10.93,22.6,0.0,43.47
2024-12-18,Ludhiana,Punjab,30.901,75.8573,15.43,11.06,20.67,0.0,46.64
2024-12-19,Ludhiana,Punjab,30.901,75.8573,16.68,12.09,22.41,0.0,43.25
2024-12-20,Ludhiana,Punjab,30.901,75.8573,16.78,11.41,24.29,0.0,45.02
2024-12-21,Ludhiana,Punjab,30.901,75.8573,16.04,10.22,23.0,0.0,42.9
2024-12-22,Ludhiana,Punjab,30.901,75.8573,14.59,10.15,20.22,0.0,47.73
2024-12-23,Ludhiana,Punjab,30.901,75.8573,16.05,10.35,21.61,0.0,42.97
2024-12-24,Ludhiana,Punjab,30.901,75.8573,15.67,8.72,21.85,0.0,49.85
2024-12-25,Ludhiana,Punjab,30.901,75.8573,17.14,12.35,24.88,0.0,45.66
2024-12-26,Ludhiana,Punjab,30.901,75.8573,16.54,11.37,21.52,0.0,40.31
2024-12-27,Ludhiana,Punjab,30.901,75.8573,15.72,9.29,20.27,0.0,44.6
2024-12-28,Ludhiana,Punjab,30.901,75.8573,15.63,10.95,20.6,0.0,44.55
2024-12-29,Ludhiana,Punjab,30.901,75.8573,15.46,9.97,21.8,0.0,38.22
2024-12-30,Ludhiana,Punjab,30.901,75.8573,15.2,10.92,22.46,0.0,45.21
2024-12-31,Ludhiana,Punjab,30.901,75.8573,14.73,9.17,19.14,0.0,28.24
2025-01-01,Ludhiana,Punjab,30.901,75.8573,15.78,9.54,21.91,0.0,42.28
2025-01-02,Ludhiana,Punjab,30.901,75.8573,17.12,10.84,25.08,0.0,43.92
2025-01-03,Ludhiana,Punjab,30.901,75.8573,15.85,11.8,20.75,0.0,42.89
2025-01-04,Ludhiana,Punjab,30.901,75.8573,14.11,8.64,21.92,0.0,49.11
2025-01-05,Ludhiana,Punjab,30.901,75.8573,15.47,8.98,20.77,0.0,40.49
2025-01-06,Ludhiana,Punjab,30.901,75.8573,15.12,11.07,21.67,0.0,44.78
2025-01-07,Ludhiana,Punjab,30.901,75.8573,15.36,9.68,21.42,0.0,43.51
2025-01-08,Ludhiana,Punjab,30.901,75.8573,15.69,11.34,21.5,0.0,28.89
2025-01-09,Ludhiana,Punjab,30.901,75.8573,14.9,9.26,20.58,0.0,41.11
2025-01-10,Ludhiana,Punjab,30.901,75.8573,14.2,8.94,19.6,0.0,49.84
2025-01-11,Ludhiana,Punjab,30.901,75.8573,14.34,9.57,19.45,0.0,40.84
2025-01-12,Ludhiana,Punjab,30.901,75.8573,18.8,14.49,26.18,0.0,52.88
2025-01-13,Ludhiana,Punjab,30.901,75.8573,13.71,9.11,21.33,0.0,38.51
2025-01-14,Ludhiana,Punjab,30.901,75.8573,14.42,9.87,20.67,0.0,38.9
2025-01-15,Ludhiana,Punjab,30.901,75.8573,15.71,10.7,22.66,0.0,36.85
2025-01-16,Ludhiana,Punjab,30.901,75.8573,15.75,11.62,22.41,0.0,38.03
2025-01-17,Ludhiana,Punjab,30.901,75.8573,14.26,10.21,21.73,0.0,45.83
2025-01-18,Ludhiana,Punjab,30.901,75.8573,14.97,8.52,20.04,0.0,47.24
2025-01-19,Ludhiana,Punjab,30.901,75.8573,14.1,8.64,19.53,0.0,36.5
2025-01-20,Ludhiana,Punjab,30.901,75.8573,15.6,10.52,19.72,0.0,42.25
2025-01-21,Ludhiana,Punjab,30.901,75.8573,15.41,8.54,23.07,0.0,40.31
2025-01-22,Ludhiana,Punjab,30.901,75.8573,14.49,8.03,19.32,0.0,50.34
2025-01-23,Ludhiana,Punjab,30.901,75.8573,15.19,9.33,20.27,0.0,42.95
2025-01-24,Ludhiana,Punjab,30.901,75.8573,14.73,9.62,19.46,0.0,35.27
2025-01-25,Ludhiana,Punjab,30.901,75.8573,14.63,10.08,21.21,1.33,48.3
2025-01-26,Ludhiana,Punjab,30.901,75.8573,15.81,8.97,21.46,0.0,49.5
2025-01-27,Ludhiana,Punjab,30.901,75.8573,14.52,9.19,20.37,0.0,41.51
2025-01-28,Ludhiana,Punjab,30.901,75.8573,15.08,8.61,19.5,0.0,37.64
2025-01-29,Ludhiana,Punjab,30.901,75.8573,14.46,9.06,19.8,0.0,45.25
2025-01-30,Ludhiana,Punjab,30.901,75.8573,13.82,8.11,19.96,0.0,41.59
2025-01-31,Ludhiana,Punjab,30.901,75.8573,17.13,12.57,24.02,0.0,40.09
2025-02-01,Ludhiana,Punjab,30.901,75.8573,14.49,8.86,20.97,0.0,43.04
2025-02-02,Ludhiana,Punjab,30.901,75.8573,17.47,11.97,24.45,0.0,41.69
2025-02-03,Ludhiana,Punjab,30.901,75.8573,16.41,9.45,23.18,0.0,47.14
2025-02-04,Ludhiana,Punjab,30.901,75.8573,16.66,11.26,22.49,0.0,48.6
2025-02-05,Ludhiana,Punjab,30.901,75.8573,14.8,8.91,21.06,0.0,44.17
2025-02-06,Ludhiana,Punjab,30.901,75.8573,14.43,8.61,21.43,0.0,45.7
2025-02-07,Ludhiana,Punjab,30.901,75.8573,17.21,12.37,24.59,0.0,43.45
2025-02-08,Ludhiana,Punjab,30.901,75.8573,15.21,8.51,21.17,0.0,45.86
2025-02-09,Ludhiana,Punjab,30.901,75.8573,14.8,10.33,20.45,0.0,43.98
2025-02-10,Ludhiana,Punjab,30.901,75.8573,16.21,10.76,20.7,0.0,44.76
2025-02-11,Ludhiana,Punjab,30.901,75.8573,15.82,11.79,20.07,0.0,41.34
2025-02-12,Ludhiana,Punjab,30.901,75.8573,15.73,10.05,21.25,0.0,44.19
2025-02-13,Ludhiana,Punjab,30.901,75.8573,16.85,10.88,21.22,0.0,35.61
2025-02-14,Ludhiana,Punjab,30.901,75.8573,15.16,10.23,20.23,0.0,50.45
2025-02-15,Ludhiana,Punjab,30.901,75.8573,15.99,11.26,23.75,0.0,37.15
2025-02-16,Ludhiana,Punjab,30.901,75.8573,17.76,10.92,22.06,0.0,56.77
2025-02-17,Ludhiana,Punjab,30.901,75.8573,14.29,9.59,19.43,0.0,45.41
2025-02-18,Ludhiana,Punjab,30.901,75.8573,16.16,11.86,22.54,0.0,56.07
2025-02-19,Ludhiana,Punjab,30.901,75.8573,17.57,11.59,24.72,0.0,38.98
2025-02-20,Ludhiana,Punjab,30.901,75.8573,15.74,10.41,22.34,0.0,50.26
2025-02-21,Ludhiana,Punjab,30.901,75.8573,17.95,13.56,22.4,0.0,54.25
2025-02-22,Ludhiana,Punjab,30.901,75.8573,14.67,10.12,21.29,0.0,37.7
2025-02-23,Ludhiana,Punjab,30.901,75.8573,16.39,12.09,22.9,0.0,49.8
2025-02-24,Ludhiana,Punjab,30.901,75.8573,16.14,9.56,21.32,0.0,45.41
2025-02-25,Ludhiana,Punjab,30.901,75.8573,18.09,12.79,25.08,0.0,38.99
2025-02-26,Ludhiana,Punjab,30.901,75.8573,17.08,12.58,25.06,0.0,48.82
2025-02-27,Ludhiana,Punjab,30.901,75.8573,16.52,9.87,23.35,6.99,37.62
2025-02-28,Ludhiana,Punjab,30.901,75.8573,17.41,11.99,22.47,0.0,43.33
2025-03-01,Ludhiana,Punjab,30.901,75.8573,16.37,10.18,20.53,0.0,47.12
2025-03-02,Ludhiana,Punjab,30.901,75.8573,18.35,12.7,26.34,0.0,38.77
2025-03-03,Ludhiana,Punjab,30.901,75.8573,17.29,12.89,25.18,0.0,49.32
2025-03-04,Ludhiana,Punjab,30.901,75.8573,17.68,10.96,22.66,0.0,43.6
2025-03-05,Ludhiana,Punjab,30.901,75.8573,17.8,11.79,24.37,0.0,37.59
2025-03-06,Ludhiana,Punjab,30.901,75.8573,18.49,12.6,23.77,0.0,33.23
2025-03-07,Ludhiana,Punjab,30.901,75.8573,19.39,13.82,26.03,0.0,37.66
2025-03-08,Ludhiana,Punjab,30.901,75.8573,19.1,14.31,23.35,0.0,45.72
2025-03-09,Ludhiana,Punjab,30.901,75.8573,19.69,14.75,27.58,0.0,46.61
2025-03-10,Ludhiana,Punjab,30.901,75.8573,17.41,10.69,23.19,0.0,35.37
2025-03-11,Ludhiana,Punjab,30.901,75.8573,21.37,15.89,28.54,3.54,46.31
2025-03-12,Ludhiana,Punjab,30.901,75.8573,20.35,14.04,27.01,0.0,40.46
2025-03-13,Ludhiana,Punjab,30.901,75.8573,17.32,11.32,23.19,0.0,39.13
2025-03-14,Ludhiana,Punjab,30.901,75.8573,22.27,17.61,28.29,0.0,32.05
2025-03-15,Ludhiana,Punjab,30.901,75.8573,19.8,13.62,24.14,0.0,57.69
2025-03-16,Ludhiana,Punjab,30.901,75.8573,18.04,13.07,25.4,0.0,34.07
2025-03-17,Ludhiana,Punjab,30.901,75.8573,19.9,15.57,25.74,0.0,44.02
2025-03-18,Ludhiana,Punjab,30.901,75.8573,19.77,13.65,26.49,0.0,34.59
2025-03-19,Ludhiana,Punjab,30.901,75.8573,19.93,14.36,24.79,0.0,43.36
2025-03-20,Ludhiana,Punjab,30.901,75.8573,20.2,15.5,24.69,0.0,44.96
2025-03-21,Ludhiana,Punjab,30.901,75.8573,19.11,12.31,27.03,0.0,30.66
2025-03-22,Ludhiana,Punjab,30.901,75.8573,22.01,15.79,29.88,0.0,44.33
2025-03-23,Ludhiana,Punjab,30.901,75.8573,21.27,15.95,25.38,0.0,36.52
2025-03-24,Ludhiana,Punjab,30.901,75.8573,20.36,14.18,27.05,0.0,50.82
2025-03-25,Ludhiana,Punjab,30.901,75.8573,20.59,13.82,27.6,0.0,40.44
2025-03-26,Ludhiana,Punjab,30.901,75.8573,21.47,17.32,27.8,0.0,43.18
2025-03-27,Ludhiana,Punjab,30.901,75.8573,19.55,13.24,25.22,0.0,44.54
2025-03-28,Ludhiana,Punjab,30.901,75.8573,20.22,13.97,28.19,0.0,39.35
2025-03-29,Ludhiana,Punjab,30.901,75.8573,21.8,15.57,26.37,0.0,38.7
2025-03-30,Ludhiana,Punjab,30.901,75.8573,23.8,17.19,29.49,0.0,50.7
2025-03-31,Ludhiana,Punjab,30.901,75.8573,22.96,16.84,27.55,0.0,47.77
2025-04-01,Ludhiana,Punjab,30.901,75.8573,21.78,17.31,29.17,0.0,37.56
2025-04-02,Ludhiana,Punjab,30.901,75.8573,22.29,17.18,28.3,0.0,63.77
2025-04-03,Ludhiana,Punjab,30.901,75.8573,21.63,17.27,29.38,0.0,35.37
2025-04-04,Ludhiana,Punjab,30.901,75.8573,20.39,13.86,26.72,0.0,37.83
2025-04-05,Ludhiana,Punjab,30.901,75.8573,19.5,14.0,25.65,0.0,39.75
2025-04-06,Ludhiana,Punjab,30.901,75.8573,22.14,17.01,27.33,0.0,42.37
2025-04-07,Ludhiana,Punjab,30.901,75.8573,21.88,17.63,29.72,0.0,40.33
2025-04-08,Ludhiana,Punjab,30.901,75.8573,21.95,16.12,26.0,0.0,48.87
2025-04-09,Ludhiana,Punjab,30.901,75.8573,22.3,17.81,27.66,0.0,42.36
2025-04-10,Ludhiana,Punjab,30.901,75.8573,21.53,17.44,26.07,0.0,44.1
2025-04-11,Ludhiana,Punjab,30.901,75.8573,24.18,19.13,28.82,0.0,50.37
2025-04-12,Ludhiana,Punjab,30.901,75.8573,22.88,18.43,28.45,0.0,46.21
2025-04-13,Ludhiana,Punjab,30.901,75.8573,23.04,17.33,29.45,0.0,33.96
2025-04-14,Ludhiana,Punjab,30.901,75.8573,23.82,18.57,30.0,0.0,44.05
2025-04-15,Ludhiana,Punjab,30.901,75.8573,23.17,16.78,29.96,1.64,38.42
2025-04-16,Ludhiana,Punjab,30.901,75.8573,26.31,22.12,30.62,0.0,52.41
2025-04-17,Ludhiana,Punjab,30.901,75.8573,23.41,18.27,27.93,0.0,44.6
2025-04-18,Ludhiana,Punjab,30.901,75.8573,23.6,19.35,29.61,0.0,52.12
2025-04-19,Ludhiana,Punjab,30.901,75.8573,23.11,17.07,29.73,0.0,47.55
2025-04-20,Ludhiana,Punjab,30.901,75.8573,23.38,16.55,30.78,0.0,39.02
2025-04-21,Ludhiana,Punjab,30.901,75.8573,26.04,19.37,31.93,0.0,45.96
2025-04-22,Ludhiana,Punjab,30.901,75.8573,24.23,19.14,31.72,0.0,48.32
2025-04-23,Ludhiana,Punjab,30.901,75.8573,26.71,20.06,33.82,0.0,29.97
2025-04-24,Ludhiana,Punjab,30.901,75.8573,27.39,22.94,34.8,0.0,43.34
2025-04-25,Ludhiana,Punjab,30.901,75.8573,25.62,18.81,30.57,0.0,38.48
2025-04-26,Ludhiana,Punjab,30.901,75.8573,25.2,20.83,31.21,0.0,36.46
2025-04-27,Ludhiana,Punjab,30.901,75.8573,26.51,20.04,31.48,0.0,35.95
2025-04-28,Ludhiana,Punjab,30.901,75.8573,26.08,21.87,31.48,0.0,42.52
2025-04-29,Ludhiana,Punjab,30.901,75.8573,24.86,20.52,28.96,0.0,38.95
2025-04-30,Ludhiana,Punjab,30.901,75.8573,25.56,18.98,32.69,0.0,40.18
2025-05-01,Ludhiana,Punjab,30.901,75.8573,26.97,22.05,31.3,2.46,45.51
2025-05-02,Ludhiana,Punjab,30.901,75.8573,26.63,20.91,33.46,0.0,48.23
2025-05-03,Ludhiana,Punjab,30.901,75.8573,26.87,20.24,33.74,0.0,40.96
2025-05-04,Ludhiana,Punjab,30.901,75.8573,26.97,22.12,33.93,0.0,44.12
2025-05-05,Ludhiana,Punjab,30.901,75.8573,25.8,19.4,33.16,0.0,44.19
2025-05-06,Ludhiana,Punjab,30.901,75.8573,25.93,20.35,33.56,0.0,46.45
2025-05-07,Ludhiana,Punjab,30.901,75.8573,28.29,22.34,35.21,0.0,43.85
2025-05-08,Ludhiana,Punjab,30.901,75.8573,28.08,23.31,32.17,0.0,44.97
2025-05-09,Ludhiana,Punjab,30.901,75.8573,26.35,21.37,33.8,0.0,45.51
2025-05-10,Ludhiana,Punjab,30.901,75.8573,25.89,20.93,31.9,0.0,43.6
2025-05-11,Ludhiana,Punjab,30.901,75.8573,28.32,23.59,36.31,0.0,38.89
2025-05-12,Ludhiana,Punjab,30.901,75.8573,26.09,21.88,32.54,0.0,37.66
2025-05-13,Ludhiana,Punjab,30.901,75.8573,28.14,21.5,33.48,0.0,44.65
2025-05-14,Ludhiana,Punjab,30.901,75.8573,28.77,21.97,36.76,0.0,38.55
2025-05-15,Ludhiana,Punjab,30.901,75.8573,27.62,21.68,32.57,0.0,51.0
2025-05-16,Ludhiana,Punjab,30.901,75.8573,28.63,21.7,32.74,0.0,43.9
2025-05-17,Ludhiana,Punjab,30.901,75.8573,26.92,22.89,33.14,0.0,47.09
2025-05-18,Ludhiana,Punjab,30.901,75.8573,29.43,23.19,36.33,0.0,30.61
2025-05-19,Ludhiana,Punjab,30.901,75.8573,27.73,23.5,35.15,0.0,34.08
2025-05-20,Ludhiana,Punjab,30.901,75.8573,28.14,22.82,34.87,0.61,44.25
2025-05-21,Ludhiana,Punjab,30.901,75.8573,29.36,22.66,33.71,0.0,40.44
2025-05-22,Ludhiana,Punjab,30.901,75.8573,27.63,22.01,33.68,0.0,49.01
2025-05-23,Ludhiana,Punjab,30.901,75.8573,29.56,24.59,34.44,0.0,39.98
2025-05-24,Ludhiana,Punjab,30.901,75.8573,30.09,25.4,36.97,0.0,40.66
2025-05-25,Ludhiana,Punjab,30.901,75.8573,30.22,26.08,35.37,0.0,29.53
2025-05-26,Ludhiana,Punjab,30.901,75.8573,31.52,25.02,38.16,0.0,41.28
2025-05-27,Ludhiana,Punjab,30.901,75.8573,29.82,24.25,36.29,0.0,42.06
2025-05-28,Ludhiana,Punjab,30.901,75.8573,28.86,24.34,34.37,0.0,46.12
2025-05-29,Ludhiana,Punjab,30.901,75.8573,28.25,22.49,34.37,0.0,44.13
2025-05-30,Ludhiana,Punjab,30.901,75.8573,30.07,24.61,34.86,0.0,84.83
2025-05-31,Ludhiana,Punjab,30.901,75.8573,31.18,25.92,38.38,0.0,67.66
2025-06-01,Ludhiana,Punjab,30.901,75.8573,29.13,24.82,35.31,38.12,81.58
2025-06-02,Ludhiana,Punjab,30.901,75.8573,30.14,24.26,37.92,0.0,78.53
2025-06-03,Ludhiana,Punjab,30.901,75.8573,28.9,24.42,34.64,0.0,77.45
2025-06-04,Ludhiana,Punjab,30.901,75.8573,31.52,27.24,37.87,5.45,70.52
2025-06-05,Ludhiana,Punjab,30.901,75.8573,31.06,26.77,36.69,19.45,78.91
2025-06-06,Ludhiana,Punjab,30.901,75.8573,31.56,27.06,38.96,0.0,79.69
2025-06-07,Ludhiana,Punjab,30.901,75.8573,29.88,23.67,37.36,0.53,82.09
2025-06-08,Ludhiana,Punjab,30.901,75.8573,30.32,24.09,34.64,0.0,72.06
2025-06-09,Ludhiana,Punjab,30.901,75.8573,28.67,22.81,33.07,0.0,76.31
2025-06-10,Ludhiana,Punjab,30.901,75.8573,28.89,23.63,36.4,26.51,83.91
2025-06-11,Ludhiana,Punjab,30.901,75.8573,32.28,25.65,39.62,11.75,84.36
2025-06-12,Ludhiana,Punjab,30.901,75.8573,30.42,25.58,36.63,0.0,77.78
2025-06-13,Ludhiana,Punjab,30.901,75.8573,30.77,26.69,36.09,0.0,77.07
2025-06-14,Ludhiana,Punjab,30.901,75.8573,33.37,27.62,37.95,0.0,79.82
2025-06-15,Ludhiana,Punjab,30.901,75.8573,30.73,26.22,37.33,0.0,88.22
2025-06-16,Ludhiana,Punjab,30.901,75.8573,31.05,26.81,38.92,0.0,80.7
2025-06-17,Ludhiana,Punjab,30.901,75.8573,32.13,26.11,40.11,0.0,66.58
2025-06-18,Ludhiana,Punjab,30.901,75.8573,34.41,30.04,39.25,12.84,82.39
2025-06-19,Ludhiana,Punjab,30.901,75.8573,30.31,24.33,36.8,0.0,77.25
2025-06-20,Ludhiana,Punjab,30.901,75.8573,31.81,25.21,38.98,21.71,70.25
2025-06-21,Ludhiana,Punjab,30.901,75.8573,33.0,27.87,38.22,6.65,72.38
2025-06-22,Ludhiana,Punjab,30.901,75.8573,34.67,30.09,40.31,0.61,79.14
2025-06-23,Ludhiana,Punjab,30.901,75.8573,32.32,28.03,36.67,33.86,79.46
2025-06-24,Ludhiana,Punjab,30.901,75.8573,31.93,26.07,39.05,3.3,76.51
2025-06-25,Ludhiana,Punjab,30.901,75.8573,29.36,25.19,35.75,1.69,70.66
2025-06-26,Ludhiana,Punjab,30.901,75.8573,31.58,26.83,36.36,0.0,89.03
2025-06-27,Ludhiana,Punjab,30.901,75.8573,32.39,26.41,39.52,0.0,74.68
2025-06-28,Ludhiana,Punjab,30.901,75.8573,31.2,26.6,37.67,3.67,74.8
2025-06-29,Ludhiana,Punjab,30.901,75.8573,32.56,26.34,38.58,1.84,84.49
2025-06-30,Ludhiana,Punjab,30.901,75.8573,30.03,24.19,34.9,32.49,77.07
2025-07-01,Ludhiana,Punjab,30.901,75.8573,33.49,27.12,39.35,0.0,73.66
2025-07-02,Ludhiana,Punjab,30.901,75.8573,34.05,29.35,39.75,0.0,72.48
2025-07-03,Ludhiana,Punjab,30.901,75.8573,34.41,28.85,40.29,0.0,82.75
2025-07-04,Ludhiana,Punjab,30.901,75.8573,31.74,27.41,35.94,0.0,71.33
2025-07-05,Ludhiana,Punjab,30.901,75.8573,34.42,28.72,41.93,0.0,80.36
2025-07-06,Ludhiana,Punjab,30.901,75.8573,34.33,29.57,42.01,0.0,84.0
2025-07-07,Ludhiana,Punjab,30.901,75.8573,33.02,27.53,40.28,1.42,78.18
2025-07-08,Ludhiana,Punjab,30.901,75.8573,35.5,29.96,42.96,14.85,81.04
2025-07-09,Ludhiana,Punjab,30.901,75.8573,31.42,25.81,36.28,5.21,73.54
2025-07-10,Ludhiana,Punjab,30.901,75.8573,34.27,27.51,41.01,0.0,71.17
2025-07-11,Ludhiana,Punjab,30.901,75.8573,32.58,25.89,40.56,10.68,82.97
2025-07-12,Ludhiana,Punjab,30.901,75.8573,33.68,28.25,37.73,0.0,77.56
2025-07-13,Ludhiana,Punjab,30.901,75.8573,33.22,28.36,41.14,0.0,86.04
2025-07-14,Ludhiana,Punjab,30.901,75.8573,34.33,30.18,42.07,0.0,75.62
2025-07-15,Ludhiana,Punjab,30.901,75.8573,32.33,26.09,36.63,0.0,81.36
2025-07-16,Ludhiana,Punjab,30.901,75.8573,30.77,25.91,36.42,2.12,82.53
2025-07-17,Ludhiana,Punjab,30.901,75.8573,32.73,26.41,37.92,0.0,71.1
2025-07-18,Ludhiana,Punjab,30.901,75.8573,32.52,27.05,38.9,0.0,67.86
2025-07-19,Ludhiana,Punjab,30.901,75.8573,31.79,25.56,36.93,0.0,77.61
2025-07-20,Ludhiana,Punjab,30.901,75.8573,32.48,27.58,39.75,0.0,68.82
2025-07-21,Ludhiana,Punjab,30.901,75.8573,32.79,28.73,40.64,0.0,78.71
2025-07-22,Ludhiana,Punjab,30.901,75.8573,32.15,27.54,36.27,4.02,81.52
2025-07-23,Ludhiana,Punjab,30.901,75.8573,33.9,27.03,41.26,10.53,69.31
2025-07-24,Ludhiana,Punjab,30.901,75.8573,35.08,28.96,40.63,0.0,75.9
2025-07-25,Ludhiana,Punjab,30.901,75.8573,33.73,28.13,39.78,16.72,74.28
2025-07-26,Ludhiana,Punjab,30.901,75.8573,30.83,24.72,38.83,0.0,78.57
2025-07-27,Ludhiana,Punjab,30.901,75.8573,33.8,28.47,39.6,0.0,81.1
2025-07-28,Ludhiana,Punjab,30.901,75.8573,32.96,26.2,39.21,25.54,77.9
2025-07-29,Ludhiana,Punjab,30.901,75.8573,35.25,30.85,40.2,47.91,77.46
2025-07-30,Ludhiana,Punjab,30.901,75.8573,32.34,27.77,38.53,12.06,81.07
2025-07-31,Ludhiana,Punjab,30.901,75.8573,32.08,27.29,37.1,0.0,71.84
2025-08-01,Ludhiana,Punjab,30.901,75.8573,33.41,27.59,41.4,2.56,81.54
2025-08-02,Ludhiana,Punjab,30.901,75.8573,32.1,26.26,38.13,0.0,78.64
2025-08-03,Ludhiana,Punjab,30.901,75.8573,30.91,24.46,35.02,0.0,73.93
2025-08-04,Ludhiana,Punjab,30.901,75.8573,32.15,27.43,37.85,0.0,80.52
2025-08-05,Ludhiana,Punjab,30.901,75.8573,31.84,25.47,37.49,2.79,77.94
2025-08-06,Ludhiana,Punjab,30.901,75.8573,34.1,27.35,38.86,16.72,76.19
2025-08-07,Ludhiana,Punjab,30.901,75.8573,30.65,26.02,36.15,0.0,72.11
2025-08-08,Ludhiana,Punjab,30.901,75.8573,32.51,26.86,37.03,0.0,74.95
2025-08-09,Ludhiana,Punjab,30.901,75.8573,30.79,24.33,34.94,0.0,70.15
2025-08-10,Ludhiana,Punjab,30.901,75.8573,32.81,28.09,37.0,0.0,65.67
2025-08-11,Ludhiana,Punjab,30.901,75.8573,31.01,25.55,35.69,0.0,75.14
2025-08-12,Ludhiana,Punjab,30.901,75.8573,32.47,26.9,37.65,0.0,70.5
2025-08-13,Ludhiana,Punjab,30.901,75.8573,33.78,29.18,39.64,0.0,87.7
2025-08-14,Ludhiana,Punjab,30.901,75.8573,33.51,26.88,39.5,26.18,84.04
2025-08-15,Ludhiana,Punjab,30.901,75.8573,29.78,24.61,35.93,17.39,74.14
2025-08-16,Ludhiana,Punjab,30.901,75.8573,33.0,28.21,37.85,0.0,70.4
2025-08-17,Ludhiana,Punjab,30.901,75.8573,32.69,27.85,38.59,0.0,77.07
2025-08-18,Ludhiana,Punjab,30.901,75.8573,29.41,24.69,36.2,5.41,69.04
2025-08-19,Ludhiana,Punjab,30.901,75.8573,30.47,24.99,36.91,0.0,74.94
2025-08-20,Ludhiana,Punjab,30.901,75.8573,29.56,24.43,35.74,0.0,84.51
2025-08-21,Ludhiana,Punjab,30.901,75.8573,32.01,25.08,37.43,1.47,75.43
2025-08-22,Ludhiana,Punjab,30.901,75.8573,32.65,26.86,40.61,25.24,70.33
2025-08-23,Ludhiana,Punjab,30.901,75.8573,31.01,25.56,36.76,0.0,79.47
2025-08-24,Ludhiana,Punjab,30.901,75.8573,31.38,26.18,35.47,19.23,62.95
2025-08-25,Ludhiana,Punjab,30.901,75.8573,31.24,24.72,37.23,15.83,75.94
2025-08-26,Ludhiana,Punjab,30.901,75.8573,29.43,23.86,36.22,0.0,67.37
2025-08-27,Ludhiana,Punjab,30.901,75.8573,30.85,23.93,38.57,0.0,77.7
2025-08-28,Ludhiana,Punjab,30.901,75.8573,31.2,27.13,35.41,11.4,73.7
2025-08-29,Ludhiana,Punjab,30.901,75.8573,31.64,26.12,37.34,6.04,78.08
2025-08-30,Ludhiana,Punjab,30.901,75.8573,28.93,23.4,35.93,14.55,83.1
2025-08-31,Ludhiana,Punjab,30.901,75.8573,30.01,25.22,37.18,0.0,75.81
2025-09-01,Ludhiana,Punjab,30.901,75.8573,30.47,25.33,35.37,0.0,71.21
2025-09-02,Ludhiana,Punjab,30.901,75.8573,27.79,21.16,33.66,23.34,81.7
2025-09-03,Ludhiana,Punjab,30.901,75.8573,31.55,25.11,38.26,0.0,83.46
2025-09-04,Ludhiana,Punjab,30.901,75.8573,29.8,25.24,34.86,0.0,76.52
2025-09-05,Ludhiana,Punjab,30.901,75.8573,28.07,22.72,34.41,0.0,76.13
2025-09-06,Ludhiana,Punjab,30.901,75.8573,30.01,24.51,37.39,0.06,77.79
2025-09-07,Ludhiana,Punjab,30.901,75.8573,29.69,24.57,34.15,0.0,74.32
2025-09-08,Ludhiana,Punjab,30.901,75.8573,29.86,24.29,35.14,0.0,75.12
2025-09-09,Ludhiana,Punjab,30.901,75.8573,30.47,26.42,35.56,0.0,80.27
2025-09-10,Ludhiana,Punjab,30.901,75.8573,29.26,22.74,36.88,0.0,74.72
2025-09-11,Ludhiana,Punjab,30.901,75.8573,29.26,23.69,34.78,11.2,76.89
2025-09-12,Ludhiana,Punjab,30.901,75.8573,28.52,22.44,33.56,0.0,75.81
2025-09-13,Ludhiana,Punjab,30.901,75.8573,30.56,24.0,35.42,10.1,79.27
2025-09-14,Ludhiana,Punjab,30.901,75.8573,27.37,22.42,32.18,0.0,77.31
2025-09-15,Ludhiana,Punjab,30.901,75.8573,30.66,25.37,38.27,0.0,83.75
2025-09-16,Ludhiana,Punjab,30.901,75.8573,28.92,21.93,33.11,0.0,79.46
2025-09-17,Ludhiana,Punjab,30.901,75.8573,27.79,22.96,34.67,0.0,68.1
2025-09-18,Ludhiana,Punjab,30.901,75.8573,27.06,21.56,32.29,0.0,75.58
2025-09-19,Ludhiana,Punjab,30.901,75.8573,29.4,22.82,34.23,0.0,74.21
2025-09-20,Ludhiana,Punjab,30.901,75.8573,28.05,23.73,33.98,0.0,79.18
2025-09-21,Ludhiana,Punjab,30.901,75.8573,26.82,20.58,31.99,0.0,74.61
2025-09-22,Ludhiana,Punjab,30.901,75.8573,26.83,20.37,33.28,0.0,68.55
2025-09-23,Ludhiana,Punjab,30.901,75.8573,25.85,20.76,30.18,1.1,82.9
2025-09-24,Ludhiana,Punjab,30.901,75.8573,26.01,20.21,30.17,4.19,75.36
2025-09-25,Ludhiana,Punjab,30.901,75.8573,26.64,20.81,34.56,0.0,78.15
2025-09-26,Ludhiana,Punjab,30.901,75.8573,28.49,22.57,33.01,7.49,72.5
2025-09-27,Ludhiana,Punjab,30.901,75.8573,27.25,22.34,33.64,0.0,77.82
2025-09-28,Ludhiana,Punjab,30.901,75.8573,27.36,22.71,34.27,0.0,40.61
2025-09-29,Ludhiana,Punjab,30.901,75.8573,24.15,18.52,30.09,0.0,40.29
2025-09-30,Ludhiana,Punjab,30.901,75.8573,25.42,20.31,31.44,0.0,39.29
2025-10-01,Ludhiana,Punjab,30.901,75.8573,27.6,23.26,35.58,0.0,52.46
2025-10-02,Ludhiana,Punjab,30.901,75.8573,25.48,20.64,29.73,0.0,43.41
2025-10-03,Ludhiana,Punjab,30.901,75.8573,23.92,19.07,28.65,0.0,52.86
2025-10-04,Ludhiana,Punjab,30.901,75.8573,28.06,21.77,32.62,0.0,50.24
2025-10-05,Ludhiana,Punjab,30.901,75.8573,26.28,21.79,34.0,0.0,36.87
2025-10-06,Ludhiana,Punjab,30.901,75.8573,25.36,18.74,29.58,0.0,43.94
2025-10-07,Ludhiana,Punjab,30.901,75.8573,24.66,20.24,30.64,0.0,38.5
2025-10-08,Ludhiana,Punjab,30.901,75.8573,25.92,20.8,33.41,0.0,36.11
2025-10-09,Ludhiana,Punjab,30.901,75.8573,25.73,19.3,32.3,0.0,36.74
2025-10-10,Ludhiana,Punjab,30.901,75.8573,27.02,21.78,33.85,0.0,41.82
2025-10-11,Ludhiana,Punjab,30.901,75.8573,24.87,18.64,31.54,0.0,41.92
2025-10-12,Ludhiana,Punjab,30.901,75.8573,24.16,18.26,28.48,0.0,44.77
2025-10-13,Ludhiana,Punjab,30.901,75.8573,24.22,17.25,31.35,0.0,43.2
2025-10-14,Ludhiana,Punjab,30.901,75.8573,23.58,16.75,28.97,0.0,44.52
2025-10-15,Ludhiana,Punjab,30.901,75.8573,22.05,15.23,26.44,0.0,53.48
2025-10-16,Ludhiana,Punjab,30.901,75.8573,25.19,18.95,31.02,0.0,37.48
2025-10-17,Ludhiana,Punjab,30.901,75.8573,25.02,18.59,30.42,3.42,42.95
2025-10-18,Ludhiana,Punjab,30.901,75.8573,26.05,21.18,32.44,0.0,41.69
2025-10-19,Ludhiana,Punjab,30.901,75.8573,22.73,17.26,27.39,0.0,41.64
2025-10-20,Ludhiana,Punjab,30.901,75.8573,23.3,17.72,31.06,0.0,38.0
2025-10-21,Ludhiana,Punjab,30.901,75.8573,22.26,17.84,26.75,0.0,36.17
2025-10-22,Ludhiana,Punjab,30.901,75.8573,21.28,17.06,27.53,0.0,39.24
2025-10-23,Ludhiana,Punjab,30.901,75.8573,24.37,19.28,30.41,0.0,43.02
2025-10-24,Ludhiana,Punjab,30.901,75.8573,23.04,18.59,30.29,0.0,49.18
2025-10-25,Ludhiana,Punjab,30.901,75.8573,22.27,15.41,26.33,0.0,32.76
2025-10-26,Ludhiana,Punjab,30.901,75.8573,23.06,18.78,28.1,0.0,44.88
2025-10-27,Ludhiana,Punjab,30.901,75.8573,20.18,14.01,27.63,0.0,49.51
2025-10-28,Ludhiana,Punjab,30.901,75.8573,22.98,16.96,30.53,0.0,45.29
2025-10-29,Ludhiana,Punjab,30.901,75.8573,22.39,15.7,28.29,6.43,41.36
2025-10-30,Ludhiana,Punjab,30.901,75.8573,21.69,16.22,28.44,0.0,47.98
2025-10-31,Ludhiana,Punjab,30.901,75.8573,21.47,17.43,29.19,0.0,41.95
2025-11-01,Ludhiana,Punjab,30.901,75.8573,19.83,13.65,25.28,0.0,29.75
2025-11-02,Ludhiana,Punjab,30.901,75.8573,19.68,12.92,27.39,0.0,43.53
2025-11-03,Ludhiana,Punjab,30.901,75.8573,21.71,15.73,26.47,0.0,50.56
2025-11-04,Ludhiana,Punjab,30.901,75.8573,21.95,15.18,27.52,0.0,51.66
2025-11-05,Ludhiana,Punjab,30.901,75.8573,21.07,15.9,27.78,0.0,40.37
2025-11-06,Ludhiana,Punjab,30.901,75.8573,20.39,13.49,26.67,0.0,43.29
2025-11-07,Ludhiana,Punjab,30.901,75.8573,21.76,16.05,28.57,0.0,41.3
2025-11-08,Ludhiana,Punjab,30.901,75.8573,21.65,16.0,29.4,0.0,39.64
2025-11-09,Ludhiana,Punjab,30.901,75.8573,20.15,14.58,27.43,0.0,47.03
2025-11-10,Ludhiana,Punjab,30.901,75.8573,20.46,14.58,26.71,0.0,42.49
2025-11-11,Ludhiana,Punjab,30.901,75.8573,21.85,16.66,28.32,0.0,39.19
2025-11-12,Ludhiana,Punjab,30.901,75.8573,21.83,16.61,26.27,0.0,42.9
2025-11-13,Ludhiana,Punjab,30.901,75.8573,21.59,16.31,26.24,0.0,34.84
2025-11-14,Ludhiana,Punjab,30.901,75.8573,19.28,14.54,25.6,2.3,33.41
2025-11-15,Ludhiana,Punjab,30.901,75.8573,17.57,12.09,23.69,0.0,50.39
2025-11-16,Ludhiana,Punjab,30.901,75.8573,19.57,12.93,26.67,0.0,39.72
2025-11-17,Ludhiana,Punjab,30.901,75.8573,18.88,14.37,26.59,0.0,35.57
2025-11-18,Ludhiana,Punjab,30.901,75.8573,19.91,15.83,25.34,0.0,37.63
2025-11-19,Ludhiana,Punjab,30.901,75.8573,17.18,11.21,21.36,0.0,44.0
2025-11-20,Ludhiana,Punjab,30.901,75.8573,16.43,11.22,21.19,0.0,34.35
2025-11-21,Ludhiana,Punjab,30.901,75.8573,19.18,14.54,25.28,0.0,57.93
2025-11-22,Ludhiana,Punjab,30.901,75.8573,18.43,13.47,22.61,0.0,36.62
2025-11-23,Ludhiana,Punjab,30.901,75.8573,17.61,11.33,21.68,0.0,36.75
2025-11-24,Ludhiana,Punjab,30.901,75.8573,18.76,13.15,24.04,0.0,39.35
2025-11-25,Ludhiana,Punjab,30.901,75.8573,17.2,10.54,24.69,0.0,43.37
2025-11-26,Ludhiana,Punjab,30.901,75.8573,20.05,13.09,24.79,0.0,32.97
2025-11-27,Ludhiana,Punjab,30.901,75.8573,17.13,10.75,23.13,0.0,42.59
2025-11-28,Ludhiana,Punjab,30.901,75.8573,17.98,13.84,24.58,0.0,41.87
2025-11-29,Ludhiana,Punjab,30.901,75.8573,17.27,12.69,24.44,0.0,42.62
2025-11-30,Ludhiana,Punjab,30.901,75.8573,16.58,11.8,22.99,0.0,33.86
2025-12-01,Ludhiana,Punjab,30.901,75.8573,18.47,13.29,23.04,0.0,42.79
2025-12-02,Ludhiana,Punjab,30.901,75.8573,17.67,12.44,23.0,0.0,36.95
2025-12-03,Ludhiana,Punjab,30.901,75.8573,15.93,11.25,21.16,0.0,47.55
2025-12-04,Ludhiana,Punjab,30.901,75.8573,19.45,14.82,23.92,0.0,44.37
2025-12-05,Ludhiana,Punjab,30.901,75.8573,16.16,9.52,23.38,0.0,46.9
2025-12-06,Ludhiana,Punjab,30.901,75.8573,18.51,12.06,25.5,0.0,43.1
2025-12-07,Ludhiana,Punjab,30.901,75.8573,16.96,10.14,21.87,0.0,49.36
2025-12-08,Ludhiana,Punjab,30.901,75.8573,15.14,10.99,19.9,0.0,54.9
2025-12-09,Ludhiana,Punjab,30.901,75.8573,15.57,10.35,21.8,0.0,44.9
2025-12-10,Ludhiana,Punjab,30.901,75.8573,16.06,11.13,23.75,0.0,39.1
2025-12-11,Ludhiana,Punjab,30.901,75.8573,17.72,10.81,22.04,0.0,42.09
2025-12-12,Ludhiana,Punjab,30.901,75.8573,17.51,10.94,23.38,0.0,36.95
2025-12-13,Ludhiana,Punjab,30.901,75.8573,16.91,10.97,22.13,0.0,40.01
2025-12-14,Ludhiana,Punjab,30.901,75.8573,16.9,11.92,24.49,0.0,45.7
2025-12-15,Ludhiana,Punjab,30.901,75.8573,16.75,11.36,23.53,0.0,42.28
2025-12-16,Ludhiana,Punjab,30.901,75.8573,16.41,11.73,22.77,0.0,42.47
2025-12-17,Ludhiana,Punjab,30.901,75.8573,16.85,11.12,21.96,0.0,47.71
2025-12-18,Ludhiana,Punjab,30.901,75.8573,16.09,10.63,22.18,0.0,58.14
2025-12-19,Ludhiana,Punjab,30.901,75.8573,16.86,12.5,24.18,0.0,42.67
2025-12-20,Ludhiana,Punjab,30.901,75.8573,14.74,9.89,20.03,0.0,48.62
2025-12-21,Ludhiana,Punjab,30.901,75.8573,18.7,14.5,25.36,0.0,44.59
2025-12-22,Ludhiana,Punjab,30.901,75.8573,15.44,9.79,20.71,0.0,41.18
2025-12-23,Ludhiana,Punjab,30.901,75.8573,16.45,12.01,20.94,0.0,44.35
2025-12-24,Ludhiana,Punjab,30.901,75.8573,14.39,9.18,18.79,0.0,40.0
2025-12-25,Ludhiana,Punjab,30.901,75.8573,13.35,9.05,17.8,0.0,41.9
2025-12-26,Ludhiana,Punjab,30.901,75.8573,16.69,11.63,24.42,0.0,39.59
2025-12-27,Ludhiana,Punjab,30.901,75.8573,17.05,11.63,24.02,0.0,51.39
2025-12-28,Ludhiana,Punjab,30.901,75.8573,13.6,7.42,19.86,0.0,49.24
2025-12-29,Ludhiana,Punjab,30.901,75.8573,13.94,9.33,18.36,0.0,35.42
2025-12-30,Ludhiana,Punjab,30.901,75.8573,14.92,8.26,20.64,0.0,38.86
2025-12-31,Ludhiana,Punjab,30.901,75.8573,15.07,9.03,22.81,0.0,42.29
2023-01-01,Agra,Uttar Pradesh,27.1767,78.0081,17.74,12.36,25.28,0.0,42.42
2023-01-02,Agra,Uttar Pradesh,27.1767,78.0081,15.9,9.16,20.01,0.0,43.88
2023-01-03,Agra,Uttar Pradesh,27.1767,78.0081,16.5,9.5,21.58,0.0,50.19
2023-01-04,Agra,Uttar Pradesh,27.1767,78.0081,16.4,9.56,22.4,0.0,39.39
2023-01-05,Agra,Uttar Pradesh,27.1767,78.0081,16.69,10.48,21.33,0.0,51.14
2023-01-06,Agra,Uttar Pradesh,27.1767,78.0081,16.99,11.74,24.17,0.0,38.94
2023-01-07,Agra,Uttar Pradesh,27.1767,78.0081,17.09,11.23,23.43,0.0,45.35
2023-01-08,Agra,Uttar Pradesh,27.1767,78.0081,16.93,12.49,23.04,0.0,36.66
2023-01-09,Agra,Uttar Pradesh,27.1767,78.0081,17.64,12.46,22.0,0.0,31.28
2023-01-10,Agra,Uttar Pradesh,27.1767,78.0081,17.58,13.38,23.4,0.0,40.58
2023-01-11,Agra,Uttar Pradesh,27.1767,78.0081,16.67,10.21,22.92,0.0,42.88
2023-01-12,Agra,Uttar Pradesh,27.1767,78.0081,17.29,12.3,21.6,0.0,45.94
2023-01-13,Agra,Uttar Pradesh,27.1767,78.0081,19.01,14.07,24.02,0.0,45.37
2023-01-14,Agra,Uttar Pradesh,27.1767,78.0081,16.58,9.69,24.26,0.0,38.09
2023-01-15,Agra,Uttar Pradesh,27.1767,78.0081,17.82,11.47,22.76,0.0,40.25
2023-01-16,Agra,Uttar Pradesh,27.1767,78.0081,15.95,10.16,21.51,0.0,32.91
2023-01-17,Agra,Uttar Pradesh,27.1767,78.0081,16.25,9.96,22.72,0.0,34.31
2023-01-18,Agra,Uttar Pradesh,27.1767,78.0081,16.51,11.46,23.48,0.0,34.75
2023-01-19,Agra,Uttar Pradesh,27.1767,78.0081,16.37,11.81,22.52,0.0,47.2
2023-01-20,Agra,Uttar Pradesh,27.1767,78.0081,19.81,15.31,25.0,0.0,44.7
2023-01-21,Agra,Uttar Pradesh,27.1767,78.0081,16.74,11.05,21.56,0.0,41.09
2023-01-22,Agra,Uttar Pradesh,27.1767,78.0081,17.38,10.69,22.71,0.0,36.47
2023-01-23,Agra,Uttar Pradesh,27.1767,78.0081,16.4,9.67,20.85,0.0,32.41
2023-01-24,Agra,Uttar Pradesh,27.1767,78.0081,16.66,12.1,24.23,0.0,44.47
2023-01-25,Agra,Uttar Pradesh,27.1767,78.0081,18.34,12.99,26.2,0.0,42.3
2023-01-26,Agra,Uttar Pradesh,27.1767,78.0081,16.9,10.06,21.32,0.0,39.45
2023-01-27,Agra,Uttar Pradesh,27.1767,78.0081,17.02,11.31,21.83,0.0,45.76
2023-01-28,Agra,Uttar Pradesh,27.1767,78.0081,18.71,14.19,25.9,0.0,37.92
2023-01-29,Agra,Uttar Pradesh,27.1767,78.0081,16.84,12.19,23.84,0.0,37.46
2023-01-30,Agra,Uttar Pradesh,27.1767,78.0081,18.22,11.65,25.15,0.0,40.15
2023-01-31,Agra,Uttar Pradesh,27.1767,78.0081,16.9,10.12,22.56,0.0,41.4
2023-02-01,Agra,Uttar Pradesh,27.1767,78.0081,19.49,14.59,24.21,0.0,41.13
2023-02-02,Agra,Uttar Pradesh,27.1767,78.0081,19.51,13.63,26.84,0.0,39.97
2023-02-03,Agra,Uttar Pradesh,27.1767,78.0081,17.25,12.46,21.62,0.0,41.62
2023-02-04,Agra,Uttar Pradesh,27.1767,78.0081,17.91,13.41,25.51,0.0,33.55
2023-02-05,Agra,Uttar Pradesh,27.1767,78.0081,19.87,13.27,26.79,0.0,41.76
2023-02-06,Agra,Uttar Pradesh,27.1767,78.0081,17.26,11.15,22.53,0.0,37.7
2023-02-07,Agra,Uttar Pradesh,27.1767,78.0081,20.46,14.04,25.34,0.0,40.88
2023-02-08,Agra,Uttar Pradesh,27.1767,78.0081,16.21,9.29,23.79,0.0,47.32
2023-02-09,Agra,Uttar Pradesh,27.1767,78.0081,19.56,12.64,25.68,0.0,34.87
2023-02-10,Agra,Uttar Pradesh,27.1767,78.0081,20.72,14.01,25.73,2.36,39.53
2023-02-11,Agra,Uttar Pradesh,27.1767,78.0081,18.72,12.65,23.5,0.0,42.3
2023-02-12,Agra,Uttar Pradesh,27.1767,78.0081,19.29,15.24,23.33,0.0,44.38
2023-02-13,Agra,Uttar Pradesh,27.1767,78.0081,17.3,11.63,23.4,0.0,32.85
2023-02-14,Agra,Uttar Pradesh,27.1767,78.0081,20.91,16.34,26.81,0.0,33.8
2023-02-15,Agra,Uttar Pradesh,27.1767,78.0081,19.19,13.14,24.19,0.0,33.1
2023-02-16,Agra,Uttar Pradesh,27.1767,78.0081,20.19,15.02,25.88,0.0,26.35
2023-02-17,Agra,Uttar Pradesh,27.1767,78.0081,19.83,13.82,27.47,0.0,37.83
2023-02-18,Agra,Uttar Pradesh,27.1767,78.0081,19.73,13.17,23.99,0.0,34.43
2023-02-19,Agra,Uttar Pradesh,27.1767,78.0081,20.88,14.12,28.18,0.0,38.46
2023-02-20,Agra,Uttar Pradesh,27.1767,78.0081,19.18,12.76,25.55,0.0,35.09
2023-02-21,Agra,Uttar Pradesh,27.1767,78.0081,20.1,14.15,27.38,0.0,35.35
2023-02-22,Agra,Uttar Pradesh,27.1767,78.0081,21.02,16.27,27.5,1.94,39.11
2023-02-23,Agra,Uttar Pradesh,27.1767,78.0081,20.26,15.8,27.74,0.0,39.91
2023-02-24,Agra,Uttar Pradesh,27.1767,78.0081,21.07,14.11,26.56,0.24,35.88
2023-02-25,Agra,Uttar Pradesh,27.1767,78.0081,18.2,12.08,26.0,0.0,44.11
2023-02-26,Agra,Uttar Pradesh,27.1767,78.0081,18.99,13.5,25.47,0.0,50.5
2023-02-27,Agra,Uttar Pradesh,27.1767,78.0081,19.71,15.15,25.34,0.0,41.52
2023-02-28,Agra,Uttar Pradesh,27.1767,78.0081,19.47,15.44,26.85,0.0,43.28
2023-03-01,Agra,Uttar Pradesh,27.1767,78.0081,23.8,19.58,29.52,0.0,28.88
2023-03-02,Agra,Uttar Pradesh,27.1767,78.0081,18.26,12.9,22.43,0.0,38.32
2023-03-03,Agra,Uttar Pradesh,27.1767,78.0081,20.35,14.46,24.44,0.0,43.37
2023-03-04,Agra,Uttar Pradesh,27.1767,78.0081,22.42,17.95,27.14,0.0,47.19
2023-03-05,Agra,Uttar Pradesh,27.1767,78.0081,19.53,13.96,27.05,0.0,46.59
2023-03-06,Agra,Uttar Pradesh,27.1767,78.0081,21.46,15.78,29.37,0.0,43.71
2023-03-07,Agra,Uttar Pradesh,27.1767,78.0081,21.28,14.45,26.46,0.0,44.62
2023-03-08,Agra,Uttar Pradesh,27.1767,78.0081,20.04,13.27,25.24,0.0,39.58
2023-03-09,Agra,Uttar Pradesh,27.1767,78.0081,19.3,13.0,25.11,0.0,36.8
2023-03-10,Agra,Uttar Pradesh,27.1767,78.0081,20.33,13.91,25.92,0.0,43.28
2023-03-11,Agra,Uttar Pradesh,27.1767,78.0081,20.95,15.89,27.06,0.0,37.44
2023-03-12,Agra,Uttar Pradesh,27.1767,78.0081,21.87,15.3,29.47,0.0,45.45
2023-03-13,Agra,Uttar Pradesh,27.1767,78.0081,20.78,16.23,25.92,0.0,44.4
2023-03-14,Agra,Uttar Pradesh,27.1767,78.0081,21.96,16.79,28.59,0.0,43.11
2023-03-15,Agra,Uttar Pradesh,27.1767,78.0081,22.93,18.37,27.35,0.0,37.05
2023-03-16,Agra,Uttar Pradesh,27.1767,78.0081,21.4,15.71,25.94,0.0,31.43
2023-03-17,Agra,Uttar Pradesh,27.1767,78.0081,22.97,16.4,27.33,0.0,43.46
2023-03-18,Agra,Uttar Pradesh,27.1767,78.0081,24.06,17.25,28.96,0.0,47.16
2023-03-19,Agra,Uttar Pradesh,27.1767,78.0081,20.64,15.14,28.53,0.0,46.41
2023-03-20,Agra,Uttar Pradesh,27.1767,78.0081,22.66,16.79,28.65,0.0,29.94
2023-03-21,Agra,Uttar Pradesh,27.1767,78.0081,21.12,15.31,28.9,0.0,39.58
2023-03-22,Agra,Uttar Pradesh,27.1767,78.0081,22.61,18.56,29.41,0.0,35.03
2023-03-23,Agra,Uttar Pradesh,27.1767,78.0081,21.62,16.58,27.29,0.0,42.35
2023-03-24,Agra,Uttar Pradesh,27.1767,78.0081,23.52,17.19,30.72,0.0,26.51
2023-03-25,Agra,Uttar Pradesh,27.1767,78.0081,21.41,15.17,26.14,0.0,49.69
2023-03-26,Agra,Uttar Pradesh,27.1767,78.0081,24.12,17.4,28.58,0.0,46.66
2023-03-27,Agra,Uttar Pradesh,27.1767,78.0081,23.36,18.67,30.16,0.0,35.63
2023-03-28,Agra,Uttar Pradesh,27.1767,78.0081,23.49,17.71,28.51,0.0,37.41
2023-03-29,Agra,Uttar Pradesh,27.1767,78.0081,22.95,17.63,29.03,0.0,34.42
2023-03-30,Agra,Uttar Pradesh,27.1767,78.0081,23.58,18.36,31.14,0.0,33.07
2023-03-31,Agra,Uttar Pradesh,27.1767,78.0081,25.58,19.51,30.27,0.0,36.96
2023-04-01,Agra,Uttar Pradesh,27.1767,78.0081,23.77,19.19,31.13,0.0,39.3
2023-04-02,Agra,Uttar Pradesh,27.1767,78.0081,23.38,19.09,27.92,0.0,48.17
2023-04-03,Agra,Uttar Pradesh,27.1767,78.0081,23.93,19.41,31.85,0.0,32.68
2023-04-04,Agra,Uttar Pradesh,27.1767,78.0081,22.61,18.18,27.25,0.0,49.42
2023-04-05,Agra,Uttar Pradesh,27.1767,78.0081,24.78,19.5,29.75,0.0,30.28
2023-04-06,Agra,Uttar Pradesh,27.1767,78.0081,25.85,19.79,33.05,0.0,32.08
2023-04-07,Agra,Uttar Pradesh,27.1767,78.0081,24.05,19.32,29.0,0.0,33.0
2023-04-08,Agra,Uttar Pradesh,27.1767,78.0081,24.5,20.26,32.12,0.0,49.28
2023-04-09,Agra,Uttar Pradesh,27.1767,78.0081,25.74,21.2,29.85,0.0,43.98
2023-04-10,Agra,Uttar Pradesh,27.1767,78.0081,25.08,20.86,29.43,0.0,33.96
2023-04-11,Agra,Uttar Pradesh,27.1767,78.0081,23.04,16.07,30.51,0.0,33.19
2023-04-12,Agra,Uttar Pradesh,27.1767,78.0081,24.04,19.1,30.35,0.0,45.44
2023-04-13,Agra,Uttar Pradesh,27.1767,78.0081,27.91,21.26,35.81,0.0,34.91
2023-04-14,Agra,Uttar Pradesh,27.1767,78.0081,23.41,17.87,29.47,0.0,35.71
2023-04-15,Agra,Uttar Pradesh,27.1767,78.0081,25.82,21.14,30.39,0.0,32.86
2023-04-16,Agra,Uttar Pradesh,27.1767,78.0081,25.21,18.95,29.31,0.0,28.69
2023-04-17,Agra,Uttar Pradesh,27.1767,78.0081,26.7,19.88,31.96,0.0,38.52
2023-04-18,Agra,Uttar Pradesh,27.1767,78.0081,27.01,20.6,31.44,0.0,39.88
2023-04-19,Agra,Uttar Pradesh,27.1767,78.0081,27.24,20.48,32.98,0.0,39.83
2023-04-20,Agra,Uttar Pradesh,27.1767,78.0081,27.26,22.1,32.27,0.0,33.34
2023-04-21,Agra,Uttar Pradesh,27.1767,78.0081,27.14,23.08,34.39,0.09,39.19
2023-04-22,Agra,Uttar Pradesh,27.1767,78.0081,29.0,25.0,35.95,0.0,33.42
2023-04-23,Agra,Uttar Pradesh,27.1767,78.0081,27.59,23.18,33.54,0.0,49.36
2023-04-24,Agra,Uttar Pradesh,27.1767,78.0081,27.98,22.8,33.01,2.87,41.95
2023-04-25,Agra,Uttar Pradesh,27.1767,78.0081,27.01,22.34,32.27,6.51,46.96
2023-04-26,Agra,Uttar Pradesh,27.1767,78.0081,28.66,21.79,36.15,0.0,41.05
2023-04-27,Agra,Uttar Pradesh,27.1767,78.0081,27.82,21.11,34.76,0.0,52.17
2023-04-28,Agra,Uttar Pradesh,27.1767,78.0081,28.12,23.79,33.18,0.0,31.14
2023-04-29,Agra,Uttar Pradesh,27.1767,78.0081,29.1,22.9,36.69,0.0,30.85
2023-04-30,Agra,Uttar Pradesh,27.1767,78.0081,26.86,22.24,30.91,0.0,33.57
2023-05-01,Agra,Uttar Pradesh,27.1767,78.0081,29.29,24.66,35.8,0.0,42.54
2023-05-02,Agra,Uttar Pradesh,27.1767,78.0081,29.26,24.8,36.86,0.0,42.58
2023-05-03,Agra,Uttar Pradesh,27.1767,78.0081,28.99,24.47,35.39,0.0,35.46
2023-05-04,Agra,Uttar Pradesh,27.1767,78.0081,28.04,21.44,35.07,2.11,44.78
2023-05-05,Agra,Uttar Pradesh,27.1767,78.0081,27.31,21.33,32.95,0.0,34.7
2023-05-06,Agra,Uttar Pradesh,27.1767,78.0081,27.63,21.05,34.12,0.0,26.95
2023-05-07,Agra,Uttar Pradesh,27.1767,78.0081,29.42,25.02,35.96,0.0,42.25
2023-05-08,Agra,Uttar Pradesh,27.1767,78.0081,31.99,26.99,36.3,0.0,33.02
2023-05-09,Agra,Uttar Pradesh,27.1767,78.0081,28.02,21.32,35.92,0.0,42.57
2023-05-10,Agra,Uttar Pradesh,27.1767,78.0081,30.42,25.27,34.76,0.0,43.68
2023-05-11,Agra,Uttar Pradesh,27.1767,78.0081,28.19,22.35,33.31,0.0,46.19
2023-05-12,Agra,Uttar Pradesh,27.1767,78.0081,30.05,25.74,37.93,0.0,41.34
2023-05-13,Agra,Uttar Pradesh,27.1767,78.0081,30.09,23.73,36.37,0.0,38.92
2023-05-14,Agra,Uttar Pradesh,27.1767,78.0081,30.7,25.54,37.49,0.0,40.88
2023-05-15,Agra,Uttar Pradesh,27.1767,78.0081,29.25,23.46,36.14,0.0,40.9
2023-05-16,Agra,Uttar Pradesh,27.1767,78.0081,30.14,25.17,35.76,0.0,47.56
2023-05-17,Agra,Uttar Pradesh,27.1767,78.0081,29.87,25.2,34.17,0.0,50.5
2023-05-18,Agra,Uttar Pradesh,27.1767,78.0081,31.74,27.62,39.06,0.0,42.22
2023-05-19,Agra,Uttar Pradesh,27.1767,78.0081,33.08,27.81,40.53,0.0,45.55
2023-05-20,Agra,Uttar Pradesh,27.1767,78.0081,30.09,25.1,36.54,0.0,42.2
2023-05-21,Agra,Uttar Pradesh,27.1767,78.0081,30.57,26.13,36.98,0.0,51.05
2023-05-22,Agra,Uttar Pradesh,27.1767,78.0081,32.04,25.83,37.11,0.0,40.81
2023-05-23,Agra,Uttar Pradesh,27.1767,78.0081,32.72,26.2,38.81,0.0,39.26
2023-05-24,Agra,Uttar Pradesh,27.1767,78.0081,33.62,28.83,39.89,0.0,43.98
2023-05-25,Agra,Uttar Pradesh,27.1767,78.0081,28.69,22.48,35.03,0.0,37.16
2023-05-26,Agra,Uttar Pradesh,27.1767,78.0081,32.0,25.04,38.42,0.0,39.12
2023-05-27,Agra,Uttar Pradesh,27.1767,78.0081,30.87,26.45,38.28,0.0,38.26
2023-05-28,Agra,Uttar Pradesh,27.1767,78.0081,34.48,30.29,39.97,0.0,43.27
2023-05-29,Agra,Uttar Pradesh,27.1767,78.0081,31.05,24.45,36.34,0.0,45.54
2023-05-30,Agra,Uttar Pradesh,27.1767,78.0081,31.45,25.44,39.4,0.0,77.38
2023-05-31,Agra,Uttar Pradesh,27.1767,78.0081,31.32,24.63,35.9,0.0,69.93
2023-06-01,Agra,Uttar Pradesh,27.1767,78.0081,31.11,26.94,35.59,6.37,77.06
2023-06-02,Agra,Uttar Pradesh,27.1767,78.0081,32.53,27.39,39.76,0.0,66.22
2023-06-03,Agra,Uttar Pradesh,27.1767,78.0081,33.4,28.09,40.79,11.61,73.21
2023-06-04,Agra,Uttar Pradesh,27.1767,78.0081,31.84,27.08,36.32,31.72,71.32
2023-06-05,Agra,Uttar Pradesh,27.1767,78.0081,31.52,26.47,36.92,0.0,74.94
2023-06-06,Agra,Uttar Pradesh,27.1767,78.0081,33.08,27.86,37.3,0.0,83.82
2023-06-07,Agra,Uttar Pradesh,27.1767,78.0081,31.73,27.46,38.92,7.24,71.07
2023-06-08,Agra,Uttar Pradesh,27.1767,78.0081,30.82,25.73,36.8,0.0,75.5
2023-06-09,Agra,Uttar Pradesh,27.1767,78.0081,35.21,30.92,39.67,0.0,80.6
2023-06-10,Agra,Uttar Pradesh,27.1767,78.0081,33.72,29.33,41.17,37.78,78.26
2023-06-11,Agra,Uttar Pradesh,27.1767,78.0081,31.29,26.44,38.73,38.82,64.79
2023-06-12,Agra,Uttar Pradesh,27.1767,78.0081,31.72,26.49,35.82,2.75,74.92
2023-06-13,Agra,Uttar Pradesh,27.1767,78.0081,31.79,25.9,37.94,0.0,69.21
2023-06-14,Agra,Uttar Pradesh,27.1767,78.0081,32.96,26.95,38.74,8.7,69.79
2023-06-15,Agra,Uttar Pradesh,27.1767,78.0081,32.88,27.29,40.84,0.0,79.72
2023-06-16,Agra,Uttar Pradesh,27.1767,78.0081,33.34,29.19,39.08,0.0,80.67
2023-06-17,Agra,Uttar Pradesh,27.1767,78.0081,35.81,31.76,43.78,0.0,72.28
2023-06-18,Agra,Uttar Pradesh,27.1767,78.0081,33.46,27.4,37.77,0.0,71.64
2023-06-19,Agra,Uttar Pradesh,27.1767,78.0081,33.17,28.97,38.8,0.0,76.94
2023-06-20,Agra,Uttar Pradesh,27.1767,78.0081,33.88,26.91,38.55,0.0,74.99
2023-06-21,Agra,Uttar Pradesh,27.1767,78.0081,31.74,26.46,36.12,0.0,72.88
2023-06-22,Agra,Uttar Pradesh,27.1767,78.0081,32.64,27.56,38.15,0.0,75.43
2023-06-23,Agra,Uttar Pradesh,27.1767,78.0081,35.99,31.27,43.61,0.0,72.44
2023-06-24,Agra,Uttar Pradesh,27.1767,78.0081,32.47,26.67,38.43,0.0,71.23
2023-06-25,Agra,Uttar Pradesh,27.1767,78.0081,34.37,30.16,39.97,0.0,78.1
2023-06-26,Agra,Uttar Pradesh,27.1767,78.0081,32.81,28.03,39.8,0.0,76.94
2023-06-27,Agra,Uttar Pradesh,27.1767,78.0081,34.27,29.85,41.47,8.21,77.7
2023-06-28,Agra,Uttar Pradesh,27.1767,78.0081,33.3,26.94,38.56,0.0,74.53
2023-06-29,Agra,Uttar Pradesh,27.1767,78.0081,33.07,26.62,38.95,0.0,68.77
2023-06-30,Agra,Uttar Pradesh,27.1767,78.0081,35.44,30.0,41.78,0.0,73.51
2023-07-01,Agra,Uttar Pradesh,27.1767,78.0081,35.07,28.42,39.41,0.0,77.24
2023-07-02,Agra,Uttar Pradesh,27.1767,78.0081,34.01,29.74,41.56,9.6,77.77
2023-07-03,Agra,Uttar Pradesh,27.1767,78.0081,32.23,26.46,36.62,0.0,76.47
2023-07-04,Agra,Uttar Pradesh,27.1767,78.0081,34.28,29.46,40.33,0.0,61.86
2023-07-05,Agra,Uttar Pradesh,27.1767,78.0081,35.54,29.74,41.34,4.33,82.14
2023-07-06,Agra,Uttar Pradesh,27.1767,78.0081,33.47,28.02,37.58,0.0,74.93
2023-07-07,Agra,Uttar Pradesh,27.1767,78.0081,35.98,31.09,42.99,9.81,75.55
2023-07-08,Agra,Uttar Pradesh,27.1767,78.0081,34.44,29.4,42.42,0.0,75.69
2023-07-09,Agra,Uttar Pradesh,27.1767,78.0081,33.85,27.7,40.92,0.0,81.16
2023-07-10,Agra,Uttar Pradesh,27.1767,78.0081,35.92,30.01,40.36,0.0,69.9
2023-07-11,Agra,Uttar Pradesh,27.1767,78.0081,33.71,28.39,37.83,12.35,74.22
2023-07-12,Agra,Uttar Pradesh,27.1767,78.0081,36.02,31.44,42.16,7.41,84.54
2023-07-13,Agra,Uttar Pradesh,27.1767,78.0081,32.51,26.76,36.77,0.0,78.43
2023-07-14,Agra,Uttar Pradesh,27.1767,78.0081,35.42,30.53,42.52,0.0,73.9
2023-07-15,Agra,Uttar Pradesh,27.1767,78.0081,34.72,29.64,42.22,0.0,71.13
2023-07-16,Agra,Uttar Pradesh,27.1767,78.0081,33.56,27.48,41.53,1.49,73.24
2023-07-17,Agra,Uttar Pradesh,27.1767,78.0081,33.23,27.32,40.28,0.0,84.74
2023-07-18,Agra,Uttar Pradesh,27.1767,78.0081,33.05,27.77,40.98,0.0,74.47
2023-07-19,Agra,Uttar Pradesh,27.1767,78.0081,33.43,27.67,40.88,0.0,67.98
2023-07-20,Agra,Uttar Pradesh,27.1767,78.0081,34.97,28.57,40.64,0.0,75.58
2023-07-21,Agra,Uttar Pradesh,27.1767,78.0081,35.23,30.17,41.9,0.0,79.29
2023-07-22,Agra,Uttar Pradesh,27.1767,78.0081,33.5,28.14,40.44,17.37,72.5
2023-07-23,Agra,Uttar Pradesh,27.1767,78.0081,34.21,29.88,41.61,7.49,74.5
2023-07-24,Agra,Uttar Pradesh,27.1767,78.0081,33.4,28.84,40.33,0.0,75.37
2023-07-25,Agra,Uttar Pradesh,27.1767,78.0081,34.29,27.56,41.96,0.0,71.23
2023-07-26,Agra,Uttar Pradesh,27.1767,78.0081,34.89,29.31,39.3,0.0,76.92
2023-07-27,Agra,Uttar Pradesh,27.1767,78.0081,34.4,28.29,40.01,8.14,71.48
2023-07-28,Agra,Uttar Pradesh,27.1767,78.0081,32.26,26.32,39.73,0.0,60.25
2023-07-29,Agra,Uttar Pradesh,27.1767,78.0081,35.25,31.21,41.42,0.0,69.46
2023-07-30,Agra,Uttar Pradesh,27.1767,78.0081,37.01,31.43,44.14,0.0,65.88
2023-07-31,Agra,Uttar Pradesh,27.1767,78.0081,35.31,30.51,40.18,0.0,76.23
2023-08-01,Agra,Uttar Pradesh,27.1767,78.0081,31.95,26.11,37.85,35.12,71.97
2023-08-02,Agra,Uttar Pradesh,27.1767,78.0081,33.5,27.07,39.91,0.0,80.06
2023-08-03,Agra,Uttar Pradesh,27.1767,78.0081,33.88,28.55,40.84,0.0,69.28
2023-08-04,Agra,Uttar Pradesh,27.1767,78.0081,37.06,30.58,42.47,8.38,77.92
2023-08-05,Agra,Uttar Pradesh,27.1767,78.0081,33.27,26.8,40.71,39.21,68.11
2023-08-06,Agra,Uttar Pradesh,27.1767,78.0081,32.81,28.22,38.91,13.13,67.51
2023-08-07,Agra,Uttar Pradesh,27.1767,78.0081,33.75,26.94,38.85,0.0,77.59
2023-08-08,Agra,Uttar Pradesh,27.1767,78.0081,32.74,28.6,38.84,15.68,78.61
2023-08-09,Agra,Uttar Pradesh,27.1767,78.0081,33.21,26.58,40.97,0.0,72.25
2023-08-10,Agra,Uttar Pradesh,27.1767,78.0081,33.97,27.11,38.25,6.67,64.86
2023-08-11,Agra,Uttar Pradesh,27.1767,78.0081,32.85,26.95,37.29,11.63,78.79
2023-08-12,Agra,Uttar Pradesh,27.1767,78.0081,30.99,24.6,35.01,0.0,71.7
2023-08-13,Agra,Uttar Pradesh,27.1767,78.0081,31.76,26.05,36.9,0.0,78.86
2023-08-14,Agra,Uttar Pradesh,27.1767,78.0081,34.56,27.65,42.17,12.35,67.12
2023-08-15,Agra,Uttar Pradesh,27.1767,78.0081,33.05,28.02,38.06,0.0,77.21
2023-08-16,Agra,Uttar Pradesh,27.1767,78.0081,32.46,27.29,38.86,1.15,69.34
2023-08-17,Agra,Uttar Pradesh,27.1767,78.0081,32.6,26.01,39.52,0.0,61.87
2023-08-18,Agra,Uttar Pradesh,27.1767,78.0081,30.19,23.34,36.6,5.11,66.2
2023-08-19,Agra,Uttar Pradesh,27.1767,78.0081,33.02,27.76,39.19,20.44,72.65
2023-08-20,Agra,Uttar Pradesh,27.1767,78.0081,32.35,27.55,36.7,6.43,73.52
2023-08-21,Agra,Uttar Pradesh,27.1767,78.0081,31.46,27.19,37.76,62.82,74.96
2023-08-22,Agra,Uttar Pradesh,27.1767,78.0081,31.73,25.35,39.42,7.88,73.42
2023-08-23,Agra,Uttar Pradesh,27.1767,78.0081,32.24,27.41,39.67,0.0,78.96
2023-08-24,Agra,Uttar Pradesh,27.1767,78.0081,32.87,27.51,39.74,40.62,73.57
2023-08-25,Agra,Uttar Pradesh,27.1767,78.0081,34.27,29.13,39.85,0.0,74.98
2023-08-26,Agra,Uttar Pradesh,27.1767,78.0081,32.08,26.29,37.14,19.45,73.65
2023-08-27,Agra,Uttar Pradesh,27.1767,78.0081,33.76,27.42,38.04,0.0,80.96
2023-08-28,Agra,Uttar Pradesh,27.1767,78.0081,30.61,24.27,38.5,0.0,76.28
2023-08-29,Agra,Uttar Pradesh,27.1767,78.0081,32.95,26.16,38.51,0.0,74.2
2023-08-30,Agra,Uttar Pradesh,27.1767,78.0081,31.96,26.37,37.52,0.0,80.05
2023-08-31,Agra,Uttar Pradesh,27.1767,78.0081,32.23,26.75,36.75,6.11,67.06
2023-09-01,Agra,Uttar Pradesh,27.1767,78.0081,32.4,27.25,37.48,8.04,70.08
2023-09-02,Agra,Uttar Pradesh,27.1767,78.0081,31.28,24.96,37.08,19.19,79.66
2023-09-03,Agra,Uttar Pradesh,27.1767,78.0081,33.3,26.77,38.62,0.0,68.79
2023-09-04,Agra,Uttar Pradesh,27.1767,78.0081,31.37,26.42,36.46,0.0,68.8
2023-09-05,Agra,Uttar Pradesh,27.1767,78.0081,32.34,25.39,37.22,0.0,77.01
2023-09-06,Agra,Uttar Pradesh,27.1767,78.0081,31.91,27.33,38.5,12.32,73.45
2023-09-07,Agra,Uttar Pradesh,27.1767,78.0081,31.09,24.32,35.66,0.0,73.8
2023-09-08,Agra,Uttar Pradesh,27.1767,78.0081,32.7,25.89,38.84,0.0,65.34
2023-09-09,Agra,Uttar Pradesh,27.1767,78.0081,29.44,23.97,36.38,0.0,68.74
2023-09-10,Agra,Uttar Pradesh,27.1767,78.0081,31.47,25.78,36.63,11.42,71.39
2023-09-11,Agra,Uttar Pradesh,27.1767,78.0081,30.56,26.48,36.98,22.07,76.04
2023-09-12,Agra,Uttar Pradesh,27.1767,78.0081,29.46,25.21,33.52,4.59,68.46
2023-09-13,Agra,Uttar Pradesh,27.1767,78.0081,31.24,26.38,35.26,11.4,84.09
2023-09-14,Agra,Uttar Pradesh,27.1767,78.0081,31.55,24.81,37.8,1.8,72.82
2023-09-15,Agra,Uttar Pradesh,27.1767,78.0081,30.62,25.09,35.02,0.0,80.66
2023-09-16,Agra,Uttar Pradesh,27.1767,78.0081,29.59,23.58,35.59,5.16,70.06
2023-09-17,Agra,Uttar Pradesh,27.1767,78.0081,29.49,23.81,34.45,0.0,74.91
2023-09-18,Agra,Uttar Pradesh,27.1767,78.0081,28.92,23.5,36.19,2.14,80.02
2023-09-19,Agra,Uttar Pradesh,27.1767,78.0081,31.32,25.3,36.97,43.36,66.34
2023-09-20,Agra,Uttar Pradesh,27.1767,78.0081,29.01,23.24,34.38,0.0,63.04
2023-09-21,Agra,Uttar Pradesh,27.1767,78.0081,30.11,25.68,34.45,0.91,72.04
2023-09-22,Agra,Uttar Pradesh,27.1767,78.0081,28.2,21.68,32.93,0.0,79.8
2023-09-23,Agra,Uttar Pradesh,27.1767,78.0081,29.52,25.36,34.22,0.0,82.53
2023-09-24,Agra,Uttar Pradesh,27.1767,78.0081,28.79,22.46,33.41,0.0,73.78
2023-09-25,Agra,Uttar Pradesh,27.1767,78.0081,29.58,24.6,35.24,13.62,70.01
2023-09-26,Agra,Uttar Pradesh,27.1767,78.0081,28.44,23.02,35.48,0.23,79.01
2023-09-27,Agra,Uttar Pradesh,27.1767,78.0081,28.2,23.21,34.05,1.69,64.03
2023-09-28,Agra,Uttar Pradesh,27.1767,78.0081,27.81,23.12,35.29,0.83,43.55
2023-09-29,Agra,Uttar Pradesh,27.1767,78.0081,27.19,20.2,32.88,0.0,33.03
2023-09-30,Agra,Uttar Pradesh,27.1767,78.0081,28.09,23.92,34.68,0.0,36.1
2023-10-01,Agra,Uttar Pradesh,27.1767,78.0081,27.79,23.0,32.15,0.0,32.5
2023-10-02,Agra,Uttar Pradesh,27.1767,78.0081,29.37,25.16,34.66,0.0,36.66
2023-10-03,Agra,Uttar Pradesh,27.1767,78.0081,27.25,22.6,31.57,1.05,36.1
2023-10-04,Agra,Uttar Pradesh,27.1767,78.0081,28.49,22.89,36.17,0.0,41.2
2023-10-05,Agra,Uttar Pradesh,27.1767,78.0081,28.0,21.77,34.35,0.0,36.49
2023-10-06,Agra,Uttar Pradesh,27.1767,78.0081,27.5,23.02,34.63,0.0,47.37
2023-10-07,Agra,Uttar Pradesh,27.1767,78.0081,29.57,23.65,34.6,0.0,49.76
2023-10-08,Agra,Uttar Pradesh,27.1767,78.0081,26.45,21.92,30.79,0.0,47.16
2023-10-09,Agra,Uttar Pradesh,27.1767,78.0081,26.65,20.8,32.38,0.0,50.62
2023-10-10,Agra,Uttar Pradesh,27.1767,78.0081,26.66,20.22,31.15,0.0,49.41
2023-10-11,Agra,Uttar Pradesh,27.1767,78.0081,28.24,23.88,33.74,0.0,45.28
2023-10-12,Agra,Uttar Pradesh,27.1767,78.0081,25.74,20.18,32.38,0.0,39.53
2023-10-13,Agra,Uttar Pradesh,27.1767,78.0081,24.81,20.11,29.17,0.0,33.36
2023-10-14,Agra,Uttar Pradesh,27.1767,78.0081,26.89,22.53,31.78,0.0,33.9
2023-10-15,Agra,Uttar Pradesh,27.1767,78.0081,26.14,21.6,31.83,0.0,36.6
2023-10-16,Agra,Uttar Pradesh,27.1767,78.0081,25.86,20.16,32.4,0.0,34.06
2023-10-17,Agra,Uttar Pradesh,27.1767,78.0081,24.71,18.7,31.19,0.0,42.96
2023-10-18,Agra,Uttar Pradesh,27.1767,78.0081,23.55,17.4,31.49,0.0,43.72
2023-10-19,Agra,Uttar Pradesh,27.1767,78.0081,27.29,22.43,31.34,0.0,41.61
2023-10-20,Agra,Uttar Pradesh,27.1767,78.0081,26.14,19.31,30.88,0.0,28.21
2023-10-21,Agra,Uttar Pradesh,27.1767,78.0081,24.22,19.78,28.48,0.0,34.01
2023-10-22,Agra,Uttar Pradesh,27.1767,78.0081,25.55,21.45,32.55,0.0,41.35
2023-10-23,Agra,Uttar Pradesh,27.1767,78.0081,26.51,20.74,33.96,0.0,24.56
2023-10-24,Agra,Uttar Pradesh,27.1767,78.0081,23.24,19.15,30.71,0.0,43.17
2023-10-25,Agra,Uttar Pradesh,27.1767,78.0081,23.98,17.78,31.42,0.0,38.08
2023-10-26,Agra,Uttar Pradesh,27.1767,78.0081,26.83,21.23,33.21,0.0,30.27
2023-10-27,Agra,Uttar Pradesh,27.1767,78.0081,25.82,20.69,30.1,0.0,41.35
2023-10-28,Agra,Uttar Pradesh,27.1767,78.0081,24.31,20.22,32.27,0.0,38.2
2023-10-29,Agra,Uttar Pradesh,27.1767,78.0081,25.3,20.67,31.62,0.0,26.99
2023-10-30,Agra,Uttar Pradesh,27.1767,78.0081,23.08,18.87,30.46,0.0,43.47
2023-10-31,Agra,Uttar Pradesh,27.1767,78.0081,22.38,16.5,28.73,4.43,45.68
2023-11-01,Agra,Uttar Pradesh,27.1767,78.0081,23.72,17.3,30.55,0.0,42.01
2023-11-02,Agra,Uttar Pradesh,27.1767,78.0081,24.12,19.12,30.32,0.0,49.78
2023-11-03,Agra,Uttar Pradesh,27.1767,78.0081,22.07,17.35,26.19,0.0,48.52
2023-11-04,Agra,Uttar Pradesh,27.1767,78.0081,22.15,15.73,27.8,0.0,41.62
2023-11-05,Agra,Uttar Pradesh,27.1767,78.0081,23.14,17.83,29.1,0.0,53.81
2023-11-06,Agra,Uttar Pradesh,27.1767,78.0081,21.67,16.28,28.18,0.0,38.84
2023-11-07,Agra,Uttar Pradesh,27.1767,78.0081,22.75,17.25,30.3,0.0,41.55
2023-11-08,Agra,Uttar Pradesh,27.1767,78.0081,22.97,16.46,28.04,0.0,34.56
2023-11-09,Agra,Uttar Pradesh,27.1767,78.0081,22.01,15.37,26.64,0.0,48.42
2023-11-10,Agra,Uttar Pradesh,27.1767,78.0081,22.46,16.29,28.54,0.0,48.73
2023-11-11,Agra,Uttar Pradesh,27.1767,78.0081,23.6,18.55,28.92,0.0,29.77
2023-11-12,Agra,Uttar Pradesh,27.1767,78.0081,24.29,17.58,29.14,0.0,48.88
2023-11-13,Agra,Uttar Pradesh,27.1767,78.0081,23.45,17.39,31.38,0.0,28.79
2023-11-14,Agra,Uttar Pradesh,27.1767,78.0081,21.56,17.34,29.5,0.0,43.14
2023-11-15,Agra,Uttar Pradesh,27.1767,78.0081,22.52,17.68,27.35,0.0,44.61
2023-11-16,Agra,Uttar Pradesh,27.1767,78.0081,21.19,15.53,27.67,2.12,41.47
2023-11-17,Agra,Uttar Pradesh,27.1767,78.0081,21.57,15.75,26.32,0.0,35.22
2023-11-18,Agra,Uttar Pradesh,27.1767,78.0081,21.24,16.74,28.23,0.0,39.96
2023-11-19,Agra,Uttar Pradesh,27.1767,78.0081,21.1,15.61,26.34,0.0,41.49
2023-11-20,Agra,Uttar Pradesh,27.1767,78.0081,19.89,12.96,27.45,0.0,45.16
2023-11-21,Agra,Uttar Pradesh,27.1767,78.0081,23.15,17.06,30.23,0.0,34.33
2023-11-22,Agra,Uttar Pradesh,27.1767,78.0081,23.03,16.36,29.6,0.0,32.38
2023-11-23,Agra,Uttar Pradesh,27.1767,78.0081,19.52,14.76,26.43,0.0,51.17
2023-11-24,Agra,Uttar Pradesh,27.1767,78.0081,20.78,14.14,24.8,0.0,33.69
2023-11-25,Agra,Uttar Pradesh,27.1767,78.0081,19.16,12.33,25.2,0.0,45.27
2023-11-26,Agra,Uttar Pradesh,27.1767,78.0081,20.01,15.26,25.11,0.0,43.21
2023-11-27,Agra,Uttar Pradesh,27.1767,78.0081,20.86,15.22,25.12,0.0,42.33
2023-11-28,Agra,Uttar Pradesh,27.1767,78.0081,20.81,15.85,24.88,0.0,40.12
2023-11-29,Agra,Uttar Pradesh,27.1767,78.0081,17.59,11.27,22.94,0.0,45.48
2023-11-30,Agra,Uttar Pradesh,27.1767,78.0081,22.45,18.32,27.72,0.0,40.16
2023-12-01,Agra,Uttar Pradesh,27.1767,78.0081,20.58,15.32,24.72,0.0,38.83
2023-12-02,Agra,Uttar Pradesh,27.1767,78.0081,19.57,13.55,25.47,0.0,42.3
2023-12-03,Agra,Uttar Pradesh,27.1767,78.0081,19.99,14.95,26.88,0.0,32.28
2023-12-04,Agra,Uttar Pradesh,27.1767,78.0081,19.0,14.17,23.3,0.0,39.96
2023-12-05,Agra,Uttar Pradesh,27.1767,78.0081,19.8,14.48,24.92,0.0,37.26
2023-12-06,Agra,Uttar Pradesh,27.1767,78.0081,22.62,15.85,28.94,0.0,33.6
2023-12-07,Agra,Uttar Pradesh,27.1767,78.0081,17.59,12.03,24.79,0.0,34.76
2023-12-08,Agra,Uttar Pradesh,27.1767,78.0081,19.45,12.8,25.7,0.0,42.61
2023-12-09,Agra,Uttar Pradesh,27.1767,78.0081,18.97,12.31,25.37,0.0,44.85
2023-12-10,Agra,Uttar Pradesh,27.1767,78.0081,21.27,16.82,26.43,0.0,31.44
2023-12-11,Agra,Uttar Pradesh,27.1767,78.0081,21.01,16.84,27.63,0.0,43.73
2023-12-12,Agra,Uttar Pradesh,27.1767,78.0081,17.06,11.15,22.36,0.0,43.75
2023-12-13,Agra,Uttar Pradesh,27.1767,78.0081,18.17,12.54,24.78,0.0,39.43
2023-12-14,Agra,Uttar Pradesh,27.1767,78.0081,18.47,12.66,26.43,0.0,51.29
2023-12-15,Agra,Uttar Pradesh,27.1767,78.0081,17.61,13.54,25.17,0.0,44.53
2023-12-16,Agra,Uttar Pradesh,27.1767,78.0081,19.18,13.36,26.48,0.0,42.61
2023-12-17,Agra,Uttar Pradesh,27.1767,78.0081,18.25,12.35,24.22,0.0,42.21
2023-12-18,Agra,Uttar Pradesh,27.1767,78.0081,19.44,14.98,23.53,0.0,49.14
2023-12-19,Agra,Uttar Pradesh,27.1767,78.0081,15.86,11.64,23.72,0.0,36.9
2023-12-20,Agra,Uttar Pradesh,27.1767,78.0081,17.45,11.19,22.91,0.0,41.79
2023-12-21,Agra,Uttar Pradesh,27.1767,78.0081,17.9,13.05,22.54,0.0,31.03
2023-12-22,Agra,Uttar Pradesh,27.1767,78.0081,16.81,12.08,24.16,0.0,38.11
2023-12-23,Agra,Uttar Pradesh,27.1767,78.0081,18.59,14.53,23.16,0.0,42.44
2023-12-24,Agra,Uttar Pradesh,27.1767,78.0081,17.75,10.97,24.82,0.0,46.93
2023-12-25,Agra,Uttar Pradesh,27.1767,78.0081,18.28,12.97,26.24,0.0,42.21
2023-12-26,Agra,Uttar Pradesh,27.1767,78.0081,16.67,12.16,24.2,0.0,40.13
2023-12-27,Agra,Uttar Pradesh,27.1767,78.0081,19.31,14.98,27.19,0.0,51.33
2023-12-28,Agra,Uttar Pradesh,27.1767,78.0081,17.8,11.37,23.11,0.0,53.11
2023-12-29,Agra,Uttar Pradesh,27.1767,78.0081,20.84,14.32,28.63,0.0,37.07
2023-12-30,Agra,Uttar Pradesh,27.1767,78.0081,16.93,11.72,22.79,0.0,42.46
2023-12-31,Agra,Uttar Pradesh,27.1767,78.0081,19.12,12.46,24.08,0.0,47.69
2024-01-01,Agra,Uttar Pradesh,27.1767,78.0081,18.39,13.99,25.73,0.0,32.37
2024-01-02,Agra,Uttar Pradesh,27.1767,78.0081,17.56,13.03,24.25,0.0,40.49
2024-01-03,Agra,Uttar Pradesh,27.1767,78.0081,18.75,14.18,24.02,0.0,41.73
2024-01-04,Agra,Uttar Pradesh,27.1767,78.0081,15.6,8.78,22.23,0.0,44.67
2024-01-05,Agra,Uttar Pradesh,27.1767,78.0081,16.04,10.18,23.03,0.0,39.0
2024-01-06,Agra,Uttar Pradesh,27.1767,78.0081,18.56,12.75,26.34,0.0,49.72
2024-01-07,Agra,Uttar Pradesh,27.1767,78.0081,16.57,10.2,23.67,0.0,36.17
2024-01-08,Agra,Uttar Pradesh,27.1767,78.0081,17.38,12.85,23.47,0.0,38.97
2024-01-09,Agra,Uttar Pradesh,27.1767,78.0081,16.29,11.81,22.0,0.0,44.82
2024-01-10,Agra,Uttar Pradesh,27.1767,78.0081,16.75,10.54,22.46,0.0,43.98
2024-01-11,Agra,Uttar Pradesh,27.1767,78.0081,16.64,10.93,20.82,0.0,40.38
2024-01-12,Agra,Uttar Pradesh,27.1767,78.0081,18.33,12.45,22.91,0.83,45.84
2024-01-13,Agra,Uttar Pradesh,27.1767,78.0081,18.07,12.14,26.04,0.0,33.72
2024-01-14,Agra,Uttar Pradesh,27.1767,78.0081,18.81,14.56,25.87,0.0,40.92
2024-01-15,Agra,Uttar Pradesh,27.1767,78.0081,19.46,15.04,24.99,0.0,31.07
2024-01-16,Agra,Uttar Pradesh,27.1767,78.0081,17.35,11.36,24.65,0.31,34.59
2024-01-17,Agra,Uttar Pradesh,27.1767,78.0081,18.16,11.74,25.23,0.0,27.53
2024-01-18,Agra,Uttar Pradesh,27.1767,78.0081,17.53,12.9,25.15,0.0,38.87
2024-01-19,Agra,Uttar Pradesh,27.1767,78.0081,19.58,15.34,26.34,0.93,44.92
2024-01-20,Agra,Uttar Pradesh,27.1767,78.0081,17.82,12.43,24.35,0.0,26.08
2024-01-21,Agra,Uttar Pradesh,27.1767,78.0081,16.0,11.26,20.81,0.0,38.85
2024-01-22,Agra,Uttar Pradesh,27.1767,78.0081,16.91,10.15,23.4,0.0,36.32
2024-01-23,Agra,Uttar Pradesh,27.1767,78.0081,18.13,11.26,23.66,0.0,21.1
2024-01-24,Agra,Uttar Pradesh,27.1767,78.0081,17.8,13.04,23.64,0.0,49.9
2024-01-25,Agra,Uttar Pradesh,27.1767,78.0081,17.03,11.56,21.23,0.0,37.61
2024-01-26,Agra,Uttar Pradesh,27.1767,78.0081,19.54,15.1,25.88,2.72,40.5
2024-01-27,Agra,Uttar Pradesh,27.1767,78.0081,17.04,12.31,22.11,0.0,39.77
2024-01-28,Agra,Uttar Pradesh,27.1767,78.0081,17.97,12.46,23.56,0.0,44.28
2024-01-29,Agra,Uttar Pradesh,27.1767,78.0081,21.29,15.85,26.06,0.0,45.15
2024-01-30,Agra,Uttar Pradesh,27.1767,78.0081,17.02,10.1,22.77,0.0,38.08
2024-01-31,Agra,Uttar Pradesh,27.1767,78.0081,19.47,14.79,27.42,0.0,38.95
2024-02-01,Agra,Uttar Pradesh,27.1767,78.0081,18.07,11.9,25.66,0.0,41.63
2024-02-02,Agra,Uttar Pradesh,27.1767,78.0081,17.03,11.13,23.46,0.0,45.01
2024-02-03,Agra,Uttar Pradesh,27.1767,78.0081,16.17,11.55,23.78,0.0,37.61
2024-02-04,Agra,Uttar Pradesh,27.1767,78.0081,21.04,15.34,25.92,0.0,29.58
2024-02-05,Agra,Uttar Pradesh,27.1767,78.0081,19.82,15.52,23.93,0.0,34.47
2024-02-06,Agra,Uttar Pradesh,27.1767,78.0081,17.97,12.38,23.17,0.0,36.47
2024-02-07,Agra,Uttar Pradesh,27.1767,78.0081,17.99,13.08,23.29,0.0,43.35
2024-02-08,Agra,Uttar Pradesh,27.1767,78.0081,19.88,13.54,24.94,0.0,44.26
2024-02-09,Agra,Uttar Pradesh,27.1767,78.0081,21.34,15.32,26.39,0.0,36.9
2024-02-10,Agra,Uttar Pradesh,27.1767,78.0081,16.96,10.05,24.18,0.0,43.87
2024-02-11,Agra,Uttar Pradesh,27.1767,78.0081,17.89,12.05,25.09,0.0,40.55
2024-02-12,Agra,Uttar Pradesh,27.1767,78.0081,17.68,12.19,23.51,0.0,51.12
2024-02-13,Agra,Uttar Pradesh,27.1767,78.0081,18.85,14.31,26.49,0.0,50.49
2024-02-14,Agra,Uttar Pradesh,27.1767,78.0081,20.25,13.64,26.01,0.0,40.91
2024-02-15,Agra,Uttar Pradesh,27.1767,78.0081,18.3,11.99,25.11,0.0,34.24
2024-02-16,Agra,Uttar Pradesh,27.1767,78.0081,20.22,15.85,26.52,0.0,38.39
2024-02-17,Agra,Uttar Pradesh,27.1767,78.0081,19.08,13.46,26.12,0.0,39.81
2024-02-18,Agra,Uttar Pradesh,27.1767,78.0081,18.84,11.95,24.52,0.0,44.64
2024-02-19,Agra,Uttar Pradesh,27.1767,78.0081,19.4,14.0,26.63,0.0,47.29
2024-02-20,Agra,Uttar Pradesh,27.1767,78.0081,20.02,14.35,26.62,0.0,36.11
2024-02-21,Agra,Uttar Pradesh,27.1767,78.0081,20.36,15.19,25.84,0.0,32.2
2024-02-22,Agra,Uttar Pradesh,27.1767,78.0081,19.0,14.19,24.49,0.0,40.38
2024-02-23,Agra,Uttar Pradesh,27.1767,78.0081,21.46,17.46,28.58,0.0,39.4
2024-02-24,Agra,Uttar Pradesh,27.1767,78.0081,20.22,14.39,25.77,0.0,42.68
2024-02-25,Agra,Uttar Pradesh,27.1767,78.0081,17.86,10.9,22.04,0.0,42.86
2024-02-26,Agra,Uttar Pradesh,27.1767,78.0081,20.89,15.3,27.14,0.0,43.36
2024-02-27,Agra,Uttar Pradesh,27.1767,78.0081,19.21,12.33,26.7,0.0,40.52
2024-02-28,Agra,Uttar Pradesh,27.1767,78.0081,18.1,12.05,23.35,0.0,40.59
2024-02-29,Agra,Uttar Pradesh,27.1767,78.0081,21.92,15.32,29.33,0.0,38.11
2024-03-01,Agra,Uttar Pradesh,27.1767,78.0081,20.11,15.6,27.09,0.0,36.44
2024-03-02,Agra,Uttar Pradesh,27.1767,78.0081,19.25,12.86,25.79,0.0,33.46
2024-03-03,Agra,Uttar Pradesh,27.1767,78.0081,19.79,14.45,26.07,0.0,39.8
2024-03-04,Agra,Uttar Pradesh,27.1767,78.0081,21.11,14.21,27.73,0.0,40.27
2024-03-05,Agra,Uttar Pradesh,27.1767,78.0081,22.73,18.66,29.62,0.0,46.04
2024-03-06,Agra,Uttar Pradesh,27.1767,78.0081,18.22,14.14,23.99,0.0,41.11
2024-03-07,Agra,Uttar Pradesh,27.1767,78.0081,20.79,16.64,25.29,0.0,32.85
2024-03-08,Agra,Uttar Pradesh,27.1767,78.0081,20.45,14.51,27.77,0.0,48.6
2024-03-09,Agra,Uttar Pradesh,27.1767,78.0081,21.05,16.77,28.72,0.0,43.42
2024-03-10,Agra,Uttar Pradesh,27.1767,78.0081,21.24,16.39,26.46,0.0,43.88
2024-03-11,Agra,Uttar Pradesh,27.1767,78.0081,21.96,15.64,29.41,0.0,49.43
2024-03-12,Agra,Uttar Pradesh,27.1767,78.0081,20.0,15.63,24.01,0.0,42.39
2024-03-13,Agra,Uttar Pradesh,27.1767,78.0081,22.28,16.47,27.33,0.0,50.04
2024-03-14,Agra,Uttar Pradesh,27.1767,78.0081,20.72,16.37,27.84,0.0,33.01
2024-03-15,Agra,Uttar Pradesh,27.1767,78.0081,20.02,13.84,26.27,0.0,37.85
2024-03-16,Agra,Uttar Pradesh,27.1767,78.0081,22.4,18.08,30.22,0.0,33.24
2024-03-17,Agra,Uttar Pradesh,27.1767,78.0081,19.01,12.64,23.45,0.0,45.86
2024-03-18,Agra,Uttar Pradesh,27.1767,78.0081,21.39,14.8,28.36,3.72,37.17
2024-03-19,Agra,Uttar Pradesh,27.1767,78.0081,23.22,17.02,28.67,0.0,47.85
2024-03-20,Agra,Uttar Pradesh,27.1767,78.0081,21.59,17.37,27.09,0.0,41.27
2024-03-21,Agra,Uttar Pradesh,27.1767,78.0081,21.79,14.86,28.83,0.0,39.01
2024-03-22,Agra,Uttar Pradesh,27.1767,78.0081,22.14,17.38,29.03,0.0,38.29
2024-03-23,Agra,Uttar Pradesh,27.1767,78.0081,23.2,19.04,29.73,0.0,54.44
2024-03-24,Agra,Uttar Pradesh,27.1767,78.0081,23.94,18.54,28.76,0.0,52.54
2024-03-25,Agra,Uttar Pradesh,27.1767,78.0081,21.87,15.08,26.98,0.0,34.23
2024-03-26,Agra,Uttar Pradesh,27.1767,78.0081,22.37,16.03,29.51,0.0,49.03
2024-03-27,Agra,Uttar Pradesh,27.1767,78.0081,22.12,15.43,26.56,0.0,37.62
2024-03-28,Agra,Uttar Pradesh,27.1767,78.0081,21.92,16.09,29.35,0.0,36.4
2024-03-29,Agra,Uttar Pradesh,27.1767,78.0081,24.67,19.83,31.18,0.0,30.53
2024-03-30,Agra,Uttar Pradesh,27.1767,78.0081,23.22,17.94,27.82,0.0,42.14
2024-03-31,Agra,Uttar Pradesh,27.1767,78.0081,23.84,17.25,29.41,0.0,41.26
2024-04-01,Agra,Uttar Pradesh,27.1767,78.0081,23.99,17.67,30.4,0.0,41.43
2024-04-02,Agra,Uttar Pradesh,27.1767,78.0081,23.75,17.66,28.74,0.0,35.29
2024-04-03,Agra,Uttar Pradesh,27.1767,78.0081,24.12,19.66,28.97,1.94,35.58
2024-04-04,Agra,Uttar Pradesh,27.1767,78.0081,25.44,20.97,33.33,0.0,35.71
2024-04-05,Agra,Uttar Pradesh,27.1767,78.0081,26.25,21.51,32.18,0.0,38.37
2024-04-06,Agra,Uttar Pradesh,27.1767,78.0081,23.85,19.0,28.22,0.0,34.45
2024-04-07,Agra,Uttar Pradesh,27.1767,78.0081,23.47,17.29,27.87,0.0,33.98
2024-04-08,Agra,Uttar Pradesh,27.1767,78.0081,24.73,20.49,29.52,0.0,39.68
2024-04-09,Agra,Uttar Pradesh,27.1767,78.0081,25.77,21.13,32.24,0.0,41.31
2024-04-10,Agra,Uttar Pradesh,27.1767,78.0081,26.97,21.22,31.34,0.0,42.49
2024-04-11,Agra,Uttar Pradesh,27.1767,78.0081,23.66,16.83,27.82,0.0,39.6
2024-04-12,Agra,Uttar Pradesh,27.1767,78.0081,27.41,20.45,33.65,0.0,30.45
2024-04-13,Agra,Uttar Pradesh,27.1767,78.0081,23.77,18.92,29.54,0.0,37.53
2024-04-14,Agra,Uttar Pradesh,27.1767,78.0081,26.59,22.27,30.82,0.0,44.02
2024-04-15,Agra,Uttar Pradesh,27.1767,78.0081,28.14,22.61,33.9,0.0,41.25
2024-04-16,Agra,Uttar Pradesh,27.1767,78.0081,27.11,21.25,32.83,0.0,36.92
2024-04-17,Agra,Uttar Pradesh,27.1767,78.0081,26.41,21.87,33.99,0.0,44.48
2024-04-18,Agra,Uttar Pradesh,27.1767,78.0081,24.72,18.3,30.72,0.0,42.28
2024-04-19,Agra,Uttar Pradesh,27.1767,78.0081,26.28,19.88,32.58,0.0,43.93
2024-04-20,Agra,Uttar Pradesh,27.1767,78.0081,27.04,21.18,33.93,0.0,35.08
2024-04-21,Agra,Uttar Pradesh,27.1767,78.0081,25.42,21.03,32.76,0.0,40.04
2024-04-22,Agra,Uttar Pradesh,27.1767,78.0081,26.97,22.41,34.45,0.0,41.54
2024-04-23,Agra,Uttar Pradesh,27.1767,78.0081,27.39,21.76,35.36,0.0,24.97
2024-04-24,Agra,Uttar Pradesh,27.1767,78.0081,26.57,21.8,32.78,0.0,52.72
2024-04-25,Agra,Uttar Pradesh,27.1767,78.0081,25.63,21.12,30.96,0.0,45.89
2024-04-26,Agra,Uttar Pradesh,27.1767,78.0081,27.25,22.71,33.71,0.0,40.16
2024-04-27,Agra,Uttar Pradesh,27.1767,78.0081,26.99,22.19,31.71,0.0,42.11
2024-04-28,Agra,Uttar Pradesh,27.1767,78.0081,28.95,23.36,35.26,0.0,29.83
2024-04-29,Agra,Uttar Pradesh,27.1767,78.0081,26.31,21.47,31.69,0.0,36.58
2024-04-30,Agra,Uttar Pradesh,27.1767,78.0081,29.42,25.38,36.41,0.0,45.92
2024-05-01,Agra,Uttar Pradesh,27.1767,78.0081,25.77,21.03,32.58,0.0,34.64
2024-05-02,Agra,Uttar Pradesh,27.1767,78.0081,30.11,24.43,34.45,0.0,51.02
2024-05-03,Agra,Uttar Pradesh,27.1767,78.0081,30.64,25.4,36.23,0.0,42.2
2024-05-04,Agra,Uttar Pradesh,27.1767,78.0081,31.8,25.39,37.81,0.0,41.84
2024-05-05,Agra,Uttar Pradesh,27.1767,78.0081,30.04,25.71,36.71,0.0,35.7
2024-05-06,Agra,Uttar Pradesh,27.1767,78.0081,30.31,26.16,36.97,0.0,31.68
2024-05-07,Agra,Uttar Pradesh,27.1767,78.0081,29.68,25.58,36.86,0.0,35.66
2024-05-08,Agra,Uttar Pradesh,27.1767,78.0081,26.47,20.4,31.52,0.0,38.6
2024-05-09,Agra,Uttar Pradesh,27.1767,78.0081,29.06,24.67,34.19,0.0,34.83
2024-05-10,Agra,Uttar Pradesh,27.1767,78.0081,29.25,23.07,33.26,0.0,28.07
2024-05-11,Agra,Uttar Pradesh,27.1767,78.0081,29.89,23.27,36.82,0.0,42.78
2024-05-12,Agra,Uttar Pradesh,27.1767,78.0081,31.39,25.8,37.73,0.0,31.0
2024-05-13,Agra,Uttar Pradesh,27.1767,78.0081,29.95,24.91,35.51,0.0,46.09
2024-05-14,Agra,Uttar Pradesh,27.1767,78.0081,31.58,25.52,37.54,0.0,34.1
2024-05-15,Agra,Uttar Pradesh,27.1767,78.0081,28.26,23.91,33.25,0.0,41.51
2024-05-16,Agra,Uttar Pradesh,27.1767,78.0081,31.59,24.9,35.93,0.0,55.23
2024-05-17,Agra,Uttar Pradesh,27.1767,78.0081,29.62,24.48,33.91,0.0,31.72
2024-05-18,Agra,Uttar Pradesh,27.1767,78.0081,31.82,25.03,39.28,0.0,45.82
2024-05-19,Agra,Uttar Pradesh,27.1767,78.0081,31.11,24.61,38.03,0.0,45.7
2024-05-20,Agra,Uttar Pradesh,27.1767,78.0081,32.64,26.04,39.79,0.0,44.08
2024-05-21,Agra,Uttar Pradesh,27.1767,78.0081,30.42,24.29,36.49,0.0,37.81
2024-05-22,Agra,Uttar Pradesh,27.1767,78.0081,29.11,23.92,34.1,0.0,40.89
2024-05-23,Agra,Uttar Pradesh,27.1767,78.0081,29.89,23.44,35.6,0.0,43.95
2024-05-24,Agra,Uttar Pradesh,27.1767,78.0081,31.56,27.44,36.99,0.0,41.6
2024-05-25,Agra,Uttar Pradesh,27.1767,78.0081,32.62,25.94,38.96,0.0,35.96
2024-05-26,Agra,Uttar Pradesh,27.1767,78.0081,30.43,23.73,36.49,0.0,32.0
2024-05-27,Agra,Uttar Pradesh,27.1767,78.0081,29.43,24.14,33.81,0.0,43.2
2024-05-28,Agra,Uttar Pradesh,27.1767,78.0081,31.51,25.23,39.11,0.0,42.91
2024-05-29,Agra,Uttar Pradesh,27.1767,78.0081,32.91,27.92,37.53,8.47,74.52
2024-05-30,Agra,Uttar Pradesh,27.1767,78.0081,32.93,26.82,38.63,1.81,74.4
2024-05-31,Agra,Uttar Pradesh,27.1767,78.0081,33.04,26.55,37.78,10.93,68.39
2024-06-01,Agra,Uttar Pradesh,27.1767,78.0081,29.03,23.09,33.46,0.0,78.01
2024-06-02,Agra,Uttar Pradesh,27.1767,78.0081,30.47,26.26,35.86,0.0,70.82
2024-06-03,Agra,Uttar Pradesh,27.1767,78.0081,31.74,25.31,37.68,0.0,77.86
2024-06-04,Agra,Uttar Pradesh,27.1767,78.0081,32.14,26.2,39.96,0.0,84.64
2024-06-05,Agra,Uttar Pradesh,27.1767,78.0081,32.13,27.53,38.11,0.0,75.43
2024-06-06,Agra,Uttar Pradesh,27.1767,78.0081,33.63,28.22,40.06,0.0,72.31
2024-06-07,Agra,Uttar Pradesh,27.1767,78.0081,31.46,26.68,38.82,0.0,73.54
2024-06-08,Agra,Uttar Pradesh,27.1767,78.0081,31.89,25.41,37.84,0.0,83.14
2024-06-09,Agra,Uttar Pradesh,27.1767,78.0081,32.99,27.95,38.41,0.0,71.58
2024-06-10,Agra,Uttar Pradesh,27.1767,78.0081,32.61,27.53,38.78,0.0,82.36
2024-06-11,Agra,Uttar Pradesh,27.1767,78.0081,34.18,29.42,40.18,1.9,77.21
2024-06-12,Agra,Uttar Pradesh,27.1767,78.0081,31.95,26.62,36.73,0.42,70.16
2024-06-13,Agra,Uttar Pradesh,27.1767,78.0081,32.3,27.32,39.35,0.0,72.92
2024-06-14,Agra,Uttar Pradesh,27.1767,78.0081,30.68,24.39,37.65,0.0,75.69
2024-06-15,Agra,Uttar Pradesh,27.1767,78.0081,31.48,24.55,37.87,8.46,71.8
2024-06-16,Agra,Uttar Pradesh,27.1767,78.0081,33.29,27.34,41.13,0.86,63.98
2024-06-17,Agra,Uttar Pradesh,27.1767,78.0081,33.23,27.96,40.5,15.7,72.9
2024-06-18,Agra,Uttar Pradesh,27.1767,78.0081,32.9,28.69,38.46,0.0,71.3
2024-06-19,Agra,Uttar Pradesh,27.1767,78.0081,35.92,30.37,42.77,0.0,68.4
2024-06-20,Agra,Uttar Pradesh,27.1767,78.0081,33.71,27.19,38.76,1.03,76.01
2024-06-21,Agra,Uttar Pradesh,27.1767,78.0081,33.73,27.55,41.45,0.0,79.28
2024-06-22,Agra,Uttar Pradesh,27.1767,78.0081,34.88,30.6,40.66,0.0,68.82
2024-06-23,Agra,Uttar Pradesh,27.1767,78.0081,33.16,27.75,37.51,0.0,81.07
2024-06-24,Agra,Uttar Pradesh,27.1767,78.0081,35.36,28.53,39.47,24.94,72.44
2024-06-25,Agra,Uttar Pradesh,27.1767,78.0081,34.97,30.23,42.81,33.98,75.29
2024-06-26,Agra,Uttar Pradesh,27.1767,78.0081,32.22,26.48,39.5,16.09,70.88
2024-06-27,Agra,Uttar Pradesh,27.1767,78.0081,32.51,26.72,40.0,31.07,70.26
2024-06-28,Agra,Uttar Pradesh,27.1767,78.0081,34.0,28.82,41.25,0.0,74.01
2024-06-29,Agra,Uttar Pradesh,27.1767,78.0081,35.97,30.66,40.02,57.0,70.76
2024-06-30,Agra,Uttar Pradesh,27.1767,78.0081,33.01,29.0,40.55,0.0,75.78
2024-07-01,Agra,Uttar Pradesh,27.1767,78.0081,31.63,27.54,36.07,0.0,76.22
2024-07-02,Agra,Uttar Pradesh,27.1767,78.0081,34.0,27.3,38.88,0.0,71.56
2024-07-03,Agra,Uttar Pradesh,27.1767,78.0081,33.87,29.33,40.82,0.0,76.81
2024-07-04,Agra,Uttar Pradesh,27.1767,78.0081,35.07,29.96,40.06,33.8,66.42
2024-07-05,Agra,Uttar Pradesh,27.1767,78.0081,33.65,29.44,39.58,0.0,75.54
2024-07-06,Agra,Uttar Pradesh,27.1767,78.0081,36.86,31.89,41.77,35.56,71.78
2024-07-07,Agra,Uttar Pradesh,27.1767,78.0081,36.38,30.69,41.75,39.67,73.99
2024-07-08,Agra,Uttar Pradesh,27.1767,78.0081,34.81,29.53,40.41,0.0,75.48
2024-07-09,Agra,Uttar Pradesh,27.1767,78.0081,36.65,30.19,41.74,6.95,77.81
2024-07-10,Agra,Uttar Pradesh,27.1767,78.0081,35.76,29.39,40.3,0.0,72.94
2024-07-11,Agra,Uttar Pradesh,27.1767,78.0081,33.53,28.91,40.06,0.0,76.92
2024-07-12,Agra,Uttar Pradesh,27.1767,78.0081,33.97,28.75,38.89,1.23,73.02
2024-07-13,Agra,Uttar Pradesh,27.1767,78.0081,32.19,26.12,39.71,0.0,76.78
2024-07-14,Agra,Uttar Pradesh,27.1767,78.0081,35.03,28.85,42.17,0.0,68.66
2024-07-15,Agra,Uttar Pradesh,27.1767,78.0081,34.19,28.54,40.11,0.75,78.82
2024-07-16,Agra,Uttar Pradesh,27.1767,78.0081,33.5,27.04,40.06,0.0,79.3
2024-07-17,Agra,Uttar Pradesh,27.1767,78.0081,34.44,28.44,42.39,0.0,73.86
2024-07-18,Agra,Uttar Pradesh,27.1767,78.0081,34.33,28.32,40.4,0.0,71.07
2024-07-19,Agra,Uttar Pradesh,27.1767,78.0081,32.71,25.85,39.63,0.0,69.79
2024-07-20,Agra,Uttar Pradesh,27.1767,78.0081,37.52,31.19,42.39,2.24,74.55
2024-07-21,Agra,Uttar Pradesh,27.1767,78.0081,34.06,28.45,40.71,3.66,74.84
2024-07-22,Agra,Uttar Pradesh,27.1767,78.0081,35.16,28.48,40.85,8.78,70.64
2024-07-23,Agra,Uttar Pradesh,27.1767,78.0081,33.97,29.43,38.77,0.0,71.09
2024-07-24,Agra,Uttar Pradesh,27.1767,78.0081,33.49,28.29,39.06,0.0,71.41
2024-07-25,Agra,Uttar Pradesh,27.1767,78.0081,36.13,29.84,42.14,42.18,79.59
2024-07-26,Agra,Uttar Pradesh,27.1767,78.0081,35.74,31.42,42.57,0.0,70.02
2024-07-27,Agra,Uttar Pradesh,27.1767,78.0081,35.23,29.95,39.74,0.0,74.51
2024-07-28,Agra,Uttar Pradesh,27.1767,78.0081,33.6,27.7,39.66,12.67,71.76
2024-07-29,Agra,Uttar Pradesh,27.1767,78.0081,34.43,29.93,39.61,0.79,71.36
2024-07-30,Agra,Uttar Pradesh,27.1767,78.0081,32.74,27.22,37.74,0.0,81.4
2024-07-31,Agra,Uttar Pradesh,27.1767,78.0081,34.61,30.31,39.62,14.74,71.59
2024-08-01,Agra,Uttar Pradesh,27.1767,78.0081,33.91,29.0,38.54,0.0,69.17
2024-08-02,Agra,Uttar Pradesh,27.1767,78.0081,36.05,29.78,41.28,0.0,79.3
2024-08-03,Agra,Uttar Pradesh,27.1767,78.0081,33.91,27.1,39.65,10.2,71.85
2024-08-04,Agra,Uttar Pradesh,27.1767,78.0081,34.01,27.56,39.1,10.74,71.5
2024-08-05,Agra,Uttar Pradesh,27.1767,78.0081,31.1,24.74,37.73,10.39,72.15
2024-08-06,Agra,Uttar Pradesh,27.1767,78.0081,30.89,26.1,35.66,0.0,73.8
2024-08-07,Agra,Uttar Pradesh,27.1767,78.0081,35.14,28.76,39.23,2.79,69.54
2024-08-08,Agra,Uttar Pradesh,27.1767,78.0081,32.9,28.59,37.21,0.0,74.86
2024-08-09,Agra,Uttar Pradesh,27.1767,78.0081,33.16,26.75,40.53,0.0,67.48
2024-08-10,Agra,Uttar Pradesh,27.1767,78.0081,33.77,29.47,39.35,97.87,81.07
2024-08-11,Agra,Uttar Pradesh,27.1767,78.0081,33.0,27.74,39.31,0.0,68.49
2024-08-12,Agra,Uttar Pradesh,27.1767,78.0081,31.6,25.0,38.68,0.77,79.13
2024-08-13,Agra,Uttar Pradesh,27.1767,78.0081,33.24,27.51,38.42,0.0,72.17
2024-08-14,Agra,Uttar Pradesh,27.1767,78.0081,31.4,24.74,36.63,0.0,69.72
2024-08-15,Agra,Uttar Pradesh,27.1767,78.0081,33.73,29.54,39.48,0.0,76.67
2024-08-16,Agra,Uttar Pradesh,27.1767,78.0081,33.51,27.94,40.31,0.0,68.93
2024-08-17,Agra,Uttar Pradesh,27.1767,78.0081,33.53,26.85,40.16,9.98,77.22
2024-08-18,Agra,Uttar Pradesh,27.1767,78.0081,32.77,26.14,40.44,0.0,74.27
2024-08-19,Agra,Uttar Pradesh,27.1767,78.0081,31.28,25.28,38.56,57.12,66.26
2024-08-20,Agra,Uttar Pradesh,27.1767,78.0081,32.49,27.62,39.44,0.0,87.7
2024-08-21,Agra,Uttar Pradesh,27.1767,78.0081,35.6,29.2,42.57,0.0,68.81
2024-08-22,Agra,Uttar Pradesh,27.1767,78.0081,31.38,27.21,38.24,0.0,81.57
2024-08-23,Agra,Uttar Pradesh,27.1767,78.0081,31.46,27.41,35.48,17.53,74.4
2024-08-24,Agra,Uttar Pradesh,27.1767,78.0081,31.9,26.01,38.41,14.91,64.1
2024-08-25,Agra,Uttar Pradesh,27.1767,78.0081,33.37,28.27,39.72,16.75,80.18
2024-08-26,Agra,Uttar Pradesh,27.1767,78.0081,30.61,26.19,34.99,0.0,76.97
2024-08-27,Agra,Uttar Pradesh,27.1767,78.0081,33.03,28.1,40.84,0.0,75.76
2024-08-28,Agra,Uttar Pradesh,27.1767,78.0081,30.53,25.77,37.72,20.55,75.33
2024-08-29,Agra,Uttar Pradesh,27.1767,78.0081,33.03,27.05,40.87,0.0,74.89
2024-08-30,Agra,Uttar Pradesh,27.1767,78.0081,31.97,25.34,37.59,9.68,75.25
2024-08-31,Agra,Uttar Pradesh,27.1767,78.0081,32.45,27.8,39.18,0.0,70.75
2024-09-01,Agra,Uttar Pradesh,27.1767,78.0081,32.54,27.49,39.65,20.91,74.04
2024-09-02,Agra,Uttar Pradesh,27.1767,78.0081,30.33,25.87,37.69,4.4,76.18
2024-09-03,Agra,Uttar Pradesh,27.1767,78.0081,32.18,26.86,37.13,0.0,75.17
2024-09-04,Agra,Uttar Pradesh,27.1767,78.0081,28.38,21.74,36.31,42.6,78.77
2024-09-05,Agra,Uttar Pradesh,27.1767,78.0081,30.56,25.36,37.34,13.06,70.27
2024-09-06,Agra,Uttar Pradesh,27.1767,78.0081,31.93,25.38,38.48,0.0,68.19
2024-09-07,Agra,Uttar Pradesh,27.1767,78.0081,32.46,27.66,39.87,1.15,68.09
2024-09-08,Agra,Uttar Pradesh,27.1767,78.0081,31.0,25.96,38.03,0.0,63.49
2024-09-09,Agra,Uttar Pradesh,27.1767,78.0081,31.6,24.63,38.5,0.0,70.65
2024-09-10,Agra,Uttar Pradesh,27.1767,78.0081,30.38,24.08,35.37,8.07,66.67
2024-09-11,Agra,Uttar Pradesh,27.1767,78.0081,32.41,26.58,38.64,0.0,77.9
2024-09-12,Agra,Uttar Pradesh,27.1767,78.0081,29.99,25.47,36.85,1.82,67.41
2024-09-13,Agra,Uttar Pradesh,27.1767,78.0081,32.04,27.48,37.54,0.0,73.64
2024-09-14,Agra,Uttar Pradesh,27.1767,78.0081,29.05,24.51,35.45,0.0,72.33
2024-09-15,Agra,Uttar Pradesh,27.1767,78.0081,31.07,25.34,38.0,5.47,73.49
2024-09-16,Agra,Uttar Pradesh,27.1767,78.0081,29.4,22.97,37.16,0.0,70.63
2024-09-17,Agra,Uttar Pradesh,27.1767,78.0081,30.87,26.17,37.51,0.0,78.21
2024-09-18,Agra,Uttar Pradesh,27.1767,78.0081,31.52,24.67,39.14,0.0,77.35
2024-09-19,Agra,Uttar Pradesh,27.1767,78.0081,29.46,25.32,34.44,9.2,72.21
2024-09-20,Agra,Uttar Pradesh,27.1767,78.0081,29.65,25.63,36.26,19.6,79.37
2024-09-21,Agra,Uttar Pradesh,27.1767,78.0081,31.81,26.47,37.87,5.2,75.43
2024-09-22,Agra,Uttar Pradesh,27.1767,78.0081,29.15,23.89,34.48,0.04,81.38
2024-09-23,Agra,Uttar Pradesh,27.1767,78.0081,30.06,25.95,36.18,7.4,68.32
2024-09-24,Agra,Uttar Pradesh,27.1767,78.0081,27.01,22.16,34.48,0.0,77.06
2024-09-25,Agra,Uttar Pradesh,27.1767,78.0081,29.38,24.97,36.26,0.0,71.79
2024-09-26,Agra,Uttar Pradesh,27.1767,78.0081,26.79,20.55,34.6,49.08,75.86
2024-09-27,Agra,Uttar Pradesh,27.1767,78.0081,30.64,24.43,36.97,0.0,38.2
2024-09-28,Agra,Uttar Pradesh,27.1767,78.0081,26.45,21.7,31.28,0.0,55.25
2024-09-29,Agra,Uttar Pradesh,27.1767,78.0081,28.49,23.31,36.11,0.0,32.25
2024-09-30,Agra,Uttar Pradesh,27.1767,78.0081,29.14,22.55,35.28,0.0,36.29
2024-10-01,Agra,Uttar Pradesh,27.1767,78.0081,28.1,23.75,32.49,0.0,44.29
2024-10-02,Agra,Uttar Pradesh,27.1767,78.0081,26.55,20.9,32.34,0.0,41.33
2024-10-03,Agra,Uttar Pradesh,27.1767,78.0081,28.21,21.78,34.81,0.0,35.18
2024-10-04,Agra,Uttar Pradesh,27.1767,78.0081,28.45,23.64,36.33,0.0,38.06
2024-10-05,Agra,Uttar Pradesh,27.1767,78.0081,29.16,24.15,33.23,0.0,38.93
2024-10-06,Agra,Uttar Pradesh,27.1767,78.0081,26.06,21.01,34.02,0.0,41.83
2024-10-07,Agra,Uttar Pradesh,27.1767,78.0081,26.48,19.72,32.41,0.0,35.0
2024-10-08,Agra,Uttar Pradesh,27.1767,78.0081,26.11,21.69,30.41,0.0,44.35
2024-10-09,Agra,Uttar Pradesh,27.1767,78.0081,28.23,22.83,34.53,0.0,46.53
2024-10-10,Agra,Uttar Pradesh,27.1767,78.0081,24.97,19.64,31.68,0.0,27.24
2024-10-11,Agra,Uttar Pradesh,27.1767,78.0081,27.81,23.64,33.1,0.0,54.01
2024-10-12,Agra,Uttar Pradesh,27.1767,78.0081,27.8,21.19,35.62,0.0,39.37
2024-10-13,Agra,Uttar Pradesh,27.1767,78.0081,27.61,22.99,34.23,0.0,34.43
2024-10-14,Agra,Uttar Pradesh,27.1767,78.0081,27.86,21.26,34.85,0.0,47.12
2024-10-15,Agra,Uttar Pradesh,27.1767,78.0081,25.46,19.71,31.19,0.0,47.04
2024-10-16,Agra,Uttar Pradesh,27.1767,78.0081,26.9,22.33,33.11,0.0,38.29
2024-10-17,Agra,Uttar Pradesh,27.1767,78.0081,25.34,20.34,32.99,0.0,54.62
2024-10-18,Agra,Uttar Pradesh,27.1767,78.0081,26.54,20.34,30.9,0.0,42.28
2024-10-19,Agra,Uttar Pradesh,27.1767,78.0081,26.48,20.88,33.63,0.0,34.7
2024-10-20,Agra,Uttar Pradesh,27.1767,78.0081,23.55,16.92,30.69,4.24,45.82
2024-10-21,Agra,Uttar Pradesh,27.1767,78.0081,23.52,17.04,28.92,0.0,45.77
2024-10-22,Agra,Uttar Pradesh,27.1767,78.0081,23.76,16.83,29.16,0.0,41.11
2024-10-23,Agra,Uttar Pradesh,27.1767,78.0081,24.89,18.72,29.73,0.0,42.57
2024-10-24,Agra,Uttar Pradesh,27.1767,78.0081,23.08,16.3,30.43,0.0,35.28
2024-10-25,Agra,Uttar Pradesh,27.1767,78.0081,26.83,21.63,32.96,0.0,43.66
2024-10-26,Agra,Uttar Pradesh,27.1767,78.0081,22.27,16.96,28.33,0.76,42.32
2024-10-27,Agra,Uttar Pradesh,27.1767,78.0081,23.85,17.71,28.94,0.0,35.63
2024-10-28,Agra,Uttar Pradesh,27.1767,78.0081,23.54,18.12,28.3,0.0,43.79
2024-10-29,Agra,Uttar Pradesh,27.1767,78.0081,25.06,20.92,29.17,0.0,36.06
2024-10-30,Agra,Uttar Pradesh,27.1767,78.0081,23.54,18.21,28.27,0.0,48.16
2024-10-31,Agra,Uttar Pradesh,27.1767,78.0081,23.19,18.32,28.1,0.0,34.61
2024-11-01,Agra,Uttar Pradesh,27.1767,78.0081,26.02,20.23,33.15,0.0,46.56
2024-11-02,Agra,Uttar Pradesh,27.1767,78.0081,24.55,18.24,32.09,0.0,46.75
2024-11-03,Agra,Uttar Pradesh,27.1767,78.0081,23.05,17.01,28.23,0.0,35.9
2024-11-04,Agra,Uttar Pradesh,27.1767,78.0081,21.34,15.82,25.45,0.0,46.56
2024-11-05,Agra,Uttar Pradesh,27.1767,78.0081,24.17,18.5,29.43,0.0,44.42
2024-11-06,Agra,Uttar Pradesh,27.1767,78.0081,22.67,16.27,28.92,0.0,38.59
2024-11-07,Agra,Uttar Pradesh,27.1767,78.0081,22.92,17.97,29.67,0.0,29.09
2024-11-08,Agra,Uttar Pradesh,27.1767,78.0081,24.06,18.44,31.05,0.0,35.07
2024-11-09,Agra,Uttar Pradesh,27.1767,78.0081,23.19,17.33,30.51,0.0,48.37
2024-11-10,Agra,Uttar Pradesh,27.1767,78.0081,23.85,19.47,31.33,0.0,44.54
2024-11-11,Agra,Uttar Pradesh,27.1767,78.0081,19.67,13.14,25.12,0.0,35.84
2024-11-12,Agra,Uttar Pradesh,27.1767,78.0081,22.32,16.09,27.6,0.0,36.06
2024-11-13,Agra,Uttar Pradesh,27.1767,78.0081,22.93,18.02,29.18,0.0,35.33
2024-11-14,Agra,Uttar Pradesh,27.1767,78.0081,23.69,18.02,30.0,0.0,50.55
2024-11-15,Agra,Uttar Pradesh,27.1767,78.0081,23.41,16.55,30.27,0.0,44.81
2024-11-16,Agra,Uttar Pradesh,27.1767,78.0081,22.48,17.41,28.92,0.0,31.3
2024-11-17,Agra,Uttar Pradesh,27.1767,78.0081,20.72,14.73,25.91,0.0,33.6
2024-11-18,Agra,Uttar Pradesh,27.1767,78.0081,22.19,17.88,28.92,0.0,32.0
2024-11-19,Agra,Uttar Pradesh,27.1767,78.0081,19.05,12.18,26.99,0.0,41.51
2024-11-20,Agra,Uttar Pradesh,27.1767,78.0081,21.63,16.09,28.85,1.71,43.36
2024-11-21,Agra,Uttar Pradesh,27.1767,78.0081,20.87,15.05,26.64,0.0,44.7
2024-11-22,Agra,Uttar Pradesh,27.1767,78.0081,21.05,14.06,27.86,0.0,43.37
2024-11-23,Agra,Uttar Pradesh,27.1767,78.0081,20.39,15.12,26.88,0.0,35.81
2024-11-24,Agra,Uttar Pradesh,27.1767,78.0081,22.55,15.67,26.84,0.0,40.58
2024-11-25,Agra,Uttar Pradesh,27.1767,78.0081,22.07,16.19,26.89,0.0,34.72
2024-11-26,Agra,Uttar Pradesh,27.1767,78.0081,21.44,15.99,27.18,0.0,37.85
2024-11-27,Agra,Uttar Pradesh,27.1767,78.0081,17.4,12.48,22.8,0.0,45.9
2024-11-28,Agra,Uttar Pradesh,27.1767,78.0081,18.47,11.64,25.27,0.0,43.23
2024-11-29,Agra,Uttar Pradesh,27.1767,78.0081,20.51,14.98,25.42,0.0,34.81
2024-11-30,Agra,Uttar Pradesh,27.1767,78.0081,20.72,15.14,28.17,0.0,32.91
2024-12-01,Agra,Uttar Pradesh,27.1767,78.0081,18.61,14.61,25.17,0.0,29.86
2024-12-02,Agra,Uttar Pradesh,27.1767,78.0081,19.67,14.78,27.64,0.0,44.57
2024-12-03,Agra,Uttar Pradesh,27.1767,78.0081,18.97,12.07,26.39,0.0,38.41
2024-12-04,Agra,Uttar Pradesh,27.1767,78.0081,19.89,15.3,26.71,0.0,47.42
2024-12-05,Agra,Uttar Pradesh,27.1767,78.0081,19.08,14.99,25.13,0.0,37.68
2024-12-06,Agra,Uttar Pradesh,27.1767,78.0081,19.64,15.47,24.82,0.0,48.77
2024-12-07,Agra,Uttar Pradesh,27.1767,78.0081,18.8,14.64,25.48,0.0,34.7
2024-12-08,Agra,Uttar Pradesh,27.1767,78.0081,18.4,12.68,24.55,0.0,40.61
2024-12-09,Agra,Uttar Pradesh,27.1767,78.0081,20.95,14.98,25.97,0.0,55.61
2024-12-10,Agra,Uttar Pradesh,27.1767,78.0081,19.6,15.31,24.65,0.0,40.73
2024-12-11,Agra,Uttar Pradesh,27.1767,78.0081,18.47,13.97,23.02,0.0,52.71
2024-12-12,Agra,Uttar Pradesh,27.1767,78.0081,20.59,15.98,25.88,0.0,39.53
2024-12-13,Agra,Uttar Pradesh,27.1767,78.0081,19.9,14.46,27.62,0.0,34.6
2024-12-14,Agra,Uttar Pradesh,27.1767,78.0081,19.55,13.48,25.98,0.0,45.74
2024-12-15,Agra,Uttar Pradesh,27.1767,78.0081,18.3,11.48,22.63,0.0,41.41
2024-12-16,Agra,Uttar Pradesh,27.1767,78.0081,15.72,9.65,20.76,0.0,37.79
2024-12-17,Agra,Uttar Pradesh,27.1767,78.0081,19.5,13.34,26.96,0.0,34.21
2024-12-18,Agra,Uttar Pradesh,27.1767,78.0081,18.83,12.12,24.1,0.0,46.72
2024-12-19,Agra,Uttar Pradesh,27.1767,78.0081,20.2,13.99,27.92,0.0,42.44
2024-12-20,Agra,Uttar Pradesh,27.1767,78.0081,20.31,13.38,27.58,0.0,36.28
2024-12-21,Agra,Uttar Pradesh,27.1767,78.0081,17.8,13.22,22.89,0.0,35.29
2024-12-22,Agra,Uttar Pradesh,27.1767,78.0081,16.15,11.21,20.98,0.0,34.03
2024-12-23,Agra,Uttar Pradesh,27.1767,78.0081,17.07,12.44,24.16,0.0,34.12
2024-12-24,Agra,Uttar Pradesh,27.1767,78.0081,17.28,12.66,24.44,0.0,50.04
2024-12-25,Agra,Uttar Pradesh,27.1767,78.0081,17.84,13.57,23.95,0.0,39.88
2024-12-26,Agra,Uttar Pradesh,27.1767,78.0081,17.03,11.22,23.85,0.0,45.08
2024-12-27,Agra,Uttar Pradesh,27.1767,78.0081,20.11,14.73,24.27,0.0,38.51
2024-12-28,Agra,Uttar Pradesh,27.1767,78.0081,16.98,10.76,21.84,0.0,38.05
2024-12-29,Agra,Uttar Pradesh,27.1767,78.0081,20.08,14.49,26.38,0.0,42.9
2024-12-30,Agra,Uttar Pradesh,27.1767,78.0081,16.06,10.75,20.84,0.0,37.56
2024-12-31,Agra,Uttar Pradesh,27.1767,78.0081,17.89,11.36,23.53,0.0,45.04
2025-01-01,Agra,Uttar Pradesh,27.1767,78.0081,18.36,13.82,26.32,0.0,43.72
2025-01-02,Agra,Uttar Pradesh,27.1767,78.0081,18.29,13.35,25.25,0.0,33.06
2025-01-03,Agra,Uttar Pradesh,27.1767,78.0081,19.53,13.59,27.18,0.0,38.17
2025-01-04,Agra,Uttar Pradesh,27.1767,78.0081,18.79,13.68,25.77,0.0,51.18
2025-01-05,Agra,Uttar Pradesh,27.1767,78.0081,19.45,13.7,24.77,0.0,48.49
2025-01-06,Agra,Uttar Pradesh,27.1767,78.0081,21.26,15.2,26.21,0.0,46.3
2025-01-07,Agra,Uttar Pradesh,27.1767,78.0081,19.36,14.59,24.91,0.0,36.66
2025-01-08,Agra,Uttar Pradesh,27.1767,78.0081,14.8,8.52,19.11,0.0,41.05
2025-01-09,Agra,Uttar Pradesh,27.1767,78.0081,18.21,11.64,23.23,0.0,41.67
2025-01-10,Agra,Uttar Pradesh,27.1767,78.0081,18.8,14.73,24.09,0.0,42.41
2025-01-11,Agra,Uttar Pradesh,27.1767,78.0081,16.93,10.56,24.91,0.0,41.12
2025-01-12,Agra,Uttar Pradesh,27.1767,78.0081,16.24,9.41,22.88,0.0,35.7
2025-01-13,Agra,Uttar Pradesh,27.1767,78.0081,17.18,12.76,23.02,0.0,32.29
2025-01-14,Agra,Uttar Pradesh,27.1767,78.0081,16.61,10.34,24.31,0.0,38.55
2025-01-15,Agra,Uttar Pradesh,27.1767,78.0081,16.73,12.59,22.55,0.0,30.21
2025-01-16,Agra,Uttar Pradesh,27.1767,78.0081,15.36,9.83,22.2,0.0,33.05
2025-01-17,Agra,Uttar Pradesh,27.1767,78.0081,15.57,10.04,23.09,0.0,39.22
2025-01-18,Agra,Uttar Pradesh,27.1767,78.0081,18.74,12.91,26.13,0.0,40.22
2025-01-19,Agra,Uttar Pradesh,27.1767,78.0081,18.17,12.25,22.91,0.0,43.72
2025-01-20,Agra,Uttar Pradesh,27.1767,78.0081,18.55,14.18,25.83,0.0,45.52
2025-01-21,Agra,Uttar Pradesh,27.1767,78.0081,14.73,10.01,19.03,0.0,39.36
2025-01-22,Agra,Uttar Pradesh,27.1767,78.0081,16.73,12.37,21.55,0.0,37.6
2025-01-23,Agra,Uttar Pradesh,27.1767,78.0081,14.46,9.1,20.66,0.0,34.72
2025-01-24,Agra,Uttar Pradesh,27.1767,78.0081,17.15,12.62,22.47,0.0,36.92
2025-01-25,Agra,Uttar Pradesh,27.1767,78.0081,15.92,10.52,21.67,0.0,40.75
2025-01-26,Agra,Uttar Pradesh,27.1767,78.0081,16.67,10.23,22.87,0.0,38.63
2025-01-27,Agra,Uttar Pradesh,27.1767,78.0081,16.95,12.3,22.2,0.0,35.99
2025-01-28,Agra,Uttar Pradesh,27.1767,78.0081,17.93,11.81,25.42,0.0,40.46
2025-01-29,Agra,Uttar Pradesh,27.1767,78.0081,17.21,12.67,24.66,0.0,39.53
2025-01-30,Agra,Uttar Pradesh,27.1767,78.0081,17.48,11.99,23.34,0.0,38.87
2025-01-31,Agra,Uttar Pradesh,27.1767,78.0081,17.86,13.73,25.31,0.0,42.79
2025-02-01,Agra,Uttar Pradesh,27.1767,78.0081,17.04,10.24,24.76,0.0,35.42
2025-02-02,Agra,Uttar Pradesh,27.1767,78.0081,19.04,13.26,25.57,0.0,42.8
2025-02-03,Agra,Uttar Pradesh,27.1767,78.0081,18.23,11.99,25.27,0.0,45.28
2025-02-04,Agra,Uttar Pradesh,27.1767,78.0081,17.33,10.74,23.79,3.61,41.09
2025-02-05,Agra,Uttar Pradesh,27.1767,78.0081,18.21,13.01,25.5,0.0,42.85
2025-02-06,Agra,Uttar Pradesh,27.1767,78.0081,16.69,11.32,21.82,0.0,39.62
2025-02-07,Agra,Uttar Pradesh,27.1767,78.0081,17.38,12.59,24.58,5.87,32.7
2025-02-08,Agra,Uttar Pradesh,27.1767,78.0081,17.26,10.35,24.01,0.0,39.69
2025-02-09,Agra,Uttar Pradesh,27.1767,78.0081,18.56,12.03,24.83,0.0,28.75
2025-02-10,Agra,Uttar Pradesh,27.1767,78.0081,16.5,11.46,23.44,0.0,37.1
2025-02-11,Agra,Uttar Pradesh,27.1767,78.0081,17.16,12.04,22.87,0.0,32.9
2025-02-12,Agra,Uttar Pradesh,27.1767,78.0081,20.09,13.41,26.69,0.0,41.31
2025-02-13,Agra,Uttar Pradesh,27.1767,78.0081,18.41,14.01,23.86,0.0,39.12
2025-02-14,Agra,Uttar Pradesh,27.1767,78.0081,19.0,14.82,24.75,0.0,37.79
2025-02-15,Agra,Uttar Pradesh,27.1767,78.0081,18.09,13.88,24.75,0.0,22.62
2025-02-16,Agra,Uttar Pradesh,27.1767,78.0081,19.4,12.6,24.3,0.0,33.65
2025-02-17,Agra,Uttar Pradesh,27.1767,78.0081,20.63,14.3,27.45,0.0,41.56
2025-02-18,Agra,Uttar Pradesh,27.1767,78.0081,18.7,13.35,24.52,0.0,48.69
2025-02-19,Agra,Uttar Pradesh,27.1767,78.0081,20.75,15.4,28.1,2.06,34.07
2025-02-20,Agra,Uttar Pradesh,27.1767,78.0081,20.54,13.92,27.62,0.0,43.73
2025-02-21,Agra,Uttar Pradesh,27.1767,78.0081,19.17,12.95,25.58,0.0,43.14
2025-02-22,Agra,Uttar Pradesh,27.1767,78.0081,18.27,11.45,24.8,0.0,38.22
2025-02-23,Agra,Uttar Pradesh,27.1767,78.0081,16.81,10.92,24.35,0.0,56.93
2025-02-24,Agra,Uttar Pradesh,27.1767,78.0081,19.13,14.74,23.15,0.0,35.86
2025-02-25,Agra,Uttar Pradesh,27.1767,78.0081,18.61,13.4,23.52,0.0,31.07
2025-02-26,Agra,Uttar Pradesh,27.1767,78.0081,19.57,13.6,26.81,0.0,44.67
2025-02-27,Agra,Uttar Pradesh,27.1767,78.0081,20.38,16.18,27.72,0.0,33.99
2025-02-28,Agra,Uttar Pradesh,27.1767,78.0081,19.05,13.37,23.17,0.0,54.83
2025-03-01,Agra,Uttar Pradesh,27.1767,78.0081,19.23,12.96,25.43,0.0,37.69
2025-03-02,Agra,Uttar Pradesh,27.1767,78.0081,19.8,14.14,24.8,0.0,46.04
2025-03-03,Agra,Uttar Pradesh,27.1767,78.0081,21.38,15.82,28.05,0.0,44.05
2025-03-04,Agra,Uttar Pradesh,27.1767,78.0081,19.23,12.59,23.24,0.0,38.72
2025-03-05,Agra,Uttar Pradesh,27.1767,78.0081,22.18,17.18,27.51,0.0,39.82
2025-03-06,Agra,Uttar Pradesh,27.1767,78.0081,18.05,13.67,23.22,0.0,43.57
2025-03-07,Agra,Uttar Pradesh,27.1767,78.0081,18.92,12.4,25.28,0.0,32.7
2025-03-08,Agra,Uttar Pradesh,27.1767,78.0081,21.39,14.39,29.24,0.0,36.94
2025-03-09,Agra,Uttar Pradesh,27.1767,78.0081,23.09,18.7,27.54,0.0,37.8
2025-03-10,Agra,Uttar Pradesh,27.1767,78.0081,20.86,15.61,28.84,0.0,43.92
2025-03-11,Agra,Uttar Pradesh,27.1767,78.0081,20.55,15.56,26.17,0.0,39.63
2025-03-12,Agra,Uttar Pradesh,27.1767,78.0081,22.09,15.4,28.38,0.0,41.99
2025-03-13,Agra,Uttar Pradesh,27.1767,78.0081,20.91,14.98,25.89,0.0,39.76
2025-03-14,Agra,Uttar Pradesh,27.1767,78.0081,21.24,15.11,27.56,0.0,34.01
2025-03-15,Agra,Uttar Pradesh,27.1767,78.0081,21.5,17.4,26.69,0.0,38.75
2025-03-16,Agra,Uttar Pradesh,27.1767,78.0081,21.21,17.05,26.01,0.0,40.03
2025-03-17,Agra,Uttar Pradesh,27.1767,78.0081,20.31,15.8,28.05,0.0,31.62
2025-03-18,Agra,Uttar Pradesh,27.1767,78.0081,21.89,16.65,27.43,0.0,33.75
2025-03-19,Agra,Uttar Pradesh,27.1767,78.0081,23.22,18.6,29.7,0.0,39.75
2025-03-20,Agra,Uttar Pradesh,27.1767,78.0081,21.04,16.25,28.44,0.0,44.92
2025-03-21,Agra,Uttar Pradesh,27.1767,78.0081,20.8,16.77,28.61,0.0,42.55
2025-03-22,Agra,Uttar Pradesh,27.1767,78.0081,21.27,15.53,26.24,0.0,39.25
2025-03-23,Agra,Uttar Pradesh,27.1767,78.0081,20.03,14.31,25.19,0.0,25.68
2025-03-24,Agra,Uttar Pradesh,27.1767,78.0081,19.8,14.49,27.56,0.0,41.12
2025-03-25,Agra,Uttar Pradesh,27.1767,78.0081,21.38,17.38,26.99,0.0,51.39
2025-03-26,Agra,Uttar Pradesh,27.1767,78.0081,21.7,15.07,26.0,0.0,46.81
2025-03-27,Agra,Uttar Pradesh,27.1767,78.0081,22.24,17.95,27.36,0.0,49.36
2025-03-28,Agra,Uttar Pradesh,27.1767,78.0081,21.91,15.24,26.79,0.0,40.27
2025-03-29,Agra,Uttar Pradesh,27.1767,78.0081,24.76,17.89,32.23,0.0,36.95
2025-03-30,Agra,Uttar Pradesh,27.1767,78.0081,25.6,20.7,30.4,0.0,36.49
2025-03-31,Agra,Uttar Pradesh,27.1767,78.0081,22.44,18.38,29.89,0.0,33.98
2025-04-01,Agra,Uttar Pradesh,27.1767,78.0081,25.08,18.77,31.73,0.0,43.01
2025-04-02,Agra,Uttar Pradesh,27.1767,78.0081,24.11,18.0,31.9,0.0,35.9
2025-04-03,Agra,Uttar Pradesh,27.1767,78.0081,26.51,21.44,31.72,0.0,45.65
2025-04-04,Agra,Uttar Pradesh,27.1767,78.0081,23.5,18.79,31.08,0.0,28.29
2025-04-05,Agra,Uttar Pradesh,27.1767,78.0081,24.31,18.71,31.15,0.0,45.41
2025-04-06,Agra,Uttar Pradesh,27.1767,78.0081,24.98,19.64,31.11,0.0,37.01
2025-04-07,Agra,Uttar Pradesh,27.1767,78.0081,24.52,19.84,30.43,0.0,50.26
2025-04-08,Agra,Uttar Pradesh,27.1767,78.0081,26.82,21.26,32.42,0.0,45.82
2025-04-09,Agra,Uttar Pradesh,27.1767,78.0081,27.46,20.67,33.19,0.0,37.87
2025-04-10,Agra,Uttar Pradesh,27.1767,78.0081,25.28,20.99,31.14,3.3,40.01
2025-04-11,Agra,Uttar Pradesh,27.1767,78.0081,25.47,20.33,32.68,0.0,50.16
2025-04-12,Agra,Uttar Pradesh,27.1767,78.0081,21.74,16.43,29.48,0.0,41.74
2025-04-13,Agra,Uttar Pradesh,27.1767,78.0081,24.2,17.56,32.06,0.0,32.95
2025-04-14,Agra,Uttar Pradesh,27.1767,78.0081,24.41,19.05,31.1,0.0,40.99
2025-04-15,Agra,Uttar Pradesh,27.1767,78.0081,25.31,20.52,32.14,0.0,40.76
2025-04-16,Agra,Uttar Pradesh,27.1767,78.0081,25.2,20.94,32.38,0.0,44.05
2025-04-17,Agra,Uttar Pradesh,27.1767,78.0081,27.06,22.96,34.98,0.0,36.5
2025-04-18,Agra,Uttar Pradesh,27.1767,78.0081,23.11,18.11,30.26,0.0,35.9
2025-04-19,Agra,Uttar Pradesh,27.1767,78.0081,25.97,19.93,30.68,0.0,30.8
2025-04-20,Agra,Uttar Pradesh,27.1767,78.0081,26.23,21.46,31.34,0.0,42.52
2025-04-21,Agra,Uttar Pradesh,27.1767,78.0081,26.03,20.49,30.95,0.0,42.26
2025-04-22,Agra,Uttar Pradesh,27.1767,78.0081,25.01,18.76,31.86,0.0,37.1
2025-04-23,Agra,Uttar Pradesh,27.1767,78.0081,25.93,20.96,33.46,0.0,54.55
2025-04-24,Agra,Uttar Pradesh,27.1767,78.0081,25.96,21.0,31.58,0.0,36.81
2025-04-25,Agra,Uttar Pradesh,27.1767,78.0081,27.41,20.66,31.9,0.0,44.19
2025-04-26,Agra,Uttar Pradesh,27.1767,78.0081,27.68,22.62,34.88,0.0,28.83
2025-04-27,Agra,Uttar Pradesh,27.1767,78.0081,27.07,22.7,33.05,0.0,44.49
2025-04-28,Agra,Uttar Pradesh,27.1767,78.0081,28.19,21.39,33.87,0.0,42.51
2025-04-29,Agra,Uttar Pradesh,27.1767,78.0081,26.83,20.93,34.32,0.0,45.2
2025-04-30,Agra,Uttar Pradesh,27.1767,78.0081,29.35,22.55,34.9,0.0,33.26
2025-05-01,Agra,Uttar Pradesh,27.1767,78.0081,27.93,22.97,32.78,0.0,36.95
2025-05-02,Agra,Uttar Pradesh,27.1767,78.0081,29.09,22.88,33.69,0.0,38.47
2025-05-03,Agra,Uttar Pradesh,27.1767,78.0081,27.36,23.11,33.43,0.0,43.63
2025-05-04,Agra,Uttar Pradesh,27.1767,78.0081,29.85,24.66,35.12,0.0,43.66
2025-05-05,Agra,Uttar Pradesh,27.1767,78.0081,27.71,21.44,35.18,0.0,35.04
2025-05-06,Agra,Uttar Pradesh,27.1767,78.0081,29.88,23.52,34.49,0.0,33.85
2025-05-07,Agra,Uttar Pradesh,27.1767,78.0081,27.89,20.99,35.39,0.0,29.87
2025-05-08,Agra,Uttar Pradesh,27.1767,78.0081,30.95,26.87,37.82,0.0,32.12
2025-05-09,Agra,Uttar Pradesh,27.1767,78.0081,28.51,22.89,33.24,0.0,46.92
2025-05-10,Agra,Uttar Pradesh,27.1767,78.0081,29.36,22.54,33.48,0.0,43.82
2025-05-11,Agra,Uttar Pradesh,27.1767,78.0081,28.72,24.14,33.74,0.0,46.09
2025-05-12,Agra,Uttar Pradesh,27.1767,78.0081,31.42,27.14,38.04,0.0,36.38
2025-05-13,Agra,Uttar Pradesh,27.1767,78.0081,29.72,24.16,35.33,0.0,45.67
2025-05-14,Agra,Uttar Pradesh,27.1767,78.0081,28.36,23.68,33.95,0.0,44.72
2025-05-15,Agra,Uttar Pradesh,27.1767,78.0081,28.83,22.37,35.07,0.0,37.96
2025-05-16,Agra,Uttar Pradesh,27.1767,78.0081,30.94,24.84,36.91,0.0,37.94
2025-05-17,Agra,Uttar Pradesh,27.1767,78.0081,28.39,23.74,35.22,0.0,41.41
2025-05-18,Agra,Uttar Pradesh,27.1767,78.0081,30.82,26.24,36.17,0.0,44.23
2025-05-19,Agra,Uttar Pradesh,27.1767,78.0081,29.17,24.39,33.81,0.0,37.9
2025-05-20,Agra,Uttar Pradesh,27.1767,78.0081,29.99,25.31,36.56,0.0,44.46
2025-05-21,Agra,Uttar Pradesh,27.1767,78.0081,32.04,27.97,37.71,0.0,34.7
2025-05-22,Agra,Uttar Pradesh,27.1767,78.0081,31.33,27.29,37.41,0.0,44.66
2025-05-23,Agra,Uttar Pradesh,27.1767,78.0081,33.77,26.94,40.27,0.0,44.91
2025-05-24,Agra,Uttar Pradesh,27.1767,78.0081,31.38,26.65,37.41,0.0,26.07
2025-05-25,Agra,Uttar Pradesh,27.1767,78.0081,32.27,28.22,37.12,0.0,35.24
2025-05-26,Agra,Uttar Pradesh,27.1767,78.0081,30.95,25.3,37.3,0.0,44.0
2025-05-27,Agra,Uttar Pradesh,27.1767,78.0081,30.22,24.54,35.75,0.0,33.24
2025-05-28,Agra,Uttar Pradesh,27.1767,78.0081,31.14,26.23,35.91,0.0,31.03
2025-05-29,Agra,Uttar Pradesh,27.1767,78.0081,29.63,23.56,36.23,4.51,27.26
2025-05-30,Agra,Uttar Pradesh,27.1767,78.0081,33.12,28.27,40.1,44.26,77.32
2025-05-31,Agra,Uttar Pradesh,27.1767,78.0081,32.23,25.25,37.58,0.41,70.97
2025-06-01,Agra,Uttar Pradesh,27.1767,78.0081,32.77,28.66,39.63,0.0,76.88
2025-06-02,Agra,Uttar Pradesh,27.1767,78.0081,31.81,27.36,39.2,0.0,70.84
2025-06-03,Agra,Uttar Pradesh,27.1767,78.0081,30.29,25.23,36.39,0.0,80.31
2025-06-04,Agra,Uttar Pradesh,27.1767,78.0081,31.15,26.13,36.12,0.0,69.38
2025-06-05,Agra,Uttar Pradesh,27.1767,78.0081,30.34,24.61,38.04,20.87,80.04
2025-06-06,Agra,Uttar Pradesh,27.1767,78.0081,33.5,29.06,39.38,0.0,78.61
2025-06-07,Agra,Uttar Pradesh,27.1767,78.0081,34.28,30.22,39.41,28.65,75.05
2025-06-08,Agra,Uttar Pradesh,27.1767,78.0081,32.92,28.71,40.45,0.0,86.34
2025-06-09,Agra,Uttar Pradesh,27.1767,78.0081,33.66,28.86,41.23,0.0,70.9
2025-06-10,Agra,Uttar Pradesh,27.1767,78.0081,32.35,28.31,39.52,0.0,72.1
2025-06-11,Agra,Uttar Pradesh,27.1767,78.0081,31.88,27.78,38.57,0.0,87.05
2025-06-12,Agra,Uttar Pradesh,27.1767,78.0081,31.89,25.68,37.23,0.0,75.0
2025-06-13,Agra,Uttar Pradesh,27.1767,78.0081,33.13,26.3,39.34,19.35,72.9
2025-06-14,Agra,Uttar Pradesh,27.1767,78.0081,33.24,26.97,39.47,18.9,81.67
2025-06-15,Agra,Uttar Pradesh,27.1767,78.0081,33.77,27.66,41.31,7.67,72.82
2025-06-16,Agra,Uttar Pradesh,27.1767,78.0081,33.69,26.85,39.93,0.0,78.62
2025-06-17,Agra,Uttar Pradesh,27.1767,78.0081,33.92,29.03,37.92,10.31,71.15
2025-06-18,Agra,Uttar Pradesh,27.1767,78.0081,32.82,28.14,39.45,0.0,79.01
2025-06-19,Agra,Uttar Pradesh,27.1767,78.0081,33.28,27.11,40.54,0.0,68.57
2025-06-20,Agra,Uttar Pradesh,27.1767,78.0081,34.89,30.17,41.91,0.0,82.73
2025-06-21,Agra,Uttar Pradesh,27.1767,78.0081,35.16,29.56,41.74,0.0,76.08
2025-06-22,Agra,Uttar Pradesh,27.1767,78.0081,35.23,31.0,41.66,14.17,72.69
2025-06-23,Agra,Uttar Pradesh,27.1767,78.0081,32.7,27.48,39.79,20.73,70.17
2025-06-24,Agra,Uttar Pradesh,27.1767,78.0081,33.57,27.5,38.27,8.35,77.99
2025-06-25,Agra,Uttar Pradesh,27.1767,78.0081,34.08,29.56,41.88,0.0,77.93
2025-06-26,Agra,Uttar Pradesh,27.1767,78.0081,33.79,29.61,41.08,0.0,80.02
2025-06-27,Agra,Uttar Pradesh,27.1767,78.0081,32.53,27.38,39.17,1.5,77.1
2025-06-28,Agra,Uttar Pradesh,27.1767,78.0081,34.52,28.66,41.46,0.0,75.74
2025-06-29,Agra,Uttar Pradesh,27.1767,78.0081,34.01,28.76,41.83,10.88,73.22
2025-06-30,Agra,Uttar Pradesh,27.1767,78.0081,33.04,28.92,40.16,45.82,66.61
2025-07-01,Agra,Uttar Pradesh,27.1767,78.0081,36.16,31.48,44.09,2.97,74.32
2025-07-02,Agra,Uttar Pradesh,27.1767,78.0081,35.44,29.51,40.84,0.0,76.83
2025-07-03,Agra,Uttar Pradesh,27.1767,78.0081,33.69,27.12,39.57,2.33,69.08
2025-07-04,Agra,Uttar Pradesh,27.1767,78.0081,35.0,29.43,41.94,0.0,73.21
2025-07-05,Agra,Uttar Pradesh,27.1767,78.0081,34.9,29.34,40.08,2.03,72.5
2025-07-06,Agra,Uttar Pradesh,27.1767,78.0081,35.09,30.52,40.78,0.0,64.81
2025-07-07,Agra,Uttar Pradesh,27.1767,78.0081,35.0,28.93,40.53,0.0,76.6
2025-07-08,Agra,Uttar Pradesh,27.1767,78.0081,34.53,30.28,39.26,31.59,74.3
2025-07-09,Agra,Uttar Pradesh,27.1767,78.0081,34.36,27.92,38.62,0.0,76.75
2025-07-10,Agra,Uttar Pradesh,27.1767,78.0081,33.65,27.1,41.59,0.0,86.26
2025-07-11,Agra,Uttar Pradesh,27.1767,78.0081,35.21,29.39,39.91,10.22,83.09
2025-07-12,Agra,Uttar Pradesh,27.1767,78.0081,31.61,25.29,37.48,0.0,73.39
2025-07-13,Agra,Uttar Pradesh,27.1767,78.0081,35.26,28.29,42.54,0.0,72.92
2025-07-14,Agra,Uttar Pradesh,27.1767,78.0081,33.37,28.42,39.17,0.0,67.35
2025-07-15,Agra,Uttar Pradesh,27.1767,78.0081,34.84,29.38,42.11,13.59,69.71
2025-07-16,Agra,Uttar Pradesh,27.1767,78.0081,34.43,28.38,42.15,0.0,69.86
2025-07-17,Agra,Uttar Pradesh,27.1767,78.0081,33.51,28.38,39.51,32.18,71.1
2025-07-18,Agra,Uttar Pradesh,27.1767,78.0081,33.92,27.59,38.87,0.0,71.75
2025-07-19,Agra,Uttar Pradesh,27.1767,78.0081,35.18,28.95,43.11,0.0,71.87
2025-07-20,Agra,Uttar Pradesh,27.1767,78.0081,34.08,28.08,39.67,0.0,74.09
2025-07-21,Agra,Uttar Pradesh,27.1767,78.0081,34.61,29.17,42.34,0.0,84.09
2025-07-22,Agra,Uttar Pradesh,27.1767,78.0081,36.26,30.24,42.6,0.0,71.99
2025-07-23,Agra,Uttar Pradesh,27.1767,78.0081,33.15,28.54,40.06,25.38,73.68
2025-07-24,Agra,Uttar Pradesh,27.1767,78.0081,35.67,29.96,43.12,6.82,78.88
2025-07-25,Agra,Uttar Pradesh,27.1767,78.0081,32.67,26.81,40.27,13.69,75.51
2025-07-26,Agra,Uttar Pradesh,27.1767,78.0081,35.77,30.76,42.22,0.0,75.21
2025-07-27,Agra,Uttar Pradesh,27.1767,78.0081,36.5,32.11,41.8,7.21,66.74
2025-07-28,Agra,Uttar Pradesh,27.1767,78.0081,33.3,27.67,39.19,0.0,76.37
2025-07-29,Agra,Uttar Pradesh,27.1767,78.0081,32.35,27.11,37.87,49.79,70.3
2025-07-30,Agra,Uttar Pradesh,27.1767,78.0081,32.82,28.05,40.21,0.0,71.36
2025-07-31,Agra,Uttar Pradesh,27.1767,78.0081,32.07,27.84,36.88,22.24,80.91
2025-08-01,Agra,Uttar Pradesh,27.1767,78.0081,32.7,28.33,37.84,7.83,73.67
2025-08-02,Agra,Uttar Pradesh,27.1767,78.0081,35.29,29.8,40.52,2.02,72.93
2025-08-03,Agra,Uttar Pradesh,27.1767,78.0081,34.17,27.19,41.85,9.59,76.76
2025-08-04,Agra,Uttar Pradesh,27.1767,78.0081,34.66,30.19,40.03,27.53,63.64
2025-08-05,Agra,Uttar Pradesh,27.1767,78.0081,32.39,27.9,38.8,0.0,77.85
2025-08-06,Agra,Uttar Pradesh,27.1767,78.0081,32.47,28.19,39.85,4.02,81.64
2025-08-07,Agra,Uttar Pradesh,27.1767,78.0081,34.43,29.92,41.8,0.0,69.17
2025-08-08,Agra,Uttar Pradesh,27.1767,78.0081,32.39,27.78,38.57,16.08,70.72
2025-08-09,Agra,Uttar Pradesh,27.1767,78.0081,34.28,29.58,40.43,0.0,74.67
2025-08-10,Agra,Uttar Pradesh,27.1767,78.0081,32.48,25.98,39.6,0.0,80.17
2025-08-11,Agra,Uttar Pradesh,27.1767,78.0081,34.5,28.73,40.5,6.11,80.0
2025-08-12,Agra,Uttar Pradesh,27.1767,78.0081,32.95,26.01,38.38,0.0,78.74
2025-08-13,Agra,Uttar Pradesh,27.1767,78.0081,33.22,26.5,40.95,5.25,75.92
2025-08-14,Agra,Uttar Pradesh,27.1767,78.0081,32.6,26.62,39.32,0.0,75.48
2025-08-15,Agra,Uttar Pradesh,27.1767,78.0081,33.84,29.63,38.14,22.29,72.33
2025-08-16,Agra,Uttar Pradesh,27.1767,78.0081,34.22,28.36,40.67,0.0,85.67
2025-08-17,Agra,Uttar Pradesh,27.1767,78.0081,34.37,29.56,38.95,0.0,72.09
2025-08-18,Agra,Uttar Pradesh,27.1767,78.0081,32.26,26.0,40.24,0.0,75.7
2025-08-19,Agra,Uttar Pradesh,27.1767,78.0081,32.18,25.64,38.5,0.0,69.71
2025-08-20,Agra,Uttar Pradesh,27.1767,78.0081,33.13,27.95,41.08,0.0,74.11
2025-08-21,Agra,Uttar Pradesh,27.1767,78.0081,34.8,30.25,39.3,9.76,71.14
2025-08-22,Agra,Uttar Pradesh,27.1767,78.0081,31.29,25.41,38.03,0.0,71.03
2025-08-23,Agra,Uttar Pradesh,27.1767,78.0081,32.94,26.81,40.38,0.0,78.9
2025-08-24,Agra,Uttar Pradesh,27.1767,78.0081,31.55,26.98,38.16,0.0,70.78
2025-08-25,Agra,Uttar Pradesh,27.1767,78.0081,32.42,26.0,38.86,11.67,75.25
2025-08-26,Agra,Uttar Pradesh,27.1767,78.0081,31.95,25.34,36.85,28.16,76.31
2025-08-27,Agra,Uttar Pradesh,27.1767,78.0081,32.26,25.79,36.64,2.9,64.45
2025-08-28,Agra,Uttar Pradesh,27.1767,78.0081,34.22,29.73,39.18,50.28,76.66
2025-08-29,Agra,Uttar Pradesh,27.1767,78.0081,33.06,26.51,40.88,0.0,76.59
2025-08-30,Agra,Uttar Pradesh,27.1767,78.0081,33.68,28.56,38.7,6.61,68.12
2025-08-31,Agra,Uttar Pradesh,27.1767,78.0081,30.86,26.59,37.36,0.0,74.52
2025-09-01,Agra,Uttar Pradesh,27.1767,78.0081,30.37,24.55,35.57,4.03,71.15
2025-09-02,Agra,Uttar Pradesh,27.1767,78.0081,31.22,24.36,36.96,0.0,75.89
2025-09-03,Agra,Uttar Pradesh,27.1767,78.0081,32.09,26.27,37.08,0.0,77.41
2025-09-04,Agra,Uttar Pradesh,27.1767,78.0081,31.09,24.61,37.85,0.0,75.63
2025-09-05,Agra,Uttar Pradesh,27.1767,78.0081,31.73,25.42,38.97,1.74,76.69
2025-09-06,Agra,Uttar Pradesh,27.1767,78.0081,31.78,25.8,39.75,0.0,84.14
2025-09-07,Agra,Uttar Pradesh,27.1767,78.0081,31.46,26.17,35.59,0.0,74.3
2025-09-08,Agra,Uttar Pradesh,27.1767,78.0081,32.4,26.86,37.09,0.0,70.92
2025-09-09,Agra,Uttar Pradesh,27.1767,78.0081,31.59,26.1,38.86,45.2,76.52
2025-09-10,Agra,Uttar Pradesh,27.1767,78.0081,31.59,25.5,36.83,0.0,76.36
2025-09-11,Agra,Uttar Pradesh,27.1767,78.0081,30.48,24.09,35.76,0.0,70.77
2025-09-12,Agra,Uttar Pradesh,27.1767,78.0081,30.61,24.18,36.44,14.37,73.16
2025-09-13,Agra,Uttar Pradesh,27.1767,78.0081,30.42,26.25,38.25,27.93,82.68
2025-09-14,Agra,Uttar Pradesh,27.1767,78.0081,30.3,24.06,36.14,2.03,76.68
2025-09-15,Agra,Uttar Pradesh,27.1767,78.0081,30.24,25.34,35.79,6.41,73.95
2025-09-16,Agra,Uttar Pradesh,27.1767,78.0081,29.76,24.05,35.38,0.0,67.58
2025-09-17,Agra,Uttar Pradesh,27.1767,78.0081,30.82,26.74,36.66,0.0,78.53
2025-09-18,Agra,Uttar Pradesh,27.1767,78.0081,30.35,24.97,36.56,1.31,76.28
2025-09-19,Agra,Uttar Pradesh,27.1767,78.0081,28.65,22.57,32.74,0.0,72.05
2025-09-20,Agra,Uttar Pradesh,27.1767,78.0081,30.76,25.06,37.84,13.92,67.98
2025-09-21,Agra,Uttar Pradesh,27.1767,78.0081,30.14,23.86,37.7,1.39,84.65
2025-09-22,Agra,Uttar Pradesh,27.1767,78.0081,28.58,22.3,32.89,0.53,81.67
2025-09-23,Agra,Uttar Pradesh,27.1767,78.0081,30.09,25.97,38.07,0.08,67.31
2025-09-24,Agra,Uttar Pradesh,27.1767,78.0081,29.08,23.58,36.53,0.0,71.49
2025-09-25,Agra,Uttar Pradesh,27.1767,78.0081,27.23,21.45,32.77,0.46,76.48
2025-09-26,Agra,Uttar Pradesh,27.1767,78.0081,27.39,22.94,32.89,0.0,72.65
2025-09-27,Agra,Uttar Pradesh,27.1767,78.0081,27.05,21.37,32.42,30.08,80.07
2025-09-28,Agra,Uttar Pradesh,27.1767,78.0081,26.11,20.16,31.23,0.0,45.32
2025-09-29,Agra,Uttar Pradesh,27.1767,78.0081,27.15,22.15,31.32,0.0,42.52
2025-09-30,Agra,Uttar Pradesh,27.1767,78.0081,27.38,20.49,31.41,0.0,35.71
2025-10-01,Agra,Uttar Pradesh,27.1767,78.0081,28.35,22.21,32.89,0.0,44.18
2025-10-02,Agra,Uttar Pradesh,27.1767,78.0081,28.85,23.0,34.12,0.0,30.96
2025-10-03,Agra,Uttar Pradesh,27.1767,78.0081,26.44,20.77,30.54,0.0,35.86
2025-10-04,Agra,Uttar Pradesh,27.1767,78.0081,28.15,21.58,33.23,0.0,33.66
2025-10-05,Agra,Uttar Pradesh,27.1767,78.0081,27.56,21.21,34.31,0.0,37.65
2025-10-06,Agra,Uttar Pradesh,27.1767,78.0081,28.8,22.39,34.53,0.0,48.46
2025-10-07,Agra,Uttar Pradesh,27.1767,78.0081,27.37,21.99,32.82,0.0,42.62
2025-10-08,Agra,Uttar Pradesh,27.1767,78.0081,27.99,23.32,33.97,0.0,32.84
2025-10-09,Agra,Uttar Pradesh,27.1767,78.0081,26.74,20.55,31.8,0.0,43.48
2025-10-10,Agra,Uttar Pradesh,27.1767,78.0081,27.48,23.34,33.75,0.0,36.37
2025-10-11,Agra,Uttar Pradesh,27.1767,78.0081,25.65,21.48,32.45,0.0,39.18
2025-10-12,Agra,Uttar Pradesh,27.1767,78.0081,26.95,22.11,33.06,0.0,37.05
2025-10-13,Agra,Uttar Pradesh,27.1767,78.0081,26.52,21.07,32.05,0.0,45.53
2025-10-14,Agra,Uttar Pradesh,27.1767,78.0081,26.74,20.36,31.73,0.0,33.49
2025-10-15,Agra,Uttar Pradesh,27.1767,78.0081,27.6,21.59,34.41,0.0,43.67
2025-10-16,Agra,Uttar Pradesh,27.1767,78.0081,25.03,20.83,29.09,0.0,35.29
2025-10-17,Agra,Uttar Pradesh,27.1767,78.0081,26.61,20.8,33.61,0.0,39.34
2025-10-18,Agra,Uttar Pradesh,27.1767,78.0081,26.83,22.11,33.85,0.0,47.56
2025-10-19,Agra,Uttar Pradesh,27.1767,78.0081,24.37,17.39,31.76,0.0,46.83
2025-10-20,Agra,Uttar Pradesh,27.1767,78.0081,23.79,19.62,28.42,0.0,46.17
2025-10-21,Agra,Uttar Pradesh,27.1767,78.0081,24.36,19.16,29.12,0.0,29.4
2025-10-22,Agra,Uttar Pradesh,27.1767,78.0081,26.14,21.51,34.12,0.0,37.28
2025-10-23,Agra,Uttar Pradesh,27.1767,78.0081,24.74,18.94,29.63,0.0,47.95
2025-10-24,Agra,Uttar Pradesh,27.1767,78.0081,24.81,19.55,32.27,0.0,39.41
2025-10-25,Agra,Uttar Pradesh,27.1767,78.0081,25.11,18.24,31.72,0.0,41.47
2025-10-26,Agra,Uttar Pradesh,27.1767,78.0081,22.94,17.64,29.27,0.0,41.08
2025-10-27,Agra,Uttar Pradesh,27.1767,78.0081,25.13,19.43,31.17,0.0,47.11
2025-10-28,Agra,Uttar Pradesh,27.1767,78.0081,23.98,17.29,29.29,0.0,37.75
2025-10-29,Agra,Uttar Pradesh,27.1767,78.0081,23.49,19.09,30.78,0.0,40.21
2025-10-30,Agra,Uttar Pradesh,27.1767,78.0081,25.01,19.83,32.68,0.0,31.24
2025-10-31,Agra,Uttar Pradesh,27.1767,78.0081,22.99,16.09,28.32,0.0,36.83
2025-11-01,Agra,Uttar Pradesh,27.1767,78.0081,26.01,19.14,30.61,0.0,39.69
2025-11-02,Agra,Uttar Pradesh,27.1767,78.0081,24.62,18.9,28.77,0.0,42.44
2025-11-03,Agra,Uttar Pradesh,27.1767,78.0081,22.37,18.31,29.27,0.0,49.21
2025-11-04,Agra,Uttar Pradesh,27.1767,78.0081,22.46,15.51,29.63,0.0,37.91
2025-11-05,Agra,Uttar Pradesh,27.1767,78.0081,23.04,16.59,29.07,0.0,36.14
2025-11-06,Agra,Uttar Pradesh,27.1767,78.0081,22.34,15.61,28.76,0.0,48.88
2025-11-07,Agra,Uttar Pradesh,27.1767,78.0081,23.34,17.34,27.97,0.0,42.08
2025-11-08,Agra,Uttar Pradesh,27.1767,78.0081,22.88,18.17,29.9,0.0,39.39
2025-11-09,Agra,Uttar Pradesh,27.1767,78.0081,24.72,20.32,30.68,0.0,37.21
2025-11-10,Agra,Uttar Pradesh,27.1767,78.0081,23.07,16.37,30.32,0.0,39.64
2025-11-11,Agra,Uttar Pradesh,27.1767,78.0081,22.68,16.11,29.61,0.0,32.49
2025-11-12,Agra,Uttar Pradesh,27.1767,78.0081,22.77,16.67,29.51,0.0,27.46
2025-11-13,Agra,Uttar Pradesh,27.1767,78.0081,21.4,15.38,25.4,0.0,43.84
2025-11-14,Agra,Uttar Pradesh,27.1767,78.0081,22.42,18.08,29.2,0.0,44.53
2025-11-15,Agra,Uttar Pradesh,27.1767,78.0081,22.75,16.68,27.49,0.0,35.28
2025-11-16,Agra,Uttar Pradesh,27.1767,78.0081,20.41,15.39,26.64,0.0,45.07
2025-11-17,Agra,Uttar Pradesh,27.1767,78.0081,21.81,16.34,27.6,0.0,38.99
2025-11-18,Agra,Uttar Pradesh,27.1767,78.0081,22.66,16.14,27.7,0.0,34.17
2025-11-19,Agra,Uttar Pradesh,27.1767,78.0081,21.5,15.11,27.26,0.0,45.22
2025-11-20,Agra,Uttar Pradesh,27.1767,78.0081,20.4,14.74,25.71,0.0,43.97
2025-11-21,Agra,Uttar Pradesh,27.1767,78.0081,21.76,15.02,29.15,0.0,37.17
2025-11-22,Agra,Uttar Pradesh,27.1767,78.0081,20.56,14.14,25.53,0.0,44.75
2025-11-23,Agra,Uttar Pradesh,27.1767,78.0081,23.21,16.33,30.24,0.0,33.99
2025-11-24,Agra,Uttar Pradesh,27.1767,78.0081,23.35,18.1,27.92,0.0,26.85
2025-11-25,Agra,Uttar Pradesh,27.1767,78.0081,19.39,14.39,26.41,0.0,36.5
2025-11-26,Agra,Uttar Pradesh,27.1767,78.0081,19.93,15.77,25.06,0.0,33.22
2025-11-27,Agra,Uttar Pradesh,27.1767,78.0081,19.11,12.29,24.45,0.0,39.99
2025-11-28,Agra,Uttar Pradesh,27.1767,78.0081,19.56,13.43,26.65,0.0,43.77
2025-11-29,Agra,Uttar Pradesh,27.1767,78.0081,18.98,12.38,26.31,0.0,38.34
2025-11-30,Agra,Uttar Pradesh,27.1767,78.0081,19.92,14.11,25.37,0.0,45.53
2025-12-01,Agra,Uttar Pradesh,27.1767,78.0081,18.13,11.7,23.25,0.0,39.83
2025-12-02,Agra,Uttar Pradesh,27.1767,78.0081,19.02,14.27,26.25,0.0,37.03
2025-12-03,Agra,Uttar Pradesh,27.1767,78.0081,20.41,14.59,25.74,0.2,39.37
2025-12-04,Agra,Uttar Pradesh,27.1767,78.0081,19.27,14.36,23.94,0.0,40.89
2025-12-05,Agra,Uttar Pradesh,27.1767,78.0081,17.37,13.16,24.96,0.0,34.58
2025-12-06,Agra,Uttar Pradesh,27.1767,78.0081,19.21,14.66,26.98,0.1,34.63
2025-12-07,Agra,Uttar Pradesh,27.1767,78.0081,16.55,10.06,21.58,0.0,46.4
2025-12-08,Agra,Uttar Pradesh,27.1767,78.0081,18.5,14.1,26.28,0.0,40.63
2025-12-09,Agra,Uttar Pradesh,27.1767,78.0081,18.14,14.07,25.6,0.0,33.67
2025-12-10,Agra,Uttar Pradesh,27.1767,78.0081,20.0,13.33,25.94,0.0,30.67
2025-12-11,Agra,Uttar Pradesh,27.1767,78.0081,19.39,15.03,27.3,0.0,42.97
2025-12-12,Agra,Uttar Pradesh,27.1767,78.0081,20.45,13.48,27.57,0.0,36.94
2025-12-13,Agra,Uttar Pradesh,27.1767,78.0081,21.65,17.11,29.32,0.45,33.05
2025-12-14,Agra,Uttar Pradesh,27.1767,78.0081,18.28,12.83,22.54,0.0,41.25
2025-12-15,Agra,Uttar Pradesh,27.1767,78.0081,21.28,16.67,25.58,0.0,47.9
2025-12-16,Agra,Uttar Pradesh,27.1767,78.0081,18.65,12.03,24.93,0.0,44.71
2025-12-17,Agra,Uttar Pradesh,27.1767,78.0081,18.74,14.47,25.96,0.0,40.56
2025-12-18,Agra,Uttar Pradesh,27.1767,78.0081,18.0,11.19,23.13,0.0,46.47
2025-12-19,Agra,Uttar Pradesh,27.1767,78.0081,19.03,12.66,25.19,0.0,42.78
2025-12-20,Agra,Uttar Pradesh,27.1767,78.0081,16.7,10.19,20.94,0.0,54.37
2025-12-21,Agra,Uttar Pradesh,27.1767,78.0081,17.69,10.76,24.82,0.0,40.85
2025-12-22,Agra,Uttar Pradesh,27.1767,78.0081,18.37,14.36,23.65,0.0,44.18
2025-12-23,Agra,Uttar Pradesh,27.1767,78.0081,18.15,13.5,22.96,0.0,40.89
2025-12-24,Agra,Uttar Pradesh,27.1767,78.0081,16.03,10.38,22.98,0.0,37.16
2025-12-25,Agra,Uttar Pradesh,27.1767,78.0081,18.47,12.85,23.81,0.0,36.62
2025-12-26,Agra,Uttar Pradesh,27.1767,78.0081,19.46,14.75,25.56,0.0,43.78
2025-12-27,Agra,Uttar Pradesh,27.1767,78.0081,18.7,12.97,25.09,0.0,38.93
2025-12-28,Agra,Uttar Pradesh,27.1767,78.0081,16.98,12.94,23.77,0.0,41.72
2025-12-29,Agra,Uttar Pradesh,27.1767,78.0081,18.38,12.19,23.26,0.0,36.94
2025-12-30,Agra,Uttar Pradesh,27.1767,78.0081,17.47,10.86,23.87,0.0,51.52
2025-12-31,Agra,Uttar Pradesh,27.1767,78.0081,17.79,11.25,21.97,0.0,40.56
