N,P,K,temperature,humidity,ph,rainfall,crop
85,37,42,21.842,74.0279,6.9631,257.7097,rice
79,45,43,22.3796,79.0031,7.4547,207.335,rice
86,45,45,24.9946,82.0262,5.8007,261.0882,rice
95,42,45,24.7207,82.2349,6.7815,275.6691,rice
78,47,33,23.4582,79.7497,6.1747,247.403,rice
78,51,35,23.7347,85.1142,6.2564,291.3039,rice
96,63,43,26.0553,76.6619,6.2038,211.7863,rice
88,49,43,22.3169,81.2881,6.068,197.6604,rice
75,50,43,24.5942,82.6015,6.5243,181.6384,rice
85,47,59,23.0956,84.5722,6.0845,279.8813,rice
75,33,43,23.0646,85.5581,6.6352,254.631,rice
75,48,46,25.6976,76.3768,6.4749,233.3325,rice
82,48,45,25.1508,74.3294,6.3805,243.3991,rice
61,68,43,25.127,88.3884,6.0462,201.2353,rice
63,46,38,26.111,83.6616,6.2116,300.0,rice
74,50,44,23.542,78.2576,6.8777,238.8766,rice
70,48,36,24.8639,89.7558,6.7505,238.2818,rice
83,39,39,22.8795,82.5784,6.0112,256.773,rice
71,57,38,24.1483,87.8965,6.5497,249.4303,rice
66,54,40,23.2397,82.3376,6.8757,241.7165,rice
95,54,52,23.694,92.3037,5.6653,211.2858,rice
78,41,31,24.6903,90.7767,6.7717,249.1441,rice
81,59,43,21.8636,80.7552,6.1687,291.4607,rice
66,37,32,27.6848,86.8579,6.7853,275.3626,rice
75,53,38,21.488,85.2269,6.1184,282.7956,rice
81,66,45,21.0716,88.8432,5.5976,219.6635,rice
68,40,40,25.8162,77.1754,5.6862,205.3119,rice
84,43,35,25.0833,85.4303,6.524,231.2264,rice
74,49,36,24.7482,87.2921,6.6299,236.6717,rice
77,44,43,24.7567,73.2063,6.0478,267.8257,rice
74,36,36,23.4755,76.0837,6.8193,184.2261,rice
99,49,41,21.7055,71.8038,5.6692,280.8865,rice
80,40,40,23.6516,80.653,6.467,230.2598,rice
69,52,37,22.1457,85.5877,5.8945,222.1936,rice
88,41,51,25.4502,89.5118,6.1741,204.6369,rice
68,60,43,23.2059,82.3705,6.5237,185.3543,rice
82,42,30,21.849,90.1431,6.0698,259.6951,rice
60,45,41,22.8572,75.0995,6.3077,237.1995,rice
67,55,37,24.3259,73.4831,7.0031,196.3012,rice
82,38,44,22.3726,81.7223,6.2116,196.1476,rice
87,50,36,21.8556,83.9203,6.9178,224.9265,rice
82,58,39,23.9874,81.8365,5.9351,285.0706,rice
79,35,43,23.9899,71.6628,6.7649,227.2123,rice
77,49,44,22.4861,81.5544,7.2208,189.9057,rice
65,50,34,22.5579,75.4777,5.2642,227.6277,rice
73,54,38,23.9641,85.3484,6.1016,226.8183,rice
75,38,38,20.6038,83.833,6.7885,154.0934,rice
91,37,37,20.6851,77.3006,6.3985,233.3712,rice
83,52,49,22.0631,79.4307,6.6856,228.072,rice
62,50,42,23.0731,76.7039,6.198,255.8862,rice
83,50,34,24.1218,81.6866,6.5433,290.4687,rice
76,51,45,26.4507,86.7757,6.4222,268.797,rice
73,43,51,25.2153,77.0714,7.0839,226.9333,rice
86,50,45,23.1801,84.5202,6.6272,201.8042,rice
90,50,32,23.462,79.3487,6.6688,300.0,rice
89,42,38,21.4949,78.0356,6.2941,236.7766,rice
72,63,46,23.463,81.4648,6.2562,235.4179,rice
77,52,36,22.9227,76.8238,6.2837,234.2762,rice
83,38,42,24.1454,79.2318,6.6972,240.9425,rice
90,53,44,21.8455,76.0106,6.2895,230.6692,rice
75,40,35,24.5387,91.8236,6.6449,217.7901,rice
78,54,40,26.5655,82.1763,7.5377,218.5942,rice
69,57,24,23.2825,78.5014,6.9356,234.0174,rice
68,41,35,24.3034,83.0699,6.337,218.6973,rice
88,56,39,24.8803,81.4384,7.1006,213.6146,rice
94,51,34,22.6976,80.8952,6.296,238.1929,rice
79,55,48,23.9482,85.0708,5.4809,227.3507,rice
90,63,33,23.5252,85.7875,5.996,280.1198,rice
84,46,38,23.6954,79.3475,5.5646,155.4709,rice
74,42,41,21.954,79.1209,6.3242,267.7452,rice
84,41,47,23.549,80.6247,6.5092,272.3826,rice
95,41,33,24.496,70.4904,7.3382,172.7983,rice
80,47,46,26.4023,74.424,6.6635,224.7194,rice
96,51,40,25.4185,88.8344,6.3904,223.8568,rice
54,50,35,27.8064,90.2248,6.9147,192.7746,rice
88,55,42,21.9653,80.7548,5.3944,211.6655,rice
81,48,41,25.2446,84.8828,6.6178,201.6827,rice
77,60,37,23.8667,83.5563,6.8854,287.5681,rice
81,46,40,27.8796,97.3944,5.7607,263.0704,rice
60,70,38,21.8834,87.5979,7.0719,273.1467,rice
78,53,41,21.8206,81.3604,6.6692,256.6502,rice
84,41,43,22.3012,77.2223,6.2924,201.1284,rice
95,39,48,19.2522,73.9678,6.8164,219.2644,rice
75,52,34,22.4485,83.0173,7.6353,249.6812,rice
72,46,51,21.9817,78.2182,6.5909,198.3362,rice
75,54,30,23.8008,74.8887,6.6241,256.39,rice
89,52,39,24.1835,78.7671,6.2703,227.7902,rice
83,47,43,27.2523,76.5923,6.0751,223.7554,rice
75,41,41,25.4008,90.4357,6.9152,256.3288,rice
85,36,37,22.3462,86.4082,6.072,248.3279,rice
81,44,39,21.7032,81.9601,6.5358,224.171,rice
90,55,38,24.4838,89.3997,6.2612,269.7799,rice
73,50,37,20.8595,82.3868,6.7395,202.5681,rice
77,38,44,27.1629,77.6936,6.6668,253.4781,rice
76,49,42,25.8589,89.6156,7.0188,252.793,rice
65,51,37,22.5616,84.6946,6.245,225.7136,rice
83,41,44,20.0737,76.8138,6.3651,244.784,rice
83,49,42,26.2077,81.0483,6.0106,197.4666,rice
80,48,44,23.2709,77.6219,6.2779,262.7208,rice
78,39,43,25.9756,75.086,6.6887,229.4529,rice
72,55,21,26.6981,72.9841,6.2501,74.9786,maize
91,44,18,25.2739,41.83,6.0282,99.8806,maize
70,49,20,22.6789,81.707,6.2489,82.3756,maize
61,45,25,20.5592,63.8833,6.4173,73.6638,maize
59,45,21,24.5947,73.8655,6.2195,93.0476,maize
85,46,20,23.6805,56.6808,6.2162,71.523,maize
63,50,15,25.1856,69.9022,5.9192,85.4227,maize
99,45,23,24.4055,56.5727,5.9348,84.8632,maize
53,57,23,25.6487,60.0098,5.639,101.2884,maize
98,42,29,20.8943,80.3123,6.8998,92.1205,maize
81,47,19,26.4522,63.4745,5.7025,84.6246,maize
77,45,21,23.0928,66.7395,5.9228,97.2665,maize
71,58,21,28.7258,71.9605,5.9126,105.8531,maize
83,49,26,20.4324,68.9655,6.558,93.3672,maize
78,55,20,27.7079,66.2034,6.082,85.1553,maize
91,38,21,23.0937,67.9197,6.6991,65.3225,maize
79,50,22,20.5457,84.2273,5.9306,69.0233,maize
80,54,21,21.0483,64.539,6.3116,80.4216,maize
74,49,18,21.539,66.6088,5.8659,75.8573,maize
77,55,21,23.7725,73.4052,7.0581,82.1954,maize
82,44,24,24.0685,73.8442,5.725,85.8497,maize
57,58,16,20.7789,74.4962,6.3239,92.9454,maize
62,64,21,22.4269,70.1098,6.4535,83.9425,maize
87,45,17,28.9268,55.856,6.3655,92.2975,maize
80,45,25,27.6826,78.0675,6.1259,85.9671,maize
76,58,14,23.809,55.8292,6.1481,55.368,maize
78,59,18,22.614,67.4211,6.2175,70.91,maize
82,44,22,22.8601,58.9658,6.1412,82.8387,maize
72,45,26,24.3406,64.4869,6.5856,66.8546,maize
69,46,20,19.4316,67.6301,7.0842,93.9989,maize
80,39,18,21.7279,67.5709,5.977,107.9613,maize
66,42,28,17.4942,68.3754,5.6521,103.2814,maize
83,41,14,23.6977,77.9097,6.1647,81.7984,maize
58,43,11,24.4416,68.6283,7.2319,107.3609,maize
90,48,22,21.0504,63.0467,5.8785,87.23,maize
84,50,18,27.222,72.7127,6.8556,79.9437,maize
81,59,16,18.8227,74.5158,6.8711,75.799,maize
90,41,23,18.1069,55.1791,5.9786,80.463,maize
98,55,21,23.1734,69.7792,6.4276,79.1773,maize
90,47,18,25.6413,70.6094,6.8514,87.5562,maize
56,48,15,27.5518,62.6195,6.0483,87.4086,maize
63,53,23,21.1233,76.0057,6.1186,85.0457,maize
71,40,23,25.736,63.7996,5.9673,91.5541,maize
78,51,20,22.3845,66.0046,5.7941,102.8597,maize
84,49,27,21.9821,63.6154,5.9403,99.2433,maize
69,51,16,25.151,65.1246,5.7104,62.7265,maize
80,50,14,24.457,56.2298,6.2136,46.6912,maize
69,65,17,17.7708,53.4796,5.892,99.0148,maize
71,44,20,26.9296,77.756,6.2935,64.4968,maize
61,44,21,26.6403,58.2243,5.5776,81.6285,maize
67,44,19,20.6233,57.0689,6.3324,67.4483,maize
62,44,21,23.6874,47.7729,6.5334,57.9703,maize
66,44,15,23.9821,59.8883,5.4025,93.1219,maize
91,56,26,23.282,54.4153,6.3496,96.3873,maize
67,58,20,20.8491,78.1361,6.6911,76.3523,maize
110,44,24,20.4851,73.0785,5.7161,46.1344,maize
84,42,21,22.4233,59.4948,6.869,76.8063,maize
80,51,22,26.0182,83.0195,6.3676,90.8771,maize
68,44,22,24.1308,72.8541,5.918,62.8163,maize
86,52,22,21.3882,62.4013,6.1777,87.7504,maize
71,49,23,24.8151,45.0048,6.4233,84.7704,maize
79,37,25,13.9544,83.3275,6.2304,93.6894,maize
109,59,21,25.9463,53.8834,6.4155,86.7937,maize
77,61,23,17.2809,51.8368,5.8317,70.404,maize
92,44,20,21.4127,73.1806,6.2677,102.9486,maize
70,45,26,19.141,84.518,5.6345,82.6221,maize
78,50,17,18.616,76.0742,6.1555,84.5904,maize
99,50,27,25.9825,69.5113,5.8384,71.001,maize
70,53,20,21.0969,69.758,5.9058,78.3508,maize
100,62,14,23.5395,71.8273,6.6944,71.728,maize
86,47,21,22.3592,71.0714,6.6365,82.4058,maize
71,42,17,23.9311,67.2495,6.4437,110.6756,maize
86,38,23,22.7305,65.8336,5.7631,64.4215,maize
90,43,17,18.651,64.4993,6.0734,60.7966,maize
85,48,18,25.4888,58.9683,6.6852,107.0676,maize
59,61,12,21.0187,62.7546,6.2567,81.8601,maize
69,44,18,17.8303,51.4563,7.1277,74.9639,maize
75,50,10,21.2157,64.2133,6.3573,100.5986,maize
77,48,14,27.0023,57.0913,6.2768,75.9158,maize
85,56,23,25.0507,56.1713,6.0764,112.3901,maize
80,66,23,21.454,66.4392,6.2534,95.1689,maize
62,44,22,21.4522,76.136,6.139,77.6813,maize
83,45,16,21.5351,72.3465,6.4832,117.3596,maize
85,55,20,28.7302,52.436,6.5827,75.9143,maize
85,53,20,23.6458,57.083,5.8856,96.1314,maize
91,61,15,23.7901,72.5262,5.6675,89.4894,maize
88,52,26,25.5909,57.1401,5.4655,104.5261,maize
84,45,24,23.2164,63.2029,6.4032,108.4227,maize
77,52,19,21.7229,69.4004,5.7587,85.4801,maize
58,56,20,21.911,57.2532,5.3388,73.6987,maize
83,54,21,22.2852,65.843,6.3554,91.8996,maize
80,52,12,22.3883,54.3278,7.1972,74.8343,maize
81,55,19,24.6829,60.1891,6.1976,115.2008,maize
63,56,17,22.6558,67.5583,6.5354,87.048,maize
65,58,16,24.6979,52.2561,6.2327,79.5202,maize
91,53,19,22.2579,68.5238,6.1604,87.7702,maize
78,47,27,22.7359,64.8429,6.5676,64.7931,maize
86,49,23,16.5054,69.4199,6.0839,70.4258,maize
78,56,18,25.249,66.7913,6.307,103.0062,maize
78,42,22,23.5395,75.9131,6.3287,75.1466,maize
32,73,79,19.7013,24.6048,7.5788,73.2482,chickpea
44,64,91,19.9784,16.7574,7.1665,78.5548,chickpea
49,62,75,20.2694,14.1664,7.7692,72.0758,chickpea
46,68,74,21.2194,10.9451,7.4479,76.9204,chickpea
48,67,76,19.8196,10.0,7.2571,61.0639,chickpea
34,65,72,18.5175,10.6635,7.4791,82.1329,chickpea
29,73,81,20.3451,18.0685,6.6716,80.0121,chickpea
52,75,93,22.7998,19.0349,6.8493,71.8291,chickpea
37,69,83,18.7347,10.6752,6.8224,86.5925,chickpea
38,78,78,17.0509,20.5802,7.3572,89.3757,chickpea
51,60,78,21.2142,15.0678,7.993,63.9244,chickpea
44,67,67,18.7592,17.5872,8.1925,72.3728,chickpea
44,63,87,14.6547,23.4489,7.5552,72.3086,chickpea
57,55,79,20.6948,20.5874,7.5003,70.601,chickpea
35,67,79,17.9293,15.9259,6.5796,88.2947,chickpea
47,67,106,18.8189,13.4352,7.0829,78.0617,chickpea
40,79,82,19.664,10.0,6.9849,77.3549,chickpea
42,72,74,19.381,14.1234,7.0517,59.9614,chickpea
52,61,77,20.4189,16.1555,7.2327,86.3542,chickpea
44,81,89,18.129,13.0513,7.1112,67.6074,chickpea
44,77,81,20.0262,16.475,6.5083,80.5993,chickpea
49,72,68,18.4809,17.3074,7.5992,82.7738,chickpea
37,66,87,20.4776,16.1006,6.8709,93.6066,chickpea
33,61,75,20.2307,14.4,7.3957,66.9118,chickpea
32,65,95,17.1291,17.6746,8.1296,49.8049,chickpea
24,76,89,21.172,18.7678,6.9322,81.8385,chickpea
56,81,76,17.9281,12.6384,6.2879,98.0051,chickpea
31,79,90,20.6161,22.6437,7.1856,92.3895,chickpea
38,65,81,19.7346,16.6056,7.7404,82.0966,chickpea
38,60,87,22.6764,17.0754,8.0833,75.0836,chickpea
42,69,84,18.5531,19.8329,6.8082,88.0712,chickpea
47,56,73,18.3014,17.9329,7.4987,70.2645,chickpea
47,70,75,18.9612,20.8125,7.1139,84.7636,chickpea
35,67,88,18.3936,18.1485,7.2576,85.0547,chickpea
39,65,77,20.5999,14.5503,8.3577,90.6021,chickpea
42,57,77,15.7674,18.446,6.6988,107.5966,chickpea
38,72,72,16.8926,12.4251,7.4015,83.9242,chickpea
53,64,83,16.8644,17.4342,7.4871,74.9104,chickpea
44,60,97,20.9006,16.8671,7.7343,79.7443,chickpea
46,48,71,22.4212,16.1675,7.3392,62.3092,chickpea
45,68,80,18.7911,16.4858,7.4232,73.0529,chickpea
49,80,91,18.6624,10.0,7.1433,75.9072,chickpea
41,80,79,19.1401,14.8051,7.4077,74.7591,chickpea
30,65,84,21.3238,17.3714,7.1627,81.5235,chickpea
43,64,72,17.1453,17.6394,7.5486,71.7758,chickpea
35,71,83,19.4767,12.8893,7.1522,91.2103,chickpea
36,61,79,20.9504,22.0628,7.4508,80.0021,chickpea
45,70,88,20.0022,13.5353,7.2883,79.907,chickpea
50,73,89,19.3792,20.8778,7.7504,76.7211,chickpea
40,77,101,21.0021,18.7088,7.2794,81.5519,chickpea
42,67,85,13.5935,14.4151,6.5908,88.251,chickpea
54,67,83,20.3558,24.1012,7.8048,71.3287,chickpea
42,62,82,17.6918,12.2255,6.9377,73.4188,chickpea
61,62,77,15.3387,20.6766,7.0385,76.9627,chickpea
45,66,83,20.0224,21.0023,7.0617,66.5413,chickpea
26,71,78,21.7473,14.3175,7.8498,71.8074,chickpea
46,74,81,18.7251,22.5699,6.4457,75.2378,chickpea
43,62,91,20.9057,15.9998,8.5551,88.7439,chickpea
50,78,72,22.2246,18.1548,7.7224,82.6256,chickpea
45,66,89,21.6298,18.0413,7.3893,81.9359,chickpea
39,68,91,22.2799,16.4628,7.278,88.509,chickpea
30,63,79,20.4843,20.2432,7.4142,78.6263,chickpea
38,51,63,19.1509,20.174,7.5084,83.9046,chickpea
33,74,75,15.7961,10.0059,7.5581,78.9678,chickpea
35,73,90,18.5079,22.2174,7.5222,82.6536,chickpea
45,66,80,17.3135,10.35,7.3358,74.1724,chickpea
53,68,72,23.3419,21.1302,7.2211,55.6118,chickpea
43,72,76,18.6482,21.5068,7.2395,78.6572,chickpea
30,57,87,19.2464,12.6361,7.222,94.2275,chickpea
44,64,84,20.103,15.3567,7.7535,89.2622,chickpea
50,74,78,19.0872,12.5772,7.5374,89.654,chickpea
35,59,77,22.3901,16.1403,6.1238,92.3613,chickpea
39,70,77,17.7547,15.7679,7.5624,80.8866,chickpea
40,59,73,19.3892,20.1186,7.3779,81.9732,chickpea
34,71,93,17.5151,22.2412,7.2925,73.8235,chickpea
45,68,77,16.36,22.5827,7.1446,76.8393,chickpea
39,57,90,17.7765,14.7513,7.7496,86.1577,chickpea
43,76,92,18.9259,16.1631,7.679,92.0388,chickpea
33,63,88,18.1414,10.2662,6.9908,78.6055,chickpea
37,62,77,17.6152,13.7765,7.4628,75.4981,chickpea
46,69,83,16.1874,20.8594,6.9113,80.0053,chickpea
37,76,80,18.8338,23.4623,6.7482,86.0121,chickpea
54,61,73,15.9906,12.0626,7.0493,65.5615,chickpea
37,68,83,20.5201,14.6301,7.645,57.0382,chickpea
42,71,71,19.1649,16.8944,7.6813,74.4946,chickpea
47,73,90,16.0849,18.1206,7.5052,67.7929,chickpea
29,69,76,18.3816,13.7616,7.59,74.9186,chickpea
26,65,82,17.4957,18.6962,7.5065,78.5222,chickpea
28,62,82,19.6383,15.1046,7.0434,75.4675,chickpea
50,69,78,21.6809,16.9422,7.4728,94.5247,chickpea
36,60,85,15.2497,19.1851,7.6202,83.2674,chickpea
60,48,76,19.2301,17.0257,7.6017,83.0047,chickpea
35,71,87,18.6797,15.2545,7.7756,86.2221,chickpea
41,74,69,20.3427,16.5616,7.5833,68.6117,chickpea
52,51,81,19.4264,16.6465,7.4406,90.3911,chickpea
56,61,96,17.4961,15.52,7.7281,79.2424,chickpea
56,72,72,18.3619,15.9648,7.2894,86.7048,chickpea
50,82,75,17.4079,23.3946,6.9473,69.2814,chickpea
48,68,84,21.152,19.2437,7.2348,64.4624,chickpea
45,63,81,19.0426,15.8181,7.002,88.1789,chickpea
22,81,24,18.1957,23.2118,5.137,112.7362,kidneybeans
15,65,16,20.4421,24.4046,5.8859,126.8196,kidneybeans
15,73,18,18.6333,20.5061,5.5094,145.2454,kidneybeans
27,57,21,19.3209,19.6633,5.3431,125.4742,kidneybeans
13,59,28,24.1836,18.2445,5.5127,109.9862,kidneybeans
30,71,32,23.3512,19.0238,5.6446,125.9018,kidneybeans
15,79,22,16.751,30.3473,5.5186,107.8978,kidneybeans
24,70,19,22.0743,25.234,5.0383,105.4781,kidneybeans
18,64,22,22.0285,17.4468,5.9691,97.9717,kidneybeans
24,67,24,17.1293,17.5326,6.0825,136.2683,kidneybeans
17,57,19,22.0469,22.9456,5.8955,88.6314,kidneybeans
19,72,27,23.8448,23.1418,5.3587,135.6474,kidneybeans
20,74,21,17.1936,23.1467,5.6396,114.9973,kidneybeans
14,63,22,17.7062,20.7351,5.698,77.0139,kidneybeans
24,63,23,22.5442,21.1236,5.8796,112.353,kidneybeans
17,69,22,20.6787,22.4836,5.9005,62.9995,kidneybeans
19,64,23,21.3787,21.7577,5.4797,117.5102,kidneybeans
14,66,18,20.8515,14.8421,5.7246,122.7046,kidneybeans
5,84,18,20.9767,20.8106,5.8372,93.1529,kidneybeans
19,65,16,16.6838,18.9458,6.1367,107.471,kidneybeans
34,64,22,22.6183,22.0256,5.9114,144.0831,kidneybeans
25,62,23,22.924,30.4558,5.9367,94.8851,kidneybeans
20,73,22,19.4265,22.6024,5.7251,83.8218,kidneybeans
18,66,27,19.8913,20.5594,6.1231,134.6333,kidneybeans
20,62,20,16.1722,24.2654,5.8229,144.2517,kidneybeans
23,78,23,21.2856,22.9481,5.4417,105.0739,kidneybeans
13,78,16,21.4301,22.7603,6.121,125.2293,kidneybeans
27,62,18,19.8445,23.3206,5.9094,131.8295,kidneybeans
24,52,23,22.8109,27.6696,5.5671,90.1503,kidneybeans
24,75,23,19.1648,18.1073,5.5562,95.2939,kidneybeans
23,62,19,21.4115,22.9209,5.789,129.6175,kidneybeans
20,73,20,17.4508,18.7209,5.839,138.7003,kidneybeans
24,51,14,19.9411,23.1665,5.7592,116.2576,kidneybeans
24,74,19,19.5641,18.7439,5.7934,87.4037,kidneybeans
18,57,24,20.5633,20.2479,6.21,144.7412,kidneybeans
17,73,22,19.0762,20.6147,6.0215,94.3806,kidneybeans
21,67,22,19.6713,24.4275,5.7572,98.2972,kidneybeans
29,59,20,22.0651,24.2554,5.9824,111.8468,kidneybeans
13,64,20,18.9081,17.7628,5.3902,136.0832,kidneybeans
11,72,17,15.9836,21.6648,5.8194,122.0795,kidneybeans
21,68,23,24.374,19.3713,6.2428,113.2973,kidneybeans
20,72,22,23.4536,17.7245,5.6346,114.2658,kidneybeans
21,83,22,16.7693,20.8489,5.4457,105.8703,kidneybeans
21,54,18,21.7243,20.5746,5.5044,116.1628,kidneybeans
19,80,11,18.7426,28.7801,5.3731,54.4088,kidneybeans
29,68,24,20.6587,22.7989,5.4646,99.0679,kidneybeans
10,60,18,20.7356,17.3671,5.5888,109.8264,kidneybeans
15,56,17,19.414,19.8057,5.2783,81.9797,kidneybeans
19,65,23,18.0406,24.5641,5.7047,112.7265,kidneybeans
10,74,18,18.2736,27.7653,5.9707,100.9106,kidneybeans
19,66,24,17.7095,16.7421,5.4277,140.1095,kidneybeans
30,79,22,17.9204,15.8602,6.1558,136.4604,kidneybeans
20,55,23,19.8321,27.1129,5.8532,95.6839,kidneybeans
21,67,15,18.2106,22.6688,6.0092,101.9832,kidneybeans
12,57,25,21.7051,18.8951,5.5026,103.521,kidneybeans
16,70,21,23.7181,23.1039,5.9564,95.9668,kidneybeans
18,74,19,18.5499,13.5928,5.3724,108.9005,kidneybeans
18,64,21,20.5985,21.5101,5.9671,89.8344,kidneybeans
28,46,13,21.2492,22.4835,5.7516,82.3877,kidneybeans
23,69,22,21.18,24.2728,5.866,117.4542,kidneybeans
13,70,16,20.1899,18.4583,5.3473,117.5906,kidneybeans
21,70,15,21.8567,21.7571,5.4315,88.9137,kidneybeans
23,77,14,21.2056,18.7237,5.8792,122.9071,kidneybeans
27,58,24,16.9058,22.2662,5.4155,92.3684,kidneybeans
29,72,17,22.1729,18.814,5.839,110.0633,kidneybeans
14,77,26,22.2182,20.2757,5.2899,121.4069,kidneybeans
15,53,18,18.0918,18.5126,5.9545,104.3277,kidneybeans
12,70,13,20.0948,23.4534,5.3302,114.0948,kidneybeans
19,63,16,21.7083,24.0754,5.8657,94.6714,kidneybeans
23,66,25,19.4767,20.7961,5.8877,101.0707,kidneybeans
26,70,19,22.6824,21.6147,5.491,100.8828,kidneybeans
20,63,18,25.9097,17.1542,5.8746,90.0684,kidneybeans
18,62,21,18.035,20.601,5.7781,101.4645,kidneybeans
21,67,22,16.5474,21.3494,5.5383,74.0276,kidneybeans
15,58,24,20.7595,29.3624,5.3974,95.1769,kidneybeans
33,58,26,21.8039,18.1641,5.1112,99.3025,kidneybeans
10,72,19,19.4228,25.8925,5.8049,99.8764,kidneybeans
21,58,15,23.6332,24.4906,5.2306,100.1701,kidneybeans
32,72,18,16.6535,22.3419,5.7286,103.7647,kidneybeans
20,71,21,21.7323,26.7759,5.621,114.5888,kidneybeans
19,53,16,18.4853,22.6163,5.9037,122.4903,kidneybeans
18,62,16,24.2984,22.6675,5.6094,92.0047,kidneybeans
19,77,21,24.9813,21.3406,5.6012,80.936,kidneybeans
28,59,20,18.0834,25.1707,5.9196,84.1591,kidneybeans
7,63,20,18.6261,24.7894,5.8005,95.2559,kidneybeans
29,71,17,22.149,19.623,5.7948,97.9616,kidneybeans
11,73,19,19.0322,17.5423,5.8408,89.6001,kidneybeans
18,65,16,19.8865,20.8911,5.2393,79.0777,kidneybeans
17,62,24,20.0635,19.0999,5.927,95.8776,kidneybeans
24,78,24,15.2008,21.3094,5.8837,108.6285,kidneybeans
10,81,13,19.9654,25.2123,5.395,116.9006,kidneybeans
23,75,16,18.2757,20.1281,5.6268,93.8515,kidneybeans
32,68,14,18.7672,21.3715,5.6882,96.74,kidneybeans
12,61,17,23.6091,21.6741,5.6597,86.466,kidneybeans
21,60,20,16.8587,24.0453,5.8002,104.3712,kidneybeans
16,71,14,22.033,14.7593,6.1294,88.0314,kidneybeans
23,70,16,19.3026,19.6799,6.0245,116.4626,kidneybeans
20,78,16,19.3006,22.1339,5.3063,69.2827,kidneybeans
16,72,21,21.9759,25.1002,5.8866,97.8074,kidneybeans
23,55,20,20.8501,20.0243,6.0987,111.0221,kidneybeans
22,68,14,25.3793,49.1111,5.9693,162.2857,pigeonpeas
34,65,17,30.0667,50.5527,5.331,164.244,pigeonpeas
23,63,19,32.4484,49.3337,5.9083,154.887,pigeonpeas
16,71,26,30.7118,55.6732,5.2871,147.5289,pigeonpeas
21,56,22,25.3112,42.2861,6.3504,160.8994,pigeonpeas
12,74,16,28.5843,43.938,6.3307,86.6938,pigeonpeas
21,65,21,23.6206,43.364,6.066,167.0517,pigeonpeas
17,59,15,29.2172,52.9812,5.9808,153.1544,pigeonpeas
26,64,23,28.8518,53.4024,6.6806,144.4381,pigeonpeas
18,78,19,21.8906,50.7074,5.7998,201.1716,pigeonpeas
20,64,20,24.0146,55.101,5.2091,133.1266,pigeonpeas
18,71,24,26.6506,40.9318,6.0247,139.9231,pigeonpeas
30,62,16,26.5974,58.0033,6.843,199.7888,pigeonpeas
19,74,16,23.8716,57.1394,5.2926,129.1985,pigeonpeas
30,73,18,28.6669,52.4137,5.6193,136.2471,pigeonpeas
25,83,23,28.2544,58.6908,6.0082,146.3244,pigeonpeas
23,67,15,26.9172,38.0603,5.773,171.0184,pigeonpeas
23,73,12,25.2326,44.8533,5.3088,155.1951,pigeonpeas
23,69,19,30.6461,43.5882,6.3609,117.6844,pigeonpeas
11,78,22,32.4662,52.3289,6.96,136.6958,pigeonpeas
20,62,24,26.0493,41.6992,5.8981,134.8161,pigeonpeas
25,74,19,25.6635,52.545,5.348,148.0695,pigeonpeas
21,66,19,28.9736,56.2232,5.0255,160.6461,pigeonpeas
14,67,23,26.4259,52.1712,5.929,160.4551,pigeonpeas
21,69,14,27.0818,49.7025,6.3519,105.5997,pigeonpeas
30,70,19,29.719,42.0728,6.0376,176.5985,pigeonpeas
27,67,21,21.7719,42.9189,5.7988,156.3142,pigeonpeas
21,70,21,31.4549,55.4977,5.5054,184.6133,pigeonpeas
26,81,18,27.718,52.6761,5.2539,161.105,pigeonpeas
19,76,20,26.2655,47.7659,6.2174,177.5331,pigeonpeas
12,75,13,27.2323,45.4925,6.2569,161.6636,pigeonpeas
16,64,18,27.3873,35.8452,5.0271,183.6556,pigeonpeas
29,61,21,22.3064,41.5749,6.5949,163.0563,pigeonpeas
20,76,17,31.9848,59.4685,6.087,147.5521,pigeonpeas
20,75,20,27.624,40.3173,6.4998,206.8109,pigeonpeas
20,80,21,28.829,49.1369,5.1289,172.2259,pigeonpeas
31,63,19,30.3546,54.0447,5.1171,164.3436,pigeonpeas
29,66,21,24.4365,40.4705,5.7255,118.0924,pigeonpeas
32,55,17,28.9204,49.1083,6.0514,117.7923,pigeonpeas
20,65,19,26.6971,53.6275,6.6982,157.3179,pigeonpeas
22,76,22,30.0403,48.075,6.153,153.638,pigeonpeas
13,64,20,21.1183,65.2104,5.6787,134.6469,pigeonpeas
28,73,18,27.2027,37.9884,5.2868,153.5246,pigeonpeas
15,66,21,25.6915,54.3524,6.415,189.7157,pigeonpeas
22,71,22,28.7968,46.9632,5.3176,167.3851,pigeonpeas
16,59,14,28.9101,52.6315,6.6142,121.4748,pigeonpeas
18,69,23,25.3771,50.6478,5.6578,147.2123,pigeonpeas
17,44,19,25.3635,43.6011,6.5953,129.8758,pigeonpeas
18,67,21,27.168,49.374,6.1395,140.3075,pigeonpeas
18,55,24,24.8101,36.8526,5.7315,139.6596,pigeonpeas
18,78,16,30.026,51.6195,5.5403,138.0589,pigeonpeas
25,74,18,26.3924,49.789,5.6295,118.6216,pigeonpeas
15,72,19,18.779,51.832,6.0142,146.8086,pigeonpeas
22,80,18,26.3755,54.3487,5.8386,135.9848,pigeonpeas
27,60,25,24.3844,50.2057,5.5031,76.7638,pigeonpeas
18,82,17,22.6062,48.8885,5.7172,201.3243,pigeonpeas
17,75,18,23.7877,42.7136,5.8393,177.2192,pigeonpeas
20,66,21,27.8282,43.7267,4.7356,140.5925,pigeonpeas
27,77,16,31.4859,55.1204,6.0291,150.4705,pigeonpeas
22,59,19,28.4396,56.618,5.3101,120.7086,pigeonpeas
18,61,21,25.6805,46.5713,5.2233,192.3931,pigeonpeas
23,63,19,28.8677,48.276,4.9563,197.4322,pigeonpeas
15,64,20,26.1227,42.5723,4.9031,153.9173,pigeonpeas
24,60,18,25.4162,55.0365,5.1223,175.5883,pigeonpeas
23,78,15,24.0369,51.9925,5.4455,154.3822,pigeonpeas
19,66,21,22.2445,59.6473,6.7766,116.5819,pigeonpeas
17,71,25,26.3302,42.7301,5.5371,139.7044,pigeonpeas
17,63,20,27.9742,45.732,5.8889,153.2982,pigeonpeas
24,53,21,27.2101,49.3887,6.0002,138.6363,pigeonpeas
27,70,22,26.2521,51.8789,5.8655,144.5337,pigeonpeas
18,53,16,24.6628,46.706,5.7613,147.715,pigeonpeas
23,67,25,29.3247,42.7622,5.2024,147.978,pigeonpeas
11,57,21,23.5486,53.2884,6.5255,151.3065,pigeonpeas
18,84,25,29.8281,52.3268,6.7036,123.4849,pigeonpeas
21,75,18,24.4933,42.5024,4.9587,132.0746,pigeonpeas
16,69,25,25.2427,56.1327,5.288,117.8854,pigeonpeas
16,78,22,23.0996,55.0212,5.6601,174.4454,pigeonpeas
18,61,22,25.9958,48.8058,5.3177,97.3588,pigeonpeas
22,72,21,30.4259,48.4776,6.053,178.8398,pigeonpeas
20,70,19,29.0469,51.3243,5.4359,184.6587,pigeonpeas
10,70,24,30.4353,42.8298,6.8825,142.4455,pigeonpeas
10,78,20,29.0664,48.1802,6.3953,84.9216,pigeonpeas
18,74,14,24.189,35.0857,5.9063,140.9672,pigeonpeas
23,70,17,26.5076,53.2587,6.3135,148.3954,pigeonpeas
7,55,19,25.1594,38.631,6.353,124.735,pigeonpeas
19,60,21,31.4917,57.0205,5.518,137.1195,pigeonpeas
18,67,20,23.9096,46.0193,5.3919,188.2549,pigeonpeas
28,69,24,30.1811,46.73,5.8391,166.6232,pigeonpeas
19,59,14,30.1789,44.2336,6.2308,126.8859,pigeonpeas
23,87,20,32.9889,46.2718,5.8695,110.06,pigeonpeas
22,80,15,26.2709,56.5112,5.0115,141.8246,pigeonpeas
10,73,22,29.637,33.0731,5.3986,144.6636,pigeonpeas
25,69,20,34.345,55.6618,5.763,162.405,pigeonpeas
22,66,21,25.6471,50.0281,5.7622,136.6171,pigeonpeas
24,60,17,22.8949,40.7579,6.7863,162.7875,pigeonpeas
41,69,24,21.86,41.5481,5.107,198.3789,pigeonpeas
11,70,23,29.6381,58.0584,6.0528,170.3875,pigeonpeas
30,58,22,21.8505,42.327,6.5446,148.7978,pigeonpeas
20,71,20,26.383,41.0799,6.9357,145.4212,pigeonpeas
22,67,22,28.8119,54.8239,5.5978,141.0832,pigeonpeas
27,41,24,24.5286,49.1072,6.2819,35.9978,mothbeans
18,42,26,23.9993,52.0896,6.7813,43.2116,mothbeans
21,64,16,24.9568,64.6835,6.8108,64.5107,mothbeans
21,48,17,28.3987,46.4021,7.0836,59.8619,mothbeans
18,54,19,25.768,64.3035,5.9799,50.3736,mothbeans
14,42,21,29.284,50.7458,7.1555,53.4312,mothbeans
23,42,18,28.0868,62.278,5.1774,48.0576,mothbeans
21,57,25,23.0787,43.1523,6.4221,64.5658,mothbeans
24,37,22,29.6374,57.1013,6.507,48.9965,mothbeans
18,45,20,30.027,47.8426,7.18,53.3184,mothbeans
27,48,14,25.5153,43.0931,6.8136,62.4603,mothbeans
17,49,15,29.0505,54.5297,5.9567,43.2263,mothbeans
30,47,21,25.8588,60.0663,6.209,66.5879,mothbeans
12,51,11,28.2442,47.0854,6.9192,35.6954,mothbeans
23,54,24,24.8388,42.5069,6.7526,67.2964,mothbeans
23,54,19,23.5172,52.3571,6.4525,47.2732,mothbeans
17,40,33,27.043,52.388,6.5115,48.573,mothbeans
23,46,29,27.6907,56.8382,7.2177,32.0999,mothbeans
27,58,19,27.0058,59.6472,6.4894,46.4521,mothbeans
10,55,20,25.0399,52.5841,6.7471,40.6019,mothbeans
24,37,24,27.0003,65.9885,8.102,44.9235,mothbeans
9,51,27,28.6732,54.5696,5.9458,49.6269,mothbeans
16,32,13,27.8878,50.575,5.6889,60.5779,mothbeans
29,48,13,28.4563,41.719,7.2702,53.076,mothbeans
18,63,18,26.3247,51.1614,6.3928,54.0768,mothbeans
15,40,22,30.9293,50.6453,6.6091,40.0448,mothbeans
20,41,22,25.0596,59.7221,6.3313,42.1925,mothbeans
31,54,24,29.2189,56.2374,6.6441,68.9873,mothbeans
12,36,15,30.9547,44.7444,7.7591,43.648,mothbeans
16,43,11,29.2023,54.2058,7.2813,67.5621,mothbeans
28,53,23,27.4937,57.7007,7.3173,48.5694,mothbeans
30,43,17,26.6793,63.6962,5.9503,51.0229,mothbeans
20,46,12,30.5902,59.2125,6.1093,61.7037,mothbeans
15,54,21,24.4426,58.3259,5.0966,63.7189,mothbeans
31,51,23,25.5747,53.4206,6.3144,49.8919,mothbeans
29,50,20,27.0061,55.7182,7.374,47.1176,mothbeans
24,45,18,31.0941,61.7465,7.1102,50.4408,mothbeans
17,51,19,28.9494,43.6706,6.6671,54.3796,mothbeans
21,47,19,25.5799,50.5539,6.7866,59.913,mothbeans
20,52,15,27.2242,47.592,6.3867,51.0423,mothbeans
23,44,17,26.4642,55.6541,6.9229,57.1889,mothbeans
28,47,22,26.2255,61.6116,7.2595,67.3836,mothbeans
25,40,21,30.4472,48.8212,5.8305,54.8131,mothbeans
16,48,21,24.5706,36.2679,6.9798,54.1165,mothbeans
28,42,16,32.022,50.1145,7.3595,35.8109,mothbeans
23,39,19,30.0706,59.3943,6.5509,24.6927,mothbeans
24,50,11,30.7272,56.7634,7.2204,54.8838,mothbeans
28,50,21,26.8427,55.9973,8.4888,50.0518,mothbeans
15,54,26,27.6251,51.04,6.7374,45.8522,mothbeans
21,45,14,24.4171,44.0468,7.036,53.4353,mothbeans
18,51,18,26.6883,56.6071,6.3572,50.396,mothbeans
13,52,21,29.2341,47.16,6.9088,62.2778,mothbeans
23,52,25,31.2402,68.2887,7.0762,51.8611,mothbeans
34,41,18,25.2321,56.9936,6.9169,43.5308,mothbeans
12,49,17,27.0862,48.9355,6.1882,60.9017,mothbeans
21,51,12,27.6218,48.7203,6.9238,48.8287,mothbeans
24,48,20,24.5105,52.3494,7.6773,56.2654,mothbeans
22,31,28,29.4784,51.3235,7.0692,46.2259,mothbeans
20,49,21,26.19,60.8178,7.3772,44.5017,mothbeans
15,66,20,27.5115,54.3049,6.6578,51.8417,mothbeans
22,45,21,26.8701,47.8786,7.2499,51.1283,mothbeans
17,42,20,26.0267,66.2331,6.9676,55.7983,mothbeans
10,51,17,27.9824,53.3452,6.2295,48.3135,mothbeans
27,50,23,27.461,58.3819,6.9911,32.6364,mothbeans
26,58,21,27.0704,48.7424,6.205,46.6723,mothbeans
21,38,20,26.1788,55.5418,6.4203,58.9382,mothbeans
22,54,16,28.7988,55.1778,6.9136,48.0262,mothbeans
26,53,25,32.134,39.7725,6.9783,48.5362,mothbeans
22,47,23,28.3497,67.1069,6.0865,60.8638,mothbeans
26,51,18,30.4903,62.0345,7.4324,43.8803,mothbeans
20,56,24,24.5244,50.2196,7.1432,35.572,mothbeans
28,55,18,28.3944,45.2841,6.3772,49.3937,mothbeans
23,39,17,25.2566,55.4329,5.8774,46.1583,mothbeans
22,55,17,24.3077,53.6069,6.7131,41.3375,mothbeans
15,47,13,26.1516,55.4897,6.5324,49.2462,mothbeans
22,49,22,30.9797,54.341,6.8679,55.9151,mothbeans
17,49,13,30.375,56.5437,6.5821,50.9071,mothbeans
18,47,15,28.6075,63.1311,5.5955,54.0698,mothbeans
17,58,12,24.1682,56.9767,6.567,69.1341,mothbeans
16,47,20,27.5093,45.6524,6.6166,47.5712,mothbeans
32,39,19,28.7543,62.5379,7.1802,53.7835,mothbeans
28,45,19,28.4388,64.4843,6.3811,45.9079,mothbeans
31,49,16,23.3905,75.0644,7.8072,42.5364,mothbeans
15,58,15,25.7742,45.1355,5.653,45.1509,mothbeans
21,53,22,27.8398,54.7002,7.5867,46.2124,mothbeans
15,41,18,29.3407,38.4253,6.6654,54.5948,mothbeans
18,68,21,22.5097,56.872,7.3158,74.4908,mothbeans
16,50,16,27.5947,49.1626,6.8479,43.8396,mothbeans
27,58,21,28.3576,66.4641,7.4837,46.8337,mothbeans
19,47,25,30.124,47.5777,6.5676,50.3688,mothbeans
26,52,22,29.7321,41.1757,6.1408,54.958,mothbeans
24,55,18,29.4564,49.7012,7.6523,53.6355,mothbeans
33,58,21,26.0001,39.1716,6.7319,63.841,mothbeans
14,56,19,23.23,58.2577,6.9329,26.7361,mothbeans
27,55,20,27.0174,38.5444,7.5409,27.1307,mothbeans
27,45,19,30.5041,53.1992,6.1808,46.0412,mothbeans
16,43,19,31.4836,38.4553,7.1573,61.973,mothbeans
26,51,21,29.7764,50.7579,6.4461,35.3435,mothbeans
23,55,16,29.0734,64.5036,6.7207,20.9237,mothbeans
20,46,16,28.9491,55.5245,6.8434,56.7118,mothbeans
22,45,21,26.5824,84.6362,6.3029,52.0562,mungbean
17,40,23,25.795,89.2499,6.1219,47.5408,mungbean
17,42,17,25.3328,92.0403,6.9665,36.8364,mungbean
17,52,21,29.326,90.7468,6.9312,42.3367,mungbean
21,40,20,28.0719,81.1314,6.9309,45.898,mungbean
18,38,23,29.2588,84.4853,6.6485,35.2328,mungbean
23,44,20,29.8809,84.1193,7.2628,42.0878,mungbean
10,52,19,29.0312,87.457,6.5064,53.2186,mungbean
18,47,22,29.8155,88.2454,7.0821,59.4184,mungbean
16,45,23,28.3609,82.1444,6.6845,44.6445,mungbean
20,48,18,26.126,85.7714,6.4567,54.0519,mungbean
19,38,20,30.6156,77.4203,6.937,32.6875,mungbean
24,51,17,27.3218,91.2678,6.8639,53.2756,mungbean
14,50,13,26.6288,83.4505,6.8428,41.5684,mungbean
21,46,21,28.1442,85.7235,6.7325,50.4588,mungbean
23,54,22,26.6744,84.2614,6.6848,46.018,mungbean
28,41,21,27.6651,90.0841,7.6553,58.5633,mungbean
19,55,14,29.1881,74.15,7.1737,41.0045,mungbean
22,49,19,29.1967,85.4336,6.9891,53.0209,mungbean
14,46,13,26.7043,85.0767,6.7447,45.7639,mungbean
11,48,24,27.5246,83.6855,7.1029,46.7336,mungbean
24,47,17,30.6487,92.4049,6.9072,46.5292,mungbean
21,55,24,29.4928,81.9507,6.7105,41.2346,mungbean
26,42,23,32.6501,88.5872,6.5786,47.8872,mungbean
16,43,17,30.8603,86.925,6.6676,47.4988,mungbean
23,54,17,30.7886,90.5461,5.4318,49.9299,mungbean
28,44,21,25.7243,82.8312,6.7842,48.676,mungbean
23,53,17,30.0277,82.5681,6.5046,54.384,mungbean
22,58,20,28.3938,89.8843,7.3371,55.3881,mungbean
21,46,19,27.398,87.2013,6.7077,39.595,mungbean
15,52,15,28.836,79.3203,6.2244,54.9502,mungbean
26,41,13,30.3904,83.3428,6.68,38.5093,mungbean
19,53,21,29.5017,87.0455,6.2816,52.7028,mungbean
23,49,18,26.7431,88.8511,6.8894,52.9579,mungbean
15,51,18,29.9849,82.7831,6.8164,32.7095,mungbean
16,44,22,27.2248,73.843,7.0831,48.7438,mungbean
27,38,24,28.9334,87.5929,6.3836,44.252,mungbean
20,51,19,27.8933,80.6187,6.7136,41.9299,mungbean
27,36,19,28.0623,77.4306,6.154,58.8068,mungbean
21,46,22,30.0325,74.1707,6.9806,42.7706,mungbean
14,54,16,26.4196,88.7559,6.9075,41.549,mungbean
25,49,21,32.3904,86.0145,6.8983,48.6056,mungbean
19,60,22,24.8578,84.5974,6.7006,53.4847,mungbean
24,54,22,27.3047,91.0561,6.8659,46.8668,mungbean
21,44,14,29.2404,88.0493,7.3417,57.331,mungbean
15,48,18,29.6686,91.9652,6.586,52.2478,mungbean
22,48,17,28.299,79.9291,6.7555,30.5743,mungbean
30,39,20,28.3852,85.3618,6.2655,43.7643,mungbean
23,42,21,29.3211,79.0331,6.3527,43.5053,mungbean
21,45,24,28.0379,84.5825,6.7391,51.8349,mungbean
25,36,19,31.2864,84.5055,7.1416,27.0015,mungbean
22,48,19,30.1787,88.0065,6.5975,68.3921,mungbean
22,47,23,30.2456,85.6823,6.6056,52.2482,mungbean
17,38,21,26.5677,87.9936,6.5372,49.191,mungbean
22,50,24,28.3412,88.3138,6.4861,57.4525,mungbean
25,52,21,27.8991,94.1197,6.818,66.7492,mungbean
18,49,17,26.4888,84.2388,6.1011,54.966,mungbean
27,46,16,29.2203,81.7359,7.2124,55.5905,mungbean
21,52,15,27.4247,86.4843,6.4338,49.0455,mungbean
17,52,22,29.8108,82.2909,6.9888,46.8678,mungbean
25,50,24,26.3596,91.4278,6.192,44.1936,mungbean
20,43,26,31.9381,84.3671,6.9675,41.3911,mungbean
24,50,23,26.7073,83.2377,6.9688,42.5039,mungbean
20,55,23,28.9386,83.6147,6.8537,37.1956,mungbean
21,44,18,30.0837,88.3737,6.3022,47.393,mungbean
23,61,17,27.3587,84.869,6.7998,34.5227,mungbean
22,45,23,30.2049,82.9333,6.2268,49.5273,mungbean
13,48,21,26.0416,92.1614,6.5989,47.7094,mungbean
17,44,20,31.4042,82.0753,7.1118,49.1755,mungbean
25,49,21,28.5283,85.6423,7.0187,43.8229,mungbean
20,38,21,27.3072,88.1092,6.7061,72.6149,mungbean
19,45,24,27.9016,78.9747,6.3101,58.8809,mungbean
16,41,24,30.1178,87.421,6.9582,38.0437,mungbean
17,49,22,27.3311,81.2796,6.7078,49.8629,mungbean
13,54,23,27.0013,88.7911,5.7719,43.136,mungbean
21,52,22,28.0569,81.6494,7.0131,39.8842,mungbean
19,34,19,26.1461,88.2711,6.6903,37.2794,mungbean
17,60,22,32.1411,89.9233,7.181,51.4577,mungbean
21,50,16,27.3672,88.9457,6.2619,42.549,mungbean
22,43,23,30.1632,86.5053,5.4293,55.7426,mungbean
29,49,16,28.9189,84.5748,6.8116,55.9503,mungbean
15,49,21,26.5309,83.1943,6.8166,58.9913,mungbean
26,44,17,28.4881,91.3841,6.0237,41.1809,mungbean
25,49,22,30.068,82.702,6.3086,51.8029,mungbean
18,44,20,28.1235,81.3517,7.8021,53.0596,mungbean
22,46,15,30.8862,88.1615,6.5778,44.2066,mungbean
19,44,21,30.543,82.3155,6.9924,41.8258,mungbean
22,39,18,30.3378,81.6997,6.4397,60.8762,mungbean
27,49,23,27.5807,79.7256,5.8639,49.82,mungbean
23,52,20,26.3403,83.5684,6.6319,53.0877,mungbean
23,51,21,27.2728,85.1691,6.5938,41.4234,mungbean
19,53,17,28.8925,86.4724,6.54,38.2457,mungbean
15,50,18,29.5916,89.3052,6.6541,43.4444,mungbean
20,45,19,24.1569,87.6076,6.8057,47.0078,mungbean
26,53,23,28.4838,84.7365,6.64,39.4862,mungbean
15,40,25,28.8162,84.7072,6.1944,47.9212,mungbean
17,43,18,27.9449,87.5406,6.8945,34.492,mungbean
22,42,23,31.0825,90.5903,5.9203,39.0396,mungbean
17,54,13,29.3436,86.0053,5.8799,53.3673,mungbean
18,54,16,31.1204,83.6235,6.9957,52.8303,mungbean
37,64,22,29.1731,63.9567,6.7437,73.6251,blackgram
33,63,21,28.7246,63.4367,6.9808,72.2657,blackgram
33,53,20,30.3736,69.2895,7.2603,69.3232,blackgram
37,64,19,31.9269,67.7678,7.1273,56.9439,blackgram
45,73,20,35.9543,63.7135,6.8445,64.1311,blackgram
46,57,20,32.0681,70.4106,7.1019,74.7342,blackgram
37,75,16,32.8996,64.3548,6.6405,59.5902,blackgram
32,71,19,28.7351,60.7417,7.4451,47.7458,blackgram
42,61,16,27.4353,61.2051,7.0384,66.1832,blackgram
34,66,19,30.1558,60.1063,7.4356,66.8659,blackgram
36,80,18,30.2679,63.6379,6.942,69.0845,blackgram
49,73,27,27.3037,71.1686,6.9429,73.8281,blackgram
46,67,19,29.5618,60.9745,6.8707,73.1008,blackgram
41,65,15,30.9983,65.9424,7.3629,70.0702,blackgram
31,68,19,30.901,61.7166,6.8872,77.5643,blackgram
41,63,21,31.2607,63.6985,7.2934,55.8482,blackgram
47,50,24,30.7274,57.4498,6.9853,72.0367,blackgram
37,83,17,28.7325,63.8973,6.5072,73.0123,blackgram
49,68,14,28.7152,64.0315,6.9289,58.0835,blackgram
49,70,21,27.0026,67.7014,6.7463,55.977,blackgram
52,67,15,34.4619,66.1164,7.1102,62.0325,blackgram
42,61,18,30.0336,59.008,6.7429,62.7077,blackgram
44,66,18,29.4379,70.421,7.3778,74.0274,blackgram
50,54,19,27.678,66.0515,7.0727,63.0837,blackgram
43,85,21,37.3391,65.992,7.0467,61.1492,blackgram
36,57,17,27.3167,64.9541,7.2968,63.1069,blackgram
37,59,18,28.9279,62.4112,7.3892,76.9491,blackgram
42,63,19,31.0396,66.089,7.094,68.1043,blackgram
31,77,19,31.5005,67.3779,6.8686,66.566,blackgram
39,67,19,32.3948,56.2655,6.5678,67.12,blackgram
48,57,20,34.519,62.3062,6.8942,78.3365,blackgram
25,77,22,31.2654,63.7253,6.9148,62.0066,blackgram
51,73,20,27.3599,66.2809,7.1321,78.5241,blackgram
48,71,20,29.3576,70.9666,6.9965,69.684,blackgram
37,73,14,30.7696,61.1413,7.3064,66.7166,blackgram
44,86,19,35.1706,62.5102,6.9161,88.0072,blackgram
40,84,20,26.5055,62.4373,7.0829,59.5549,blackgram
49,62,21,33.0064,60.9924,7.4552,65.1705,blackgram
47,80,17,30.4498,63.2641,7.2025,58.1406,blackgram
30,70,17,32.0946,68.854,7.082,75.6197,blackgram
44,71,17,29.745,59.7308,6.9194,81.5135,blackgram
39,53,21,27.8939,67.1391,6.91,81.3594,blackgram
41,66,22,31.8772,56.4905,6.8448,77.7916,blackgram
35,60,18,31.6361,62.1933,6.9377,66.419,blackgram
52,74,22,32.4301,63.3526,7.3267,65.0781,blackgram
47,76,19,29.9667,73.3743,7.0334,54.6306,blackgram
35,50,19,28.5004,63.626,6.6951,84.287,blackgram
31,67,18,26.103,53.9938,7.6305,71.7518,blackgram
37,76,21,32.0484,55.0056,7.196,64.0643,blackgram
43,66,20,31.0597,65.1701,6.6779,78.6245,blackgram
42,73,26,27.5855,68.0689,6.9674,60.2179,blackgram
49,70,16,28.6536,66.8773,7.1333,71.253,blackgram
46,70,21,28.8331,65.8379,7.6114,66.619,blackgram
47,65,17,26.2925,70.8113,6.7676,73.1094,blackgram
42,57,16,27.9558,62.302,7.3928,67.4914,blackgram
30,58,19,27.1654,69.4746,7.5198,56.3926,blackgram
39,73,19,28.9688,56.8399,6.9114,68.6046,blackgram
47,67,28,28.1533,60.4753,7.0167,76.3909,blackgram
40,66,18,25.9325,55.9648,6.7891,67.7663,blackgram
44,64,16,35.0565,63.6258,7.039,74.2009,blackgram
38,65,20,33.1314,64.7687,7.089,59.6358,blackgram
33,75,13,28.0525,65.5705,7.2979,67.7899,blackgram
39,64,19,30.6811,65.3094,7.4271,63.0039,blackgram
42,56,19,31.0437,60.3622,6.8756,73.9758,blackgram
35,73,21,32.9777,64.0488,6.5098,68.2519,blackgram
38,65,22,27.9535,57.5128,7.0936,73.5206,blackgram
33,67,17,32.7303,71.8161,7.1881,76.7017,blackgram
48,80,19,28.6302,63.4819,7.1748,73.5329,blackgram
38,67,17,26.6603,62.5556,7.002,70.1849,blackgram
50,69,16,31.8103,72.9447,7.1374,60.0143,blackgram
51,58,20,33.2269,58.7888,7.5546,67.9777,blackgram
39,65,15,36.4698,59.3721,7.2145,63.7353,blackgram
33,72,18,27.0007,59.5189,6.988,65.2475,blackgram
25,55,16,31.7473,64.6606,6.9499,65.0037,blackgram
30,69,21,28.9755,67.1582,7.049,60.1606,blackgram
30,68,24,31.9584,68.6984,7.591,52.3413,blackgram
50,67,15,26.3238,77.86,7.045,62.6549,blackgram
41,75,13,26.8431,53.7528,7.0941,69.547,blackgram
43,70,19,28.0603,68.0437,6.9553,57.2146,blackgram
24,79,19,30.1974,62.2143,7.4297,68.1255,blackgram
32,59,20,28.3973,62.0679,7.688,83.2021,blackgram
46,68,18,31.6476,61.9011,7.2352,76.1845,blackgram
42,68,18,32.5672,60.4562,7.1248,81.1483,blackgram
39,58,20,31.4989,73.4226,7.111,71.129,blackgram
44,75,22,34.047,69.2115,6.3847,77.3401,blackgram
51,86,13,31.0396,65.116,7.3235,62.2083,blackgram
38,67,18,26.9578,71.7551,7.1402,62.8453,blackgram
40,71,20,33.4084,57.4374,7.2285,46.0869,blackgram
41,68,16,28.4871,58.3465,6.8866,77.4892,blackgram
57,61,24,32.276,54.1102,6.9847,80.3226,blackgram
25,52,17,33.9343,61.5029,6.9767,63.5746,blackgram
45,61,19,31.1417,65.8085,7.4065,65.9684,blackgram
39,56,21,26.2596,65.5143,6.9864,61.9691,blackgram
44,81,17,27.7045,65.7467,7.7248,71.0612,blackgram
35,66,13,33.3069,57.9447,7.2293,76.9995,blackgram
40,64,18,29.5772,69.0158,6.7173,54.0578,blackgram
45,74,22,30.1989,66.1981,7.0614,71.2755,blackgram
62,58,18,31.8971,68.6653,6.9045,65.7866,blackgram
46,61,16,31.7408,55.5362,6.4417,68.9072,blackgram
34,68,22,30.697,66.5575,7.5798,71.672,blackgram
18,68,20,22.7893,56.7014,6.6061,41.6342,lentil
19,67,18,15.4332,60.0835,7.0153,37.82,lentil
18,68,18,22.5441,57.9056,6.3333,61.5434,lentil
23,64,24,26.1804,60.664,7.075,58.5722,lentil
21,66,23,20.3188,63.0009,6.4523,37.3655,lentil
20,55,19,21.8361,70.3601,7.4314,56.5748,lentil
14,74,12,22.4716,62.2519,8.0689,42.7037,lentil
17,70,18,14.3015,53.4006,6.4696,46.4043,lentil
23,63,27,28.014,72.4805,7.1671,45.0571,lentil
19,79,18,20.2959,58.6404,6.5366,40.8818,lentil
22,69,22,24.5172,64.089,7.4205,52.387,lentil
26,62,23,22.7399,67.6258,6.2674,46.3812,lentil
23,73,20,26.7729,65.8973,7.1403,42.1641,lentil
19,70,16,24.2182,72.1593,6.4635,36.3679,lentil
17,70,12,22.2952,67.853,6.7965,39.2448,lentil
9,65,21,20.3195,58.4708,6.3845,34.0103,lentil
18,71,17,25.3936,79.7499,7.3112,45.5856,lentil
18,66,20,17.3797,65.8603,6.4815,37.1233,lentil
21,71,15,24.9377,63.4686,7.176,43.6411,lentil
18,57,18,19.7029,71.2475,6.728,55.0907,lentil
18,65,19,26.7569,66.2462,6.8428,53.8951,lentil
12,78,20,23.4839,67.2946,6.9739,45.2741,lentil
15,63,16,24.9324,81.9453,6.5191,44.8904,lentil
21,64,23,23.246,62.5742,7.0052,58.6591,lentil
26,65,17,17.7429,62.2757,7.6652,49.1453,lentil
19,61,14,20.4178,65.316,6.511,43.2054,lentil
20,55,19,25.0172,72.0006,7.4859,35.5179,lentil
23,67,19,23.5,53.9543,7.649,48.2571,lentil
16,69,19,26.543,50.7411,6.4919,51.3053,lentil
20,68,23,24.2098,60.3902,6.1725,41.0784,lentil
16,67,18,20.0999,53.0625,7.051,47.5384,lentil
22,68,19,20.6118,61.5262,6.6263,42.955,lentil
20,74,16,23.3088,68.0175,7.8343,44.2118,lentil
20,67,21,16.0579,58.2648,6.9174,28.0852,lentil
16,65,20,28.0203,54.5122,6.4989,43.9475,lentil
22,66,18,24.3252,64.9854,6.3264,52.2856,lentil
27,71,13,26.6811,70.5378,7.445,41.0802,lentil
15,76,23,18.2582,52.6352,6.6144,45.8677,lentil
18,64,15,26.7337,70.2416,6.9219,40.2083,lentil
20,69,17,29.6945,70.2211,7.3779,48.0231,lentil
22,70,20,19.0374,71.1786,6.6579,43.9843,lentil
17,62,15,25.3142,73.0294,6.877,38.9253,lentil
8,68,15,23.0033,79.9141,6.8917,54.8279,lentil
24,59,13,18.3667,62.0074,7.2417,52.0025,lentil
22,57,21,24.4787,65.267,7.1954,41.2657,lentil
12,70,17,25.5008,61.5849,6.7899,48.9845,lentil
17,66,28,21.1966,64.5138,6.9318,49.2619,lentil
25,69,16,26.4977,75.2301,6.7141,49.9961,lentil
25,68,16,17.9997,55.0849,6.1612,33.6402,lentil
23,62,17,18.5157,58.4727,7.0288,52.5462,lentil
18,68,20,23.4098,74.1403,7.8461,41.5121,lentil
19,61,18,23.0762,71.6403,6.4581,42.9952,lentil
18,76,21,20.8503,61.9581,6.5135,63.9652,lentil
24,60,16,25.4288,70.4808,6.4646,47.6131,lentil
15,67,15,24.5927,66.8885,7.2623,42.7957,lentil
16,62,14,25.5744,75.0019,7.1242,30.0629,lentil
23,71,12,22.6306,65.0216,6.8207,55.2283,lentil
19,66,17,24.8077,71.6794,6.441,36.0835,lentil
25,65,18,21.663,82.9941,6.9462,38.4759,lentil
16,73,17,29.1615,68.6867,6.1177,43.1805,lentil
19,68,23,20.5624,64.8453,6.9717,55.4149,lentil
15,71,23,29.3159,69.5571,7.3358,50.9127,lentil
19,62,18,23.1047,61.943,6.2744,44.3951,lentil
13,60,14,18.8735,81.2158,6.1337,47.658,lentil
17,69,17,27.1042,65.7605,7.6897,41.2973,lentil
13,66,17,23.3777,62.5895,6.5941,46.4776,lentil
22,72,17,25.5534,58.6502,7.468,46.0134,lentil
22,68,17,26.6716,72.1805,6.823,52.2814,lentil
12,69,17,24.0139,70.5703,6.819,52.2702,lentil
24,58,18,21.2233,61.0185,7.1192,48.9578,lentil
29,79,17,25.9271,68.5352,6.458,42.9636,lentil
19,67,20,23.0023,53.9401,6.9662,50.6928,lentil
16,72,20,25.0576,65.7948,6.7093,44.8562,lentil
30,63,16,16.5388,67.6693,6.2398,37.9266,lentil
14,70,23,24.3409,76.4513,7.0687,42.677,lentil
19,60,16,21.0842,59.1043,6.7683,46.0917,lentil
20,71,14,27.9599,55.5515,6.8215,51.8715,lentil
24,66,20,24.8693,58.232,6.2949,44.2153,lentil
20,68,17,23.7196,55.144,7.6957,37.0356,lentil
17,72,20,24.4589,73.8566,7.3384,45.8972,lentil
15,61,12,20.0047,75.3405,7.3821,46.2942,lentil
18,64,23,27.8698,66.7415,6.7473,46.8009,lentil
15,71,21,28.9741,73.0491,6.0354,51.9391,lentil
19,81,14,24.1787,65.4377,7.8765,52.6325,lentil
17,67,15,27.7712,63.8342,6.8695,41.3405,lentil
13,72,24,21.2926,62.1687,6.5256,41.187,lentil
24,67,17,20.6087,62.3273,7.1084,38.2186,lentil
17,80,16,23.1228,53.6654,7.4836,50.3917,lentil
14,58,12,24.3048,66.3498,6.8885,55.6417,lentil
18,69,18,21.818,64.2177,7.5393,43.2944,lentil
19,58,18,24.6133,69.7175,7.4415,43.81,lentil
12,53,21,23.9192,65.1547,6.3618,55.7675,lentil
20,70,15,20.0051,63.3611,6.5631,49.0389,lentil
15,69,14,24.5564,58.4016,7.3788,48.5536,lentil
26,66,20,25.5906,65.0051,5.5437,37.1636,lentil
21,67,22,23.5144,69.6677,6.8253,50.2511,lentil
17,87,14,26.4579,56.4966,6.1846,38.996,lentil
16,66,22,19.3478,65.1123,6.6617,37.5619,lentil
19,71,19,24.4039,66.1313,6.7506,43.0726,lentil
21,64,22,19.4892,59.4735,6.7209,41.3995,lentil
18,20,46,18.1316,94.7644,5.9255,115.0745,pomegranate
12,16,34,22.1753,89.4126,5.9465,107.94,pomegranate
24,18,42,24.7379,81.1209,5.2248,110.8795,pomegranate
25,21,33,23.2652,84.4013,7.2364,103.7705,pomegranate
9,21,45,21.821,89.0025,5.968,104.5624,pomegranate
24,24,39,16.895,85.3478,6.3367,109.8005,pomegranate
15,19,46,19.5708,88.3463,5.9448,98.1876,pomegranate
23,20,42,22.5634,90.1296,6.7476,104.6361,pomegranate
19,17,34,19.6385,95.849,6.2122,100.6231,pomegranate
19,20,47,22.6101,88.8382,5.7476,100.3754,pomegranate
18,21,48,24.0452,94.2902,6.6208,90.6213,pomegranate
25,19,44,24.8875,95.715,5.6831,118.2146,pomegranate
13,12,36,18.3215,95.7372,5.9813,102.0077,pomegranate
22,20,38,28.5899,91.139,5.3466,116.807,pomegranate
25,20,41,24.3024,82.1468,5.688,116.0503,pomegranate
23,16,36,21.9949,91.8433,6.4893,97.212,pomegranate
31,14,48,25.2686,94.1936,5.4177,98.7927,pomegranate
16,25,41,29.0962,89.6757,5.6594,127.984,pomegranate
24,21,26,17.6838,96.9783,6.3988,121.5074,pomegranate
18,18,42,21.3242,93.4393,6.1282,107.2479,pomegranate
25,14,38,14.8647,92.2731,7.396,109.559,pomegranate
19,16,40,22.578,94.3455,7.3169,102.4532,pomegranate
17,24,38,23.0962,91.3335,5.966,110.9588,pomegranate
26,20,44,21.8825,80.0288,6.6786,101.7625,pomegranate
17,17,46,20.0364,88.0034,6.7746,91.2412,pomegranate
12,21,41,15.8515,94.7887,6.1013,96.9276,pomegranate
16,16,38,23.1206,86.7696,5.6522,107.6687,pomegranate
22,25,40,26.3663,89.1061,6.3939,98.4515,pomegranate
26,24,40,20.2269,85.8207,6.3136,106.9618,pomegranate
20,17,36,23.3202,97.1357,6.1821,98.9027,pomegranate
26,16,43,17.2956,96.726,6.6212,101.2412,pomegranate
12,9,42,23.3716,86.4645,6.0246,114.3253,pomegranate
17,13,48,20.8199,90.5892,5.824,109.4798,pomegranate
18,14,46,19.7127,87.278,6.4545,107.4227,pomegranate
18,20,37,19.7189,92.4598,6.593,114.5317,pomegranate
19,18,44,20.8192,92.0387,5.8117,111.3449,pomegranate
22,14,35,23.1473,93.2468,6.864,119.0725,pomegranate
17,18,43,18.0635,91.3277,5.5148,103.8211,pomegranate
20,21,37,20.8087,100.0,6.1109,104.0629,pomegranate
19,21,35,21.8756,85.8883,6.271,97.0911,pomegranate
14,11,41,18.7029,83.1576,6.0819,104.0682,pomegranate
18,18,27,27.39,88.4276,6.1175,115.2182,pomegranate
18,13,31,19.4395,83.728,7.3355,117.8999,pomegranate
18,23,39,19.9917,84.0302,5.9746,115.1824,pomegranate
19,22,40,19.0651,85.9947,7.6206,93.1465,pomegranate
19,15,38,27.3954,86.3112,6.6186,116.1652,pomegranate
17,16,32,23.6587,86.1815,6.446,92.7919,pomegranate
25,17,36,19.1902,92.0729,6.6381,114.6849,pomegranate
13,10,42,25.3187,87.9752,7.665,104.5577,pomegranate
15,20,43,22.6021,89.2819,5.9032,113.1203,pomegranate
33,18,40,22.7718,93.5769,5.8398,96.8404,pomegranate
14,23,46,20.9666,86.9347,6.0226,116.8693,pomegranate
12,15,42,19.7518,88.9418,6.4161,95.7802,pomegranate
23,17,36,23.0133,91.463,5.5371,102.1524,pomegranate
9,13,39,20.3647,82.2337,6.4112,99.5152,pomegranate
18,15,33,27.4503,80.4604,7.2468,93.4657,pomegranate
30,14,39,18.1921,91.3845,6.4757,108.2562,pomegranate
11,23,46,26.6085,91.9681,6.2537,121.9487,pomegranate
9,16,43,21.666,98.2569,6.0909,128.8352,pomegranate
12,19,47,22.8973,90.6324,6.8493,108.2772,pomegranate
23,17,38,24.4995,93.279,5.9871,116.4335,pomegranate
25,14,47,20.1093,89.2181,7.3232,109.3568,pomegranate
16,18,39,24.5927,91.1889,7.3667,111.4911,pomegranate
22,21,47,13.8774,96.669,6.5284,104.7628,pomegranate
26,14,40,19.84,81.504,6.3942,109.0606,pomegranate
28,22,44,19.2278,91.6545,6.9153,111.7998,pomegranate
18,16,47,18.2395,98.5423,6.9474,102.8723,pomegranate
7,17,39,21.3551,91.1281,5.997,106.88,pomegranate
15,21,41,23.1572,96.6023,6.1367,107.0326,pomegranate
17,16,46,24.108,87.4832,5.7388,114.1112,pomegranate
18,19,39,22.7226,89.8718,6.6045,98.9717,pomegranate
18,18,33,20.0029,90.1341,6.7333,107.0877,pomegranate
25,20,51,23.107,81.1296,5.725,122.796,pomegranate
25,9,38,22.3729,85.3273,6.1724,116.8125,pomegranate
18,12,41,24.8082,85.6125,5.7264,118.2934,pomegranate
24,21,46,24.3308,93.2883,5.9506,107.6955,pomegranate
21,23,37,22.0914,93.4886,6.6755,110.068,pomegranate
19,15,35,19.3082,91.2961,6.0333,115.5179,pomegranate
24,18,41,20.0411,93.2964,6.2496,119.982,pomegranate
19,20,31,20.3506,89.3434,5.5863,91.8872,pomegranate
29,22,39,21.0542,94.8077,6.4935,96.9765,pomegranate
12,11,41,22.8042,90.0352,6.3779,117.9756,pomegranate
16,15,39,24.1455,90.2315,6.0355,105.2849,pomegranate
18,18,32,21.8466,88.9376,6.3055,102.1262,pomegranate
21,22,48,22.0484,92.7378,6.4901,97.4667,pomegranate
25,29,41,22.4299,88.3152,5.9926,103.0599,pomegranate
19,18,47,20.4523,93.9057,5.6619,96.281,pomegranate
12,13,39,19.2238,85.4714,7.3028,124.2288,pomegranate
23,21,36,16.7337,85.6043,6.0834,107.3205,pomegranate
23,24,41,19.9146,92.7497,6.3516,107.0364,pomegranate
9,19,39,23.4194,89.6458,6.9054,112.2046,pomegranate
19,15,34,19.8913,88.1844,8.1645,115.1988,pomegranate
11,23,47,21.2866,93.5602,5.7778,115.0671,pomegranate
16,22,37,23.3993,87.571,6.6249,116.089,pomegranate
14,15,31,23.5621,89.1992,6.0462,102.4532,pomegranate
23,21,47,18.7614,95.5969,6.1306,105.1171,pomegranate
20,23,37,24.9912,96.1566,6.0399,113.6523,pomegranate
13,24,37,25.3821,96.2896,5.8372,103.2809,pomegranate
23,19,31,18.6105,88.8715,6.3794,107.4591,pomegranate
12,18,49,19.5285,94.9228,5.6627,110.6901,pomegranate
108,80,51,25.6779,77.4794,6.6903,103.4535,banana
82,81,50,25.9701,82.2962,6.0487,98.8909,banana
107,83,54,26.0866,79.5605,6.3014,110.8243,banana
98,80,46,27.678,79.2637,6.0399,94.8107,banana
107,87,41,27.9125,76.9112,5.7331,108.668,banana
108,79,51,20.9107,86.6624,5.1032,96.2249,banana
116,67,51,29.0433,78.498,6.0822,94.2281,banana
114,81,57,29.8727,82.7979,5.6898,97.3502,banana
113,63,44,24.8996,72.5,5.6799,100.4951,banana
114,85,56,25.0554,84.72,5.8004,104.414,banana
103,74,62,26.0995,84.2088,6.6979,107.8255,banana
100,83,48,25.488,80.3897,6.9619,60.7396,banana
109,93,44,27.4479,79.0922,6.0869,95.3082,banana
107,74,48,23.1069,81.6,5.8141,100.3012,banana
97,90,50,24.7641,89.1552,5.5291,123.0607,banana
104,79,53,30.0784,72.9471,6.1874,92.04,banana
100,96,47,25.1436,83.1281,6.7132,106.9536,banana
91,79,58,29.4869,76.3535,5.9011,122.9404,banana
113,75,44,27.7107,79.9203,5.0484,89.2444,banana
101,87,41,23.3815,79.0085,6.268,109.7277,banana
120,79,56,28.2707,78.2867,6.3942,95.3727,banana
84,75,39,26.7647,79.9581,5.3657,98.9444,banana
94,78,49,26.0891,75.4633,6.0706,95.3627,banana
100,82,66,27.4899,84.1167,6.1805,96.2177,banana
111,93,50,27.9493,72.8234,5.9708,137.6629,banana
104,67,44,28.4152,82.1591,5.6837,115.1335,banana
103,82,50,29.3565,78.6939,6.4064,118.2209,banana
89,87,50,27.8163,75.3163,5.8386,110.9039,banana
88,84,51,24.2487,80.8095,5.4059,85.7249,banana
103,92,53,26.0527,73.7722,5.1802,109.7395,banana
86,81,45,32.8861,80.1589,6.5043,117.8752,banana
95,81,58,28.449,74.3085,6.2467,94.7592,banana
105,87,51,31.7386,81.8451,6.0352,116.5839,banana
90,83,54,29.7909,76.3026,5.8239,113.452,banana
116,79,47,27.4836,78.196,5.7884,127.2245,banana
112,86,56,27.6028,81.1758,5.5697,99.9866,banana
84,77,49,26.9268,76.9098,5.8274,91.8287,banana
91,77,51,23.5244,79.7681,5.152,100.6605,banana
77,78,45,27.0361,73.9447,5.7056,122.2269,banana
92,93,45,29.4213,82.5235,5.8756,83.0591,banana
108,56,53,25.8007,87.0597,6.244,80.1795,banana
96,85,48,27.8239,91.1688,5.984,106.0727,banana
105,82,46,28.7032,80.3647,6.318,99.6889,banana
85,69,47,25.1806,83.1528,6.5397,105.0927,banana
108,84,53,26.0974,72.8775,6.4233,116.3437,banana
94,86,47,24.9642,86.0109,6.1882,98.3692,banana
100,87,49,25.3557,83.1049,6.0047,82.5239,banana
99,61,50,24.4248,78.0643,5.6077,129.5338,banana
87,93,40,25.1991,84.9487,6.296,93.0333,banana
88,76,43,29.8389,78.9821,6.6719,92.2916,banana
110,87,52,25.169,78.1679,6.1368,118.2446,banana
104,88,46,27.2529,81.9013,6.7669,100.3861,banana
111,75,55,25.9943,75.7466,5.3898,104.2393,banana
103,87,55,29.3577,84.0865,5.5383,110.7935,banana
101,79,54,29.6223,75.776,6.3421,118.003,banana
83,65,59,28.7281,75.7998,6.1057,100.9985,banana
97,91,50,27.6123,76.3612,6.5255,123.2394,banana
100,76,53,26.5379,83.038,5.9938,79.3704,banana
120,75,47,24.6163,77.5329,5.6528,114.1174,banana
107,79,62,30.8871,74.608,5.9146,94.9257,banana
115,84,60,25.4807,77.5773,5.3869,121.4673,banana
106,82,50,28.3273,79.8718,5.5486,106.7045,banana
93,86,52,29.1191,75.2761,6.389,96.9251,banana
101,71,57,25.8894,75.3933,6.3491,112.9541,banana
102,76,49,29.076,88.4452,6.1452,115.7183,banana
91,81,47,28.5284,76.5577,5.3116,112.7027,banana
96,97,54,30.4559,78.7078,5.8566,92.6436,banana
98,81,50,26.0613,78.5311,5.51,99.1918,banana
116,91,51,24.4283,78.3146,6.4706,104.9511,banana
79,82,46,25.989,82.4854,5.7665,104.5049,banana
112,78,41,27.4177,83.7926,5.5657,113.9969,banana
91,80,51,27.1164,78.7762,6.0119,80.8212,banana
86,81,55,26.2131,75.0541,5.7439,109.0119,banana
112,87,49,23.1816,85.0978,6.5935,101.5202,banana
107,93,57,27.941,79.6186,5.7061,94.938,banana
113,85,46,30.9447,86.9213,5.4403,96.0902,banana
108,91,45,27.9285,71.0177,5.1388,102.4255,banana
121,74,50,28.2183,80.7816,5.9877,61.787,banana
106,79,50,28.1449,87.6744,5.7752,96.5845,banana
98,76,54,27.7941,78.5869,5.4284,94.4902,banana
103,85,46,28.8633,79.098,6.4757,111.3934,banana
112,79,57,27.7907,81.182,6.2669,95.3337,banana
92,88,60,26.3746,77.7648,5.9887,102.4186,banana
93,75,50,25.408,78.7517,6.5457,123.5073,banana
97,82,56,26.5021,78.6487,6.265,116.9322,banana
79,87,45,27.6283,77.4903,5.6709,115.8273,banana
101,65,55,26.3678,84.9154,5.5843,99.0015,banana
81,99,55,27.6287,81.8443,6.3272,111.5164,banana
101,80,54,27.8783,81.0025,6.1585,102.1932,banana
109,66,50,28.6664,83.2343,6.0679,102.6469,banana
95,83,35,29.5656,78.9426,5.6614,109.9162,banana
117,82,47,27.156,76.9032,6.2432,97.8361,banana
85,81,47,24.3844,77.5895,5.6978,122.916,banana
112,90,45,26.3098,80.0071,5.9592,103.0784,banana
107,88,51,27.0881,75.7632,6.5788,112.4203,banana
83,84,48,23.3285,77.999,5.7357,122.4672,banana
127,86,46,29.7773,77.9355,5.3708,117.3798,banana
99,81,45,27.2848,88.4982,5.579,88.093,banana
91,96,46,27.7627,68.9047,6.3977,110.3388,banana
86,70,56,29.7311,79.2815,6.1019,115.2086,banana
24,24,24,30.9174,35.6235,3.5,116.8076,mango
14,24,25,29.7409,45.9261,6.4421,87.8005,mango
17,24,32,30.5691,47.1166,5.3758,84.1765,mango
25,28,25,32.7868,38.7506,5.2191,97.0828,mango
16,26,34,34.1946,43.0555,5.4609,107.4725,mango
19,25,30,32.4262,38.115,5.432,106.9714,mango
28,29,30,31.2543,49.7701,6.0674,73.6375,mango
20,34,29,34.745,54.9126,4.7643,123.6741,mango
16,34,33,30.2179,56.6406,5.0534,85.3825,mango
16,19,33,33.5773,52.4887,5.9059,91.024,mango
22,29,31,30.2798,44.2196,6.0738,81.4602,mango
13,26,32,32.0776,38.4076,6.0849,135.4749,mango
19,28,29,30.7161,39.4588,5.2278,98.6311,mango
22,25,32,30.8604,42.3861,5.113,82.2354,mango
26,27,29,30.0565,44.6668,5.396,107.9589,mango
23,28,30,34.3621,49.0415,5.8439,106.537,mango
16,25,29,29.1677,43.915,6.5913,92.1841,mango
26,23,28,29.1494,52.0339,4.4715,107.6091,mango
19,25,27,36.3025,48.6064,5.5676,82.6206,mango
14,28,32,33.4446,50.0633,4.9004,87.6062,mango
19,29,35,25.0372,56.8415,4.7087,64.8468,mango
27,30,35,29.5869,42.9186,6.2802,75.1407,mango
21,25,25,26.47,52.5122,6.0268,122.1145,mango
20,28,35,28.6233,49.9162,5.9697,119.6214,mango
28,31,29,23.1537,47.9991,6.2526,95.9868,mango
13,32,32,30.6575,55.3115,5.4122,119.944,mango
14,27,26,28.1451,55.2741,5.4404,92.5989,mango
12,26,31,31.1498,44.3211,7.0114,91.3488,mango
22,28,31,26.9372,48.907,5.5521,95.8477,mango
21,22,24,31.2073,51.6873,6.1411,93.1262,mango
28,26,32,29.9627,48.362,5.7038,91.7721,mango
21,30,35,34.7549,53.5101,4.591,112.151,mango
18,30,29,34.5284,51.6872,4.4732,97.252,mango
20,26,35,32.9634,60.9954,5.3526,105.6872,mango
21,28,29,30.1835,40.8183,6.3337,110.4707,mango
12,24,33,35.9635,49.2654,6.173,100.8228,mango
34,30,21,27.1174,44.549,6.2484,80.4459,mango
23,27,40,27.4911,53.6246,5.1078,74.707,mango
21,26,36,30.7905,40.297,6.6695,97.2317,mango
23,26,29,36.6351,52.0779,5.1211,92.4312,mango
24,27,22,30.4942,46.2197,5.8277,96.3109,mango
19,25,31,30.5419,45.595,5.6938,94.7592,mango
17,30,24,27.3952,41.321,5.5957,133.7536,mango
23,25,32,33.3648,47.2095,6.5032,75.0466,mango
22,33,32,33.3829,56.507,5.2769,65.1508,mango
16,33,26,32.9727,49.8489,4.8902,99.9857,mango
27,23,34,29.4269,53.7661,5.712,89.3537,mango
21,27,33,29.2332,59.9879,5.4601,99.741,mango
24,24,34,27.7672,51.5825,7.7264,103.7582,mango
27,26,30,31.2097,46.6472,6.1059,114.2616,mango
20,35,24,28.299,52.8035,5.4544,72.3916,mango
22,26,34,28.0565,46.7342,5.0663,86.6492,mango
24,28,29,29.9408,46.9735,4.5718,101.4314,mango
16,29,24,29.7771,40.8806,5.0849,106.557,mango
20,23,35,29.6551,55.5575,5.769,127.9017,mango
21,24,38,32.1661,47.684,6.5564,109.3356,mango
15,22,30,31.1976,51.0926,6.373,94.1482,mango
32,23,39,30.2796,43.7842,5.8375,81.6435,mango
13,16,30,31.4575,52.6157,5.5061,86.5357,mango
14,29,28,28.5212,45.4284,5.8613,86.1095,mango
27,35,27,31.2632,49.1497,5.3888,104.8285,mango
24,28,37,31.3765,55.267,6.731,98.855,mango
15,21,27,27.2424,54.7446,5.5865,75.1453,mango
23,24,33,33.4892,49.8678,5.6482,88.4615,mango
27,25,28,28.7964,39.3912,4.3705,108.1632,mango
20,23,28,31.2258,67.9569,5.5827,100.2749,mango
33,30,34,33.911,60.4752,6.2019,103.5297,mango
11,30,28,33.3142,54.336,5.0594,100.7438,mango
23,22,28,31.0858,45.4808,5.2496,119.3965,mango
26,30,35,30.0938,49.3184,6.1756,98.5406,mango
24,33,36,33.3688,46.7395,4.814,89.2097,mango
19,35,33,32.6867,57.5831,6.3347,81.2637,mango
19,38,27,29.4541,51.575,5.3807,98.7441,mango
22,23,28,29.0128,45.295,5.4669,58.3894,mango
24,38,30,25.8191,47.1755,5.0257,92.2357,mango
23,26,31,31.3851,56.7271,5.9268,91.9124,mango
25,25,26,30.7933,59.6006,7.1759,74.5329,mango
15,28,33,33.8405,59.17,6.1689,81.076,mango
19,25,30,31.8976,54.5422,5.1814,107.1449,mango
15,29,23,34.3356,48.4843,6.3814,98.4607,mango
18,22,26,29.2566,30.5509,5.51,96.5268,mango
25,26,28,33.8454,51.783,6.5247,99.5952,mango
21,32,30,29.6777,49.989,6.184,96.3894,mango
33,27,38,32.944,50.8399,3.9341,113.6429,mango
21,28,31,27.3531,50.3234,5.0976,96.8514,mango
20,29,27,31.5878,42.0424,6.2666,73.1268,mango
21,32,31,26.0383,53.3445,5.791,119.4519,mango
17,20,29,30.3322,53.7933,5.0857,100.5551,mango
20,29,31,32.1009,54.094,5.3198,86.1612,mango
26,26,32,29.6976,55.6795,4.5563,76.199,mango
21,28,35,28.3739,53.6243,5.647,100.9387,mango
16,31,30,33.1153,47.5398,7.0264,93.2424,mango
15,22,37,30.7413,49.575,6.183,118.6122,mango
18,23,34,29.7761,50.5467,7.0143,89.8114,mango
20,19,27,31.1047,50.6462,6.2294,82.4393,mango
26,25,39,37.5917,55.9893,6.3165,108.4369,mango
13,32,31,33.8838,53.862,6.8844,108.8792,mango
18,27,27,33.9064,62.4641,5.9264,97.5298,mango
21,22,37,32.0889,63.2388,5.5877,105.1454,mango
11,25,38,31.4162,50.4779,6.3196,94.4347,mango
24,145,196,28.7761,78.7364,5.9534,75.6232,grapes
30,127,192,22.2368,77.3852,6.0857,78.0873,grapes
27,145,205,19.6704,83.9865,5.6094,73.4895,grapes
22,129,204,25.9146,84.5404,6.0641,53.96,grapes
31,118,205,29.2329,83.6007,5.8305,68.2566,grapes
9,129,205,25.9908,73.9437,5.6938,60.2543,grapes
35,142,186,24.6144,78.5325,6.2936,67.8792,grapes
13,124,205,25.2274,81.8812,5.3849,77.34,grapes
19,126,175,28.2445,83.9489,6.2259,71.9412,grapes
23,138,192,21.3774,85.0692,6.2738,78.6847,grapes
22,132,195,23.6645,82.577,5.6481,72.234,grapes
29,138,205,22.6419,83.3231,5.6719,59.1134,grapes
17,134,202,20.4964,82.3395,5.9108,49.3332,grapes
25,137,198,23.0149,84.7425,6.1128,70.6905,grapes
20,128,200,27.3232,83.2515,5.9389,67.7886,grapes
25,134,190,25.6998,82.263,6.1734,61.6844,grapes
23,123,185,25.9329,80.9265,6.7052,55.895,grapes
24,145,205,24.4394,82.3252,5.7969,63.6221,grapes
20,126,205,25.57,83.9384,5.3139,67.9441,grapes
20,143,205,21.5982,83.0699,6.3304,74.827,grapes
25,130,192,23.0715,83.5233,6.6733,71.009,grapes
29,134,205,24.576,87.3709,6.1571,82.3645,grapes
19,127,197,24.8325,83.0607,5.5649,61.2152,grapes
18,122,205,24.9606,79.404,5.9504,76.5485,grapes
27,115,205,23.585,85.5344,5.5526,69.8784,grapes
23,121,202,22.8677,76.5352,6.2571,75.0574,grapes
28,129,197,33.4733,77.6743,5.4595,66.0079,grapes
18,134,205,26.7204,83.3434,5.8799,78.0734,grapes
12,142,205,25.2394,84.0656,5.5983,71.8618,grapes
20,128,193,23.3004,77.0198,6.0507,64.0644,grapes
18,123,187,22.6463,80.4687,5.8535,69.4038,grapes
23,118,197,23.6076,79.5757,6.0707,67.5836,grapes
19,137,205,24.8785,80.0533,6.0089,73.4134,grapes
27,145,205,18.3587,85.7744,5.6053,60.0618,grapes
21,145,189,19.2918,84.826,6.2508,69.2652,grapes
24,139,188,22.0894,81.9235,5.9805,72.6625,grapes
24,138,205,24.6214,79.8162,5.6046,69.7642,grapes
24,145,189,23.2822,76.6014,6.8964,80.2755,grapes
23,135,205,28.4344,87.6807,6.1906,75.6922,grapes
26,138,194,19.5528,84.3685,5.9387,69.4402,grapes
18,129,205,21.746,79.1733,6.5661,71.2335,grapes
31,118,192,28.5603,84.8784,6.7367,71.8653,grapes
22,125,205,24.3934,81.7191,5.9419,72.7264,grapes
15,132,202,26.6545,80.8516,6.139,54.8947,grapes
24,133,203,30.1537,83.7408,5.6048,67.0878,grapes
18,145,180,21.9186,79.034,5.9411,57.6245,grapes
27,133,178,23.7021,80.625,5.9204,79.7262,grapes
36,144,198,23.1827,82.4858,6.0739,69.0132,grapes
18,128,202,18.1362,80.0022,6.1331,67.9533,grapes
25,129,189,23.0688,84.6763,6.2239,76.6744,grapes
12,119,189,26.6432,89.4763,6.0951,72.8786,grapes
26,125,205,25.6218,78.9828,5.5157,60.4709,grapes
18,137,205,25.8572,75.3395,5.6246,68.9328,grapes
19,132,199,22.8735,73.993,5.7814,66.8187,grapes
16,141,205,22.0317,81.3981,5.8871,55.5437,grapes
27,134,188,27.8078,79.3473,6.4203,63.9778,grapes
29,128,196,22.508,82.8314,5.5348,68.0317,grapes
23,145,205,24.8822,82.5304,5.857,68.5804,grapes
18,131,201,24.49,75.5871,6.3812,57.6421,grapes
33,144,201,28.3852,74.7405,5.88,78.7133,grapes
18,128,205,26.9142,83.1837,6.1842,68.6832,grapes
10,139,186,20.1142,82.5417,5.9442,69.8004,grapes
26,141,205,20.4373,80.2967,6.1027,72.7051,grapes
16,134,205,25.7367,75.3714,5.9086,63.1954,grapes
29,108,197,23.807,83.8856,6.2668,73.1508,grapes
21,132,205,22.6345,87.0876,5.382,66.5634,grapes
27,144,190,27.0469,83.1119,5.8547,62.3273,grapes
31,137,193,24.5624,78.6101,6.1186,74.0876,grapes
16,136,204,24.1574,82.1782,6.2135,81.4334,grapes
20,115,205,26.3395,76.5355,6.5972,75.2986,grapes
23,125,205,22.8747,86.2318,5.8436,76.8838,grapes
32,136,205,28.7056,82.3274,6.5918,65.335,grapes
19,136,199,21.6359,74.9274,5.7364,56.719,grapes
19,144,205,25.9708,80.7973,6.5315,81.4211,grapes
26,131,197,28.3015,83.8532,6.327,85.9361,grapes
20,136,205,19.8681,80.6678,5.6346,81.8425,grapes
24,132,202,22.97,80.8964,6.1228,66.8137,grapes
14,122,204,27.4266,77.1024,5.9795,60.2629,grapes
36,109,204,27.4717,84.2662,6.2502,60.9745,grapes
15,136,184,23.4855,79.4061,5.9107,56.0301,grapes
21,134,189,21.796,73.3742,5.8771,68.641,grapes
23,126,201,26.8678,80.515,6.5476,82.3454,grapes
34,116,183,27.5506,85.9246,5.9605,68.3667,grapes
15,138,205,20.506,80.4523,6.3306,71.9186,grapes
35,129,205,20.3883,88.9519,5.9099,80.5048,grapes
28,138,203,24.6758,83.7159,6.6667,66.2672,grapes
26,145,189,25.8881,83.355,5.7287,85.7843,grapes
17,111,205,23.1028,81.4864,5.7543,85.4368,grapes
26,125,205,26.0379,81.7269,6.6098,68.4511,grapes
19,130,201,21.8696,80.9463,5.822,64.8797,grapes
31,145,205,17.6559,80.7909,6.6404,75.0779,grapes
17,116,202,22.7283,84.1235,6.3567,66.7198,grapes
22,145,205,24.1897,78.2567,5.9381,60.2476,grapes
20,133,199,23.1725,77.6964,5.2747,79.7499,grapes
17,131,200,20.5242,77.5072,5.9923,79.2316,grapes
27,130,205,18.5531,90.1826,6.0407,70.7441,grapes
26,128,205,22.4577,84.1214,6.4669,59.3971,grapes
30,142,186,26.693,83.218,6.6354,59.6638,grapes
12,121,199,27.7686,77.7699,5.726,70.3578,grapes
29,135,188,27.5631,84.4934,6.3205,65.501,grapes
96,24,53,26.9305,83.9289,5.8407,49.024,watermelon
109,15,55,24.7133,90.2908,6.8806,53.1802,watermelon
106,15,53,22.3256,85.7023,6.5571,54.0223,watermelon
113,16,39,25.0854,80.901,6.3861,50.5393,watermelon
89,13,56,26.7471,92.3922,6.7571,53.7545,watermelon
96,10,56,29.1108,88.9628,6.9574,45.6462,watermelon
107,21,55,23.1041,84.5159,5.6594,59.8474,watermelon
103,10,52,24.6469,87.9087,6.6303,56.4558,watermelon
114,18,51,24.7212,83.3852,6.072,42.4304,watermelon
103,21,56,28.2116,88.3166,6.6497,44.0494,watermelon
117,11,62,25.4301,75.4357,6.5384,44.2185,watermelon
104,13,44,23.6853,80.9208,6.6907,54.5678,watermelon
110,22,56,26.6174,88.917,6.3502,42.7916,watermelon
96,19,49,24.6907,84.0014,5.938,48.5139,watermelon
99,15,49,23.0512,85.8302,6.3649,53.2282,watermelon
108,22,41,23.7145,79.6129,6.6221,50.103,watermelon
115,22,48,28.9681,92.3915,6.8046,52.0533,watermelon
106,18,44,26.2684,89.7621,6.1485,44.1052,watermelon
98,13,47,25.7155,84.1973,6.8081,54.0691,watermelon
113,15,43,25.0002,83.3812,6.3056,46.8207,watermelon
77,18,47,26.0843,89.1184,6.6087,48.5523,watermelon
85,16,48,26.0605,92.9299,6.347,51.9264,watermelon
106,21,51,26.0843,88.815,6.5547,51.1185,watermelon
99,11,40,25.7297,93.6872,6.7676,50.6439,watermelon
105,11,41,27.2376,81.3106,6.1319,45.9962,watermelon
100,18,52,25.5462,81.7225,6.296,48.7027,watermelon
105,15,45,23.5441,80.2442,6.5555,50.5131,watermelon
91,14,56,24.2752,86.767,7.2205,42.2495,watermelon
105,10,51,21.542,85.7024,6.241,47.7248,watermelon
109,17,54,29.5536,84.3922,7.112,52.8261,watermelon
111,17,58,27.2255,88.237,7.1013,42.8354,watermelon
119,20,48,23.8399,89.9293,6.4708,57.4395,watermelon
101,17,47,24.9363,78.8974,6.4106,58.1177,watermelon
102,16,55,24.2262,82.6121,6.2924,43.0291,watermelon
84,22,53,28.5851,88.2806,6.4795,58.6457,watermelon
94,12,49,22.6602,83.129,6.078,49.6385,watermelon
97,19,58,25.729,81.8072,6.4771,53.0111,watermelon
110,10,49,25.2829,89.0741,6.9491,47.5201,watermelon
93,14,50,27.1537,79.842,6.3167,56.0383,watermelon
107,12,50,25.292,83.7937,6.4278,52.9366,watermelon
99,20,44,21.9836,86.3146,5.9897,45.6151,watermelon
97,17,50,24.9978,82.7047,6.6122,43.5088,watermelon
101,17,58,23.5557,88.1326,6.5793,41.7382,watermelon
95,13,53,25.6592,82.7245,6.5191,51.6277,watermelon
95,16,50,28.3684,90.6345,6.435,53.9348,watermelon
82,14,49,22.0211,84.497,6.4122,54.4058,watermelon
97,19,52,23.8996,87.6851,6.6506,49.7921,watermelon
94,13,54,24.3946,87.9841,6.4914,43.558,watermelon
94,22,54,24.7367,82.4898,6.5945,46.4076,watermelon
103,10,48,26.9803,76.7861,6.5645,57.4141,watermelon
106,14,52,25.1529,86.443,6.837,47.5922,watermelon
101,24,53,26.3316,85.2892,6.7031,51.3605,watermelon
109,15,44,24.2485,87.2233,6.5579,44.0461,watermelon
105,12,51,25.9598,84.0939,6.9555,52.5195,watermelon
96,18,37,27.0556,83.2783,6.6261,47.7539,watermelon
94,15,53,24.0354,93.0339,6.8915,56.7803,watermelon
102,14,54,27.0627,79.1106,6.6821,55.1413,watermelon
105,13,54,25.6047,87.9358,5.9474,47.5258,watermelon
113,28,48,27.5909,82.7016,6.8915,49.74,watermelon
111,16,52,25.0972,83.6569,6.5406,47.1933,watermelon
94,9,59,26.2625,83.7316,6.4844,41.9834,watermelon
98,23,58,25.4188,81.7863,6.5844,45.3553,watermelon
106,19,50,25.3076,87.2849,6.3965,51.6893,watermelon
110,14,51,26.0179,90.5626,6.5681,52.4516,watermelon
108,13,57,26.5736,86.8801,6.3224,51.3913,watermelon
98,20,41,23.0009,85.4135,6.8823,48.6896,watermelon
86,16,48,28.3673,81.0542,6.4659,56.0984,watermelon
89,9,58,21.7807,87.0673,6.3852,50.8813,watermelon
102,24,56,24.1304,93.6254,6.2225,54.7195,watermelon
102,15,52,25.3115,83.4772,6.5806,39.8573,watermelon
88,23,41,26.3247,83.4961,6.5561,26.9656,watermelon
99,22,50,28.6523,82.7556,6.6165,52.2027,watermelon
105,13,46,21.7834,83.0423,6.1918,41.9514,watermelon
87,21,52,24.4846,74.0188,6.0196,49.2253,watermelon
110,14,45,21.2463,86.6201,6.6877,48.6874,watermelon
95,10,44,25.5632,81.6178,6.9454,60.0244,watermelon
112,15,38,26.0434,78.5589,6.1921,52.9,watermelon
94,19,57,28.6816,88.0128,6.9768,51.4952,watermelon
89,15,48,25.7413,80.6719,6.5852,55.5219,watermelon
94,16,51,27.5881,83.6453,6.4979,52.711,watermelon
98,22,50,26.6677,90.8658,6.3807,47.7539,watermelon
95,17,44,24.6295,79.3631,6.0846,56.9289,watermelon
97,14,42,22.6821,78.8696,6.7963,43.8415,watermelon
102,20,44,26.05,86.0772,6.2673,52.4395,watermelon
97,18,46,22.5158,89.5979,6.2661,41.2146,watermelon
98,7,52,28.0904,78.7026,6.7976,51.7237,watermelon
82,19,45,25.1759,86.6308,5.9351,51.6579,watermelon
103,19,60,27.8904,87.324,6.0429,60.5587,watermelon
98,17,56,24.5396,76.7634,6.4946,41.1102,watermelon
115,21,55,26.0377,88.194,6.588,46.8947,watermelon
90,14,49,25.9187,88.5064,6.6454,55.4361,watermelon
81,18,59,25.4099,83.7529,6.4095,52.5119,watermelon
105,11,49,24.6347,90.0094,7.2591,51.5818,watermelon
102,19,50,26.2849,89.5458,6.4316,44.7632,watermelon
89,25,51,23.6477,85.4125,6.4308,46.9551,watermelon
84,13,54,23.0811,83.1942,6.2609,57.9702,watermelon
114,14,54,27.9857,81.1087,6.5372,50.1909,watermelon
113,14,47,26.9543,84.8497,6.6845,52.7522,watermelon
74,18,47,25.6318,87.279,6.8611,49.8089,watermelon
94,13,54,28.8303,83.7033,6.0532,43.4015,watermelon
109,22,47,31.3113,92.8752,6.8722,24.2468,muskmelon
105,19,48,28.9015,92.6423,6.0068,24.1856,muskmelon
123,14,47,24.2948,93.4674,6.8663,29.2935,muskmelon
90,18,51,27.1529,92.1655,6.0104,24.5573,muskmelon
108,22,56,26.7836,91.9982,6.3716,22.8137,muskmelon
87,13,46,27.4075,95.5899,5.9178,28.6802,muskmelon
102,21,55,29.6258,96.5483,6.3044,24.9832,muskmelon
110,27,46,28.2851,87.4773,6.4158,21.4999,muskmelon
79,22,46,28.3463,92.0301,6.2536,29.12,muskmelon
98,24,54,31.1269,89.9339,6.5142,25.2746,muskmelon
94,19,55,27.1071,91.0671,6.3297,24.5117,muskmelon
93,22,54,32.2284,93.2075,6.1433,25.2116,muskmelon
104,15,43,27.1574,94.0083,6.13,20.2173,muskmelon
111,21,48,28.6784,91.6636,6.5433,22.3894,muskmelon
99,21,54,27.9376,86.26,6.1039,24.5143,muskmelon
102,19,50,28.7468,89.1049,6.5746,23.7213,muskmelon
101,23,45,29.3892,94.6895,6.6668,29.5897,muskmelon
100,16,52,29.3677,83.7787,5.7994,25.3696,muskmelon
89,17,46,26.9938,95.5623,6.6399,27.9196,muskmelon
111,18,59,26.2542,93.5637,6.9181,24.5376,muskmelon
103,14,58,33.5063,95.9485,6.3756,28.7252,muskmelon
104,19,53,27.532,91.4043,6.4797,26.0901,muskmelon
92,11,57,29.8984,85.8158,6.6111,24.5537,muskmelon
95,22,50,25.2847,93.2911,6.2174,24.4469,muskmelon
98,18,54,27.9408,95.824,6.3547,20.6822,muskmelon
85,16,57,28.2456,94.7742,5.9057,26.5277,muskmelon
83,15,51,29.4456,90.0119,6.3416,24.3392,muskmelon
94,17,49,23.0551,92.2603,6.4494,22.492,muskmelon
105,21,41,28.8323,90.4015,6.4548,28.9258,muskmelon
93,20,50,26.2005,89.5422,6.6196,20.0,muskmelon
90,15,54,29.1487,94.8662,6.0676,22.81,muskmelon
92,15,55,26.4273,88.4074,6.1402,28.6109,muskmelon
95,21,53,26.789,89.3186,6.8687,25.7621,muskmelon
96,15,47,27.9527,88.6879,6.2549,24.3086,muskmelon
122,18,40,26.3953,87.5293,6.36,25.504,muskmelon
111,18,48,27.5489,92.4392,6.2799,25.2177,muskmelon
110,19,48,26.1132,95.4845,6.0535,20.0,muskmelon
112,21,48,24.8337,91.4454,6.7871,23.103,muskmelon
90,13,53,30.5359,87.4828,6.1417,30.9661,muskmelon
88,10,60,25.9079,94.5198,5.9618,21.8627,muskmelon
89,16,51,28.1426,97.0571,6.1648,23.2268,muskmelon
113,25,49,30.0058,90.0613,5.6995,22.3335,muskmelon
95,26,49,27.2701,90.5643,6.1046,24.1519,muskmelon
87,25,51,26.8497,93.547,6.0096,22.1675,muskmelon
96,17,46,28.9525,96.8656,6.4852,26.447,muskmelon
98,11,51,30.7359,90.4405,6.098,25.2893,muskmelon
103,9,52,26.1614,88.0027,6.5663,27.5942,muskmelon
103,16,51,28.1997,93.8943,6.7195,20.2962,muskmelon
92,17,52,25.035,94.3972,6.5344,23.1386,muskmelon
107,23,52,27.7136,92.0184,6.2354,23.5971,muskmelon
94,21,41,28.5684,90.3256,6.3423,26.3226,muskmelon
98,19,53,26.7908,94.9831,5.8425,21.3271,muskmelon
107,14,47,27.586,93.5841,6.2599,28.1626,muskmelon
94,14,45,25.6835,89.6947,6.0419,29.2457,muskmelon
94,19,44,28.6542,92.1473,6.5083,20.5445,muskmelon
106,21,52,30.6114,87.9449,7.0718,22.5365,muskmelon
91,20,49,26.3057,94.0577,6.4499,22.3723,muskmelon
96,14,42,27.2547,91.2133,5.7027,35.0295,muskmelon
106,21,52,29.5051,90.6929,6.1916,22.7804,muskmelon
121,20,43,30.9242,91.9014,6.3367,31.2105,muskmelon
106,14,51,25.5136,92.1209,6.3262,20.0,muskmelon
105,15,51,28.1624,94.6848,6.0808,20.5414,muskmelon
105,21,54,29.0663,93.7733,6.3736,21.7536,muskmelon
89,17,59,28.2959,91.5308,5.9272,21.1172,muskmelon
101,24,43,23.5464,94.291,6.0165,23.4284,muskmelon
100,20,50,29.5022,93.2022,6.4937,21.6649,muskmelon
103,16,49,31.5387,90.7202,5.9953,21.2226,muskmelon
101,18,52,28.7333,91.6258,6.4615,29.1339,muskmelon
104,18,51,26.4378,91.5553,5.8892,29.3952,muskmelon
97,15,48,27.4737,93.5158,6.8294,28.2972,muskmelon
101,14,48,32.0398,90.8989,6.0677,26.596,muskmelon
88,21,44,30.3199,90.8288,6.2329,24.871,muskmelon
97,21,55,29.7801,97.9063,6.3992,22.5119,muskmelon
114,20,52,29.2128,94.8192,6.1304,20.6874,muskmelon
103,24,55,27.1777,89.7182,6.343,25.952,muskmelon
100,16,48,28.0989,93.7128,6.4726,20.0,muskmelon
119,25,47,28.3442,92.3551,6.5882,20.5243,muskmelon
86,14,45,29.5991,93.1747,6.5374,29.1117,muskmelon
89,14,52,31.5178,92.412,6.2485,32.1026,muskmelon
117,11,45,30.7367,95.5689,6.256,26.0732,muskmelon
100,16,59,25.6612,93.0369,7.0047,28.9258,muskmelon
98,16,43,28.948,91.8137,6.585,23.5166,muskmelon
88,20,51,29.9735,95.1266,6.0235,20.0,muskmelon
104,19,58,29.7377,92.6999,6.33,26.9487,muskmelon
105,13,53,27.2415,92.3644,6.1995,26.7772,muskmelon
89,16,51,34.3282,92.9421,6.2594,24.7867,muskmelon
99,17,45,25.9458,91.7192,5.9312,23.5305,muskmelon
97,11,43,26.3336,92.0277,6.1764,28.3488,muskmelon
103,14,54,28.9672,90.2399,6.8435,20.5571,muskmelon
89,15,58,32.7336,89.7465,6.4737,21.4049,muskmelon
113,24,48,26.8276,89.0043,5.5527,20.4676,muskmelon
109,19,44,27.9683,87.8241,6.665,24.8399,muskmelon
96,21,38,30.6546,89.3608,6.6269,20.1484,muskmelon
98,12,45,28.4643,91.4772,6.1922,21.763,muskmelon
99,23,49,27.8308,92.3094,6.5152,21.677,muskmelon
92,23,58,29.6313,91.1861,6.0422,23.4576,muskmelon
96,10,53,29.045,84.9329,6.1589,20.0,muskmelon
97,15,52,30.5609,96.7238,6.7496,24.8488,muskmelon
116,20,48,31.0829,95.2594,6.2185,29.4892,muskmelon
109,21,47,29.114,93.3373,5.7391,25.042,muskmelon
29,145,194,21.0805,89.7205,5.4287,116.9504,apple
28,127,205,23.7814,90.8994,6.0731,100.604,apple
25,125,196,23.2252,87.9568,6.3443,100.9101,apple
21,122,205,22.6098,94.1461,6.2021,115.3406,apple
21,136,205,24.8263,92.2525,6.3338,120.6426,apple
25,115,193,20.8479,87.3844,5.8152,90.0016,apple
19,139,200,21.062,89.9955,5.7134,118.7642,apple
12,133,191,22.4702,93.5098,5.6052,105.9816,apple
23,145,198,20.8996,90.8709,5.8776,110.1863,apple
15,127,194,23.77,90.4092,5.8686,96.4258,apple
16,132,205,20.717,92.2762,5.9827,102.2806,apple
21,145,205,23.0658,93.5308,5.8483,124.0935,apple
21,145,186,22.2496,88.1909,5.8465,112.8944,apple
14,127,181,23.0373,94.1504,5.5893,107.9067,apple
22,136,198,21.3506,90.0991,6.2766,111.1021,apple
26,137,185,21.6523,92.4462,5.9306,118.3705,apple
15,138,200,22.74,92.3937,5.8302,117.7859,apple
27,131,205,23.0052,90.9188,5.601,111.5997,apple
13,145,205,22.4895,89.429,5.3672,125.6155,apple
32,115,202,26.7634,91.6429,6.4232,124.1456,apple
19,130,198,20.0232,97.376,6.1219,117.4605,apple
22,138,180,22.3395,88.415,5.2504,113.1553,apple
12,139,200,18.5659,97.5769,6.2053,120.3879,apple
21,145,201,23.4302,91.7208,6.269,116.2712,apple
22,145,205,19.7119,92.6061,5.9498,125.2296,apple
21,131,193,21.8042,89.2399,6.5392,123.2947,apple
18,145,196,21.5698,90.1862,5.9867,100.281,apple
16,127,185,23.2022,90.9913,5.3333,99.4684,apple
27,143,177,21.118,89.3629,6.0461,104.085,apple
21,145,189,21.0117,91.8732,5.998,124.2137,apple
29,145,184,26.0896,91.279,5.6587,93.5843,apple
18,135,203,23.2114,98.0523,6.1294,117.2371,apple
19,131,195,21.0974,89.0021,5.2329,116.8505,apple
25,119,195,21.8729,92.8081,6.2962,126.4518,apple
13,137,190,26.6134,93.2435,5.5488,114.6641,apple
15,123,168,21.9121,89.289,5.506,96.3815,apple
26,126,205,20.7768,94.5605,5.8545,100.9877,apple
15,122,190,20.7875,91.305,6.0732,98.3161,apple
12,129,196,21.1272,85.0228,5.9656,106.0447,apple
30,134,185,21.0138,94.4795,5.6029,110.3052,apple
14,137,205,19.3009,89.1492,5.6976,98.5147,apple
22,128,201,19.6895,89.3567,5.4468,130.1479,apple
21,145,192,20.4267,94.5637,5.8101,96.5966,apple
7,132,196,23.9789,91.4585,6.33,128.6532,apple
20,126,205,21.5469,95.2533,5.8983,126.722,apple
23,136,199,21.9821,96.1305,6.2438,123.2796,apple
23,145,198,25.6752,90.5652,6.4822,104.1748,apple
26,137,191,25.7375,94.8798,5.6648,116.6094,apple
19,130,181,21.7947,90.2336,5.8254,97.1715,apple
25,119,198,20.9228,99.1993,6.7685,123.4309,apple
18,132,203,20.3389,90.4211,6.4777,111.6122,apple
14,136,205,24.2319,95.5783,5.231,107.5882,apple
15,130,178,21.9882,95.0314,6.0549,97.8151,apple
14,117,189,21.5338,93.4483,5.9002,82.7699,apple
26,125,194,20.4658,90.4884,6.2306,100.0375,apple
13,145,200,20.5758,92.0458,5.602,125.8536,apple
22,145,199,23.3001,86.0392,5.5642,107.666,apple
20,125,199,19.2114,93.1733,5.6296,110.4681,apple
20,141,204,24.9872,93.5488,5.6712,120.3667,apple
28,122,191,21.1654,92.9005,6.2261,134.168,apple
19,145,205,22.1259,83.5801,5.4275,128.4001,apple
24,136,204,19.1576,88.7031,5.651,100.832,apple
21,143,197,22.4691,90.2557,5.1844,89.1892,apple
20,117,205,21.6792,93.375,6.3028,140.8154,apple
32,141,205,22.3748,93.368,6.4084,139.7279,apple
14,134,205,26.1793,91.9893,5.7692,114.7614,apple
27,143,170,22.9442,94.4057,5.7808,97.2541,apple
24,143,205,20.5134,89.4213,6.0813,124.0587,apple
19,135,205,20.7217,94.3307,6.4898,111.2042,apple
29,128,205,23.9878,93.9242,6.0634,111.1442,apple
12,142,205,25.7467,93.6327,5.621,123.2335,apple
18,133,205,23.2048,91.9539,5.2525,116.5125,apple
15,125,205,24.2218,97.9922,5.4539,98.2702,apple
23,125,205,24.0243,93.9796,5.9293,108.6031,apple
15,119,205,26.0477,89.595,5.6379,120.4338,apple
23,129,202,17.626,93.2449,5.978,118.623,apple
20,145,184,24.168,94.7575,5.6788,115.6442,apple
19,136,197,24.9593,90.7357,5.4767,123.7011,apple
23,129,204,19.1532,95.7678,5.4292,108.1594,apple
20,142,201,20.2858,93.6461,6.5249,114.644,apple
16,126,188,20.373,85.4726,6.2556,71.9931,apple
35,135,184,20.678,93.399,6.5922,107.1042,apple
19,132,193,21.2957,91.2819,6.116,121.6668,apple
10,142,205,23.1065,94.1115,5.728,107.8153,apple
17,118,205,24.6642,95.3326,6.4293,106.9053,apple
15,125,205,25.2033,93.0855,5.8868,100.0026,apple
25,118,205,20.4054,97.4958,5.9883,124.5404,apple
23,131,199,20.3882,91.9639,5.8829,119.0816,apple
23,145,183,25.7896,94.3745,4.7212,122.405,apple
19,129,195,24.1169,94.9148,6.5419,91.7854,apple
20,129,197,22.7072,92.208,6.0964,110.5746,apple
19,143,195,23.6833,94.8363,6.0319,109.1387,apple
21,145,201,22.4255,90.716,5.8753,109.1331,apple
25,133,204,23.8115,91.2323,5.9654,105.1077,apple
23,141,205,21.6598,88.5625,5.6611,108.3467,apple
24,123,197,23.172,93.2242,6.1466,122.6957,apple
23,145,181,18.7236,93.4758,5.3772,89.5458,apple
25,145,195,20.7805,96.0378,5.9744,133.8275,apple
22,139,200,20.8075,94.8734,6.1246,118.3061,apple
23,113,205,21.564,91.6456,5.8205,111.992,apple
24,18,10,24.7145,84.5763,7.2415,109.9943,orange
14,17,9,24.1812,93.9451,7.2512,110.4097,orange
17,15,9,24.8672,87.5746,6.3355,103.8443,orange
20,10,8,27.5371,92.4066,7.6199,104.6777,orange
25,14,11,29.9515,89.8229,7.2054,110.867,orange
20,15,11,22.9987,87.689,7.2999,103.2541,orange
22,16,8,26.8979,88.7826,6.6965,92.9353,orange
18,14,13,21.0934,92.9032,7.249,112.5804,orange
22,16,9,27.24,86.874,7.4506,122.8804,orange
27,14,13,26.746,89.0048,6.9606,120.4349,orange
24,17,9,26.5337,94.6531,7.8008,100.2832,orange
20,14,6,22.8763,100.0,7.0176,94.9853,orange
23,14,11,19.8266,93.9104,7.4563,106.5897,orange
22,13,10,16.9219,88.331,7.1172,128.8135,orange
22,17,10,22.3399,90.5315,7.2342,117.7472,orange
24,14,9,28.6321,92.1264,6.3315,118.4476,orange
24,20,10,21.2606,90.6023,7.1484,120.6783,orange
19,18,9,25.6405,95.6122,6.706,115.0492,orange
23,17,9,25.8758,92.8699,6.6614,111.4473,orange
18,15,12,21.3653,95.6314,7.6976,117.9477,orange
16,18,10,27.7654,90.7422,6.9145,103.446,orange
19,19,11,10.8654,97.302,6.5987,93.0264,orange
20,17,10,17.609,91.3341,6.8563,118.676,orange
13,22,9,18.8375,88.1152,6.4798,124.8529,orange
23,18,8,19.2211,100.0,7.5736,96.5812,orange
9,20,9,23.8451,84.7001,6.7217,119.8631,orange
31,17,5,23.6602,89.045,7.2117,130.1692,orange
26,19,9,24.076,89.4919,7.5424,109.973,orange
19,15,10,24.8843,100.0,6.7999,100.184,orange
20,16,11,18.6996,99.2274,7.2128,111.4762,orange
21,18,9,17.6273,97.9757,6.588,103.3936,orange
18,18,11,24.0853,90.6774,7.9783,102.5992,orange
21,19,6,19.9791,100.0,7.3746,115.1982,orange
19,20,10,16.2181,93.4734,6.923,90.7552,orange
20,13,7,26.3854,95.9091,6.6909,92.6729,orange
21,14,8,28.0804,92.7188,6.9544,110.2315,orange
15,18,10,28.7286,91.8021,6.864,109.7323,orange
20,15,13,23.248,90.9929,7.7812,114.1227,orange
21,27,11,25.0037,91.1614,6.5098,132.5027,orange
21,19,10,27.9795,94.434,7.0539,111.2542,orange
19,17,10,19.9343,93.4688,6.9927,117.1781,orange
25,15,9,26.9427,91.8741,6.953,98.2936,orange
19,16,9,23.6016,98.0381,6.9566,119.2153,orange
21,17,11,26.1548,80.133,6.9536,103.6833,orange
25,17,7,23.2444,94.0395,7.3492,110.857,orange
20,16,11,27.685,94.871,7.2436,108.6938,orange
21,16,9,23.3941,96.5879,7.1676,122.3957,orange
20,21,12,16.5641,91.7405,5.7864,94.2803,orange
25,21,12,28.3077,92.8317,7.1199,82.6011,orange
19,18,7,18.7099,95.9438,6.3377,107.4388,orange
25,13,9,27.5122,97.9647,7.2585,115.6224,orange
20,19,8,22.139,90.7979,7.5898,111.8272,orange
17,22,6,27.204,93.0679,6.6295,124.7865,orange
23,21,8,27.0391,98.7143,6.8953,115.2485,orange
19,19,15,24.2206,83.5039,6.7603,103.2338,orange
22,21,11,24.5341,89.2399,7.4942,82.095,orange
9,17,14,24.1905,97.8633,7.038,107.1523,orange
20,19,12,14.4447,96.3702,7.6913,122.3355,orange
18,15,9,22.9733,94.0898,7.1655,105.2954,orange
16,18,9,18.0357,90.2056,7.097,110.3398,orange
18,21,11,23.1847,88.4727,7.0273,115.0563,orange
18,15,11,17.9282,89.6351,7.3272,97.8165,orange
20,14,9,17.7602,98.192,6.3049,117.4788,orange
15,17,7,28.9197,89.4862,7.0341,129.6455,orange
21,16,17,26.7778,92.4057,6.972,107.9262,orange
25,19,10,22.4834,88.9852,7.2902,96.4512,orange
21,16,9,23.2391,95.3711,6.9249,109.2008,orange
23,22,10,21.5083,89.8451,6.5845,83.3074,orange
24,13,10,24.7795,91.6096,7.0029,114.0428,orange
25,21,10,19.7958,85.2665,6.5669,115.4273,orange
27,15,13,26.475,85.5465,6.2299,130.1076,orange
18,12,10,21.4877,92.0307,7.2908,107.6721,orange
17,18,8,20.8206,86.6994,7.2316,114.9018,orange
23,16,10,22.5869,100.0,7.1868,99.6645,orange
23,14,9,20.1354,83.7539,7.5212,105.7229,orange
23,12,13,23.8147,88.7993,6.734,91.6978,orange
28,17,12,20.3505,92.0668,6.4276,107.6625,orange
20,20,10,24.3741,90.5395,6.972,106.3363,orange
22,19,7,27.364,87.5834,6.861,113.5904,orange
16,17,8,19.6227,88.1683,6.6631,102.5168,orange
29,18,10,21.9777,88.0374,6.9681,111.0001,orange
19,17,11,24.3453,90.8531,6.7554,105.9994,orange
19,13,9,20.7566,99.8077,6.2656,106.022,orange
19,13,9,24.3573,92.3117,6.8235,110.9643,orange
17,16,9,24.7216,96.7316,6.5454,110.4863,orange
17,17,10,26.833,94.0279,7.0927,119.1341,orange
18,20,5,20.076,96.4554,6.7376,108.5523,orange
15,19,8,18.7289,80.8001,7.4447,105.8014,orange
17,19,9,21.2697,90.7822,7.6415,107.8303,orange
28,16,12,18.629,97.2285,7.2718,101.424,orange
23,13,8,24.758,89.7131,6.3796,105.6811,orange
24,18,10,17.853,99.0499,7.6021,134.3739,orange
25,19,10,31.8321,97.9356,7.6303,99.0479,orange
27,10,13,27.6837,90.1235,7.0075,106.6561,orange
13,14,13,22.5503,89.9873,7.5292,105.3501,orange
15,15,10,25.9696,87.9456,6.7793,107.0339,orange
17,17,9,15.9528,89.4816,6.2535,106.0251,orange
18,15,9,32.5935,87.0696,6.6959,113.3509,orange
19,17,10,20.1391,93.7152,7.6917,89.4779,orange
18,16,9,22.018,86.1758,6.4036,122.4461,orange
55,67,42,34.4926,93.1812,6.9271,157.8221,papaya
40,46,45,38.5364,92.2683,6.907,111.9615,papaya
32,57,49,29.5708,96.3854,6.6399,119.7461,papaya
42,59,56,34.9445,93.7148,6.905,113.1175,papaya
48,59,52,37.9437,89.984,6.018,138.345,papaya
71,60,44,35.7765,90.4573,6.7311,177.6058,papaya
54,63,49,35.9988,94.546,6.9582,142.3488,papaya
36,59,60,35.2631,95.6252,6.4501,129.2034,papaya
44,56,51,37.395,94.155,6.4491,96.7316,papaya
50,56,48,30.2376,98.1907,6.1401,159.0637,papaya
52,55,52,29.3422,97.405,7.177,119.0879,papaya
39,65,54,33.481,93.8231,6.484,146.0255,papaya
49,54,48,27.0165,89.9843,6.7723,131.8734,papaya
44,65,53,37.1919,88.57,6.8812,167.6453,papaya
41,59,48,37.1621,91.3379,7.1536,137.7829,papaya
52,55,54,32.1999,94.7596,6.6538,140.7322,papaya
56,63,51,32.3877,97.9799,6.5382,157.0724,papaya
57,54,52,33.283,93.7523,6.7519,205.7082,papaya
55,63,46,33.6561,96.0062,7.0852,169.1534,papaya
46,60,46,33.8815,91.7641,6.6489,139.8418,papaya
56,55,55,35.1747,94.3683,6.4135,142.5959,papaya
52,63,50,32.9821,94.9701,6.2378,126.7542,papaya
51,63,51,36.3296,86.5612,6.3336,114.0001,papaya
45,67,48,34.8378,91.2597,6.9593,125.9175,papaya
46,66,54,31.6791,95.3491,6.6038,119.3355,papaya
51,62,47,37.5053,93.3234,6.5177,162.1011,papaya
70,51,49,29.4252,88.9105,6.4852,110.3642,papaya
52,76,54,33.2235,85.2096,6.7255,182.4963,papaya
45,49,56,36.4008,91.4027,6.6282,165.0614,papaya
43,66,47,31.3308,92.2852,6.6181,143.1151,papaya
46,62,60,34.4287,89.8482,7.1048,142.5096,papaya
67,51,52,35.13,92.9293,7.1614,125.7816,papaya
47,58,45,30.9184,94.0192,6.217,150.6025,papaya
57,58,52,33.2826,94.5121,6.7983,175.1428,papaya
47,68,48,33.0305,85.4322,6.4669,121.4053,papaya
52,54,52,31.8448,88.5571,6.6255,96.4982,papaya
56,57,50,40.405,91.5861,6.7928,163.5965,papaya
45,43,50,31.2107,94.2165,6.6362,152.231,papaya
45,71,45,36.5148,93.9677,6.7691,108.894,papaya
63,52,55,32.3216,93.9156,6.9019,120.4983,papaya
58,61,44,30.2401,91.3497,6.7884,116.7269,papaya
56,58,44,33.8084,91.5171,6.5059,120.764,papaya
56,58,52,35.4473,90.315,6.5112,132.7895,papaya
54,65,58,36.2615,94.8046,6.2681,134.5036,papaya
66,71,48,38.1868,89.7385,6.4438,122.9762,papaya
50,61,54,42.3357,95.0501,7.2886,119.7551,papaya
55,64,55,34.2515,93.1236,6.4624,135.6365,papaya
38,61,54,31.5107,92.3649,6.342,147.5307,papaya
43,66,48,34.8586,90.5299,6.796,133.0111,papaya
40,56,45,32.7014,88.4334,6.6669,177.26,papaya
60,67,39,36.2779,90.557,6.6413,157.7426,papaya
30,67,49,29.6085,91.51,7.1227,94.7746,papaya
47,67,56,40.605,85.3929,6.8647,158.2118,papaya
26,54,44,36.0681,91.9079,6.541,160.6663,papaya
43,58,54,28.448,95.2731,6.5727,129.458,papaya
46,61,45,31.3729,94.2017,6.5492,97.6441,papaya
61,49,51,35.9482,91.0114,6.9624,142.742,papaya
53,70,54,37.029,92.6408,6.6076,142.2687,papaya
43,59,47,29.6833,90.8315,6.1621,108.8506,papaya
59,61,51,35.6391,92.9463,6.6855,98.9634,papaya
50,55,48,27.658,97.1203,6.2389,139.8734,papaya
50,50,54,33.232,95.4055,7.3553,135.5077,papaya
40,55,51,36.8361,94.0624,6.4103,129.982,papaya
42,61,50,31.8455,91.0213,6.6514,139.9977,papaya
43,64,58,28.9792,94.7498,6.7775,109.4167,papaya
50,60,53,33.9386,87.4394,6.6134,129.4554,papaya
51,61,47,31.6858,91.7429,6.613,158.4998,papaya
62,57,50,35.3887,94.2511,6.8265,132.0009,papaya
53,62,50,30.844,94.7213,7.1579,92.3408,papaya
28,69,50,31.1821,94.5097,6.9303,128.3192,papaya
52,64,63,27.437,93.3845,7.1436,110.3952,papaya
38,65,52,34.0098,91.9128,6.386,150.5141,papaya
42,61,40,33.0173,94.1139,6.7952,152.0651,papaya
44,48,47,29.9348,89.6414,6.7466,92.7368,papaya
45,52,40,34.0814,89.966,6.8053,165.2704,papaya
39,62,48,36.5812,92.6852,7.1129,109.1344,papaya
52,59,40,32.8533,93.0196,6.6338,189.2755,papaya
39,62,46,34.3045,87.0232,6.5783,141.0367,papaya
53,71,42,34.3199,93.8654,6.8602,105.1082,papaya
68,64,52,29.887,94.8182,6.1665,108.2404,papaya
39,68,50,39.6698,92.2681,6.6289,152.9429,papaya
48,60,52,32.0875,99.6234,6.6597,130.761,papaya
30,53,49,35.4683,90.4512,6.4239,139.6004,papaya
48,59,43,35.8076,91.4167,7.0171,190.8834,papaya
55,53,53,33.0812,91.3148,6.3813,121.5227,papaya
56,70,60,35.3204,92.2714,6.6592,144.2989,papaya
51,65,52,34.2375,91.5138,6.7879,185.0953,papaya
57,63,48,29.2471,88.2796,7.106,150.6154,papaya
70,68,43,32.5032,90.8604,6.6968,94.3019,papaya
64,45,45,31.6623,92.2071,6.9808,157.6617,papaya
46,63,52,32.1148,96.1857,6.9102,107.6099,papaya
38,50,55,29.588,99.1067,6.737,184.7042,papaya
47,59,51,36.8793,96.5064,6.3731,117.814,papaya
42,57,54,38.306,90.1739,6.2696,231.5853,papaya
54,64,54,36.434,90.4126,6.732,186.5213,papaya
41,61,53,37.3116,92.022,6.5372,118.6016,papaya
49,68,47,32.4661,97.8537,6.9758,143.1004,papaya
57,55,51,31.5912,92.0037,6.9238,165.1093,papaya
49,64,46,31.1642,88.5175,6.6446,166.0098,papaya
42,60,50,35.4322,90.9965,6.3527,155.7701,papaya
27,16,36,26.1961,95.0293,6.0792,179.1742,coconut
22,19,26,27.2999,96.3186,5.5636,211.517,coconut
21,14,29,30.4604,90.9725,6.0333,159.7309,coconut
21,15,30,28.5175,92.7003,5.5721,177.6667,coconut
25,19,26,24.2435,94.6296,6.1075,193.6765,coconut
23,20,23,23.961,92.7833,5.3614,141.9698,coconut
23,15,29,27.3714,92.961,5.4445,252.4147,coconut
25,13,29,25.0745,94.1253,6.2456,175.7141,coconut
14,27,28,28.7971,96.624,5.8359,178.5497,coconut
23,19,31,27.5845,94.1432,5.7036,206.422,coconut
23,16,36,27.8308,97.6961,6.3813,197.8739,coconut
29,20,29,26.0865,92.5056,6.0983,175.952,coconut
16,17,31,30.9828,91.8702,6.2616,178.2532,coconut
28,20,33,33.1852,99.8159,5.9501,137.3963,coconut
22,17,32,26.9428,93.3551,6.8039,161.0884,coconut
24,17,28,28.2061,91.7227,5.8186,187.9303,coconut
29,17,30,27.6948,90.6449,6.5233,186.0973,coconut
24,13,32,26.9806,97.6878,5.9816,205.5291,coconut
24,23,25,25.8359,94.1467,5.5036,171.9875,coconut
23,14,35,25.3301,94.3657,6.1449,140.3178,coconut
20,13,36,25.2288,94.602,6.0944,201.4183,coconut
22,16,27,28.3105,97.5324,5.6846,210.9022,coconut
19,14,31,26.4607,94.5512,5.7233,197.4561,coconut
22,17,33,22.3434,100.0,5.9926,170.9092,coconut
13,19,28,28.3897,95.3344,6.1049,201.1097,coconut
24,20,32,27.4235,97.6545,5.2588,260.7228,coconut
22,19,31,30.1933,97.0131,6.3159,177.8788,coconut
21,16,24,28.2462,94.9089,5.8517,142.2066,coconut
23,17,32,24.5427,93.5326,5.6005,160.3429,coconut
16,18,26,23.0406,95.8299,6.2823,190.6369,coconut
30,12,34,26.0611,96.2752,5.9929,134.8799,coconut
22,19,27,26.2498,93.5685,6.3648,179.2351,coconut
21,13,29,29.3863,95.4158,6.1314,184.5084,coconut
18,23,35,27.4823,98.0905,5.9995,213.378,coconut
22,16,32,29.7674,100.0,5.9542,207.7549,coconut
28,16,26,24.8503,97.1359,6.1448,196.6146,coconut
26,15,26,29.4305,99.6569,5.8759,120.933,coconut
25,15,28,28.942,93.4266,5.7442,198.0263,coconut
24,24,32,23.4635,96.7547,6.183,192.6378,coconut
21,20,31,30.1452,98.3463,5.9567,181.3986,coconut
16,12,27,27.6869,92.7592,6.0101,131.7444,coconut
21,22,25,28.2841,93.786,6.3268,155.5807,coconut
21,21,31,25.7702,99.3448,5.9658,145.8294,coconut
26,16,29,30.0505,92.5623,6.0045,124.6248,coconut
23,18,39,25.1283,91.6472,5.8201,174.9271,coconut
28,17,30,29.1642,98.82,6.1292,155.0544,coconut
27,23,37,29.1412,97.9919,6.1049,240.6326,coconut
20,15,25,25.5517,96.0803,6.2702,170.7807,coconut
15,17,24,31.4667,94.8857,5.8263,207.3438,coconut
28,16,26,27.9631,93.9037,5.8627,135.7725,coconut
27,13,35,28.8078,95.7049,6.2376,161.7478,coconut
17,24,37,24.4458,98.9495,6.0757,177.4224,coconut
28,13,27,31.7355,95.5964,5.7281,152.2962,coconut
24,18,28,25.0509,100.0,6.392,164.445,coconut
23,12,25,29.5498,92.7551,5.4905,169.5512,coconut
28,16,23,25.5105,94.9508,6.2353,169.1523,coconut
27,18,33,26.262,94.0674,5.6204,221.378,coconut
25,15,31,29.0775,92.2871,6.5657,184.4557,coconut
24,19,30,29.5551,94.6173,5.5366,186.9878,coconut
24,16,24,24.9574,96.0433,6.3457,188.4914,coconut
20,20,37,29.6809,96.3106,5.9755,190.3157,coconut
22,21,28,29.59,100.0,5.89,172.9278,coconut
18,15,32,25.6241,96.1612,6.0556,166.9813,coconut
21,17,24,30.6973,97.8753,6.1896,179.1704,coconut
21,18,29,24.5863,95.1652,5.7287,203.9201,coconut
19,19,31,26.2505,99.1951,5.7553,203.156,coconut
23,17,31,28.458,100.0,6.1949,168.99,coconut
21,18,31,25.7929,96.3277,5.4878,194.1961,coconut
24,16,32,28.0276,92.5184,5.8247,170.1354,coconut
16,17,25,27.9822,93.628,6.9122,175.8468,coconut
22,21,31,27.1259,95.7048,5.7096,163.1619,coconut
23,19,30,29.1648,96.1412,6.3443,170.4589,coconut
21,19,31,27.0433,96.7461,5.8242,208.5333,coconut
21,19,30,27.9631,96.1505,6.1527,177.3105,coconut
16,17,25,29.7929,95.0175,6.1963,178.3821,coconut
23,18,25,29.0814,93.4095,6.3387,138.8196,coconut
25,14,21,29.072,96.0028,5.9399,167.2689,coconut
24,21,33,25.2016,99.6375,6.5967,168.9671,coconut
26,9,33,28.5496,97.5498,5.8232,154.2714,coconut
23,17,33,25.743,96.3368,6.0703,175.5416,coconut
24,20,31,24.9372,97.5739,6.0736,164.2704,coconut
23,13,21,27.3566,94.0723,5.6634,176.9999,coconut
25,18,26,25.6914,93.7293,5.9142,178.0376,coconut
16,15,31,29.0812,93.1305,6.0485,151.1061,coconut
18,16,31,29.1291,94.6868,5.8704,165.0325,coconut
28,20,29,23.6947,93.945,6.7323,176.9344,coconut
12,18,31,25.8434,98.0207,5.7484,204.6075,coconut
21,11,30,24.5804,93.8117,6.3538,181.418,coconut
27,14,30,26.5747,92.9932,6.2569,158.4516,coconut
22,20,27,28.4104,99.8564,5.9958,184.9751,coconut
20,18,34,27.0154,93.8716,5.7404,217.6887,coconut
23,22,28,26.3205,95.3838,5.7695,197.9177,coconut
21,22,25,30.1004,96.1283,5.8446,188.6882,coconut
22,16,27,22.8903,92.1583,5.4643,193.1398,coconut
19,25,29,29.9737,98.0887,5.699,210.9989,coconut
26,17,34,26.4114,96.5928,5.5553,201.8907,coconut
28,14,30,27.3438,98.896,6.4038,189.169,coconut
21,15,29,26.4453,93.3019,6.1855,201.7161,coconut
16,10,25,30.5858,95.2478,6.2358,147.9587,coconut
20,22,33,25.038,95.0984,6.1766,137.4434,coconut
120,40,22,21.7733,77.2578,6.9555,79.2359,cotton
119,40,21,24.1391,74.0443,6.0321,76.6074,cotton
111,46,23,28.542,76.2851,8.1209,79.2988,cotton
128,41,22,27.3692,76.9964,6.6659,68.0039,cotton
96,41,23,26.2719,82.0864,7.2732,57.6907,cotton
112,47,25,25.9892,84.6089,6.8823,48.5834,cotton
112,37,24,25.7486,74.1072,6.4985,78.0323,cotton
98,40,19,26.8969,81.4078,6.439,73.535,cotton
136,58,16,22.8584,75.2932,7.6928,69.8609,cotton
102,49,27,20.6123,82.5163,7.378,99.8382,cotton
111,42,19,24.1725,77.5091,7.8718,67.1084,cotton
129,49,18,21.956,75.7947,6.9277,101.2525,cotton
126,49,13,21.3624,83.1987,7.044,104.3577,cotton
105,52,21,22.1993,77.6523,6.7664,50.7365,cotton
126,45,21,30.2133,78.7361,6.7565,81.3857,cotton
121,52,14,24.3403,71.12,6.3791,74.0046,cotton
140,34,22,24.9048,83.7862,6.942,36.3229,cotton
123,40,18,20.9441,83.2836,6.5054,58.3304,cotton
116,47,31,19.3906,80.0218,7.121,91.624,cotton
108,48,18,21.9524,73.8897,6.985,110.288,cotton
109,41,18,27.5955,84.8375,7.0438,93.5402,cotton
108,48,17,24.8357,77.3349,7.7376,84.8545,cotton
134,42,25,25.4965,78.1866,6.8811,79.68,cotton
118,44,19,25.8464,89.2482,7.2784,105.2399,cotton
125,52,17,22.5216,77.1855,7.9258,112.2236,cotton
136,51,23,27.4699,82.9688,7.5533,71.1974,cotton
90,40,14,22.418,82.2484,7.4766,50.0002,cotton
133,40,23,27.5156,81.5607,6.7467,48.5272,cotton
119,44,27,25.1058,81.128,7.0148,99.8282,cotton
123,46,22,19.5274,81.5056,6.2409,79.2941,cotton
108,42,23,22.13,81.0878,7.1495,82.7486,cotton
109,52,23,19.5377,79.7923,7.0372,53.1402,cotton
124,48,27,26.9082,86.0451,6.9117,68.7022,cotton
140,48,25,23.9382,74.7494,7.4136,75.5678,cotton
130,38,22,18.4291,84.0858,6.2961,83.1176,cotton
133,53,24,24.9394,83.2894,7.7174,74.0211,cotton
116,29,16,22.6571,82.7936,7.3509,64.4401,cotton
111,51,23,20.2905,84.4679,6.8647,68.2315,cotton
109,52,16,28.1949,79.6296,6.8256,98.1248,cotton
112,43,19,24.2682,72.5241,7.1403,83.6718,cotton
93,54,8,23.2664,79.7108,7.6604,89.1824,cotton
109,46,22,23.0014,76.0352,6.9508,66.5169,cotton
111,46,17,20.2168,77.0726,6.972,35.6926,cotton
116,48,24,20.7386,75.0303,6.9091,72.1534,cotton
120,65,22,27.2123,78.0906,7.791,67.0014,cotton
122,54,24,22.8153,77.6135,6.7156,85.2352,cotton
118,50,16,24.0552,70.4897,6.8852,129.2859,cotton
111,41,24,18.8892,82.8009,7.6317,90.4275,cotton
94,47,28,20.7048,88.8813,6.9735,121.0394,cotton
111,41,23,25.5245,82.4249,7.4685,88.5315,cotton
106,51,23,24.9443,79.1883,6.4444,70.5517,cotton
124,47,21,28.3834,79.781,6.7974,85.2187,cotton
129,39,18,27.3574,78.3161,7.6422,106.7096,cotton
129,46,23,23.4232,80.3602,6.5618,107.4434,cotton
127,41,14,25.1824,79.852,6.8244,71.3699,cotton
116,47,18,23.2085,76.6358,7.0283,83.7978,cotton
112,41,13,29.137,86.7316,6.4054,58.561,cotton
109,46,17,26.8725,74.0514,6.6931,92.37,cotton
100,51,23,24.4242,82.8733,6.9563,103.3003,cotton
130,46,22,24.501,79.5952,6.9233,80.597,cotton
116,44,20,27.6121,87.6033,7.5402,69.9892,cotton
103,47,21,25.4489,81.3635,7.6707,85.402,cotton
108,50,12,27.8966,78.5604,6.472,86.2619,cotton
108,39,19,18.5159,79.0092,6.9556,81.2172,cotton
119,48,17,25.1531,80.1596,7.2371,82.6807,cotton
131,54,17,22.7114,75.4288,7.6582,77.3928,cotton
114,49,22,28.3909,76.9325,7.2592,94.9393,cotton
91,46,17,27.866,72.8602,7.0455,91.0434,cotton
116,50,18,24.0821,76.3081,7.2333,65.2535,cotton
116,49,12,27.8391,80.3756,7.2369,64.8411,cotton
115,51,19,28.4578,81.2007,6.4361,76.1844,cotton
110,34,16,24.186,72.0827,6.9964,91.0526,cotton
121,37,20,30.1798,79.4512,7.6296,82.2209,cotton
119,52,16,23.9216,82.2536,6.7963,70.3527,cotton
118,37,20,23.4637,79.3484,6.9647,83.9228,cotton
123,48,19,26.1647,77.4648,6.7787,75.0378,cotton
113,44,27,23.1155,78.3514,5.7431,93.2073,cotton
112,40,22,24.2133,77.8369,6.9103,84.9959,cotton
135,48,13,27.5236,77.4531,7.0509,75.2708,cotton
125,47,15,24.048,80.6953,6.6438,83.4728,cotton
128,59,20,19.7625,89.2308,6.3227,99.7257,cotton
133,42,16,24.9183,77.0252,6.4597,71.4555,cotton
124,55,8,22.2593,78.7274,7.2821,86.0399,cotton
129,48,25,26.1632,79.7932,7.8863,78.9431,cotton
99,42,23,25.7405,77.2506,7.5912,86.4048,cotton
120,51,22,27.6785,84.3929,6.2278,70.1815,cotton
116,49,18,26.2688,70.5165,7.3273,81.655,cotton
138,46,22,26.7256,77.8758,6.5684,96.6173,cotton
129,48,17,22.3273,83.2733,6.6089,65.9449,cotton
110,42,21,26.01,78.8236,6.669,60.0589,cotton
122,41,16,28.9211,76.7166,7.253,60.6282,cotton
120,51,26,22.2784,81.763,7.3796,62.4401,cotton
123,45,14,28.4993,83.6254,6.851,88.9298,cotton
106,46,25,22.6266,80.8425,6.8595,58.9121,cotton
122,48,20,21.8701,76.7951,7.1321,75.5316,cotton
115,48,18,24.7405,81.8248,7.184,89.2743,cotton
121,37,21,25.7898,78.3918,7.4881,86.2499,cotton
109,54,23,26.2794,82.9807,6.2578,74.2166,cotton
111,47,25,21.5956,85.933,6.91,82.8639,cotton
132,45,21,25.0864,69.5777,6.366,81.6072,cotton
76,33,33,25.2866,79.2287,7.1692,208.2586,jute
76,43,41,23.4864,73.0154,6.7068,222.1965,jute
100,52,33,27.9509,83.8541,7.0187,183.2806,jute
86,43,41,22.1065,83.2176,6.9872,187.6701,jute
103,42,47,24.3305,76.1222,6.9156,121.6704,jute
73,60,39,23.6078,83.0374,6.5712,227.4938,jute
77,57,34,22.6809,81.3745,6.7688,160.6127,jute
65,49,39,24.44,73.0969,6.4647,151.6632,jute
70,53,36,23.2717,75.2304,6.7051,168.6198,jute
97,33,43,25.0253,85.1914,6.2326,212.7918,jute
73,41,39,25.0544,81.0471,6.3838,230.2012,jute
97,43,49,23.7573,76.6785,6.5871,178.1352,jute
66,45,46,24.259,75.2076,6.3225,199.9521,jute
67,43,39,24.5383,76.923,6.498,176.0801,jute
75,31,44,26.6197,77.2776,6.6344,149.0551,jute
77,48,38,24.7031,75.2702,6.8609,211.9186,jute
87,49,40,26.6494,70.7912,7.0797,159.4468,jute
83,56,38,26.1716,85.2001,6.5145,213.3883,jute
74,41,44,26.1431,84.3532,7.234,207.4635,jute
77,41,47,27.7757,73.1337,7.0754,190.3509,jute
75,30,44,22.7612,80.1816,6.9016,220.7244,jute
69,44,45,24.0536,74.9888,6.7615,230.8087,jute
69,51,45,28.5266,78.1922,6.8276,170.6189,jute
88,42,43,24.4854,77.7762,7.1748,154.7801,jute
60,59,34,19.3698,77.3608,7.1894,128.3933,jute
94,44,49,24.5941,89.5147,7.234,231.1171,jute
75,47,49,25.2699,77.2984,6.7165,164.0079,jute
70,38,39,19.7658,75.4587,6.922,203.3759,jute
85,48,38,27.6679,75.6871,7.2374,156.4686,jute
93,34,43,23.5726,84.7189,6.4505,213.4566,jute
89,50,43,25.6571,71.2395,6.5726,157.4971,jute
83,50,39,24.548,75.6869,6.7064,145.207,jute
89,54,34,22.4233,86.7341,7.0598,169.7873,jute
61,40,42,22.859,80.7199,7.0661,161.7056,jute
73,47,43,23.1298,80.4596,6.6077,189.9075,jute
69,49,44,27.1713,90.1607,6.0966,173.7151,jute
90,49,42,24.7049,80.7317,6.7985,190.6926,jute
74,41,39,23.9563,75.9591,6.3327,167.7245,jute
86,32,45,23.1308,78.0896,6.104,158.3723,jute
83,48,40,27.3923,73.8228,6.1945,160.411,jute
69,45,38,27.9284,85.7797,6.8306,226.1235,jute
72,43,39,27.3695,82.3728,7.2444,180.6293,jute
91,51,31,25.9849,85.1221,6.7156,125.4059,jute
70,46,39,25.5797,85.5649,6.7846,161.9948,jute
79,38,43,22.5681,77.4289,7.1732,177.4217,jute
70,34,42,24.5084,74.7762,6.0822,221.135,jute
75,39,48,23.6323,79.2414,6.9081,200.7175,jute
78,60,39,21.349,75.1362,6.6954,151.9571,jute
70,50,42,27.1141,80.3248,6.9264,235.4589,jute
68,47,44,23.6083,85.1605,6.5066,174.221,jute
81,45,52,27.3919,78.6593,6.3728,206.1582,jute
70,45,41,26.7635,80.25,6.7562,146.1248,jute
70,53,35,26.1134,79.0308,7.3597,115.0459,jute
69,43,44,26.2258,83.5136,7.0444,139.7892,jute
77,49,49,23.7694,76.1611,6.4969,93.7417,jute
87,44,38,28.7157,68.5178,6.1636,227.8022,jute
93,58,44,25.0863,81.8543,6.0272,180.3633,jute
71,50,46,25.6039,84.4392,7.2264,151.8839,jute
100,53,45,23.7018,81.7319,6.318,186.3156,jute
68,42,41,23.1377,76.2988,6.5698,179.7334,jute
89,52,37,25.9546,73.8249,7.2285,190.5233,jute
71,44,40,25.435,81.9725,6.0544,205.2383,jute
69,47,42,23.4213,80.2074,7.2969,167.752,jute
71,56,45,22.1231,78.871,6.5985,153.004,jute
77,40,42,22.4602,88.6123,6.2406,195.6944,jute
84,47,38,27.3923,74.766,6.6011,195.0583,jute
85,49,43,23.7735,88.3752,6.411,177.5184,jute
69,49,44,24.3222,79.6589,6.8763,229.4389,jute
68,43,42,27.9007,70.3221,6.4407,164.0544,jute
69,59,36,22.7557,78.604,5.9353,152.5036,jute
77,38,39,23.546,84.2975,6.6118,185.4523,jute
76,55,45,23.4625,77.6747,6.1574,158.1266,jute
68,53,33,28.2361,72.1261,6.7817,187.3879,jute
81,57,30,28.9868,78.6774,6.2251,154.1748,jute
101,36,48,26.5031,75.2141,6.5048,164.9939,jute
73,41,43,26.5668,81.9591,6.773,222.271,jute
74,55,43,23.8393,83.367,6.615,164.8603,jute
84,35,35,28.8947,74.2186,6.8002,155.0287,jute
72,36,44,25.5354,75.971,6.9721,204.267,jute
85,43,41,26.7062,83.2832,6.2368,148.724,jute
71,47,32,24.789,75.2058,6.6742,157.6764,jute
96,56,47,24.4639,74.0892,5.3682,189.414,jute
81,45,41,28.3261,73.6065,6.7989,198.4603,jute
72,42,38,26.0794,81.2602,6.5797,205.5119,jute
72,48,38,27.9028,81.0458,6.3066,156.3195,jute
73,49,30,25.5107,76.0798,6.8263,189.9002,jute
92,49,43,23.3033,79.5254,7.1691,163.3473,jute
65,45,41,23.8333,87.1357,6.5096,159.8586,jute
71,34,39,25.2059,74.6297,6.3221,205.0803,jute
72,40,46,23.747,69.7413,6.766,161.2611,jute
78,55,33,22.7851,81.7754,6.1658,181.9551,jute
75,47,37,27.4028,78.948,6.4358,178.8895,jute
63,44,36,23.9103,75.9499,7.189,148.2311,jute
74,53,39,25.2764,82.7604,6.7249,199.1523,jute
77,39,40,25.5923,83.6961,5.9482,189.007,jute
72,45,42,23.8237,68.4586,5.9812,125.3427,jute
85,47,38,27.9016,76.237,6.7648,181.9355,jute
87,43,36,22.7657,91.0876,7.045,155.6757,jute
77,47,48,25.5233,82.417,6.053,202.4269,jute
80,45,52,25.4922,82.8805,6.8799,138.865,jute
97,28,28,25.2132,66.8379,7.1838,97.222,coffee
105,33,31,25.4347,49.4782,7.1031,185.1985,coffee
102,19,28,25.6286,63.5042,6.2839,171.0473,coffee
109,29,29,27.3937,48.8976,7.0652,151.0334,coffee
86,32,24,24.0056,61.6074,6.9505,172.068,coffee
118,26,35,23.8073,69.1715,7.0426,133.5481,coffee
106,29,32,27.9732,56.7221,6.997,159.8094,coffee
115,26,33,24.5747,56.4619,6.9811,177.8694,coffee
110,25,35,22.9739,61.6626,7.8803,80.6428,coffee
101,27,27,24.5297,56.0236,6.7695,146.8194,coffee
88,25,29,24.8399,68.9097,7.1745,157.4339,coffee
95,32,22,28.6099,59.1532,6.6116,153.0927,coffee
117,25,43,27.3497,56.079,7.1163,194.4275,coffee
115,24,29,27.795,54.7583,7.1757,129.9025,coffee
95,38,34,27.1399,52.4023,6.9458,142.471,coffee
73,34,25,27.3925,54.2335,7.4677,110.1033,coffee
99,20,34,24.1238,55.896,6.4463,195.7572,coffee
98,25,37,25.1028,55.0742,6.6051,151.8427,coffee
99,30,30,23.5202,54.0509,6.885,147.0398,coffee
106,31,26,25.079,70.593,7.1523,156.6879,coffee
110,22,29,26.8682,51.8194,6.8718,173.9059,coffee
111,35,21,25.7692,58.8798,7.3143,166.6841,coffee
105,33,30,28.123,61.5551,6.5353,224.1971,coffee
83,31,33,23.2172,61.7806,6.3438,169.3484,coffee
98,36,30,26.5005,57.6484,6.9233,146.3689,coffee
124,31,29,23.0034,56.5558,6.7691,143.9661,coffee
105,31,32,25.6884,60.7093,7.0171,148.181,coffee
105,37,32,26.9807,59.5991,6.789,120.4541,coffee
105,35,23,25.071,56.4462,6.664,158.9966,coffee
105,25,30,26.6023,48.6287,6.77,177.5867,coffee
77,32,40,23.5805,55.1925,6.8115,142.6659,coffee
99,26,25,22.1726,51.1207,6.678,137.8155,coffee
101,32,30,26.6141,53.997,6.7187,195.8986,coffee
114,31,38,28.988,58.1993,6.6386,122.3379,coffee
101,22,34,23.5079,60.1524,7.1427,106.3045,coffee
85,28,28,27.9444,68.6827,6.8776,129.1775,coffee
105,30,31,25.5868,54.7756,7.7027,119.4892,coffee
93,27,30,22.8286,62.6478,6.8643,167.6557,coffee
89,31,27,23.237,59.8358,6.5797,148.9824,coffee
93,33,30,25.5316,65.776,7.8683,152.5078,coffee
106,29,29,24.6911,61.4574,6.9655,186.8234,coffee
114,30,30,22.8742,51.9491,7.196,140.7166,coffee
106,36,27,22.1119,47.6617,7.0368,177.3772,coffee
107,31,25,23.8066,59.8676,7.0492,195.7831,coffee
106,30,30,25.8876,54.8293,7.0143,146.6084,coffee
102,24,37,25.4872,52.1181,6.3592,176.4256,coffee
108,32,30,24.4975,50.3945,6.947,151.9546,coffee
77,31,29,25.9038,58.9659,6.2701,181.1025,coffee
102,35,33,27.5801,67.0462,6.7303,118.7128,coffee
91,29,29,26.2883,55.548,6.5098,116.8622,coffee
113,20,37,25.2574,61.5416,6.943,148.2183,coffee
100,20,30,27.3561,57.3864,6.9337,135.7769,coffee
101,33,33,23.5803,50.2637,6.9925,145.0823,coffee
86,26,27,25.0502,62.4089,6.9149,152.5118,coffee
111,31,32,25.0978,51.4318,6.5573,176.0003,coffee
107,30,31,23.0261,58.1298,6.6956,147.8085,coffee
107,28,30,24.6603,55.9509,7.1682,137.4035,coffee
93,29,28,21.3501,63.3585,7.2271,149.2122,coffee
93,25,27,29.3244,51.6511,6.3413,138.7714,coffee
103,29,31,23.6252,60.3452,6.1876,134.6499,coffee
94,26,33,28.6722,52.9612,6.5092,117.6746,coffee
105,27,29,25.5762,54.9334,7.2181,159.737,coffee
79,27,31,26.6297,36.1888,7.286,143.7824,coffee
96,28,30,24.5224,70.5526,6.4301,182.157,coffee
119,34,30,25.9159,61.3033,6.9229,121.8151,coffee
105,28,29,26.801,53.3959,7.5338,144.4479,coffee
103,34,30,26.8291,51.2521,6.9661,203.3227,coffee
121,37,41,27.0495,55.0261,7.3686,134.5098,coffee
78,33,31,24.7633,62.3013,7.1995,152.0867,coffee
93,32,33,24.5393,46.6475,6.4359,127.6039,coffee
97,31,32,22.3116,57.1505,6.724,124.2893,coffee
110,33,29,26.5464,68.6239,6.8139,196.6828,coffee
110,29,35,27.6648,51.1963,6.8417,162.276,coffee
92,34,29,28.732,58.4823,7.1665,161.342,coffee
111,32,34,26.1103,71.2199,6.9635,115.5921,coffee
97,27,29,23.967,61.7929,5.6255,166.9685,coffee
113,33,26,22.1058,58.7555,6.2749,186.9355,coffee
91,29,31,27.5833,61.0398,5.925,186.7369,coffee
100,28,26,21.9074,55.5948,6.8701,174.7083,coffee
96,27,32,24.8188,65.7978,6.8962,129.7629,coffee
112,30,25,25.0514,55.604,6.9133,165.8281,coffee
96,34,29,25.3611,46.2449,6.4164,174.6896,coffee
101,33,24,25.5716,55.6522,7.0697,113.1389,coffee
106,31,41,25.7763,52.1996,7.0865,129.968,coffee
106,32,23,20.6693,56.3128,6.2979,180.2039,coffee
110,35,30,25.5293,56.4455,6.2136,179.9011,coffee
103,28,35,21.0408,65.1845,6.7999,119.2854,coffee
97,23,34,26.9644,62.1718,7.5167,177.8755,coffee
98,36,33,24.3897,59.5796,7.4799,160.3826,coffee
101,26,29,21.1859,57.9823,7.0254,177.5252,coffee
103,26,35,23.8716,51.6469,6.508,142.137,coffee
100,20,34,24.3598,44.9129,7.1547,174.1296,coffee
101,32,31,27.8814,58.679,6.619,179.0957,coffee
86,21,31,25.8933,62.7678,6.493,149.2166,coffee
108,25,29,26.1889,57.35,5.9424,158.4438,coffee
103,32,26,27.8624,54.7909,6.841,141.787,coffee
111,33,35,25.3077,60.787,6.5481,199.291,coffee
101,26,35,27.0084,57.5,6.8386,154.9932,coffee
84,28,26,26.8677,68.1145,5.8803,134.9494,coffee
97,25,29,22.9271,65.3964,6.8679,140.1044,coffee
