date,district,state,latitude,longitude,temp_mean,temp_min,temp_max,rainfall,humidity
2023-01-01,Nashik,Maharashtra,19.9975,73.7898,23.47,19.37,28.25,0.0,64.5
2023-01-01,Pune,Maharashtra,18.5204,73.8567,19.35,12.23,26.6,0.0,68.5
2023-01-01,Hubballi,Karnataka,15.3647,75.124,20.73,16.09,28.26,0.0,63.0
2023-01-01,Kolar,Karnataka,13.1367,78.1292,19.97,13.86,27.25,0.0,62.6
2023-01-01,Ludhiana,Punjab,30.901,75.8573,15.57,11.4,20.19,0.0,62.9
2023-01-01,Agra,Uttar Pradesh,27.1767,78.0081,17.83,11.8,25.14,0.0,52.8
2023-01-02,Nashik,Maharashtra,19.9975,73.7898,18.21,10.87,23.75,0.0,57.4
2023-01-02,Pune,Maharashtra,18.5204,73.8567,20.17,12.94,24.61,0.0,70.1
2023-01-02,Hubballi,Karnataka,15.3647,75.124,23.94,19.38,29.18,0.0,61.3
2023-01-02,Kolar,Karnataka,13.1367,78.1292,20.8,15.1,27.86,0.0,59.6
2023-01-02,Ludhiana,Punjab,30.901,75.8573,14.19,8.44,18.81,0.79,55.8
2023-01-02,Agra,Uttar Pradesh,27.1767,78.0081,19.09,11.77,25.24,0.0,51.4
2023-01-03,Nashik,Maharashtra,19.9975,73.7898,18.59,14.17,22.82,0.0,66.4
2023-01-03,Pune,Maharashtra,18.5204,73.8567,20.69,14.41,26.6,0.0,69.1
2023-01-03,Hubballi,Karnataka,15.3647,75.124,23.93,18.08,31.3,0.0,55.5
2023-01-03,Kolar,Karnataka,13.1367,78.1292,21.03,14.6,27.27,0.0,67.1
2023-01-03,Ludhiana,Punjab,30.901,75.8573,14.65,9.85,18.87,0.0,51.2
2023-01-03,Agra,Uttar Pradesh,27.1767,78.0081,18.13,11.92,23.83,7.39,49.1
2023-01-04,Nashik,Maharashtra,19.9975,73.7898,21.47,14.98,28.51,0.0,53.4
2023-01-04,Pune,Maharashtra,18.5204,73.8567,18.88,14.04,27.24,0.0,57.9
2023-01-04,Hubballi,Karnataka,15.3647,75.124,23.02,16.45,31.13,0.0,61.9
2023-01-04,Kolar,Karnataka,13.1367,78.1292,20.94,14.37,26.02,0.0,62.4
2023-01-04,Ludhiana,Punjab,30.901,75.8573,14.79,10.09,22.0,0.0,60.6
2023-01-04,Agra,Uttar Pradesh,27.1767,78.0081,16.8,11.55,21.88,0.0,44.0
2023-01-05,Nashik,Maharashtra,19.9975,73.7898,22.28,17.01,27.88,0.0,57.5
2023-01-05,Pune,Maharashtra,18.5204,73.8567,22.66,18.4,30.67,0.0,71.8
2023-01-05,Hubballi,Karnataka,15.3647,75.124,22.27,15.78,30.23,0.0,61.0
2023-01-05,Kolar,Karnataka,13.1367,78.1292,20.76,14.74,26.38,0.0,62.0
2023-01-05,Ludhiana,Punjab,30.901,75.8573,16.47,12.31,24.45,0.0,52.2
2023-01-05,Agra,Uttar Pradesh,27.1767,78.0081,18.99,11.52,23.27,0.0,52.7
2023-01-06,Nashik,Maharashtra,19.9975,73.7898,21.2,15.29,26.39,0.0,62.1
2023-01-06,Pune,Maharashtra,18.5204,73.8567,22.76,16.97,27.76,0.0,62.5
2023-01-06,Hubballi,Karnataka,15.3647,75.124,23.62,18.57,30.37,0.0,61.0
2023-01-06,Kolar,Karnataka,13.1367,78.1292,21.47,14.41,29.47,0.0,60.8
2023-01-06,Ludhiana,Punjab,30.901,75.8573,15.37,10.8,20.2,0.0,58.1
2023-01-06,Agra,Uttar Pradesh,27.1767,78.0081,18.19,10.98,24.91,0.0,52.9
2023-01-07,Nashik,Maharashtra,19.9975,73.7898,19.26,13.01,26.89,0.0,55.9
2023-01-07,Pune,Maharashtra,18.5204,73.8567,19.39,14.69,26.23,7.29,73.2
2023-01-07,Hubballi,Karnataka,15.3647,75.124,20.56,15.07,25.76,0.0,61.8
2023-01-07,Kolar,Karnataka,13.1367,78.1292,17.03,12.8,23.84,0.0,69.1
2023-01-07,Ludhiana,Punjab,30.901,75.8573,17.91,11.35,22.58,0.0,53.0
2023-01-07,Agra,Uttar Pradesh,27.1767,78.0081,17.95,12.42,24.74,0.0,48.2
2023-01-08,Nashik,Maharashtra,19.9975,73.7898,18.55,12.47,23.38,0.0,58.5
2023-01-08,Pune,Maharashtra,18.5204,73.8567,20.92,14.81,27.14,0.0,66.1
2023-01-08,Hubballi,Karnataka,15.3647,75.124,22.7,17.81,27.75,0.0,55.9
2023-01-08,Kolar,Karnataka,13.1367,78.1292,20.31,16.2,26.97,0.0,65.8
2023-01-08,Ludhiana,Punjab,30.901,75.8573,15.17,10.08,23.03,0.0,55.0
2023-01-08,Agra,Uttar Pradesh,27.1767,78.0081,20.26,13.24,28.01,0.0,54.8
2023-01-09,Nashik,Maharashtra,19.9975,73.7898,19.31,12.42,25.87,0.0,57.6
2023-01-09,Pune,Maharashtra,18.5204,73.8567,21.75,14.61,29.14,0.0,63.2
2023-01-09,Hubballi,Karnataka,15.3647,75.124,23.82,18.94,30.28,0.3,57.4
2023-01-09,Kolar,Karnataka,13.1367,78.1292,19.91,13.89,24.85,0.0,59.5
2023-01-09,Ludhiana,Punjab,30.901,75.8573,16.79,10.13,25.28,0.0,50.7
2023-01-09,Agra,Uttar Pradesh,27.1767,78.0081,16.52,9.92,21.97,0.0,47.3
2023-01-10,Nashik,Maharashtra,19.9975,73.7898,19.52,15.1,26.09,0.0,68.4
2023-01-10,Pune,Maharashtra,18.5204,73.8567,21.14,15.58,27.98,0.0,64.8
2023-01-10,Hubballi,Karnataka,15.3647,75.124,25.27,18.4,30.67,0.0,63.7
2023-01-10,Kolar,Karnataka,13.1367,78.1292,19.85,13.79,27.83,0.0,55.8
2023-01-10,Ludhiana,Punjab,30.901,75.8573,14.86,7.98,21.21,0.0,54.0
2023-01-10,Agra,Uttar Pradesh,27.1767,78.0081,19.97,12.84,26.36,0.0,57.1
2023-01-11,Nashik,Maharashtra,19.9975,73.7898,19.71,13.4,25.86,0.0,59.1
2023-01-11,Pune,Maharashtra,18.5204,73.8567,20.31,15.87,28.3,0.0,72.5
2023-01-11,Hubballi,Karnataka,15.3647,75.124,24.39,17.11,31.0,0.0,59.4
2023-01-11,Kolar,Karnataka,13.1367,78.1292,20.18,14.63,24.72,0.0,70.9
2023-01-11,Ludhiana,Punjab,30.901,75.8573,14.58,9.52,22.58,0.4,44.7
2023-01-11,Agra,Uttar Pradesh,27.1767,78.0081,17.22,10.26,22.62,0.0,58.9
2023-01-12,Nashik,Maharashtra,19.9975,73.7898,20.4,15.26,28.52,0.0,70.6
2023-01-12,Pune,Maharashtra,18.5204,73.8567,19.82,14.01,26.23,0.0,67.7
2023-01-12,Hubballi,Karnataka,15.3647,75.124,23.58,19.46,29.18,0.0,60.8
2023-01-12,Kolar,Karnataka,13.1367,78.1292,20.73,16.73,27.86,0.0,62.0
2023-01-12,Ludhiana,Punjab,30.901,75.8573,16.58,9.58,23.79,0.0,49.9
2023-01-12,Agra,Uttar Pradesh,27.1767,78.0081,17.95,12.56,22.41,2.35,59.8
2023-01-13,Nashik,Maharashtra,19.9975,73.7898,18.88,12.95,25.99,4.12,66.2
2023-01-13,Pune,Maharashtra,18.5204,73.8567,20.96,16.72,26.62,0.0,67.3
2023-01-13,Hubballi,Karnataka,15.3647,75.124,21.98,14.84,30.2,0.0,58.5
2023-01-13,Kolar,Karnataka,13.1367,78.1292,22.2,16.83,27.52,0.0,63.2
2023-01-13,Ludhiana,Punjab,30.901,75.8573,16.74,12.69,21.9,3.04,54.7
2023-01-13,Agra,Uttar Pradesh,27.1767,78.0081,19.14,11.93,24.77,0.0,53.8
2023-01-14,Nashik,Maharashtra,19.9975,73.7898,21.38,16.21,28.52,0.0,64.8
2023-01-14,Pune,Maharashtra,18.5204,73.8567,20.66,15.46,26.08,0.0,63.0
2023-01-14,Hubballi,Karnataka,15.3647,75.124,24.39,16.93,29.44,0.0,67.0
2023-01-14,Kolar,Karnataka,13.1367,78.1292,21.67,14.97,29.08,0.0,66.9
2023-01-14,Ludhiana,Punjab,30.901,75.8573,13.84,8.15,20.45,11.21,49.7
2023-01-14,Agra,Uttar Pradesh,27.1767,78.0081,16.48,8.99,21.8,0.0,57.4
2023-01-15,Nashik,Maharashtra,19.9975,73.7898,20.72,14.56,24.77,0.0,63.2
2023-01-15,Pune,Maharashtra,18.5204,73.8567,20.13,15.09,24.85,0.0,61.6
2023-01-15,Hubballi,Karnataka,15.3647,75.124,21.75,17.29,29.66,0.9,55.3
2023-01-15,Kolar,Karnataka,13.1367,78.1292,21.32,17.26,28.76,0.0,63.0
2023-01-15,Ludhiana,Punjab,30.901,75.8573,15.19,8.97,20.76,0.0,55.5
2023-01-15,Agra,Uttar Pradesh,27.1767,78.0081,17.84,12.38,23.04,0.0,52.7
2023-01-16,Nashik,Maharashtra,19.9975,73.7898,21.33,15.73,26.03,0.0,67.1
2023-01-16,Pune,Maharashtra,18.5204,73.8567,23.95,19.82,30.9,0.0,65.2
2023-01-16,Hubballi,Karnataka,15.3647,75.124,25.56,19.89,32.54,0.0,65.9
2023-01-16,Kolar,Karnataka,13.1367,78.1292,20.02,15.03,25.32,0.0,67.0
2023-01-16,Ludhiana,Punjab,30.901,75.8573,16.22,8.83,20.87,0.0,55.1
2023-01-16,Agra,Uttar Pradesh,27.1767,78.0081,17.55,13.06,24.28,0.0,52.6
2023-01-17,Nashik,Maharashtra,19.9975,73.7898,20.06,15.1,24.57,0.0,58.1
2023-01-17,Pune,Maharashtra,18.5204,73.8567,19.17,14.82,24.98,0.0,68.1
2023-01-17,Hubballi,Karnataka,15.3647,75.124,23.92,16.91,31.82,0.0,57.8
2023-01-17,Kolar,Karnataka,13.1367,78.1292,22.06,15.23,29.47,0.0,71.7
2023-01-17,Ludhiana,Punjab,30.901,75.8573,14.23,8.07,21.13,0.0,54.5
2023-01-17,Agra,Uttar Pradesh,27.1767,78.0081,19.02,12.32,24.4,0.0,53.9
2023-01-18,Nashik,Maharashtra,19.9975,73.7898,22.3,18.26,27.15,1.42,58.3
2023-01-18,Pune,Maharashtra,18.5204,73.8567,19.1,11.96,26.88,0.0,65.0
2023-01-18,Hubballi,Karnataka,15.3647,75.124,24.75,19.92,30.08,0.0,59.8
2023-01-18,Kolar,Karnataka,13.1367,78.1292,20.27,14.61,26.8,0.0,65.4
2023-01-18,Ludhiana,Punjab,30.901,75.8573,15.38,9.21,22.77,0.0,60.8
2023-01-18,Agra,Uttar Pradesh,27.1767,78.0081,18.29,10.8,24.52,0.0,50.9
2023-01-19,Nashik,Maharashtra,19.9975,73.7898,20.86,15.51,26.86,0.0,64.6
2023-01-19,Pune,Maharashtra,18.5204,73.8567,19.04,11.59,23.23,0.0,68.0
2023-01-19,Hubballi,Karnataka,15.3647,75.124,24.79,17.31,31.02,0.0,61.2
2023-01-19,Kolar,Karnataka,13.1367,78.1292,19.61,12.38,24.02,0.0,65.5
2023-01-19,Ludhiana,Punjab,30.901,75.8573,17.2,10.06,22.02,0.0,59.4
2023-01-19,Agra,Uttar Pradesh,27.1767,78.0081,17.26,11.88,25.66,0.0,47.5
2023-01-20,Nashik,Maharashtra,19.9975,73.7898,18.37,12.37,24.47,0.0,57.2
2023-01-20,Pune,Maharashtra,18.5204,73.8567,21.29,16.08,27.45,0.0,67.3
2023-01-20,Hubballi,Karnataka,15.3647,75.124,24.11,16.67,31.89,0.0,68.2
2023-01-20,Kolar,Karnataka,13.1367,78.1292,22.32,16.64,28.2,0.0,57.5
2023-01-20,Ludhiana,Punjab,30.901,75.8573,16.66,10.54,22.26,0.0,55.3
2023-01-20,Agra,Uttar Pradesh,27.1767,78.0081,17.32,12.13,24.76,0.0,48.9
2023-01-21,Nashik,Maharashtra,19.9975,73.7898,21.45,14.73,27.69,0.0,59.3
2023-01-21,Pune,Maharashtra,18.5204,73.8567,18.01,13.95,24.85,0.0,73.1
2023-01-21,Hubballi,Karnataka,15.3647,75.124,23.11,18.56,28.24,0.0,65.2
2023-01-21,Kolar,Karnataka,13.1367,78.1292,23.03,18.09,28.69,0.0,59.1
2023-01-21,Ludhiana,Punjab,30.901,75.8573,15.51,11.22,20.05,0.0,55.7
2023-01-21,Agra,Uttar Pradesh,27.1767,78.0081,16.93,10.15,24.46,0.0,57.8
2023-01-22,Nashik,Maharashtra,19.9975,73.7898,19.86,14.09,26.61,0.0,60.8
2023-01-22,Pune,Maharashtra,18.5204,73.8567,19.22,14.06,23.96,0.0,67.1
2023-01-22,Hubballi,Karnataka,15.3647,75.124,23.46,17.33,28.61,0.0,58.5
2023-01-22,Kolar,Karnataka,13.1367,78.1292,20.25,12.9,27.1,0.0,58.9
2023-01-22,Ludhiana,Punjab,30.901,75.8573,15.57,8.86,23.03,0.0,61.2
2023-01-22,Agra,Uttar Pradesh,27.1767,78.0081,20.38,14.19,28.65,0.0,56.4
2023-01-23,Nashik,Maharashtra,19.9975,73.7898,20.0,15.29,25.64,0.0,65.8
2023-01-23,Pune,Maharashtra,18.5204,73.8567,22.85,17.39,29.52,0.0,58.4
2023-01-23,Hubballi,Karnataka,15.3647,75.124,20.68,14.26,26.01,0.0,62.8
2023-01-23,Kolar,Karnataka,13.1367,78.1292,20.51,14.83,28.44,0.0,69.2
2023-01-23,Ludhiana,Punjab,30.901,75.8573,15.97,8.48,23.94,0.0,56.3
2023-01-23,Agra,Uttar Pradesh,27.1767,78.0081,20.53,16.33,28.92,0.0,49.6
2023-01-24,Nashik,Maharashtra,19.9975,73.7898,21.38,16.79,29.71,0.0,60.7
2023-01-24,Pune,Maharashtra,18.5204,73.8567,19.92,15.1,24.11,0.0,66.7
2023-01-24,Hubballi,Karnataka,15.3647,75.124,25.85,19.91,30.46,3.89,54.5
2023-01-24,Kolar,Karnataka,13.1367,78.1292,20.23,15.11,27.73,0.0,65.4
2023-01-24,Ludhiana,Punjab,30.901,75.8573,18.03,11.24,23.64,0.0,54.5
2023-01-24,Agra,Uttar Pradesh,27.1767,78.0081,16.35,10.44,21.04,8.79,56.9
2023-01-25,Nashik,Maharashtra,19.9975,73.7898,21.28,16.8,26.26,0.0,62.7
2023-01-25,Pune,Maharashtra,18.5204,73.8567,20.23,16.11,27.94,0.0,64.9
2023-01-25,Hubballi,Karnataka,15.3647,75.124,23.78,16.85,31.7,0.0,57.9
2023-01-25,Kolar,Karnataka,13.1367,78.1292,23.57,18.84,28.29,0.0,64.1
2023-01-25,Ludhiana,Punjab,30.901,75.8573,16.2,11.93,23.28,0.0,51.6
2023-01-25,Agra,Uttar Pradesh,27.1767,78.0081,17.14,10.1,21.7,0.0,50.6
2023-01-26,Nashik,Maharashtra,19.9975,73.7898,19.73,12.64,26.5,0.0,62.4
2023-01-26,Pune,Maharashtra,18.5204,73.8567,19.81,14.42,27.74,0.0,56.9
2023-01-26,Hubballi,Karnataka,15.3647,75.124,25.05,17.55,33.04,0.0,53.8
2023-01-26,Kolar,Karnataka,13.1367,78.1292,20.92,15.06,27.51,0.0,65.1
2023-01-26,Ludhiana,Punjab,30.901,75.8573,18.36,12.19,23.79,2.3,57.3
2023-01-26,Agra,Uttar Pradesh,27.1767,78.0081,18.25,11.96,24.27,0.0,45.2
2023-01-27,Nashik,Maharashtra,19.9975,73.7898,21.32,15.18,28.32,4.11,61.1
2023-01-27,Pune,Maharashtra,18.5204,73.8567,22.31,15.83,30.62,0.0,66.5
2023-01-27,Hubballi,Karnataka,15.3647,75.124,23.37,17.48,27.68,0.0,57.2
2023-01-27,Kolar,Karnataka,13.1367,78.1292,20.45,14.25,24.87,0.0,65.8
2023-01-27,Ludhiana,Punjab,30.901,75.8573,17.3,11.59,21.68,0.0,53.6
2023-01-27,Agra,Uttar Pradesh,27.1767,78.0081,17.7,12.51,22.45,0.0,46.1
2023-01-28,Nashik,Maharashtra,19.9975,73.7898,23.29,18.79,31.59,0.0,60.6
2023-01-28,Pune,Maharashtra,18.5204,73.8567,21.86,15.45,28.07,0.0,65.1
2023-01-28,Hubballi,Karnataka,15.3647,75.124,23.27,16.15,30.64,1.34,60.2
2023-01-28,Kolar,Karnataka,13.1367,78.1292,21.64,17.56,26.81,0.0,62.8
2023-01-28,Ludhiana,Punjab,30.901,75.8573,18.58,14.23,25.48,0.0,64.0
2023-01-28,Agra,Uttar Pradesh,27.1767,78.0081,18.82,14.11,24.46,0.0,43.9
2023-01-29,Nashik,Maharashtra,19.9975,73.7898,19.51,15.48,24.72,0.0,70.5
2023-01-29,Pune,Maharashtra,18.5204,73.8567,22.23,16.07,27.81,0.0,57.8
2023-01-29,Hubballi,Karnataka,15.3647,75.124,25.07,20.36,31.31,0.0,57.1
2023-01-29,Kolar,Karnataka,13.1367,78.1292,20.51,14.25,26.48,0.0,56.0
2023-01-29,Ludhiana,Punjab,30.901,75.8573,19.64,14.25,25.79,0.0,57.7
2023-01-29,Agra,Uttar Pradesh,27.1767,78.0081,20.72,13.38,26.72,0.0,49.3
2023-01-30,Nashik,Maharashtra,19.9975,73.7898,22.5,18.49,29.06,0.0,55.1
2023-01-30,Pune,Maharashtra,18.5204,73.8567,19.74,14.37,23.9,0.0,62.3
2023-01-30,Hubballi,Karnataka,15.3647,75.124,25.05,18.1,31.71,0.0,62.4
2023-01-30,Kolar,Karnataka,13.1367,78.1292,20.98,16.45,26.54,0.0,58.6
2023-01-30,Ludhiana,Punjab,30.901,75.8573,16.84,10.15,25.06,0.0,57.8
2023-01-30,Agra,Uttar Pradesh,27.1767,78.0081,19.98,14.22,25.43,0.0,50.3
2023-01-31,Nashik,Maharashtra,19.9975,73.7898,19.9,12.85,26.19,0.0,60.6
2023-01-31,Pune,Maharashtra,18.5204,73.8567,20.71,13.72,26.17,0.0,58.2
2023-01-31,Hubballi,Karnataka,15.3647,75.124,24.22,17.02,30.57,0.0,53.9
2023-01-31,Kolar,Karnataka,13.1367,78.1292,20.97,14.14,25.84,0.0,60.3
2023-01-31,Ludhiana,Punjab,30.901,75.8573,18.49,11.65,26.44,0.0,53.3
2023-01-31,Agra,Uttar Pradesh,27.1767,78.0081,16.43,9.17,24.43,0.0,50.2
2023-02-01,Nashik,Maharashtra,19.9975,73.7898,22.52,15.24,30.52,0.0,62.7
2023-02-01,Pune,Maharashtra,18.5204,73.8567,21.82,15.04,27.72,0.0,67.3
2023-02-01,Hubballi,Karnataka,15.3647,75.124,23.34,16.49,29.36,0.0,52.8
2023-02-01,Kolar,Karnataka,13.1367,78.1292,22.43,15.85,28.92,0.0,67.9
2023-02-01,Ludhiana,Punjab,30.901,75.8573,15.7,11.42,24.05,0.0,55.5
2023-02-01,Agra,Uttar Pradesh,27.1767,78.0081,20.16,15.36,27.51,0.0,56.4
2023-02-02,Nashik,Maharashtra,19.9975,73.7898,21.2,14.16,27.26,0.0,53.1
2023-02-02,Pune,Maharashtra,18.5204,73.8567,21.05,15.09,27.03,0.0,66.4
2023-02-02,Hubballi,Karnataka,15.3647,75.124,23.56,17.59,30.76,0.0,60.7
2023-02-02,Kolar,Karnataka,13.1367,78.1292,22.51,16.26,29.12,0.0,70.8
2023-02-02,Ludhiana,Punjab,30.901,75.8573,16.48,11.33,23.07,0.0,58.6
2023-02-02,Agra,Uttar Pradesh,27.1767,78.0081,20.59,15.35,26.21,3.16,57.7
2023-02-03,Nashik,Maharashtra,19.9975,73.7898,20.09,13.02,25.78,0.0,66.1
2023-02-03,Pune,Maharashtra,18.5204,73.8567,22.58,17.56,30.52,0.0,59.2
2023-02-03,Hubballi,Karnataka,15.3647,75.124,24.54,18.19,29.05,0.0,56.1
2023-02-03,Kolar,Karnataka,13.1367,78.1292,21.9,15.11,26.69,0.0,66.3
2023-02-03,Ludhiana,Punjab,30.901,75.8573,16.43,9.14,23.0,0.0,51.3
2023-02-03,Agra,Uttar Pradesh,27.1767,78.0081,20.76,15.41,27.36,0.0,51.3
2023-02-04,Nashik,Maharashtra,19.9975,73.7898,23.2,16.04,28.61,0.0,60.7
2023-02-04,Pune,Maharashtra,18.5204,73.8567,20.47,15.61,27.14,0.0,67.7
2023-02-04,Hubballi,Karnataka,15.3647,75.124,24.77,18.48,30.32,0.0,70.0
2023-02-04,Kolar,Karnataka,13.1367,78.1292,23.61,17.07,28.74,0.0,65.1
2023-02-04,Ludhiana,Punjab,30.901,75.8573,17.96,13.37,24.06,0.0,49.3
2023-02-04,Agra,Uttar Pradesh,27.1767,78.0081,20.74,13.73,26.64,0.0,56.7
2023-02-05,Nashik,Maharashtra,19.9975,73.7898,22.84,18.52,28.7,0.0,67.6
2023-02-05,Pune,Maharashtra,18.5204,73.8567,22.06,17.48,28.0,0.0,60.1
2023-02-05,Hubballi,Karnataka,15.3647,75.124,25.57,18.3,30.46,0.0,64.6
2023-02-05,Kolar,Karnataka,13.1367,78.1292,24.18,18.92,28.22,11.48,65.5
2023-02-05,Ludhiana,Punjab,30.901,75.8573,18.05,11.57,24.99,0.0,56.8
2023-02-05,Agra,Uttar Pradesh,27.1767,78.0081,21.05,16.76,26.97,0.0,59.5
2023-02-06,Nashik,Maharashtra,19.9975,73.7898,22.35,16.68,29.69,0.0,49.6
2023-02-06,Pune,Maharashtra,18.5204,73.8567,23.38,17.51,29.91,0.0,70.0
2023-02-06,Hubballi,Karnataka,15.3647,75.124,24.61,18.6,28.92,0.0,52.5
2023-02-06,Kolar,Karnataka,13.1367,78.1292,22.77,15.46,30.72,0.0,60.4
2023-02-06,Ludhiana,Punjab,30.901,75.8573,17.81,13.19,23.04,0.0,52.1
2023-02-06,Agra,Uttar Pradesh,27.1767,78.0081,19.94,12.47,27.15,9.04,54.2
2023-02-07,Nashik,Maharashtra,19.9975,73.7898,23.52,17.69,29.35,0.0,66.2
2023-02-07,Pune,Maharashtra,18.5204,73.8567,20.7,15.79,28.35,0.0,60.9
2023-02-07,Hubballi,Karnataka,15.3647,75.124,23.68,18.24,29.66,0.0,66.0
2023-02-07,Kolar,Karnataka,13.1367,78.1292,24.21,19.87,28.5,0.0,65.9
2023-02-07,Ludhiana,Punjab,30.901,75.8573,19.01,14.11,23.54,0.0,55.3
2023-02-07,Agra,Uttar Pradesh,27.1767,78.0081,20.31,15.3,28.27,0.0,52.8
2023-02-08,Nashik,Maharashtra,19.9975,73.7898,22.81,18.67,30.76,0.0,56.7
2023-02-08,Pune,Maharashtra,18.5204,73.8567,21.96,16.5,26.54,0.0,66.4
2023-02-08,Hubballi,Karnataka,15.3647,75.124,23.07,16.19,28.17,0.0,62.8
2023-02-08,Kolar,Karnataka,13.1367,78.1292,21.14,16.36,26.52,0.04,64.5
2023-02-08,Ludhiana,Punjab,30.901,75.8573,17.19,11.64,23.09,0.0,52.1
2023-02-08,Agra,Uttar Pradesh,27.1767,78.0081,21.25,14.8,25.64,0.0,47.8
2023-02-09,Nashik,Maharashtra,19.9975,73.7898,22.75,15.85,27.8,0.0,55.6
2023-02-09,Pune,Maharashtra,18.5204,73.8567,19.67,12.84,23.68,0.0,73.5
2023-02-09,Hubballi,Karnataka,15.3647,75.124,25.76,21.22,31.93,0.0,57.7
2023-02-09,Kolar,Karnataka,13.1367,78.1292,24.51,17.95,30.22,0.0,64.0
2023-02-09,Ludhiana,Punjab,30.901,75.8573,18.03,13.02,25.08,0.0,56.4
2023-02-09,Agra,Uttar Pradesh,27.1767,78.0081,22.17,17.93,27.57,0.0,49.8
2023-02-10,Nashik,Maharashtra,19.9975,73.7898,22.48,17.06,30.16,0.0,67.0
2023-02-10,Pune,Maharashtra,18.5204,73.8567,22.64,15.69,29.77,4.42,69.2
2023-02-10,Hubballi,Karnataka,15.3647,75.124,22.66,18.52,28.57,0.0,55.1
2023-02-10,Kolar,Karnataka,13.1367,78.1292,21.07,16.58,28.3,0.0,55.9
2023-02-10,Ludhiana,Punjab,30.901,75.8573,18.92,11.9,23.57,0.0,59.3
2023-02-10,Agra,Uttar Pradesh,27.1767,78.0081,20.13,13.5,27.53,0.0,50.0
2023-02-11,Nashik,Maharashtra,19.9975,73.7898,22.43,17.65,27.43,0.0,58.8
2023-02-11,Pune,Maharashtra,18.5204,73.8567,23.73,16.5,29.68,0.0,64.2
2023-02-11,Hubballi,Karnataka,15.3647,75.124,24.58,19.27,31.12,0.0,54.1
2023-02-11,Kolar,Karnataka,13.1367,78.1292,22.88,18.59,29.15,0.0,60.4
2023-02-11,Ludhiana,Punjab,30.901,75.8573,19.32,12.89,26.62,0.0,54.0
2023-02-11,Agra,Uttar Pradesh,27.1767,78.0081,20.24,13.06,27.02,0.0,50.7
2023-02-12,Nashik,Maharashtra,19.9975,73.7898,22.58,18.37,30.42,0.0,65.2
2023-02-12,Pune,Maharashtra,18.5204,73.8567,24.07,18.91,32.47,0.0,64.3
2023-02-12,Hubballi,Karnataka,15.3647,75.124,26.4,20.29,32.6,0.0,64.2
2023-02-12,Kolar,Karnataka,13.1367,78.1292,20.8,15.76,26.84,0.0,56.9
2023-02-12,Ludhiana,Punjab,30.901,75.8573,20.53,14.42,28.79,0.0,54.0
2023-02-12,Agra,Uttar Pradesh,27.1767,78.0081,21.21,14.1,26.55,0.0,57.9
2023-02-13,Nashik,Maharashtra,19.9975,73.7898,23.24,16.18,29.76,0.0,58.8
2023-02-13,Pune,Maharashtra,18.5204,73.8567,22.59,16.48,30.24,0.0,65.7
2023-02-13,Hubballi,Karnataka,15.3647,75.124,24.71,18.82,32.55,3.16,56.8
2023-02-13,Kolar,Karnataka,13.1367,78.1292,24.94,18.26,32.37,0.0,71.3
2023-02-13,Ludhiana,Punjab,30.901,75.8573,20.41,14.82,26.14,0.0,49.1
2023-02-13,Agra,Uttar Pradesh,27.1767,78.0081,22.16,15.86,27.16,0.4,53.4
2023-02-14,Nashik,Maharashtra,19.9975,73.7898,23.16,17.59,28.32,0.0,62.8
2023-02-14,Pune,Maharashtra,18.5204,73.8567,22.49,15.56,30.66,0.0,65.4
2023-02-14,Hubballi,Karnataka,15.3647,75.124,26.42,21.28,31.63,0.0,59.3
2023-02-14,Kolar,Karnataka,13.1367,78.1292,22.17,17.73,28.39,0.0,63.9
2023-02-14,Ludhiana,Punjab,30.901,75.8573,20.74,15.95,26.21,0.0,54.0
2023-02-14,Agra,Uttar Pradesh,27.1767,78.0081,24.13,19.82,30.57,0.0,48.6
2023-02-15,Nashik,Maharashtra,19.9975,73.7898,22.7,18.56,30.36,0.0,58.5
2023-02-15,Pune,Maharashtra,18.5204,73.8567,24.69,19.88,28.83,0.0,63.6
2023-02-15,Hubballi,Karnataka,15.3647,75.124,24.4,17.78,28.81,0.0,61.5
2023-02-15,Kolar,Karnataka,13.1367,78.1292,23.81,18.89,31.84,0.0,65.8
2023-02-15,Ludhiana,Punjab,30.901,75.8573,20.56,13.2,24.87,0.0,57.9
2023-02-15,Agra,Uttar Pradesh,27.1767,78.0081,22.07,15.46,26.31,0.0,46.4
2023-02-16,Nashik,Maharashtra,19.9975,73.7898,20.88,14.33,25.31,0.0,65.0
2023-02-16,Pune,Maharashtra,18.5204,73.8567,21.94,14.9,26.65,0.0,63.2
2023-02-16,Hubballi,Karnataka,15.3647,75.124,24.46,17.52,31.76,0.0,62.8
2023-02-16,Kolar,Karnataka,13.1367,78.1292,23.51,18.18,31.0,0.0,59.1
2023-02-16,Ludhiana,Punjab,30.901,75.8573,20.44,15.04,25.08,0.0,63.3
2023-02-16,Agra,Uttar Pradesh,27.1767,78.0081,20.67,16.41,25.93,0.0,58.7
2023-02-17,Nashik,Maharashtra,19.9975,73.7898,24.14,19.57,30.33,0.0,69.3
2023-02-17,Pune,Maharashtra,18.5204,73.8567,22.93,17.05,29.25,0.0,78.1
2023-02-17,Hubballi,Karnataka,15.3647,75.124,26.8,20.89,32.77,0.0,57.9
2023-02-17,Kolar,Karnataka,13.1367,78.1292,20.33,14.05,24.87,0.0,66.5
2023-02-17,Ludhiana,Punjab,30.901,75.8573,19.51,12.4,24.92,0.0,59.0
2023-02-17,Agra,Uttar Pradesh,27.1767,78.0081,22.6,16.75,27.64,0.0,54.7
2023-02-18,Nashik,Maharashtra,19.9975,73.7898,23.76,17.71,30.59,0.0,53.7
2023-02-18,Pune,Maharashtra,18.5204,73.8567,23.74,18.44,30.86,0.0,62.8
2023-02-18,Hubballi,Karnataka,15.3647,75.124,24.55,17.83,29.19,0.0,57.5
2023-02-18,Kolar,Karnataka,13.1367,78.1292,23.02,15.68,27.4,0.0,62.9
2023-02-18,Ludhiana,Punjab,30.901,75.8573,19.88,12.83,24.13,0.0,52.9
2023-02-18,Agra,Uttar Pradesh,27.1767,78.0081,24.01,17.96,31.73,0.0,54.2
2023-02-19,Nashik,Maharashtra,19.9975,73.7898,24.33,17.11,32.09,0.0,59.0
2023-02-19,Pune,Maharashtra,18.5204,73.8567,20.12,15.01,27.31,0.0,67.7
2023-02-19,Hubballi,Karnataka,15.3647,75.124,24.4,18.7,32.38,0.0,59.9
2023-02-19,Kolar,Karnataka,13.1367,78.1292,21.65,15.96,26.77,0.0,68.5
2023-02-19,Ludhiana,Punjab,30.901,75.8573,19.9,13.58,28.37,0.0,55.0
2023-02-19,Agra,Uttar Pradesh,27.1767,78.0081,22.12,14.75,29.46,0.0,51.5
2023-02-20,Nashik,Maharashtra,19.9975,73.7898,26.24,20.59,34.38,0.0,60.9
2023-02-20,Pune,Maharashtra,18.5204,73.8567,22.69,18.32,28.35,0.0,66.0
2023-02-20,Hubballi,Karnataka,15.3647,75.124,26.59,19.84,31.69,0.0,64.3
2023-02-20,Kolar,Karnataka,13.1367,78.1292,24.08,19.05,28.38,0.0,67.3
2023-02-20,Ludhiana,Punjab,30.901,75.8573,20.65,15.13,27.82,0.0,53.2
2023-02-20,Agra,Uttar Pradesh,27.1767,78.0081,21.32,14.96,28.01,0.0,47.8
2023-02-21,Nashik,Maharashtra,19.9975,73.7898,21.08,13.88,28.27,0.0,60.2
2023-02-21,Pune,Maharashtra,18.5204,73.8567,21.57,15.01,27.54,0.0,68.6
2023-02-21,Hubballi,Karnataka,15.3647,75.124,25.04,20.33,29.77,0.0,59.8
2023-02-21,Kolar,Karnataka,13.1367,78.1292,21.95,15.79,27.46,0.0,63.2
2023-02-21,Ludhiana,Punjab,30.901,75.8573,19.7,13.95,25.38,0.0,50.1
2023-02-21,Agra,Uttar Pradesh,27.1767,78.0081,21.21,13.97,26.5,0.0,52.8
2023-02-22,Nashik,Maharashtra,19.9975,73.7898,22.51,17.61,27.26,0.0,59.2
2023-02-22,Pune,Maharashtra,18.5204,73.8567,24.36,19.38,31.72,0.0,71.1
2023-02-22,Hubballi,Karnataka,15.3647,75.124,26.18,20.59,33.06,0.0,57.7
2023-02-22,Kolar,Karnataka,13.1367,78.1292,24.68,17.93,29.56,0.0,59.7
2023-02-22,Ludhiana,Punjab,30.901,75.8573,20.28,13.96,28.43,0.0,58.5
2023-02-22,Agra,Uttar Pradesh,27.1767,78.0081,22.56,17.79,27.28,0.0,43.2
2023-02-23,Nashik,Maharashtra,19.9975,73.7898,22.01,16.32,27.38,0.0,57.1
2023-02-23,Pune,Maharashtra,18.5204,73.8567,23.27,16.56,28.05,0.0,68.1
2023-02-23,Hubballi,Karnataka,15.3647,75.124,26.24,19.95,32.42,0.0,59.6
2023-02-23,Kolar,Karnataka,13.1367,78.1292,23.19,18.37,29.58,0.0,67.5
2023-02-23,Ludhiana,Punjab,30.901,75.8573,18.51,11.05,25.13,0.0,51.6
2023-02-23,Agra,Uttar Pradesh,27.1767,78.0081,23.02,18.93,31.34,0.0,51.5
2023-02-24,Nashik,Maharashtra,19.9975,73.7898,23.71,16.46,29.16,0.0,60.7
2023-02-24,Pune,Maharashtra,18.5204,73.8567,23.32,18.12,27.7,0.0,61.6
2023-02-24,Hubballi,Karnataka,15.3647,75.124,24.69,20.36,30.13,0.0,59.3
2023-02-24,Kolar,Karnataka,13.1367,78.1292,21.77,15.29,28.03,0.0,54.5
2023-02-24,Ludhiana,Punjab,30.901,75.8573,19.8,14.82,27.95,0.0,53.2
2023-02-24,Agra,Uttar Pradesh,27.1767,78.0081,24.76,20.23,33.05,0.0,55.0
2023-02-25,Nashik,Maharashtra,19.9975,73.7898,24.47,19.44,32.55,0.0,59.4
2023-02-25,Pune,Maharashtra,18.5204,73.8567,25.41,19.85,32.94,0.0,61.9
2023-02-25,Hubballi,Karnataka,15.3647,75.124,25.6,18.79,30.55,0.0,60.0
2023-02-25,Kolar,Karnataka,13.1367,78.1292,22.61,15.47,29.61,0.0,61.3
2023-02-25,Ludhiana,Punjab,30.901,75.8573,21.94,14.51,28.61,2.35,56.0
2023-02-25,Agra,Uttar Pradesh,27.1767,78.0081,22.94,17.78,29.77,1.03,56.9
2023-02-26,Nashik,Maharashtra,19.9975,73.7898,22.99,17.73,29.71,0.0,59.6
2023-02-26,Pune,Maharashtra,18.5204,73.8567,21.48,17.29,26.01,0.0,64.4
2023-02-26,Hubballi,Karnataka,15.3647,75.124,23.51,16.04,28.59,0.0,67.7
2023-02-26,Kolar,Karnataka,13.1367,78.1292,23.13,16.33,30.46,0.0,64.1
2023-02-26,Ludhiana,Punjab,30.901,75.8573,23.24,18.19,28.46,0.0,59.6
2023-02-26,Agra,Uttar Pradesh,27.1767,78.0081,22.23,16.87,27.44,0.0,52.4
2023-02-27,Nashik,Maharashtra,19.9975,73.7898,23.8,17.63,30.69,0.0,63.5
2023-02-27,Pune,Maharashtra,18.5204,73.8567,22.87,17.71,28.13,0.0,67.8
2023-02-27,Hubballi,Karnataka,15.3647,75.124,25.88,21.67,32.08,0.0,58.3
2023-02-27,Kolar,Karnataka,13.1367,78.1292,24.71,20.51,28.87,0.0,66.1
2023-02-27,Ludhiana,Punjab,30.901,75.8573,21.01,14.89,28.24,0.0,57.8
2023-02-27,Agra,Uttar Pradesh,27.1767,78.0081,25.58,21.45,33.09,0.0,54.7
2023-02-28,Nashik,Maharashtra,19.9975,73.7898,24.46,18.68,31.14,0.0,60.5
2023-02-28,Pune,Maharashtra,18.5204,73.8567,25.28,19.53,29.93,0.0,57.6
2023-02-28,Hubballi,Karnataka,15.3647,75.124,26.4,20.76,33.38,0.0,57.7
2023-02-28,Kolar,Karnataka,13.1367,78.1292,23.85,19.71,29.82,0.0,62.8
2023-02-28,Ludhiana,Punjab,30.901,75.8573,18.46,11.47,22.72,0.0,58.8
2023-02-28,Agra,Uttar Pradesh,27.1767,78.0081,21.94,17.5,29.7,11.09,51.2
2023-03-01,Nashik,Maharashtra,19.9975,73.7898,24.23,18.59,31.71,0.0,50.9
2023-03-01,Pune,Maharashtra,18.5204,73.8567,23.44,19.41,30.51,0.0,53.9
2023-03-01,Hubballi,Karnataka,15.3647,75.124,26.1,19.3,33.72,0.0,47.6
2023-03-01,Kolar,Karnataka,13.1367,78.1292,24.98,20.43,32.95,0.0,44.0
2023-03-01,Ludhiana,Punjab,30.901,75.8573,20.58,15.21,26.62,0.0,52.3
2023-03-01,Agra,Uttar Pradesh,27.1767,78.0081,22.82,16.31,29.78,0.0,39.8
2023-03-02,Nashik,Maharashtra,19.9975,73.7898,23.32,18.89,29.19,0.0,53.6
2023-03-02,Pune,Maharashtra,18.5204,73.8567,23.82,18.19,32.26,0.0,50.7
2023-03-02,Hubballi,Karnataka,15.3647,75.124,28.01,21.05,35.72,0.0,54.2
2023-03-02,Kolar,Karnataka,13.1367,78.1292,23.25,16.22,28.66,0.0,56.6
2023-03-02,Ludhiana,Punjab,30.901,75.8573,20.58,13.98,28.94,0.0,44.2
2023-03-02,Agra,Uttar Pradesh,27.1767,78.0081,22.63,18.11,28.06,0.0,46.3
2023-03-03,Nashik,Maharashtra,19.9975,73.7898,24.69,18.17,30.94,0.0,53.0
2023-03-03,Pune,Maharashtra,18.5204,73.8567,21.99,17.2,28.54,0.0,52.9
2023-03-03,Hubballi,Karnataka,15.3647,75.124,25.6,19.84,31.66,0.0,50.6
2023-03-03,Kolar,Karnataka,13.1367,78.1292,22.71,18.31,28.39,0.0,54.6
2023-03-03,Ludhiana,Punjab,30.901,75.8573,20.02,13.44,24.4,0.0,52.6
2023-03-03,Agra,Uttar Pradesh,27.1767,78.0081,23.8,19.49,28.37,0.0,40.4
2023-03-04,Nashik,Maharashtra,19.9975,73.7898,23.48,16.53,29.53,0.0,52.9
2023-03-04,Pune,Maharashtra,18.5204,73.8567,23.2,18.78,30.17,0.0,50.6
2023-03-04,Hubballi,Karnataka,15.3647,75.124,27.02,21.49,34.92,0.52,52.8
2023-03-04,Kolar,Karnataka,13.1367,78.1292,22.53,17.29,26.99,0.0,52.3
2023-03-04,Ludhiana,Punjab,30.901,75.8573,23.59,17.43,30.63,0.0,46.2
2023-03-04,Agra,Uttar Pradesh,27.1767,78.0081,24.85,20.7,30.88,0.0,34.6
2023-03-05,Nashik,Maharashtra,19.9975,73.7898,24.19,18.23,28.8,0.0,58.6
2023-03-05,Pune,Maharashtra,18.5204,73.8567,25.26,20.89,32.82,0.0,58.4
2023-03-05,Hubballi,Karnataka,15.3647,75.124,24.2,19.95,28.63,0.0,52.4
2023-03-05,Kolar,Karnataka,13.1367,78.1292,24.78,18.46,32.77,0.0,58.7
2023-03-05,Ludhiana,Punjab,30.901,75.8573,19.82,14.4,25.25,0.0,47.1
2023-03-05,Agra,Uttar Pradesh,27.1767,78.0081,24.44,18.49,32.52,0.0,48.8
2023-03-06,Nashik,Maharashtra,19.9975,73.7898,25.74,21.53,30.29,0.0,54.3
2023-03-06,Pune,Maharashtra,18.5204,73.8567,22.42,15.75,28.01,0.0,53.6
2023-03-06,Hubballi,Karnataka,15.3647,75.124,28.65,22.88,34.56,0.0,55.5
2023-03-06,Kolar,Karnataka,13.1367,78.1292,24.84,18.32,31.23,0.0,53.7
2023-03-06,Ludhiana,Punjab,30.901,75.8573,23.63,19.04,31.14,0.0,41.7
2023-03-06,Agra,Uttar Pradesh,27.1767,78.0081,27.4,21.96,34.54,0.0,39.1
2023-03-07,Nashik,Maharashtra,19.9975,73.7898,25.49,19.32,32.08,5.16,52.0
2023-03-07,Pune,Maharashtra,18.5204,73.8567,25.29,20.42,33.7,0.0,57.6
2023-03-07,Hubballi,Karnataka,15.3647,75.124,26.76,19.43,30.93,0.0,53.4
2023-03-07,Kolar,Karnataka,13.1367,78.1292,23.11,18.16,29.97,0.0,54.7
2023-03-07,Ludhiana,Punjab,30.901,75.8573,23.89,16.51,28.29,0.16,49.0
2023-03-07,Agra,Uttar Pradesh,27.1767,78.0081,26.43,20.0,30.66,0.0,40.9
2023-03-08,Nashik,Maharashtra,19.9975,73.7898,25.84,18.54,29.97,0.0,49.8
2023-03-08,Pune,Maharashtra,18.5204,73.8567,27.25,21.88,34.72,0.0,58.3
2023-03-08,Hubballi,Karnataka,15.3647,75.124,26.29,21.57,33.53,0.0,54.5
2023-03-08,Kolar,Karnataka,13.1367,78.1292,21.04,16.68,27.69,0.0,50.7
2023-03-08,Ludhiana,Punjab,30.901,75.8573,21.33,14.47,26.58,0.0,47.2
2023-03-08,Agra,Uttar Pradesh,27.1767,78.0081,23.52,16.87,31.43,0.0,43.6
2023-03-09,Nashik,Maharashtra,19.9975,73.7898,26.49,21.81,30.67,0.84,50.8
2023-03-09,Pune,Maharashtra,18.5204,73.8567,23.2,15.88,27.95,0.0,50.2
2023-03-09,Hubballi,Karnataka,15.3647,75.124,25.34,18.44,32.91,0.03,47.8
2023-03-09,Kolar,Karnataka,13.1367,78.1292,25.02,20.17,30.56,0.0,52.6
2023-03-09,Ludhiana,Punjab,30.901,75.8573,25.28,20.92,32.66,0.0,45.4
2023-03-09,Agra,Uttar Pradesh,27.1767,78.0081,24.71,20.0,32.68,0.0,49.9
2023-03-10,Nashik,Maharashtra,19.9975,73.7898,26.28,20.65,30.55,0.0,51.9
2023-03-10,Pune,Maharashtra,18.5204,73.8567,24.25,18.6,28.57,0.0,55.6
2023-03-10,Hubballi,Karnataka,15.3647,75.124,25.71,21.34,31.97,0.0,42.6
2023-03-10,Kolar,Karnataka,13.1367,78.1292,23.91,19.03,28.26,0.0,50.5
2023-03-10,Ludhiana,Punjab,30.901,75.8573,21.44,15.26,26.62,0.0,51.6
2023-03-10,Agra,Uttar Pradesh,27.1767,78.0081,28.51,23.43,33.29,0.0,43.9
2023-03-11,Nashik,Maharashtra,19.9975,73.7898,22.9,18.01,29.42,0.0,52.1
2023-03-11,Pune,Maharashtra,18.5204,73.8567,23.78,17.62,31.79,0.0,53.6
2023-03-11,Hubballi,Karnataka,15.3647,75.124,29.04,21.63,35.04,0.0,54.0
2023-03-11,Kolar,Karnataka,13.1367,78.1292,23.18,16.07,27.65,0.0,53.5
2023-03-11,Ludhiana,Punjab,30.901,75.8573,23.68,16.42,29.4,0.0,44.0
2023-03-11,Agra,Uttar Pradesh,27.1767,78.0081,23.53,18.93,29.72,0.0,41.2
2023-03-12,Nashik,Maharashtra,19.9975,73.7898,24.4,19.15,32.1,0.0,42.9
2023-03-12,Pune,Maharashtra,18.5204,73.8567,26.98,21.24,31.75,0.0,52.5
2023-03-12,Hubballi,Karnataka,15.3647,75.124,24.94,18.73,30.41,0.0,47.5
2023-03-12,Kolar,Karnataka,13.1367,78.1292,23.52,17.26,27.83,3.85,63.5
2023-03-12,Ludhiana,Punjab,30.901,75.8573,22.69,17.63,30.79,0.0,48.1
2023-03-12,Agra,Uttar Pradesh,27.1767,78.0081,25.84,20.97,31.01,0.0,43.8
2023-03-13,Nashik,Maharashtra,19.9975,73.7898,25.63,19.8,32.23,0.0,51.6
2023-03-13,Pune,Maharashtra,18.5204,73.8567,24.73,18.61,32.07,0.0,49.4
2023-03-13,Hubballi,Karnataka,15.3647,75.124,26.25,19.22,31.2,0.0,54.4
2023-03-13,Kolar,Karnataka,13.1367,78.1292,22.17,16.62,29.08,0.0,51.8
2023-03-13,Ludhiana,Punjab,30.901,75.8573,23.41,18.19,29.54,0.0,48.4
2023-03-13,Agra,Uttar Pradesh,27.1767,78.0081,26.36,20.56,30.91,0.0,40.8
2023-03-14,Nashik,Maharashtra,19.9975,73.7898,25.55,19.17,29.85,3.15,45.8
2023-03-14,Pune,Maharashtra,18.5204,73.8567,24.9,20.31,31.56,0.0,59.1
2023-03-14,Hubballi,Karnataka,15.3647,75.124,26.8,22.05,34.11,0.0,49.6
2023-03-14,Kolar,Karnataka,13.1367,78.1292,24.66,17.9,32.97,0.0,54.8
2023-03-14,Ludhiana,Punjab,30.901,75.8573,24.01,19.1,31.68,0.0,48.6
2023-03-14,Agra,Uttar Pradesh,27.1767,78.0081,25.09,19.81,33.41,0.0,37.8
2023-03-15,Nashik,Maharashtra,19.9975,73.7898,25.28,18.55,33.33,17.72,51.7
2023-03-15,Pune,Maharashtra,18.5204,73.8567,24.05,17.32,28.49,0.0,53.3
2023-03-15,Hubballi,Karnataka,15.3647,75.124,27.28,19.97,32.13,0.0,51.1
2023-03-15,Kolar,Karnataka,13.1367,78.1292,23.19,16.49,27.26,0.0,60.4
2023-03-15,Ludhiana,Punjab,30.901,75.8573,25.13,18.68,31.81,0.0,45.8
2023-03-15,Agra,Uttar Pradesh,27.1767,78.0081,26.74,22.08,34.86,0.0,39.9
2023-03-16,Nashik,Maharashtra,19.9975,73.7898,24.47,18.01,29.16,0.0,54.7
2023-03-16,Pune,Maharashtra,18.5204,73.8567,26.27,19.96,32.35,0.0,58.9
2023-03-16,Hubballi,Karnataka,15.3647,75.124,28.38,21.99,34.63,0.0,50.8
2023-03-16,Kolar,Karnataka,13.1367,78.1292,25.74,20.43,31.67,0.0,54.0
2023-03-16,Ludhiana,Punjab,30.901,75.8573,23.4,17.05,29.24,0.0,44.4
2023-03-16,Agra,Uttar Pradesh,27.1767,78.0081,28.97,24.44,37.1,0.0,44.0
2023-03-17,Nashik,Maharashtra,19.9975,73.7898,25.4,20.16,32.82,0.0,54.6
2023-03-17,Pune,Maharashtra,18.5204,73.8567,25.22,19.03,32.24,0.0,56.0
2023-03-17,Hubballi,Karnataka,15.3647,75.124,25.15,19.4,31.42,0.0,53.2
2023-03-17,Kolar,Karnataka,13.1367,78.1292,24.99,19.8,29.49,0.0,57.6
2023-03-17,Ludhiana,Punjab,30.901,75.8573,25.04,20.03,31.19,0.0,44.7
2023-03-17,Agra,Uttar Pradesh,27.1767,78.0081,27.32,22.6,33.43,0.0,42.6
2023-03-18,Nashik,Maharashtra,19.9975,73.7898,26.73,22.05,31.72,0.0,49.6
2023-03-18,Pune,Maharashtra,18.5204,73.8567,22.88,15.93,29.99,0.0,55.5
2023-03-18,Hubballi,Karnataka,15.3647,75.124,26.73,20.94,34.76,0.0,49.0
2023-03-18,Kolar,Karnataka,13.1367,78.1292,24.72,18.98,29.77,0.0,57.2
2023-03-18,Ludhiana,Punjab,30.901,75.8573,23.1,16.28,30.32,2.06,43.6
2023-03-18,Agra,Uttar Pradesh,27.1767,78.0081,26.16,21.41,32.99,0.0,40.8
2023-03-19,Nashik,Maharashtra,19.9975,73.7898,26.03,18.7,31.82,0.0,45.4
2023-03-19,Pune,Maharashtra,18.5204,73.8567,25.65,18.95,33.37,0.0,52.0
2023-03-19,Hubballi,Karnataka,15.3647,75.124,28.13,22.75,34.98,0.19,57.0
2023-03-19,Kolar,Karnataka,13.1367,78.1292,22.27,16.28,28.7,13.8,55.6
2023-03-19,Ludhiana,Punjab,30.901,75.8573,23.05,18.97,29.47,0.0,42.9
2023-03-19,Agra,Uttar Pradesh,27.1767,78.0081,25.35,18.59,32.01,0.0,39.3
2023-03-20,Nashik,Maharashtra,19.9975,73.7898,24.72,20.11,29.56,0.0,51.7
2023-03-20,Pune,Maharashtra,18.5204,73.8567,25.81,21.11,31.05,0.0,64.2
2023-03-20,Hubballi,Karnataka,15.3647,75.124,27.89,23.31,34.23,0.0,54.5
2023-03-20,Kolar,Karnataka,13.1367,78.1292,25.39,21.13,31.09,0.0,54.0
2023-03-20,Ludhiana,Punjab,30.901,75.8573,25.1,20.76,31.01,0.0,41.8
2023-03-20,Agra,Uttar Pradesh,27.1767,78.0081,26.15,21.84,30.59,0.0,43.3
2023-03-21,Nashik,Maharashtra,19.9975,73.7898,25.08,19.64,30.68,0.0,47.7
2023-03-21,Pune,Maharashtra,18.5204,73.8567,27.54,23.13,31.71,0.0,57.0
2023-03-21,Hubballi,Karnataka,15.3647,75.124,26.77,21.48,34.89,0.0,55.2
2023-03-21,Kolar,Karnataka,13.1367,78.1292,23.62,17.82,27.81,0.0,54.4
2023-03-21,Ludhiana,Punjab,30.901,75.8573,22.45,17.9,30.4,0.0,44.5
2023-03-21,Agra,Uttar Pradesh,27.1767,78.0081,28.09,21.05,32.58,0.0,40.7
2023-03-22,Nashik,Maharashtra,19.9975,73.7898,26.25,19.87,33.06,0.0,53.4
2023-03-22,Pune,Maharashtra,18.5204,73.8567,26.0,19.18,32.24,0.0,49.7
2023-03-22,Hubballi,Karnataka,15.3647,75.124,28.43,24.01,36.35,0.0,54.6
2023-03-22,Kolar,Karnataka,13.1367,78.1292,25.71,21.04,32.52,0.0,50.1
2023-03-22,Ludhiana,Punjab,30.901,75.8573,24.45,18.08,28.85,0.0,51.4
2023-03-22,Agra,Uttar Pradesh,27.1767,78.0081,28.33,23.28,34.33,0.0,36.5
2023-03-23,Nashik,Maharashtra,19.9975,73.7898,27.34,20.91,32.4,0.0,50.1
2023-03-23,Pune,Maharashtra,18.5204,73.8567,27.04,21.66,33.32,0.0,56.5
2023-03-23,Hubballi,Karnataka,15.3647,75.124,29.01,22.31,33.61,0.0,50.0
2023-03-23,Kolar,Karnataka,13.1367,78.1292,26.22,19.51,31.51,0.0,52.7
2023-03-23,Ludhiana,Punjab,30.901,75.8573,26.03,21.57,31.39,6.31,46.0
2023-03-23,Agra,Uttar Pradesh,27.1767,78.0081,27.15,20.54,33.09,0.0,40.9
2023-03-24,Nashik,Maharashtra,19.9975,73.7898,27.88,22.28,31.89,0.0,57.8
2023-03-24,Pune,Maharashtra,18.5204,73.8567,26.14,19.31,30.91,0.0,51.9
2023-03-24,Hubballi,Karnataka,15.3647,75.124,26.34,19.76,34.17,0.0,46.9
2023-03-24,Kolar,Karnataka,13.1367,78.1292,24.96,18.54,32.11,0.0,57.4
2023-03-24,Ludhiana,Punjab,30.901,75.8573,26.37,21.01,33.66,0.0,36.4
2023-03-24,Agra,Uttar Pradesh,27.1767,78.0081,27.94,22.81,36.09,0.0,38.1
2023-03-25,Nashik,Maharashtra,19.9975,73.7898,26.87,21.03,34.6,0.0,47.5
2023-03-25,Pune,Maharashtra,18.5204,73.8567,27.78,20.97,34.47,0.0,54.4
2023-03-25,Hubballi,Karnataka,15.3647,75.124,28.5,23.96,35.24,0.0,54.5
2023-03-25,Kolar,Karnataka,13.1367,78.1292,25.75,19.55,30.27,0.0,53.4
2023-03-25,Ludhiana,Punjab,30.901,75.8573,26.99,22.37,32.44,0.0,53.5
2023-03-25,Agra,Uttar Pradesh,27.1767,78.0081,26.52,19.73,31.74,0.0,42.4
2023-03-26,Nashik,Maharashtra,19.9975,73.7898,29.88,23.22,36.96,0.0,52.6
2023-03-26,Pune,Maharashtra,18.5204,73.8567,25.42,18.52,32.14,0.0,61.4
2023-03-26,Hubballi,Karnataka,15.3647,75.124,27.24,22.44,35.72,0.0,46.1
2023-03-26,Kolar,Karnataka,13.1367,78.1292,25.39,20.47,32.06,0.0,53.0
2023-03-26,Ludhiana,Punjab,30.901,75.8573,24.01,19.1,29.8,0.0,46.9
2023-03-26,Agra,Uttar Pradesh,27.1767,78.0081,29.46,25.03,36.14,0.0,37.9
2023-03-27,Nashik,Maharashtra,19.9975,73.7898,29.67,24.48,35.5,0.0,51.7
2023-03-27,Pune,Maharashtra,18.5204,73.8567,24.94,18.75,29.44,0.0,54.6
2023-03-27,Hubballi,Karnataka,15.3647,75.124,27.69,22.36,35.37,0.0,51.4
2023-03-27,Kolar,Karnataka,13.1367,78.1292,23.92,19.62,29.58,0.0,52.1
2023-03-27,Ludhiana,Punjab,30.901,75.8573,23.95,18.67,30.24,0.0,42.1
2023-03-27,Agra,Uttar Pradesh,27.1767,78.0081,26.8,21.76,33.12,0.0,39.1
2023-03-28,Nashik,Maharashtra,19.9975,73.7898,27.65,20.33,35.36,1.06,56.0
2023-03-28,Pune,Maharashtra,18.5204,73.8567,25.66,19.08,33.82,0.0,59.0
2023-03-28,Hubballi,Karnataka,15.3647,75.124,27.61,22.59,31.92,0.0,58.8
2023-03-28,Kolar,Karnataka,13.1367,78.1292,28.78,24.43,35.99,0.0,58.4
2023-03-28,Ludhiana,Punjab,30.901,75.8573,25.18,21.06,29.9,0.0,44.8
2023-03-28,Agra,Uttar Pradesh,27.1767,78.0081,28.49,23.47,33.14,0.0,40.1
2023-03-29,Nashik,Maharashtra,19.9975,73.7898,27.89,20.6,35.71,0.0,42.2
2023-03-29,Pune,Maharashtra,18.5204,73.8567,24.14,17.52,30.83,0.0,42.2
2023-03-29,Hubballi,Karnataka,15.3647,75.124,26.47,20.47,32.81,0.0,51.2
2023-03-29,Kolar,Karnataka,13.1367,78.1292,24.61,17.61,29.0,0.0,53.8
2023-03-29,Ludhiana,Punjab,30.901,75.8573,27.97,21.21,34.61,0.0,48.2
2023-03-29,Agra,Uttar Pradesh,27.1767,78.0081,26.85,22.33,33.01,0.0,39.9
2023-03-30,Nashik,Maharashtra,19.9975,73.7898,27.21,20.91,34.44,0.0,55.2
2023-03-30,Pune,Maharashtra,18.5204,73.8567,27.77,21.24,32.61,0.0,50.2
2023-03-30,Hubballi,Karnataka,15.3647,75.124,28.02,22.33,32.04,0.0,47.8
2023-03-30,Kolar,Karnataka,13.1367,78.1292,23.94,17.4,28.04,0.0,48.0
2023-03-30,Ludhiana,Punjab,30.901,75.8573,24.25,18.7,28.78,0.0,42.2
2023-03-30,Agra,Uttar Pradesh,27.1767,78.0081,29.31,24.17,33.82,0.0,46.3
2023-03-31,Nashik,Maharashtra,19.9975,73.7898,27.86,21.49,35.04,0.0,49.4
2023-03-31,Pune,Maharashtra,18.5204,73.8567,28.04,22.89,34.75,0.0,63.4
2023-03-31,Hubballi,Karnataka,15.3647,75.124,28.96,22.52,36.8,0.0,51.6
2023-03-31,Kolar,Karnataka,13.1367,78.1292,25.27,18.03,32.83,0.0,45.1
2023-03-31,Ludhiana,Punjab,30.901,75.8573,28.17,22.3,34.01,0.0,40.3
2023-03-31,Agra,Uttar Pradesh,27.1767,78.0081,27.89,20.4,32.69,0.0,41.2
2023-04-01,Nashik,Maharashtra,19.9975,73.7898,27.49,20.35,32.06,0.0,51.1
2023-04-01,Pune,Maharashtra,18.5204,73.8567,26.45,21.64,30.73,0.0,56.1
2023-04-01,Hubballi,Karnataka,15.3647,75.124,28.1,21.12,33.64,5.13,52.3
2023-04-01,Kolar,Karnataka,13.1367,78.1292,25.5,20.74,32.94,0.0,56.3
2023-04-01,Ludhiana,Punjab,30.901,75.8573,26.58,21.41,34.39,0.0,43.9
2023-04-01,Agra,Uttar Pradesh,27.1767,78.0081,26.99,20.19,35.26,0.0,46.6
2023-04-02,Nashik,Maharashtra,19.9975,73.7898,27.54,21.68,34.45,0.0,49.7
2023-04-02,Pune,Maharashtra,18.5204,73.8567,26.33,21.34,34.58,0.0,56.0
2023-04-02,Hubballi,Karnataka,15.3647,75.124,27.64,22.22,35.53,0.0,47.4
2023-04-02,Kolar,Karnataka,13.1367,78.1292,25.28,20.28,31.74,0.0,53.8
2023-04-02,Ludhiana,Punjab,30.901,75.8573,23.96,19.09,32.16,0.0,47.0
2023-04-02,Agra,Uttar Pradesh,27.1767,78.0081,29.1,23.83,36.41,0.0,44.6
2023-04-03,Nashik,Maharashtra,19.9975,73.7898,28.18,21.46,35.45,0.0,55.5
2023-04-03,Pune,Maharashtra,18.5204,73.8567,28.12,22.58,34.2,0.0,55.9
2023-04-03,Hubballi,Karnataka,15.3647,75.124,26.75,21.73,34.68,0.0,55.6
2023-04-03,Kolar,Karnataka,13.1367,78.1292,24.82,17.55,30.9,0.0,56.2
2023-04-03,Ludhiana,Punjab,30.901,75.8573,26.37,20.24,33.65,0.0,42.9
2023-04-03,Agra,Uttar Pradesh,27.1767,78.0081,30.34,23.29,38.54,0.0,44.7
2023-04-04,Nashik,Maharashtra,19.9975,73.7898,31.64,26.23,39.62,0.37,55.4
2023-04-04,Pune,Maharashtra,18.5204,73.8567,26.94,19.45,34.16,0.0,54.6
2023-04-04,Hubballi,Karnataka,15.3647,75.124,28.88,22.76,36.55,0.0,49.4
2023-04-04,Kolar,Karnataka,13.1367,78.1292,23.6,19.06,28.34,0.0,51.6
2023-04-04,Ludhiana,Punjab,30.901,75.8573,26.11,20.77,32.17,0.0,45.3
2023-04-04,Agra,Uttar Pradesh,27.1767,78.0081,28.29,22.23,34.22,0.0,47.1
2023-04-05,Nashik,Maharashtra,19.9975,73.7898,28.0,21.17,35.95,0.0,47.7
2023-04-05,Pune,Maharashtra,18.5204,73.8567,25.49,18.05,32.39,0.0,52.6
2023-04-05,Hubballi,Karnataka,15.3647,75.124,28.1,20.98,36.2,0.0,48.4
2023-04-05,Kolar,Karnataka,13.1367,78.1292,24.99,19.68,33.36,0.0,58.8
2023-04-05,Ludhiana,Punjab,30.901,75.8573,26.32,19.56,32.72,0.0,43.2
2023-04-05,Agra,Uttar Pradesh,27.1767,78.0081,29.41,23.74,35.4,0.0,45.8
2023-04-06,Nashik,Maharashtra,19.9975,73.7898,30.02,24.27,38.44,0.0,56.8
2023-04-06,Pune,Maharashtra,18.5204,73.8567,27.53,21.95,32.39,0.0,55.3
2023-04-06,Hubballi,Karnataka,15.3647,75.124,29.15,22.33,35.42,0.0,54.1
2023-04-06,Kolar,Karnataka,13.1367,78.1292,26.2,19.91,32.3,0.0,48.6
2023-04-06,Ludhiana,Punjab,30.901,75.8573,27.1,22.37,31.51,0.0,46.5
2023-04-06,Agra,Uttar Pradesh,27.1767,78.0081,27.99,23.56,35.91,7.13,44.3
2023-04-07,Nashik,Maharashtra,19.9975,73.7898,28.79,23.18,36.51,0.0,47.5
2023-04-07,Pune,Maharashtra,18.5204,73.8567,28.52,23.73,35.39,0.0,59.0
2023-04-07,Hubballi,Karnataka,15.3647,75.124,29.26,21.84,34.04,0.0,50.1
2023-04-07,Kolar,Karnataka,13.1367,78.1292,24.77,19.47,31.87,0.0,49.2
2023-04-07,Ludhiana,Punjab,30.901,75.8573,27.13,21.48,31.89,10.99,48.6
2023-04-07,Agra,Uttar Pradesh,27.1767,78.0081,28.97,24.78,37.12,0.0,48.0
2023-04-08,Nashik,Maharashtra,19.9975,73.7898,28.52,23.87,33.36,0.0,53.2
2023-04-08,Pune,Maharashtra,18.5204,73.8567,27.9,21.99,33.74,0.0,54.9
2023-04-08,Hubballi,Karnataka,15.3647,75.124,26.03,20.64,32.89,0.0,52.1
2023-04-08,Kolar,Karnataka,13.1367,78.1292,26.2,20.01,33.73,0.0,54.4
2023-04-08,Ludhiana,Punjab,30.901,75.8573,27.71,20.55,35.44,0.0,44.9
2023-04-08,Agra,Uttar Pradesh,27.1767,78.0081,28.45,21.01,32.78,0.0,37.9
2023-04-09,Nashik,Maharashtra,19.9975,73.7898,30.15,25.22,34.53,0.0,48.3
2023-04-09,Pune,Maharashtra,18.5204,73.8567,28.4,23.03,35.51,0.0,62.8
2023-04-09,Hubballi,Karnataka,15.3647,75.124,27.97,20.68,34.0,0.0,44.9
2023-04-09,Kolar,Karnataka,13.1367,78.1292,28.01,22.33,34.14,0.0,53.9
2023-04-09,Ludhiana,Punjab,30.901,75.8573,26.38,20.49,30.73,0.0,43.9
2023-04-09,Agra,Uttar Pradesh,27.1767,78.0081,27.84,23.25,32.86,0.0,41.6
2023-04-10,Nashik,Maharashtra,19.9975,73.7898,30.17,24.71,38.19,0.0,57.9
2023-04-10,Pune,Maharashtra,18.5204,73.8567,27.44,20.89,33.61,2.76,49.8
2023-04-10,Hubballi,Karnataka,15.3647,75.124,28.63,21.77,34.3,0.0,52.9
2023-04-10,Kolar,Karnataka,13.1367,78.1292,25.97,21.79,34.33,0.0,55.8
2023-04-10,Ludhiana,Punjab,30.901,75.8573,28.29,21.87,36.69,0.0,47.6
2023-04-10,Agra,Uttar Pradesh,27.1767,78.0081,28.8,21.63,33.14,0.0,42.2
2023-04-11,Nashik,Maharashtra,19.9975,73.7898,27.61,22.72,35.5,0.0,49.5
2023-04-11,Pune,Maharashtra,18.5204,73.8567,27.02,20.02,35.05,0.0,60.9
2023-04-11,Hubballi,Karnataka,15.3647,75.124,29.63,24.14,36.16,1.7,46.0
2023-04-11,Kolar,Karnataka,13.1367,78.1292,25.75,18.49,32.08,0.0,51.7
2023-04-11,Ludhiana,Punjab,30.901,75.8573,25.65,18.8,32.58,0.0,45.9
2023-04-11,Agra,Uttar Pradesh,27.1767,78.0081,29.24,22.04,34.46,0.0,48.0
2023-04-12,Nashik,Maharashtra,19.9975,73.7898,28.9,22.0,36.56,0.0,55.3
2023-04-12,Pune,Maharashtra,18.5204,73.8567,28.42,23.86,34.1,0.0,54.3
2023-04-12,Hubballi,Karnataka,15.3647,75.124,29.71,23.47,34.56,0.0,54.4
2023-04-12,Kolar,Karnataka,13.1367,78.1292,28.23,23.08,35.23,0.0,52.4
2023-04-12,Ludhiana,Punjab,30.901,75.8573,28.37,23.06,35.9,0.0,40.9
2023-04-12,Agra,Uttar Pradesh,27.1767,78.0081,31.47,25.41,38.88,0.0,49.9
2023-04-13,Nashik,Maharashtra,19.9975,73.7898,29.68,23.72,35.5,1.51,49.5
2023-04-13,Pune,Maharashtra,18.5204,73.8567,28.72,23.76,35.25,0.0,53.9
2023-04-13,Hubballi,Karnataka,15.3647,75.124,30.52,24.57,35.99,0.0,45.7
2023-04-13,Kolar,Karnataka,13.1367,78.1292,24.68,19.96,31.79,0.0,54.4
2023-04-13,Ludhiana,Punjab,30.901,75.8573,25.52,19.87,33.11,0.0,48.2
2023-04-13,Agra,Uttar Pradesh,27.1767,78.0081,28.49,22.03,36.96,3.79,44.6
2023-04-14,Nashik,Maharashtra,19.9975,73.7898,27.58,21.93,33.09,0.0,54.5
2023-04-14,Pune,Maharashtra,18.5204,73.8567,28.51,21.05,36.64,0.0,54.1
2023-04-14,Hubballi,Karnataka,15.3647,75.124,28.83,23.71,35.54,0.0,48.8
2023-04-14,Kolar,Karnataka,13.1367,78.1292,25.73,18.71,30.95,0.0,49.1
2023-04-14,Ludhiana,Punjab,30.901,75.8573,26.18,21.8,33.81,0.0,41.7
2023-04-14,Agra,Uttar Pradesh,27.1767,78.0081,31.95,27.32,37.8,0.0,40.5
2023-04-15,Nashik,Maharashtra,19.9975,73.7898,28.43,24.42,35.23,0.0,56.6
2023-04-15,Pune,Maharashtra,18.5204,73.8567,28.88,23.3,35.13,0.0,57.5
2023-04-15,Hubballi,Karnataka,15.3647,75.124,29.84,23.15,34.15,0.0,50.4
2023-04-15,Kolar,Karnataka,13.1367,78.1292,27.46,21.97,31.69,0.0,49.7
2023-04-15,Ludhiana,Punjab,30.901,75.8573,28.65,24.59,33.96,0.0,46.9
2023-04-15,Agra,Uttar Pradesh,27.1767,78.0081,27.95,20.97,33.07,0.0,36.2
2023-04-16,Nashik,Maharashtra,19.9975,73.7898,28.35,21.42,36.41,1.71,45.0
2023-04-16,Pune,Maharashtra,18.5204,73.8567,28.55,23.04,35.74,0.0,60.5
2023-04-16,Hubballi,Karnataka,15.3647,75.124,27.87,22.84,34.22,0.0,41.0
2023-04-16,Kolar,Karnataka,13.1367,78.1292,25.87,19.63,33.42,0.0,56.2
2023-04-16,Ludhiana,Punjab,30.901,75.8573,27.56,20.59,31.95,0.0,48.3
2023-04-16,Agra,Uttar Pradesh,27.1767,78.0081,30.71,24.85,34.9,0.0,43.4
2023-04-17,Nashik,Maharashtra,19.9975,73.7898,28.97,22.7,36.12,0.0,56.2
2023-04-17,Pune,Maharashtra,18.5204,73.8567,29.21,24.98,34.89,0.0,62.5
2023-04-17,Hubballi,Karnataka,15.3647,75.124,28.51,21.46,34.18,0.0,53.0
2023-04-17,Kolar,Karnataka,13.1367,78.1292,26.78,21.15,32.34,0.0,54.0
2023-04-17,Ludhiana,Punjab,30.901,75.8573,29.27,22.93,35.75,0.0,48.2
2023-04-17,Agra,Uttar Pradesh,27.1767,78.0081,32.46,27.29,37.3,0.53,43.3
2023-04-18,Nashik,Maharashtra,19.9975,73.7898,28.06,24.06,36.02,0.0,57.0
2023-04-18,Pune,Maharashtra,18.5204,73.8567,27.82,20.51,32.66,1.46,54.6
2023-04-18,Hubballi,Karnataka,15.3647,75.124,30.14,23.15,38.42,0.0,54.2
2023-04-18,Kolar,Karnataka,13.1367,78.1292,24.7,18.23,32.06,0.0,50.1
2023-04-18,Ludhiana,Punjab,30.901,75.8573,29.33,23.59,37.8,0.0,46.0
2023-04-18,Agra,Uttar Pradesh,27.1767,78.0081,30.73,23.66,36.85,0.0,42.2
2023-04-19,Nashik,Maharashtra,19.9975,73.7898,29.46,25.35,37.7,0.0,54.0
2023-04-19,Pune,Maharashtra,18.5204,73.8567,29.82,23.37,37.94,0.0,61.4
2023-04-19,Hubballi,Karnataka,15.3647,75.124,31.47,24.24,39.82,0.0,50.8
2023-04-19,Kolar,Karnataka,13.1367,78.1292,25.95,19.62,34.42,2.85,54.9
2023-04-19,Ludhiana,Punjab,30.901,75.8573,28.95,23.34,37.05,0.0,47.8
2023-04-19,Agra,Uttar Pradesh,27.1767,78.0081,29.48,24.66,36.4,0.0,49.0
2023-04-20,Nashik,Maharashtra,19.9975,73.7898,28.27,24.14,32.42,0.0,51.2
2023-04-20,Pune,Maharashtra,18.5204,73.8567,28.03,22.36,34.17,0.0,63.9
2023-04-20,Hubballi,Karnataka,15.3647,75.124,28.96,23.17,35.03,0.0,49.1
2023-04-20,Kolar,Karnataka,13.1367,78.1292,25.23,20.2,33.49,0.0,54.8
2023-04-20,Ludhiana,Punjab,30.901,75.8573,28.0,22.76,32.35,0.0,40.9
2023-04-20,Agra,Uttar Pradesh,27.1767,78.0081,30.5,24.99,38.51,0.0,40.5
2023-04-21,Nashik,Maharashtra,19.9975,73.7898,27.26,22.16,31.71,0.0,52.2
2023-04-21,Pune,Maharashtra,18.5204,73.8567,29.53,24.63,36.23,0.0,53.4
2023-04-21,Hubballi,Karnataka,15.3647,75.124,27.65,23.14,35.11,0.0,43.8
2023-04-21,Kolar,Karnataka,13.1367,78.1292,25.61,19.14,31.54,0.0,47.3
2023-04-21,Ludhiana,Punjab,30.901,75.8573,28.15,23.07,33.08,0.0,42.7
2023-04-21,Agra,Uttar Pradesh,27.1767,78.0081,29.71,25.32,34.04,0.0,42.9
2023-04-22,Nashik,Maharashtra,19.9975,73.7898,30.04,24.13,37.31,0.0,53.1
2023-04-22,Pune,Maharashtra,18.5204,73.8567,27.31,20.26,31.97,0.0,48.3
2023-04-22,Hubballi,Karnataka,15.3647,75.124,30.02,22.57,38.5,0.0,47.1
2023-04-22,Kolar,Karnataka,13.1367,78.1292,27.18,20.28,35.53,0.0,50.6
2023-04-22,Ludhiana,Punjab,30.901,75.8573,30.61,24.01,38.69,0.0,40.1
2023-04-22,Agra,Uttar Pradesh,27.1767,78.0081,30.87,24.18,35.66,0.0,42.8
2023-04-23,Nashik,Maharashtra,19.9975,73.7898,31.77,26.29,39.63,0.0,54.8
2023-04-23,Pune,Maharashtra,18.5204,73.8567,29.28,22.26,33.73,0.0,51.1
2023-04-23,Hubballi,Karnataka,15.3647,75.124,30.13,23.53,38.2,0.0,53.8
2023-04-23,Kolar,Karnataka,13.1367,78.1292,25.95,21.4,34.01,0.0,55.3
2023-04-23,Ludhiana,Punjab,30.901,75.8573,31.21,23.82,36.79,0.0,49.3
2023-04-23,Agra,Uttar Pradesh,27.1767,78.0081,31.57,24.11,36.02,0.0,49.7
2023-04-24,Nashik,Maharashtra,19.9975,73.7898,29.27,23.65,33.71,0.0,49.0
2023-04-24,Pune,Maharashtra,18.5204,73.8567,30.18,23.88,35.06,0.0,48.4
2023-04-24,Hubballi,Karnataka,15.3647,75.124,28.66,24.62,33.56,0.0,46.2
2023-04-24,Kolar,Karnataka,13.1367,78.1292,27.66,22.38,31.99,0.0,52.2
2023-04-24,Ludhiana,Punjab,30.901,75.8573,29.56,23.76,35.28,0.0,53.9
2023-04-24,Agra,Uttar Pradesh,27.1767,78.0081,30.72,23.85,37.11,0.0,42.8
2023-04-25,Nashik,Maharashtra,19.9975,73.7898,30.01,23.68,37.35,0.0,48.7
2023-04-25,Pune,Maharashtra,18.5204,73.8567,28.84,24.04,33.74,0.0,55.7
2023-04-25,Hubballi,Karnataka,15.3647,75.124,30.5,25.43,38.14,0.0,53.7
2023-04-25,Kolar,Karnataka,13.1367,78.1292,26.63,22.1,30.9,0.0,51.0
2023-04-25,Ludhiana,Punjab,30.901,75.8573,28.82,23.17,34.23,0.0,48.4
2023-04-25,Agra,Uttar Pradesh,27.1767,78.0081,34.45,29.2,42.71,0.0,37.2
2023-04-26,Nashik,Maharashtra,19.9975,73.7898,29.64,22.68,34.2,0.0,52.9
2023-04-26,Pune,Maharashtra,18.5204,73.8567,30.33,25.12,35.53,0.0,56.2
2023-04-26,Hubballi,Karnataka,15.3647,75.124,28.49,24.05,33.04,0.0,54.6
2023-04-26,Kolar,Karnataka,13.1367,78.1292,27.62,20.97,34.15,5.2,58.1
2023-04-26,Ludhiana,Punjab,30.901,75.8573,29.99,22.54,38.49,0.0,39.6
2023-04-26,Agra,Uttar Pradesh,27.1767,78.0081,31.78,26.64,37.04,0.0,46.4
2023-04-27,Nashik,Maharashtra,19.9975,73.7898,28.36,21.88,33.34,0.0,53.7
2023-04-27,Pune,Maharashtra,18.5204,73.8567,29.4,22.0,37.85,0.0,59.9
2023-04-27,Hubballi,Karnataka,15.3647,75.124,29.84,22.96,34.79,0.0,60.0
2023-04-27,Kolar,Karnataka,13.1367,78.1292,28.46,22.3,32.67,0.0,54.1
2023-04-27,Ludhiana,Punjab,30.901,75.8573,30.64,24.16,38.87,0.0,44.3
2023-04-27,Agra,Uttar Pradesh,27.1767,78.0081,31.56,26.02,35.7,0.0,45.1
2023-04-28,Nashik,Maharashtra,19.9975,73.7898,30.59,25.72,38.21,0.0,49.8
2023-04-28,Pune,Maharashtra,18.5204,73.8567,27.84,23.7,31.88,0.0,59.0
2023-04-28,Hubballi,Karnataka,15.3647,75.124,28.74,23.62,35.06,0.0,47.1
2023-04-28,Kolar,Karnataka,13.1367,78.1292,28.01,21.67,36.15,0.0,50.8
2023-04-28,Ludhiana,Punjab,30.901,75.8573,29.63,24.51,36.98,0.0,37.8
2023-04-28,Agra,Uttar Pradesh,27.1767,78.0081,32.1,27.22,37.23,0.0,38.2
2023-04-29,Nashik,Maharashtra,19.9975,73.7898,30.03,22.8,36.64,0.0,51.8
2023-04-29,Pune,Maharashtra,18.5204,73.8567,28.29,23.35,34.32,0.0,58.5
2023-04-29,Hubballi,Karnataka,15.3647,75.124,28.14,21.21,33.87,0.0,50.5
2023-04-29,Kolar,Karnataka,13.1367,78.1292,25.56,20.55,30.13,0.0,51.5
2023-04-29,Ludhiana,Punjab,30.901,75.8573,31.1,26.25,35.33,1.98,42.2
2023-04-29,Agra,Uttar Pradesh,27.1767,78.0081,30.7,24.66,36.65,0.0,43.1
2023-04-30,Nashik,Maharashtra,19.9975,73.7898,31.34,26.7,39.24,0.0,57.9
2023-04-30,Pune,Maharashtra,18.5204,73.8567,29.5,24.73,37.02,0.0,48.9
2023-04-30,Hubballi,Karnataka,15.3647,75.124,29.85,22.77,35.6,0.0,48.8
2023-04-30,Kolar,Karnataka,13.1367,78.1292,26.98,21.98,31.63,0.0,52.4
2023-04-30,Ludhiana,Punjab,30.901,75.8573,29.73,22.73,37.19,0.0,44.5
2023-04-30,Agra,Uttar Pradesh,27.1767,78.0081,30.61,25.98,36.75,0.0,41.8
2023-05-01,Nashik,Maharashtra,19.9975,73.7898,28.38,23.48,35.96,0.0,48.7
2023-05-01,Pune,Maharashtra,18.5204,73.8567,31.09,25.38,37.47,0.0,56.4
2023-05-01,Hubballi,Karnataka,15.3647,75.124,29.38,23.3,34.25,0.0,45.8
2023-05-01,Kolar,Karnataka,13.1367,78.1292,27.32,22.71,32.88,0.0,50.7
2023-05-01,Ludhiana,Punjab,30.901,75.8573,30.02,22.86,36.08,0.0,45.2
2023-05-01,Agra,Uttar Pradesh,27.1767,78.0081,32.92,27.37,38.28,0.0,43.2
2023-05-02,Nashik,Maharashtra,19.9975,73.7898,30.37,25.68,36.56,0.0,51.9
2023-05-02,Pune,Maharashtra,18.5204,73.8567,29.67,24.23,38.06,0.0,47.7
2023-05-02,Hubballi,Karnataka,15.3647,75.124,28.9,21.56,33.67,0.0,46.9
2023-05-02,Kolar,Karnataka,13.1367,78.1292,27.19,20.42,32.11,0.0,52.1
2023-05-02,Ludhiana,Punjab,30.901,75.8573,30.79,26.36,38.16,0.0,44.6
2023-05-02,Agra,Uttar Pradesh,27.1767,78.0081,31.9,27.7,40.28,0.0,39.7
2023-05-03,Nashik,Maharashtra,19.9975,73.7898,29.63,24.11,36.54,0.0,49.9
2023-05-03,Pune,Maharashtra,18.5204,73.8567,28.72,23.24,34.41,0.0,56.3
2023-05-03,Hubballi,Karnataka,15.3647,75.124,28.34,23.66,33.72,0.0,53.1
2023-05-03,Kolar,Karnataka,13.1367,78.1292,27.46,22.05,35.35,0.0,53.9
2023-05-03,Ludhiana,Punjab,30.901,75.8573,33.48,28.02,38.57,0.0,49.4
2023-05-03,Agra,Uttar Pradesh,27.1767,78.0081,31.88,26.32,38.79,0.0,41.0
2023-05-04,Nashik,Maharashtra,19.9975,73.7898,30.9,24.95,36.26,0.0,56.4
2023-05-04,Pune,Maharashtra,18.5204,73.8567,28.85,23.55,36.78,0.0,56.8
2023-05-04,Hubballi,Karnataka,15.3647,75.124,31.77,26.24,36.5,0.0,42.8
2023-05-04,Kolar,Karnataka,13.1367,78.1292,27.08,20.61,32.61,0.0,56.6
2023-05-04,Ludhiana,Punjab,30.901,75.8573,29.23,23.82,36.99,0.0,54.0
2023-05-04,Agra,Uttar Pradesh,27.1767,78.0081,31.58,26.57,38.67,0.0,43.4
2023-05-05,Nashik,Maharashtra,19.9975,73.7898,30.42,24.89,37.65,0.0,50.8
2023-05-05,Pune,Maharashtra,18.5204,73.8567,30.89,25.0,39.29,0.0,53.0
2023-05-05,Hubballi,Karnataka,15.3647,75.124,29.54,24.08,37.1,0.0,54.3
2023-05-05,Kolar,Karnataka,13.1367,78.1292,27.23,20.55,35.12,0.0,52.1
2023-05-05,Ludhiana,Punjab,30.901,75.8573,32.36,27.96,39.88,0.0,43.5
2023-05-05,Agra,Uttar Pradesh,27.1767,78.0081,31.29,24.59,36.54,0.0,41.7
2023-05-06,Nashik,Maharashtra,19.9975,73.7898,30.72,23.34,38.64,0.0,48.5
2023-05-06,Pune,Maharashtra,18.5204,73.8567,28.46,23.66,33.57,0.0,60.6
2023-05-06,Hubballi,Karnataka,15.3647,75.124,28.89,22.55,35.85,0.0,50.5
2023-05-06,Kolar,Karnataka,13.1367,78.1292,28.25,23.44,33.28,0.0,52.8
2023-05-06,Ludhiana,Punjab,30.901,75.8573,29.42,25.31,36.34,0.0,41.9
2023-05-06,Agra,Uttar Pradesh,27.1767,78.0081,31.96,24.81,36.19,0.0,35.4
2023-05-07,Nashik,Maharashtra,19.9975,73.7898,30.12,22.86,35.04,0.0,55.1
2023-05-07,Pune,Maharashtra,18.5204,73.8567,30.24,23.94,36.29,0.0,60.8
2023-05-07,Hubballi,Karnataka,15.3647,75.124,32.41,28.36,37.37,0.0,50.9
2023-05-07,Kolar,Karnataka,13.1367,78.1292,28.95,24.31,35.75,0.0,58.1
2023-05-07,Ludhiana,Punjab,30.901,75.8573,32.78,28.48,38.46,0.0,41.2
2023-05-07,Agra,Uttar Pradesh,27.1767,78.0081,31.09,24.07,37.13,0.0,45.4
2023-05-08,Nashik,Maharashtra,19.9975,73.7898,31.7,25.47,39.59,0.0,45.8
2023-05-08,Pune,Maharashtra,18.5204,73.8567,32.54,27.83,39.64,0.0,54.3
2023-05-08,Hubballi,Karnataka,15.3647,75.124,28.22,21.06,34.18,0.0,52.0
2023-05-08,Kolar,Karnataka,13.1367,78.1292,30.03,22.82,36.0,0.0,50.7
2023-05-08,Ludhiana,Punjab,30.901,75.8573,32.97,27.66,41.28,0.0,36.4
2023-05-08,Agra,Uttar Pradesh,27.1767,78.0081,33.56,26.89,40.99,0.0,42.6
2023-05-09,Nashik,Maharashtra,19.9975,73.7898,29.96,23.23,34.96,0.0,57.2
2023-05-09,Pune,Maharashtra,18.5204,73.8567,28.93,23.56,35.12,0.0,51.6
2023-05-09,Hubballi,Karnataka,15.3647,75.124,30.18,25.58,35.14,0.0,53.3
2023-05-09,Kolar,Karnataka,13.1367,78.1292,27.17,19.94,34.58,0.0,52.1
2023-05-09,Ludhiana,Punjab,30.901,75.8573,30.0,22.96,36.74,0.0,44.8
2023-05-09,Agra,Uttar Pradesh,27.1767,78.0081,33.81,27.99,40.8,0.0,48.6
2023-05-10,Nashik,Maharashtra,19.9975,73.7898,30.87,25.16,37.17,0.0,48.9
2023-05-10,Pune,Maharashtra,18.5204,73.8567,30.65,23.3,37.29,0.0,59.3
2023-05-10,Hubballi,Karnataka,15.3647,75.124,29.84,22.52,37.4,0.0,52.7
2023-05-10,Kolar,Karnataka,13.1367,78.1292,28.47,24.31,36.77,0.0,46.5
2023-05-10,Ludhiana,Punjab,30.901,75.8573,31.44,25.8,39.26,0.0,48.9
2023-05-10,Agra,Uttar Pradesh,27.1767,78.0081,33.59,27.77,37.67,1.99,43.0
2023-05-11,Nashik,Maharashtra,19.9975,73.7898,33.05,27.42,39.0,1.28,45.0
2023-05-11,Pune,Maharashtra,18.5204,73.8567,28.26,22.4,33.04,0.0,58.0
2023-05-11,Hubballi,Karnataka,15.3647,75.124,31.0,26.83,38.75,9.85,53.1
2023-05-11,Kolar,Karnataka,13.1367,78.1292,28.15,21.17,36.19,0.0,59.0
2023-05-11,Ludhiana,Punjab,30.901,75.8573,30.09,25.03,35.39,0.0,43.3
2023-05-11,Agra,Uttar Pradesh,27.1767,78.0081,30.03,23.54,35.87,0.0,43.0
2023-05-12,Nashik,Maharashtra,19.9975,73.7898,30.96,24.6,36.39,0.0,56.2
2023-05-12,Pune,Maharashtra,18.5204,73.8567,31.27,26.04,38.76,0.0,59.0
2023-05-12,Hubballi,Karnataka,15.3647,75.124,31.09,26.85,36.01,0.0,57.0
2023-05-12,Kolar,Karnataka,13.1367,78.1292,28.39,23.53,34.28,0.0,51.9
2023-05-12,Ludhiana,Punjab,30.901,75.8573,31.05,26.5,35.61,0.0,46.3
2023-05-12,Agra,Uttar Pradesh,27.1767,78.0081,33.59,27.97,38.68,0.0,40.7
2023-05-13,Nashik,Maharashtra,19.9975,73.7898,32.87,26.92,39.22,0.0,55.5
2023-05-13,Pune,Maharashtra,18.5204,73.8567,30.33,23.2,37.12,0.0,60.1
2023-05-13,Hubballi,Karnataka,15.3647,75.124,29.87,23.68,37.9,0.0,49.5
2023-05-13,Kolar,Karnataka,13.1367,78.1292,28.03,21.03,36.12,0.0,48.2
2023-05-13,Ludhiana,Punjab,30.901,75.8573,30.54,23.82,34.97,0.0,40.0
2023-05-13,Agra,Uttar Pradesh,27.1767,78.0081,34.53,29.42,40.95,0.0,44.1
2023-05-14,Nashik,Maharashtra,19.9975,73.7898,30.07,25.0,36.75,0.0,51.0
2023-05-14,Pune,Maharashtra,18.5204,73.8567,29.57,22.12,36.03,0.0,59.2
2023-05-14,Hubballi,Karnataka,15.3647,75.124,29.34,25.07,37.16,0.0,55.8
2023-05-14,Kolar,Karnataka,13.1367,78.1292,28.97,22.61,34.66,0.0,52.7
2023-05-14,Ludhiana,Punjab,30.901,75.8573,29.14,23.82,36.56,0.0,43.4
2023-05-14,Agra,Uttar Pradesh,27.1767,78.0081,33.42,27.17,38.42,0.0,42.7
2023-05-15,Nashik,Maharashtra,19.9975,73.7898,29.95,22.79,38.45,0.0,54.6
2023-05-15,Pune,Maharashtra,18.5204,73.8567,29.92,23.16,37.6,0.0,55.5
2023-05-15,Hubballi,Karnataka,15.3647,75.124,31.32,24.11,37.54,0.0,48.7
2023-05-15,Kolar,Karnataka,13.1367,78.1292,27.88,23.84,33.18,0.0,61.1
2023-05-15,Ludhiana,Punjab,30.901,75.8573,31.14,24.67,39.17,0.0,39.9
2023-05-15,Agra,Uttar Pradesh,27.1767,78.0081,31.27,26.11,35.47,0.0,39.4
2023-05-16,Nashik,Maharashtra,19.9975,73.7898,34.3,26.95,40.61,0.0,55.7
2023-05-16,Pune,Maharashtra,18.5204,73.8567,30.61,25.33,37.44,0.0,60.0
2023-05-16,Hubballi,Karnataka,15.3647,75.124,30.26,24.34,38.37,0.0,49.2
2023-05-16,Kolar,Karnataka,13.1367,78.1292,27.98,21.58,33.44,0.0,52.8
2023-05-16,Ludhiana,Punjab,30.901,75.8573,32.91,27.05,39.64,0.0,46.4
2023-05-16,Agra,Uttar Pradesh,27.1767,78.0081,34.02,29.95,38.93,0.0,41.5
2023-05-17,Nashik,Maharashtra,19.9975,73.7898,29.79,25.39,33.88,0.0,55.6
2023-05-17,Pune,Maharashtra,18.5204,73.8567,31.52,26.51,35.63,0.0,55.6
2023-05-17,Hubballi,Karnataka,15.3647,75.124,30.06,24.5,37.23,0.0,49.0
2023-05-17,Kolar,Karnataka,13.1367,78.1292,26.71,19.62,34.92,0.0,61.2
2023-05-17,Ludhiana,Punjab,30.901,75.8573,30.34,24.91,38.18,0.0,53.2
2023-05-17,Agra,Uttar Pradesh,27.1767,78.0081,31.57,24.6,36.98,0.0,41.2
2023-05-18,Nashik,Maharashtra,19.9975,73.7898,30.04,25.8,34.05,0.0,53.7
2023-05-18,Pune,Maharashtra,18.5204,73.8567,29.45,22.68,34.55,0.0,45.2
2023-05-18,Hubballi,Karnataka,15.3647,75.124,28.87,22.7,35.01,0.0,50.2
2023-05-18,Kolar,Karnataka,13.1367,78.1292,27.21,21.4,32.43,0.0,53.2
2023-05-18,Ludhiana,Punjab,30.901,75.8573,30.8,23.73,34.8,0.0,41.7
2023-05-18,Agra,Uttar Pradesh,27.1767,78.0081,32.57,28.46,39.41,0.0,42.6
2023-05-19,Nashik,Maharashtra,19.9975,73.7898,29.55,23.75,37.09,0.0,47.5
2023-05-19,Pune,Maharashtra,18.5204,73.8567,29.7,22.33,34.11,0.0,55.7
2023-05-19,Hubballi,Karnataka,15.3647,75.124,28.6,22.29,32.96,0.0,47.3
2023-05-19,Kolar,Karnataka,13.1367,78.1292,28.05,22.01,34.59,0.0,53.0
2023-05-19,Ludhiana,Punjab,30.901,75.8573,32.16,26.98,40.37,0.0,44.3
2023-05-19,Agra,Uttar Pradesh,27.1767,78.0081,34.53,27.65,42.83,0.0,42.1
2023-05-20,Nashik,Maharashtra,19.9975,73.7898,30.96,25.0,38.14,0.0,49.3
2023-05-20,Pune,Maharashtra,18.5204,73.8567,32.71,26.28,38.49,0.0,48.4
2023-05-20,Hubballi,Karnataka,15.3647,75.124,29.29,23.08,37.28,0.0,59.6
2023-05-20,Kolar,Karnataka,13.1367,78.1292,28.6,23.45,36.15,0.0,57.5
2023-05-20,Ludhiana,Punjab,30.901,75.8573,33.31,27.29,40.27,0.0,42.6
2023-05-20,Agra,Uttar Pradesh,27.1767,78.0081,32.18,28.14,37.26,0.0,43.2
2023-05-21,Nashik,Maharashtra,19.9975,73.7898,32.96,25.83,38.62,0.0,49.4
2023-05-21,Pune,Maharashtra,18.5204,73.8567,28.92,22.71,37.42,0.0,55.9
2023-05-21,Hubballi,Karnataka,15.3647,75.124,30.29,23.59,38.66,0.0,49.7
2023-05-21,Kolar,Karnataka,13.1367,78.1292,29.57,23.04,34.13,0.0,58.4
2023-05-21,Ludhiana,Punjab,30.901,75.8573,31.85,27.38,37.24,0.0,43.0
2023-05-21,Agra,Uttar Pradesh,27.1767,78.0081,30.67,23.4,38.93,0.0,39.6
2023-05-22,Nashik,Maharashtra,19.9975,73.7898,30.06,24.48,35.02,0.0,53.0
2023-05-22,Pune,Maharashtra,18.5204,73.8567,29.65,25.29,35.31,0.0,51.3
2023-05-22,Hubballi,Karnataka,15.3647,75.124,31.81,27.13,40.3,0.0,53.1
2023-05-22,Kolar,Karnataka,13.1367,78.1292,27.77,23.62,33.26,0.0,52.8
2023-05-22,Ludhiana,Punjab,30.901,75.8573,32.54,26.06,40.76,0.0,49.8
2023-05-22,Agra,Uttar Pradesh,27.1767,78.0081,34.87,30.8,42.39,0.0,38.5
2023-05-23,Nashik,Maharashtra,19.9975,73.7898,33.05,26.25,39.13,0.0,49.8
2023-05-23,Pune,Maharashtra,18.5204,73.8567,29.73,24.89,35.76,0.0,51.4
2023-05-23,Hubballi,Karnataka,15.3647,75.124,30.86,23.51,35.48,0.0,54.8
2023-05-23,Kolar,Karnataka,13.1367,78.1292,29.1,22.7,33.17,0.0,54.6
2023-05-23,Ludhiana,Punjab,30.901,75.8573,31.07,23.76,37.24,0.0,39.2
2023-05-23,Agra,Uttar Pradesh,27.1767,78.0081,34.21,27.29,40.8,0.0,46.4
2023-05-24,Nashik,Maharashtra,19.9975,73.7898,32.92,28.26,40.69,0.0,49.6
2023-05-24,Pune,Maharashtra,18.5204,73.8567,30.56,24.71,37.82,0.0,55.8
2023-05-24,Hubballi,Karnataka,15.3647,75.124,31.91,25.13,39.04,0.0,46.3
2023-05-24,Kolar,Karnataka,13.1367,78.1292,29.86,24.45,35.25,0.27,56.0
2023-05-24,Ludhiana,Punjab,30.901,75.8573,30.37,25.69,35.9,0.0,43.1
2023-05-24,Agra,Uttar Pradesh,27.1767,78.0081,32.15,27.4,39.24,0.0,35.8
2023-05-25,Nashik,Maharashtra,19.9975,73.7898,30.78,24.32,34.8,0.0,50.7
2023-05-25,Pune,Maharashtra,18.5204,73.8567,30.12,24.16,37.63,5.41,59.9
2023-05-25,Hubballi,Karnataka,15.3647,75.124,30.14,25.02,38.48,0.0,52.5
2023-05-25,Kolar,Karnataka,13.1367,78.1292,29.93,22.88,36.09,0.0,54.8
2023-05-25,Ludhiana,Punjab,30.901,75.8573,33.27,29.01,41.63,0.0,45.8
2023-05-25,Agra,Uttar Pradesh,27.1767,78.0081,34.13,27.61,39.48,0.0,35.1
2023-05-26,Nashik,Maharashtra,19.9975,73.7898,33.2,28.33,40.47,0.0,51.9
2023-05-26,Pune,Maharashtra,18.5204,73.8567,28.43,22.19,33.33,0.0,51.4
2023-05-26,Hubballi,Karnataka,15.3647,75.124,30.9,26.26,35.68,0.0,50.8
2023-05-26,Kolar,Karnataka,13.1367,78.1292,27.74,21.81,32.0,0.0,45.8
2023-05-26,Ludhiana,Punjab,30.901,75.8573,32.97,26.11,39.53,0.0,47.0
2023-05-26,Agra,Uttar Pradesh,27.1767,78.0081,33.79,27.62,39.05,3.52,38.8
2023-05-27,Nashik,Maharashtra,19.9975,73.7898,30.27,25.87,36.92,0.0,58.8
2023-05-27,Pune,Maharashtra,18.5204,73.8567,32.33,25.88,37.2,0.0,54.8
2023-05-27,Hubballi,Karnataka,15.3647,75.124,31.31,26.8,35.62,0.0,49.9
2023-05-27,Kolar,Karnataka,13.1367,78.1292,29.46,24.54,34.98,0.0,50.9
2023-05-27,Ludhiana,Punjab,30.901,75.8573,31.12,26.14,35.7,7.2,48.5
2023-05-27,Agra,Uttar Pradesh,27.1767,78.0081,34.86,29.69,42.66,0.98,46.3
2023-05-28,Nashik,Maharashtra,19.9975,73.7898,31.97,24.58,36.7,0.0,53.6
2023-05-28,Pune,Maharashtra,18.5204,73.8567,31.99,26.77,37.38,0.0,61.7
2023-05-28,Hubballi,Karnataka,15.3647,75.124,29.65,24.55,36.48,0.0,50.1
2023-05-28,Kolar,Karnataka,13.1367,78.1292,30.8,24.6,36.49,0.0,50.6
2023-05-28,Ludhiana,Punjab,30.901,75.8573,30.58,25.62,38.87,0.0,40.6
2023-05-28,Agra,Uttar Pradesh,27.1767,78.0081,34.78,28.54,42.31,0.0,44.1
2023-05-29,Nashik,Maharashtra,19.9975,73.7898,32.23,28.2,36.24,0.0,50.4
2023-05-29,Pune,Maharashtra,18.5204,73.8567,32.05,25.79,40.06,0.0,48.7
2023-05-29,Hubballi,Karnataka,15.3647,75.124,30.44,26.42,38.8,0.0,48.2
2023-05-29,Kolar,Karnataka,13.1367,78.1292,28.79,24.14,33.21,0.0,54.5
2023-05-29,Ludhiana,Punjab,30.901,75.8573,31.91,25.11,38.84,0.0,42.4
2023-05-29,Agra,Uttar Pradesh,27.1767,78.0081,34.11,27.65,39.42,0.0,43.0
2023-05-30,Nashik,Maharashtra,19.9975,73.7898,32.96,26.75,38.56,0.0,55.3
2023-05-30,Pune,Maharashtra,18.5204,73.8567,31.59,25.88,37.19,0.5,59.1
2023-05-30,Hubballi,Karnataka,15.3647,75.124,30.32,25.17,38.39,0.0,45.3
2023-05-30,Kolar,Karnataka,13.1367,78.1292,26.57,19.54,31.42,0.0,50.1
2023-05-30,Ludhiana,Punjab,30.901,75.8573,32.7,27.02,40.88,0.0,40.9
2023-05-30,Agra,Uttar Pradesh,27.1767,78.0081,32.58,26.88,40.47,0.0,33.9
2023-05-31,Nashik,Maharashtra,19.9975,73.7898,32.2,25.81,38.19,0.0,54.7
2023-05-31,Pune,Maharashtra,18.5204,73.8567,29.16,24.35,36.48,0.0,58.5
2023-05-31,Hubballi,Karnataka,15.3647,75.124,30.45,23.35,37.09,0.0,48.2
2023-05-31,Kolar,Karnataka,13.1367,78.1292,29.04,21.72,33.35,0.0,51.7
2023-05-31,Ludhiana,Punjab,30.901,75.8573,32.67,25.31,38.75,0.0,43.0
2023-05-31,Agra,Uttar Pradesh,27.1767,78.0081,31.95,24.76,39.65,0.0,43.1
2023-06-01,Nashik,Maharashtra,19.9975,73.7898,33.69,26.59,38.51,6.89,76.1
2023-06-01,Pune,Maharashtra,18.5204,73.8567,31.03,24.42,37.93,0.0,87.0
2023-06-01,Hubballi,Karnataka,15.3647,75.124,33.01,28.3,38.04,46.06,85.1
2023-06-01,Kolar,Karnataka,13.1367,78.1292,28.34,21.34,36.55,0.0,78.5
2023-06-01,Ludhiana,Punjab,30.901,75.8573,32.56,26.52,38.59,46.35,68.3
2023-06-01,Agra,Uttar Pradesh,27.1767,78.0081,34.41,28.9,39.65,8.75,66.6
2023-06-02,Nashik,Maharashtra,19.9975,73.7898,31.85,27.81,39.01,53.64,77.6
2023-06-02,Pune,Maharashtra,18.5204,73.8567,31.44,24.24,38.95,22.26,84.5
2023-06-02,Hubballi,Karnataka,15.3647,75.124,32.94,26.85,37.75,12.95,73.9
2023-06-02,Kolar,Karnataka,13.1367,78.1292,27.56,22.73,34.16,20.27,83.4
2023-06-02,Ludhiana,Punjab,30.901,75.8573,33.32,27.36,39.19,20.73,69.7
2023-06-02,Agra,Uttar Pradesh,27.1767,78.0081,35.37,29.14,43.22,39.71,71.8
2023-06-03,Nashik,Maharashtra,19.9975,73.7898,31.32,25.4,37.22,0.0,74.0
2023-06-03,Pune,Maharashtra,18.5204,73.8567,29.64,24.48,37.96,11.02,85.9
2023-06-03,Hubballi,Karnataka,15.3647,75.124,30.2,24.67,35.51,0.0,77.4
2023-06-03,Kolar,Karnataka,13.1367,78.1292,31.22,25.37,39.56,55.46,85.9
2023-06-03,Ludhiana,Punjab,30.901,75.8573,32.92,28.39,40.75,6.57,72.0
2023-06-03,Agra,Uttar Pradesh,27.1767,78.0081,33.35,29.01,38.31,0.0,72.4
2023-06-04,Nashik,Maharashtra,19.9975,73.7898,31.74,25.33,38.92,12.91,71.1
2023-06-04,Pune,Maharashtra,18.5204,73.8567,32.65,26.35,36.68,38.36,81.5
2023-06-04,Hubballi,Karnataka,15.3647,75.124,30.27,24.89,36.27,12.85,71.7
2023-06-04,Kolar,Karnataka,13.1367,78.1292,27.96,21.88,33.45,2.26,83.0
2023-06-04,Ludhiana,Punjab,30.901,75.8573,32.33,27.54,37.08,3.57,79.2
2023-06-04,Agra,Uttar Pradesh,27.1767,78.0081,35.98,28.77,42.23,10.93,69.1
2023-06-05,Nashik,Maharashtra,19.9975,73.7898,31.44,26.76,35.6,0.0,80.8
2023-06-05,Pune,Maharashtra,18.5204,73.8567,29.76,23.95,37.24,36.14,82.1
2023-06-05,Hubballi,Karnataka,15.3647,75.124,29.98,24.97,35.48,11.57,79.5
2023-06-05,Kolar,Karnataka,13.1367,78.1292,28.12,21.85,34.65,11.45,79.0
2023-06-05,Ludhiana,Punjab,30.901,75.8573,32.7,27.75,36.84,0.0,73.4
2023-06-05,Agra,Uttar Pradesh,27.1767,78.0081,36.4,29.73,44.58,12.38,70.3
2023-06-06,Nashik,Maharashtra,19.9975,73.7898,32.15,26.12,37.29,52.15,76.7
2023-06-06,Pune,Maharashtra,18.5204,73.8567,28.63,23.75,35.05,30.93,75.9
2023-06-06,Hubballi,Karnataka,15.3647,75.124,32.22,28.07,37.2,35.34,77.2
2023-06-06,Kolar,Karnataka,13.1367,78.1292,30.05,25.53,36.28,0.0,84.1
2023-06-06,Ludhiana,Punjab,30.901,75.8573,30.13,25.67,37.39,0.0,71.2
2023-06-06,Agra,Uttar Pradesh,27.1767,78.0081,34.36,28.17,42.34,0.41,72.8
2023-06-07,Nashik,Maharashtra,19.9975,73.7898,32.69,26.6,39.23,15.25,82.8
2023-06-07,Pune,Maharashtra,18.5204,73.8567,30.22,24.12,38.52,21.18,82.2
2023-06-07,Hubballi,Karnataka,15.3647,75.124,30.54,23.2,37.27,6.59,77.8
2023-06-07,Kolar,Karnataka,13.1367,78.1292,29.77,23.75,36.69,0.66,84.8
2023-06-07,Ludhiana,Punjab,30.901,75.8573,33.74,28.48,38.38,0.0,74.2
2023-06-07,Agra,Uttar Pradesh,27.1767,78.0081,32.74,28.25,36.76,4.51,70.3
2023-06-08,Nashik,Maharashtra,19.9975,73.7898,32.43,27.19,37.2,0.0,83.1
2023-06-08,Pune,Maharashtra,18.5204,73.8567,29.32,24.33,36.28,0.0,83.9
2023-06-08,Hubballi,Karnataka,15.3647,75.124,30.54,24.76,37.68,24.14,74.6
2023-06-08,Kolar,Karnataka,13.1367,78.1292,29.18,25.04,34.3,30.36,90.7
2023-06-08,Ludhiana,Punjab,30.901,75.8573,31.16,25.64,35.53,0.0,73.6
2023-06-08,Agra,Uttar Pradesh,27.1767,78.0081,35.3,28.5,41.65,1.02,64.8
2023-06-09,Nashik,Maharashtra,19.9975,73.7898,31.29,24.11,36.61,33.4,71.8
2023-06-09,Pune,Maharashtra,18.5204,73.8567,30.59,25.97,38.81,25.61,83.5
2023-06-09,Hubballi,Karnataka,15.3647,75.124,31.54,25.17,37.44,37.1,74.8
2023-06-09,Kolar,Karnataka,13.1367,78.1292,30.95,25.78,36.61,1.05,81.8
2023-06-09,Ludhiana,Punjab,30.901,75.8573,35.34,27.98,40.08,6.36,68.9
2023-06-09,Agra,Uttar Pradesh,27.1767,78.0081,34.12,28.78,42.18,34.98,78.1
2023-06-10,Nashik,Maharashtra,19.9975,73.7898,32.49,27.54,39.22,83.79,78.0
2023-06-10,Pune,Maharashtra,18.5204,73.8567,29.94,24.93,34.28,0.21,80.3
2023-06-10,Hubballi,Karnataka,15.3647,75.124,31.42,25.03,38.63,60.7,79.6
2023-06-10,Kolar,Karnataka,13.1367,78.1292,28.88,23.76,34.71,9.67,82.2
2023-06-10,Ludhiana,Punjab,30.901,75.8573,33.44,27.27,38.26,4.45,71.3
2023-06-10,Agra,Uttar Pradesh,27.1767,78.0081,35.12,31.0,42.9,26.71,70.3
2023-06-11,Nashik,Maharashtra,19.9975,73.7898,32.28,26.55,37.65,64.77,82.8
2023-06-11,Pune,Maharashtra,18.5204,73.8567,30.34,24.28,38.34,57.28,80.1
2023-06-11,Hubballi,Karnataka,15.3647,75.124,30.66,24.57,38.89,1.32,76.6
2023-06-11,Kolar,Karnataka,13.1367,78.1292,30.14,25.02,38.48,0.0,75.0
2023-06-11,Ludhiana,Punjab,30.901,75.8573,35.62,29.9,42.82,0.0,76.4
2023-06-11,Agra,Uttar Pradesh,27.1767,78.0081,34.63,28.52,42.89,7.7,68.9
2023-06-12,Nashik,Maharashtra,19.9975,73.7898,32.46,27.8,36.98,3.44,77.8
2023-06-12,Pune,Maharashtra,18.5204,73.8567,31.84,25.21,36.12,0.0,80.2
2023-06-12,Hubballi,Karnataka,15.3647,75.124,29.5,23.1,34.68,18.27,75.6
2023-06-12,Kolar,Karnataka,13.1367,78.1292,28.63,24.32,36.64,8.72,81.0
2023-06-12,Ludhiana,Punjab,30.901,75.8573,32.31,27.5,39.73,21.16,75.9
2023-06-12,Agra,Uttar Pradesh,27.1767,78.0081,35.69,31.1,42.04,14.48,64.2
2023-06-13,Nashik,Maharashtra,19.9975,73.7898,31.15,25.19,37.83,3.99,72.6
2023-06-13,Pune,Maharashtra,18.5204,73.8567,30.51,25.5,36.88,0.0,87.8
2023-06-13,Hubballi,Karnataka,15.3647,75.124,31.46,25.26,39.07,44.15,75.7
2023-06-13,Kolar,Karnataka,13.1367,78.1292,29.21,21.73,35.89,103.19,81.2
2023-06-13,Ludhiana,Punjab,30.901,75.8573,33.11,27.98,39.99,6.56,70.1
2023-06-13,Agra,Uttar Pradesh,27.1767,78.0081,35.24,29.54,42.6,61.38,65.3
2023-06-14,Nashik,Maharashtra,19.9975,73.7898,31.48,25.86,39.79,0.0,78.0
2023-06-14,Pune,Maharashtra,18.5204,73.8567,29.95,24.44,37.46,21.64,75.6
2023-06-14,Hubballi,Karnataka,15.3647,75.124,31.29,24.54,39.27,0.0,72.2
2023-06-14,Kolar,Karnataka,13.1367,78.1292,29.03,23.48,36.7,0.0,81.1
2023-06-14,Ludhiana,Punjab,30.901,75.8573,32.9,26.57,40.02,0.0,73.2
2023-06-14,Agra,Uttar Pradesh,27.1767,78.0081,32.91,26.04,41.08,4.32,67.5
2023-06-15,Nashik,Maharashtra,19.9975,73.7898,33.26,28.07,37.84,10.02,79.5
2023-06-15,Pune,Maharashtra,18.5204,73.8567,29.94,25.55,35.1,0.0,82.9
2023-06-15,Hubballi,Karnataka,15.3647,75.124,31.67,26.03,39.28,1.27,78.3
2023-06-15,Kolar,Karnataka,13.1367,78.1292,28.92,24.39,35.79,1.88,83.6
2023-06-15,Ludhiana,Punjab,30.901,75.8573,32.87,26.73,40.92,6.4,79.7
2023-06-15,Agra,Uttar Pradesh,27.1767,78.0081,34.62,30.5,40.1,42.7,67.1
2023-06-16,Nashik,Maharashtra,19.9975,73.7898,32.37,27.51,38.67,0.0,80.1
2023-06-16,Pune,Maharashtra,18.5204,73.8567,29.91,25.1,35.95,10.13,79.0
2023-06-16,Hubballi,Karnataka,15.3647,75.124,31.17,26.21,35.55,2.23,82.2
2023-06-16,Kolar,Karnataka,13.1367,78.1292,30.74,23.98,35.53,53.45,80.6
2023-06-16,Ludhiana,Punjab,30.901,75.8573,34.46,28.05,41.74,0.0,73.7
2023-06-16,Agra,Uttar Pradesh,27.1767,78.0081,32.88,28.87,40.13,11.73,66.1
2023-06-17,Nashik,Maharashtra,19.9975,73.7898,34.11,29.23,38.91,3.62,78.1
2023-06-17,Pune,Maharashtra,18.5204,73.8567,30.38,24.35,36.49,76.91,74.9
2023-06-17,Hubballi,Karnataka,15.3647,75.124,31.06,26.08,36.86,0.0,87.2
2023-06-17,Kolar,Karnataka,13.1367,78.1292,26.8,20.61,34.18,0.0,78.2
2023-06-17,Ludhiana,Punjab,30.901,75.8573,34.14,30.09,39.64,28.4,75.0
2023-06-17,Agra,Uttar Pradesh,27.1767,78.0081,34.24,28.99,38.54,30.53,63.2
2023-06-18,Nashik,Maharashtra,19.9975,73.7898,32.77,27.86,37.83,7.88,82.6
2023-06-18,Pune,Maharashtra,18.5204,73.8567,31.38,27.02,36.89,0.0,81.4
2023-06-18,Hubballi,Karnataka,15.3647,75.124,30.26,25.97,35.36,64.8,80.8
2023-06-18,Kolar,Karnataka,13.1367,78.1292,29.03,22.5,36.13,0.0,81.1
2023-06-18,Ludhiana,Punjab,30.901,75.8573,34.82,28.0,42.77,0.0,67.0
2023-06-18,Agra,Uttar Pradesh,27.1767,78.0081,34.56,29.73,39.22,3.35,69.3
2023-06-19,Nashik,Maharashtra,19.9975,73.7898,31.02,25.86,38.86,15.15,78.8
2023-06-19,Pune,Maharashtra,18.5204,73.8567,31.52,25.16,39.05,4.71,80.4
2023-06-19,Hubballi,Karnataka,15.3647,75.124,30.98,26.41,37.95,0.0,76.7
2023-06-19,Kolar,Karnataka,13.1367,78.1292,31.38,25.11,37.32,14.15,71.8
2023-06-19,Ludhiana,Punjab,30.901,75.8573,32.47,26.27,39.92,0.0,76.9
2023-06-19,Agra,Uttar Pradesh,27.1767,78.0081,33.93,29.73,38.75,46.65,73.0
2023-06-20,Nashik,Maharashtra,19.9975,73.7898,34.05,27.52,38.07,57.0,82.9
2023-06-20,Pune,Maharashtra,18.5204,73.8567,30.15,24.81,35.14,3.74,83.7
2023-06-20,Hubballi,Karnataka,15.3647,75.124,31.65,26.27,38.2,0.0,83.1
2023-06-20,Kolar,Karnataka,13.1367,78.1292,29.58,22.99,34.75,8.69,82.7
2023-06-20,Ludhiana,Punjab,30.901,75.8573,34.25,29.24,39.26,39.81,78.9
2023-06-20,Agra,Uttar Pradesh,27.1767,78.0081,33.0,26.82,39.24,0.0,77.9
2023-06-21,Nashik,Maharashtra,19.9975,73.7898,30.3,25.6,37.24,11.43,80.4
2023-06-21,Pune,Maharashtra,18.5204,73.8567,33.08,28.04,40.92,0.0,82.1
2023-06-21,Hubballi,Karnataka,15.3647,75.124,29.08,23.73,36.06,4.32,77.1
2023-06-21,Kolar,Karnataka,13.1367,78.1292,25.91,20.71,31.99,2.84,75.8
2023-06-21,Ludhiana,Punjab,30.901,75.8573,33.64,28.95,37.68,13.17,73.6
2023-06-21,Agra,Uttar Pradesh,27.1767,78.0081,35.39,29.68,41.0,11.64,67.1
2023-06-22,Nashik,Maharashtra,19.9975,73.7898,31.74,26.91,39.9,46.83,79.4
2023-06-22,Pune,Maharashtra,18.5204,73.8567,31.21,26.31,35.82,0.0,89.6
2023-06-22,Hubballi,Karnataka,15.3647,75.124,31.98,26.19,36.32,0.0,79.7
2023-06-22,Kolar,Karnataka,13.1367,78.1292,29.56,23.07,37.16,22.86,77.8
2023-06-22,Ludhiana,Punjab,30.901,75.8573,34.03,27.31,38.95,0.0,69.0
2023-06-22,Agra,Uttar Pradesh,27.1767,78.0081,33.51,28.98,37.85,63.53,71.1
2023-06-23,Nashik,Maharashtra,19.9975,73.7898,29.52,24.36,37.64,29.16,83.1
2023-06-23,Pune,Maharashtra,18.5204,73.8567,30.68,26.46,35.69,23.67,79.6
2023-06-23,Hubballi,Karnataka,15.3647,75.124,31.42,24.52,36.03,0.0,77.1
2023-06-23,Kolar,Karnataka,13.1367,78.1292,30.54,23.68,38.56,12.47,78.0
2023-06-23,Ludhiana,Punjab,30.901,75.8573,32.5,25.71,38.46,11.49,72.8
2023-06-23,Agra,Uttar Pradesh,27.1767,78.0081,33.49,26.38,40.02,45.39,73.5
2023-06-24,Nashik,Maharashtra,19.9975,73.7898,32.69,28.24,38.39,0.0,81.4
2023-06-24,Pune,Maharashtra,18.5204,73.8567,32.94,26.96,40.42,16.06,79.2
2023-06-24,Hubballi,Karnataka,15.3647,75.124,30.22,25.22,38.23,28.4,78.5
2023-06-24,Kolar,Karnataka,13.1367,78.1292,29.49,23.33,37.83,9.1,80.9
2023-06-24,Ludhiana,Punjab,30.901,75.8573,31.9,25.87,38.79,4.26,73.2
2023-06-24,Agra,Uttar Pradesh,27.1767,78.0081,36.55,31.99,44.94,7.12,72.5
2023-06-25,Nashik,Maharashtra,19.9975,73.7898,32.74,26.9,37.08,10.27,78.3
2023-06-25,Pune,Maharashtra,18.5204,73.8567,33.0,28.95,40.37,14.92,84.6
2023-06-25,Hubballi,Karnataka,15.3647,75.124,30.68,26.13,37.09,2.45,84.3
2023-06-25,Kolar,Karnataka,13.1367,78.1292,28.72,21.45,34.2,30.57,70.9
2023-06-25,Ludhiana,Punjab,30.901,75.8573,33.62,28.9,38.53,0.0,79.0
2023-06-25,Agra,Uttar Pradesh,27.1767,78.0081,35.65,28.66,41.03,7.63,71.9
2023-06-26,Nashik,Maharashtra,19.9975,73.7898,31.74,25.38,36.3,0.0,82.5
2023-06-26,Pune,Maharashtra,18.5204,73.8567,30.83,24.67,36.82,22.92,79.9
2023-06-26,Hubballi,Karnataka,15.3647,75.124,32.91,28.59,40.09,3.7,83.1
2023-06-26,Kolar,Karnataka,13.1367,78.1292,30.24,24.95,35.25,0.0,80.4
2023-06-26,Ludhiana,Punjab,30.901,75.8573,31.19,24.9,36.68,23.85,71.4
2023-06-26,Agra,Uttar Pradesh,27.1767,78.0081,33.93,27.63,41.95,12.75,66.2
2023-06-27,Nashik,Maharashtra,19.9975,73.7898,32.4,27.8,39.9,37.21,86.2
2023-06-27,Pune,Maharashtra,18.5204,73.8567,30.9,26.81,36.97,4.92,90.6
2023-06-27,Hubballi,Karnataka,15.3647,75.124,30.96,24.76,35.66,0.0,82.0
2023-06-27,Kolar,Karnataka,13.1367,78.1292,29.92,24.73,34.45,27.14,82.3
2023-06-27,Ludhiana,Punjab,30.901,75.8573,30.12,24.71,35.41,0.0,74.6
2023-06-27,Agra,Uttar Pradesh,27.1767,78.0081,33.94,26.62,39.78,0.0,68.7
2023-06-28,Nashik,Maharashtra,19.9975,73.7898,33.57,28.2,39.07,6.02,80.4
2023-06-28,Pune,Maharashtra,18.5204,73.8567,31.17,26.44,39.07,5.15,75.9
2023-06-28,Hubballi,Karnataka,15.3647,75.124,30.59,24.52,36.35,0.0,73.7
2023-06-28,Kolar,Karnataka,13.1367,78.1292,27.62,22.68,31.99,0.0,84.7
2023-06-28,Ludhiana,Punjab,30.901,75.8573,33.52,27.33,40.88,0.0,67.6
2023-06-28,Agra,Uttar Pradesh,27.1767,78.0081,34.94,28.23,39.26,11.76,73.9
2023-06-29,Nashik,Maharashtra,19.9975,73.7898,32.55,28.45,37.38,0.0,86.0
2023-06-29,Pune,Maharashtra,18.5204,73.8567,29.03,21.99,34.71,17.07,76.7
2023-06-29,Hubballi,Karnataka,15.3647,75.124,30.29,24.55,38.28,3.6,75.5
2023-06-29,Kolar,Karnataka,13.1367,78.1292,31.65,24.72,39.56,25.61,78.1
2023-06-29,Ludhiana,Punjab,30.901,75.8573,32.95,26.42,39.35,41.58,78.2
2023-06-29,Agra,Uttar Pradesh,27.1767,78.0081,36.42,29.78,44.91,33.54,65.3
2023-06-30,Nashik,Maharashtra,19.9975,73.7898,29.39,23.21,35.3,20.25,83.3
2023-06-30,Pune,Maharashtra,18.5204,73.8567,33.09,26.72,41.18,15.74,79.5
2023-06-30,Hubballi,Karnataka,15.3647,75.124,31.74,26.32,37.16,13.87,66.8
2023-06-30,Kolar,Karnataka,13.1367,78.1292,28.67,21.91,33.83,0.54,83.0
2023-06-30,Ludhiana,Punjab,30.901,75.8573,31.74,27.29,40.18,0.0,68.5
2023-06-30,Agra,Uttar Pradesh,27.1767,78.0081,32.86,26.45,40.96,0.0,74.9
2023-07-01,Nashik,Maharashtra,19.9975,73.7898,30.44,24.76,38.89,0.0,85.8
2023-07-01,Pune,Maharashtra,18.5204,73.8567,29.63,24.3,36.85,17.54,93.8
2023-07-01,Hubballi,Karnataka,15.3647,75.124,31.49,25.21,36.39,0.0,89.6
2023-07-01,Kolar,Karnataka,13.1367,78.1292,29.11,21.79,35.91,3.05,83.0
2023-07-01,Ludhiana,Punjab,30.901,75.8573,33.5,26.28,39.19,17.11,87.1
2023-07-01,Agra,Uttar Pradesh,27.1767,78.0081,36.27,32.19,41.56,39.66,80.1
2023-07-02,Nashik,Maharashtra,19.9975,73.7898,32.93,25.82,39.47,37.08,85.3
2023-07-02,Pune,Maharashtra,18.5204,73.8567,30.55,24.9,37.64,0.0,97.5
2023-07-02,Hubballi,Karnataka,15.3647,75.124,29.86,23.31,36.63,16.83,75.2
2023-07-02,Kolar,Karnataka,13.1367,78.1292,27.76,21.47,34.79,5.45,92.1
2023-07-02,Ludhiana,Punjab,30.901,75.8573,31.85,26.95,38.7,20.72,85.8
2023-07-02,Agra,Uttar Pradesh,27.1767,78.0081,33.5,28.74,39.2,18.53,77.7
2023-07-03,Nashik,Maharashtra,19.9975,73.7898,33.6,27.15,39.55,20.6,89.8
2023-07-03,Pune,Maharashtra,18.5204,73.8567,29.28,22.7,34.08,0.0,87.4
2023-07-03,Hubballi,Karnataka,15.3647,75.124,29.56,23.19,37.67,0.0,82.4
2023-07-03,Kolar,Karnataka,13.1367,78.1292,27.73,22.35,32.34,16.8,91.2
2023-07-03,Ludhiana,Punjab,30.901,75.8573,31.83,26.9,36.23,7.47,82.7
2023-07-03,Agra,Uttar Pradesh,27.1767,78.0081,34.27,28.2,40.47,26.7,72.9
2023-07-04,Nashik,Maharashtra,19.9975,73.7898,32.99,26.36,40.27,25.83,83.8
2023-07-04,Pune,Maharashtra,18.5204,73.8567,33.42,28.02,40.09,0.0,84.4
2023-07-04,Hubballi,Karnataka,15.3647,75.124,28.81,22.54,32.87,5.92,89.3
2023-07-04,Kolar,Karnataka,13.1367,78.1292,27.54,23.39,35.59,0.0,76.2
2023-07-04,Ludhiana,Punjab,30.901,75.8573,32.83,27.24,37.58,2.07,86.0
2023-07-04,Agra,Uttar Pradesh,27.1767,78.0081,36.17,30.96,41.25,40.72,71.1
2023-07-05,Nashik,Maharashtra,19.9975,73.7898,32.36,25.14,40.3,39.67,85.6
2023-07-05,Pune,Maharashtra,18.5204,73.8567,29.45,24.46,34.84,30.21,90.0
2023-07-05,Hubballi,Karnataka,15.3647,75.124,31.91,25.09,39.9,0.74,88.2
2023-07-05,Kolar,Karnataka,13.1367,78.1292,29.96,24.46,36.98,0.0,89.7
2023-07-05,Ludhiana,Punjab,30.901,75.8573,33.04,28.45,38.95,6.05,83.3
2023-07-05,Agra,Uttar Pradesh,27.1767,78.0081,32.47,26.13,36.97,14.99,77.1
2023-07-06,Nashik,Maharashtra,19.9975,73.7898,31.65,25.8,38.48,0.0,78.9
2023-07-06,Pune,Maharashtra,18.5204,73.8567,30.88,23.78,37.14,20.6,96.3
2023-07-06,Hubballi,Karnataka,15.3647,75.124,32.58,26.97,37.38,45.8,79.9
2023-07-06,Kolar,Karnataka,13.1367,78.1292,27.78,23.57,35.37,5.42,90.7
2023-07-06,Ludhiana,Punjab,30.901,75.8573,32.58,28.51,39.68,0.0,83.8
2023-07-06,Agra,Uttar Pradesh,27.1767,78.0081,32.26,26.37,36.88,23.27,81.5
2023-07-07,Nashik,Maharashtra,19.9975,73.7898,31.86,26.96,37.47,0.41,86.3
2023-07-07,Pune,Maharashtra,18.5204,73.8567,32.58,26.66,37.91,32.08,90.9
2023-07-07,Hubballi,Karnataka,15.3647,75.124,30.42,24.17,37.08,0.0,77.3
2023-07-07,Kolar,Karnataka,13.1367,78.1292,29.26,22.36,34.96,66.94,87.0
2023-07-07,Ludhiana,Punjab,30.901,75.8573,32.2,25.39,38.22,69.03,79.8
2023-07-07,Agra,Uttar Pradesh,27.1767,78.0081,33.27,28.38,41.47,18.07,79.2
2023-07-08,Nashik,Maharashtra,19.9975,73.7898,30.39,24.28,35.68,6.36,88.5
2023-07-08,Pune,Maharashtra,18.5204,73.8567,30.81,24.95,35.54,7.45,86.9
2023-07-08,Hubballi,Karnataka,15.3647,75.124,28.62,23.68,33.09,21.17,83.6
2023-07-08,Kolar,Karnataka,13.1367,78.1292,29.9,24.22,33.99,0.45,89.0
2023-07-08,Ludhiana,Punjab,30.901,75.8573,34.46,28.29,40.27,2.58,82.5
2023-07-08,Agra,Uttar Pradesh,27.1767,78.0081,32.0,24.87,38.55,0.0,82.9
2023-07-09,Nashik,Maharashtra,19.9975,73.7898,31.4,25.52,37.14,0.0,86.2
2023-07-09,Pune,Maharashtra,18.5204,73.8567,30.71,25.16,37.97,3.36,94.1
2023-07-09,Hubballi,Karnataka,15.3647,75.124,28.99,22.13,37.28,7.93,85.4
2023-07-09,Kolar,Karnataka,13.1367,78.1292,30.05,23.43,36.97,31.62,89.9
2023-07-09,Ludhiana,Punjab,30.901,75.8573,33.38,26.11,38.0,0.0,80.1
2023-07-09,Agra,Uttar Pradesh,27.1767,78.0081,32.55,28.0,39.73,28.08,74.4
2023-07-10,Nashik,Maharashtra,19.9975,73.7898,33.59,27.17,38.2,12.51,82.8
2023-07-10,Pune,Maharashtra,18.5204,73.8567,29.49,23.55,34.19,42.75,93.8
2023-07-10,Hubballi,Karnataka,15.3647,75.124,31.15,26.33,39.21,5.78,82.4
2023-07-10,Kolar,Karnataka,13.1367,78.1292,28.24,21.24,33.97,22.59,88.0
2023-07-10,Ludhiana,Punjab,30.901,75.8573,31.84,24.41,37.83,45.68,83.9
2023-07-10,Agra,Uttar Pradesh,27.1767,78.0081,32.05,25.53,36.48,34.31,82.0
2023-07-11,Nashik,Maharashtra,19.9975,73.7898,32.86,28.25,39.29,60.98,87.9
2023-07-11,Pune,Maharashtra,18.5204,73.8567,27.71,21.84,35.06,17.24,91.9
2023-07-11,Hubballi,Karnataka,15.3647,75.124,30.4,25.16,37.17,57.17,82.0
2023-07-11,Kolar,Karnataka,13.1367,78.1292,27.39,23.03,35.72,5.93,86.2
2023-07-11,Ludhiana,Punjab,30.901,75.8573,33.46,26.15,38.99,3.86,83.6
2023-07-11,Agra,Uttar Pradesh,27.1767,78.0081,30.72,25.03,36.13,9.16,79.9
2023-07-12,Nashik,Maharashtra,19.9975,73.7898,31.18,24.47,38.46,43.87,89.6
2023-07-12,Pune,Maharashtra,18.5204,73.8567,31.58,27.35,38.32,33.11,90.4
2023-07-12,Hubballi,Karnataka,15.3647,75.124,32.16,26.26,39.84,6.37,90.8
2023-07-12,Kolar,Karnataka,13.1367,78.1292,27.29,22.64,31.57,29.24,88.5
2023-07-12,Ludhiana,Punjab,30.901,75.8573,32.1,27.3,39.84,14.24,78.3
2023-07-12,Agra,Uttar Pradesh,27.1767,78.0081,33.66,27.31,40.58,1.49,80.8
2023-07-13,Nashik,Maharashtra,19.9975,73.7898,30.94,24.22,35.2,22.39,85.6
2023-07-13,Pune,Maharashtra,18.5204,73.8567,28.67,24.66,36.69,26.61,83.3
2023-07-13,Hubballi,Karnataka,15.3647,75.124,30.97,24.19,37.41,0.0,79.7
2023-07-13,Kolar,Karnataka,13.1367,78.1292,29.3,25.03,36.7,0.0,87.6
2023-07-13,Ludhiana,Punjab,30.901,75.8573,33.31,26.92,40.73,3.92,78.5
2023-07-13,Agra,Uttar Pradesh,27.1767,78.0081,32.43,25.42,39.6,0.38,76.0
2023-07-14,Nashik,Maharashtra,19.9975,73.7898,31.01,26.02,39.23,33.34,94.8
2023-07-14,Pune,Maharashtra,18.5204,73.8567,31.87,27.83,40.17,24.32,86.9
2023-07-14,Hubballi,Karnataka,15.3647,75.124,28.97,24.79,35.11,27.85,83.3
2023-07-14,Kolar,Karnataka,13.1367,78.1292,29.84,22.72,34.82,0.0,85.1
2023-07-14,Ludhiana,Punjab,30.901,75.8573,31.5,26.59,38.61,25.6,80.4
2023-07-14,Agra,Uttar Pradesh,27.1767,78.0081,32.54,25.71,37.43,53.19,72.7
2023-07-15,Nashik,Maharashtra,19.9975,73.7898,31.46,24.17,38.41,1.1,84.2
2023-07-15,Pune,Maharashtra,18.5204,73.8567,30.34,24.25,38.53,41.92,80.8
2023-07-15,Hubballi,Karnataka,15.3647,75.124,31.96,26.95,39.9,0.0,81.0
2023-07-15,Kolar,Karnataka,13.1367,78.1292,29.1,23.95,36.56,91.51,89.1
2023-07-15,Ludhiana,Punjab,30.901,75.8573,31.65,27.55,36.83,2.39,83.0
2023-07-15,Agra,Uttar Pradesh,27.1767,78.0081,33.76,29.24,39.16,0.0,78.9
2023-07-16,Nashik,Maharashtra,19.9975,73.7898,32.2,27.66,40.38,22.0,92.7
2023-07-16,Pune,Maharashtra,18.5204,73.8567,31.81,24.43,40.01,43.44,92.7
2023-07-16,Hubballi,Karnataka,15.3647,75.124,28.88,24.35,34.21,0.0,86.2
2023-07-16,Kolar,Karnataka,13.1367,78.1292,26.29,19.37,32.48,41.65,86.2
2023-07-16,Ludhiana,Punjab,30.901,75.8573,32.15,26.31,37.91,73.01,79.5
2023-07-16,Agra,Uttar Pradesh,27.1767,78.0081,31.73,25.35,37.24,4.41,81.0
2023-07-17,Nashik,Maharashtra,19.9975,73.7898,30.9,23.95,37.14,9.42,84.0
2023-07-17,Pune,Maharashtra,18.5204,73.8567,29.82,24.67,36.97,9.49,86.8
2023-07-17,Hubballi,Karnataka,15.3647,75.124,29.19,24.65,36.71,19.94,87.6
2023-07-17,Kolar,Karnataka,13.1367,78.1292,28.39,21.36,36.78,3.14,88.0
2023-07-17,Ludhiana,Punjab,30.901,75.8573,30.45,25.75,36.2,2.73,78.2
2023-07-17,Agra,Uttar Pradesh,27.1767,78.0081,35.12,28.11,42.49,1.91,77.1
2023-07-18,Nashik,Maharashtra,19.9975,73.7898,32.69,28.39,40.07,1.25,92.4
2023-07-18,Pune,Maharashtra,18.5204,73.8567,34.73,27.36,40.81,69.62,89.2
2023-07-18,Hubballi,Karnataka,15.3647,75.124,32.03,26.98,39.82,29.42,84.9
2023-07-18,Kolar,Karnataka,13.1367,78.1292,27.98,21.44,33.82,0.0,83.8
2023-07-18,Ludhiana,Punjab,30.901,75.8573,31.0,24.8,36.82,8.97,78.3
2023-07-18,Agra,Uttar Pradesh,27.1767,78.0081,32.74,27.91,39.34,19.1,78.9
2023-07-19,Nashik,Maharashtra,19.9975,73.7898,30.11,25.84,35.86,11.18,86.7
2023-07-19,Pune,Maharashtra,18.5204,73.8567,29.26,24.66,34.68,62.01,91.4
2023-07-19,Hubballi,Karnataka,15.3647,75.124,30.7,24.23,35.51,18.33,85.8
2023-07-19,Kolar,Karnataka,13.1367,78.1292,27.05,21.37,32.78,36.1,86.8
2023-07-19,Ludhiana,Punjab,30.901,75.8573,31.7,25.74,39.98,6.4,82.2
2023-07-19,Agra,Uttar Pradesh,27.1767,78.0081,32.6,26.35,38.41,46.86,74.5
2023-07-20,Nashik,Maharashtra,19.9975,73.7898,32.58,25.98,40.82,11.37,85.2
2023-07-20,Pune,Maharashtra,18.5204,73.8567,30.47,23.11,37.21,21.74,91.7
2023-07-20,Hubballi,Karnataka,15.3647,75.124,29.43,24.55,37.68,1.33,90.8
2023-07-20,Kolar,Karnataka,13.1367,78.1292,28.73,21.68,35.45,17.47,90.4
2023-07-20,Ludhiana,Punjab,30.901,75.8573,31.59,24.76,36.59,3.24,82.2
2023-07-20,Agra,Uttar Pradesh,27.1767,78.0081,33.09,27.83,39.79,22.82,75.6
2023-07-21,Nashik,Maharashtra,19.9975,73.7898,30.41,23.92,36.62,43.84,88.2
2023-07-21,Pune,Maharashtra,18.5204,73.8567,30.62,24.71,37.2,1.82,88.1
2023-07-21,Hubballi,Karnataka,15.3647,75.124,29.67,24.17,36.2,36.13,79.6
2023-07-21,Kolar,Karnataka,13.1367,78.1292,25.67,20.63,30.27,1.56,88.8
2023-07-21,Ludhiana,Punjab,30.901,75.8573,31.7,24.91,38.69,0.0,82.6
2023-07-21,Agra,Uttar Pradesh,27.1767,78.0081,32.57,25.48,37.74,0.0,71.2
2023-07-22,Nashik,Maharashtra,19.9975,73.7898,31.62,25.11,36.53,0.0,91.6
2023-07-22,Pune,Maharashtra,18.5204,73.8567,29.69,22.78,36.62,15.11,84.8
2023-07-22,Hubballi,Karnataka,15.3647,75.124,30.54,23.91,39.01,11.06,84.9
2023-07-22,Kolar,Karnataka,13.1367,78.1292,27.74,21.26,34.82,16.34,98.0
2023-07-22,Ludhiana,Punjab,30.901,75.8573,31.8,24.88,38.15,23.76,75.3
2023-07-22,Agra,Uttar Pradesh,27.1767,78.0081,33.14,29.04,41.04,17.01,69.1
2023-07-23,Nashik,Maharashtra,19.9975,73.7898,32.33,26.99,39.16,9.47,83.1
2023-07-23,Pune,Maharashtra,18.5204,73.8567,30.68,24.29,38.34,1.38,87.3
2023-07-23,Hubballi,Karnataka,15.3647,75.124,30.57,24.76,35.87,1.01,85.2
2023-07-23,Kolar,Karnataka,13.1367,78.1292,25.4,18.97,32.48,5.14,86.1
2023-07-23,Ludhiana,Punjab,30.901,75.8573,31.57,27.17,35.69,2.11,75.7
2023-07-23,Agra,Uttar Pradesh,27.1767,78.0081,31.15,25.61,35.37,30.23,84.7
2023-07-24,Nashik,Maharashtra,19.9975,73.7898,32.01,26.76,40.37,72.46,84.6
2023-07-24,Pune,Maharashtra,18.5204,73.8567,29.24,22.22,35.39,14.52,86.7
2023-07-24,Hubballi,Karnataka,15.3647,75.124,28.84,22.71,33.1,29.25,80.3
2023-07-24,Kolar,Karnataka,13.1367,78.1292,28.84,24.67,33.2,5.56,92.5
2023-07-24,Ludhiana,Punjab,30.901,75.8573,31.2,25.83,36.34,51.59,83.5
2023-07-24,Agra,Uttar Pradesh,27.1767,78.0081,33.86,29.1,42.06,7.13,69.4
2023-07-25,Nashik,Maharashtra,19.9975,73.7898,30.56,26.47,35.07,0.37,86.0
2023-07-25,Pune,Maharashtra,18.5204,73.8567,28.11,23.21,33.88,17.06,90.3
2023-07-25,Hubballi,Karnataka,15.3647,75.124,30.75,23.35,35.0,0.0,86.3
2023-07-25,Kolar,Karnataka,13.1367,78.1292,27.89,23.69,32.28,5.31,84.4
2023-07-25,Ludhiana,Punjab,30.901,75.8573,31.68,24.37,39.68,13.85,82.4
2023-07-25,Agra,Uttar Pradesh,27.1767,78.0081,34.23,29.22,38.42,5.99,80.5
2023-07-26,Nashik,Maharashtra,19.9975,73.7898,31.91,26.27,38.63,16.32,86.6
2023-07-26,Pune,Maharashtra,18.5204,73.8567,29.45,22.98,33.97,0.0,90.8
2023-07-26,Hubballi,Karnataka,15.3647,75.124,31.85,26.88,36.96,47.44,85.1
2023-07-26,Kolar,Karnataka,13.1367,78.1292,28.55,21.17,35.32,0.0,92.1
2023-07-26,Ludhiana,Punjab,30.901,75.8573,29.76,25.64,36.77,0.0,75.7
2023-07-26,Agra,Uttar Pradesh,27.1767,78.0081,31.94,27.36,39.22,4.19,76.3
2023-07-27,Nashik,Maharashtra,19.9975,73.7898,30.91,23.97,38.57,8.47,88.9
2023-07-27,Pune,Maharashtra,18.5204,73.8567,28.72,23.35,35.95,11.9,84.7
2023-07-27,Hubballi,Karnataka,15.3647,75.124,28.49,21.58,32.61,2.34,83.5
2023-07-27,Kolar,Karnataka,13.1367,78.1292,27.11,22.21,33.04,13.09,90.9
2023-07-27,Ludhiana,Punjab,30.901,75.8573,29.68,25.67,35.79,21.1,80.9
2023-07-27,Agra,Uttar Pradesh,27.1767,78.0081,32.65,26.9,40.63,19.32,75.8
2023-07-28,Nashik,Maharashtra,19.9975,73.7898,31.15,26.78,39.13,1.51,86.5
2023-07-28,Pune,Maharashtra,18.5204,73.8567,31.95,25.9,36.22,21.56,91.2
2023-07-28,Hubballi,Karnataka,15.3647,75.124,30.59,24.11,37.26,14.93,75.5
2023-07-28,Kolar,Karnataka,13.1367,78.1292,26.18,20.1,31.69,0.88,82.9
2023-07-28,Ludhiana,Punjab,30.901,75.8573,31.25,24.12,36.26,4.29,80.3
2023-07-28,Agra,Uttar Pradesh,27.1767,78.0081,31.65,26.77,36.0,0.0,82.4
2023-07-29,Nashik,Maharashtra,19.9975,73.7898,31.2,26.57,35.47,23.62,83.4
2023-07-29,Pune,Maharashtra,18.5204,73.8567,29.07,22.53,33.82,0.0,90.3
2023-07-29,Hubballi,Karnataka,15.3647,75.124,30.62,23.38,35.75,9.31,79.6
2023-07-29,Kolar,Karnataka,13.1367,78.1292,28.72,21.99,34.82,0.0,87.1
2023-07-29,Ludhiana,Punjab,30.901,75.8573,29.49,23.57,36.24,12.05,81.1
2023-07-29,Agra,Uttar Pradesh,27.1767,78.0081,32.11,26.19,38.73,25.78,87.3
2023-07-30,Nashik,Maharashtra,19.9975,73.7898,30.97,26.04,38.53,22.81,82.5
2023-07-30,Pune,Maharashtra,18.5204,73.8567,28.7,24.27,36.77,40.75,90.1
2023-07-30,Hubballi,Karnataka,15.3647,75.124,27.11,21.34,33.26,19.06,76.5
2023-07-30,Kolar,Karnataka,13.1367,78.1292,28.67,22.63,36.19,28.61,93.4
2023-07-30,Ludhiana,Punjab,30.901,75.8573,31.89,24.57,38.5,8.78,73.3
2023-07-30,Agra,Uttar Pradesh,27.1767,78.0081,32.07,26.76,36.93,0.0,76.8
2023-07-31,Nashik,Maharashtra,19.9975,73.7898,30.61,26.53,36.23,9.42,87.4
2023-07-31,Pune,Maharashtra,18.5204,73.8567,29.96,24.67,38.05,21.06,95.8
2023-07-31,Hubballi,Karnataka,15.3647,75.124,29.62,24.71,37.38,56.06,87.4
2023-07-31,Kolar,Karnataka,13.1367,78.1292,27.49,23.12,34.12,24.24,88.8
2023-07-31,Ludhiana,Punjab,30.901,75.8573,31.86,25.71,35.89,0.0,83.7
2023-07-31,Agra,Uttar Pradesh,27.1767,78.0081,32.54,28.26,37.41,0.0,80.5
2023-08-01,Nashik,Maharashtra,19.9975,73.7898,30.15,24.6,35.29,0.0,80.5
2023-08-01,Pune,Maharashtra,18.5204,73.8567,29.22,25.07,34.43,0.0,87.9
2023-08-01,Hubballi,Karnataka,15.3647,75.124,29.18,24.64,35.72,0.0,77.8
2023-08-01,Kolar,Karnataka,13.1367,78.1292,27.83,21.08,36.16,6.08,89.3
2023-08-01,Ludhiana,Punjab,30.901,75.8573,29.78,22.93,34.42,24.87,79.7
2023-08-01,Agra,Uttar Pradesh,27.1767,78.0081,33.95,29.79,40.04,31.16,70.2
2023-08-02,Nashik,Maharashtra,19.9975,73.7898,28.81,21.55,33.88,16.27,73.2
2023-08-02,Pune,Maharashtra,18.5204,73.8567,27.93,20.7,33.51,0.0,82.6
2023-08-02,Hubballi,Karnataka,15.3647,75.124,30.32,24.71,38.79,10.13,82.5
2023-08-02,Kolar,Karnataka,13.1367,78.1292,26.9,19.53,32.05,0.59,81.3
2023-08-02,Ludhiana,Punjab,30.901,75.8573,27.97,22.34,33.54,11.71,73.0
2023-08-02,Agra,Uttar Pradesh,27.1767,78.0081,33.23,27.86,38.7,41.82,72.8
2023-08-03,Nashik,Maharashtra,19.9975,73.7898,29.47,22.44,33.58,0.0,81.5
2023-08-03,Pune,Maharashtra,18.5204,73.8567,29.62,23.32,33.92,20.77,83.4
2023-08-03,Hubballi,Karnataka,15.3647,75.124,29.9,23.23,35.36,14.46,77.6
2023-08-03,Kolar,Karnataka,13.1367,78.1292,27.7,21.83,31.85,3.39,82.8
2023-08-03,Ludhiana,Punjab,30.901,75.8573,30.54,26.25,37.29,0.0,77.4
2023-08-03,Agra,Uttar Pradesh,27.1767,78.0081,32.18,24.76,40.59,0.0,68.1
2023-08-04,Nashik,Maharashtra,19.9975,73.7898,29.11,25.06,35.72,4.57,87.0
2023-08-04,Pune,Maharashtra,18.5204,73.8567,31.19,24.92,35.27,37.43,88.6
2023-08-04,Hubballi,Karnataka,15.3647,75.124,29.16,23.52,34.68,24.65,78.4
2023-08-04,Kolar,Karnataka,13.1367,78.1292,28.18,22.27,34.15,8.28,83.7
2023-08-04,Ludhiana,Punjab,30.901,75.8573,29.02,23.64,35.58,24.74,76.8
2023-08-04,Agra,Uttar Pradesh,27.1767,78.0081,31.51,25.07,36.82,13.42,72.4
2023-08-05,Nashik,Maharashtra,19.9975,73.7898,29.9,25.21,34.23,0.0,77.1
2023-08-05,Pune,Maharashtra,18.5204,73.8567,30.24,23.82,35.91,0.0,79.6
2023-08-05,Hubballi,Karnataka,15.3647,75.124,30.03,23.28,35.64,0.0,80.1
2023-08-05,Kolar,Karnataka,13.1367,78.1292,27.41,20.33,33.88,17.56,81.9
2023-08-05,Ludhiana,Punjab,30.901,75.8573,32.09,27.69,36.79,0.0,67.7
2023-08-05,Agra,Uttar Pradesh,27.1767,78.0081,30.34,26.15,37.08,9.99,71.1
2023-08-06,Nashik,Maharashtra,19.9975,73.7898,29.11,24.57,35.67,0.0,74.7
2023-08-06,Pune,Maharashtra,18.5204,73.8567,32.0,24.96,37.46,75.2,78.4
2023-08-06,Hubballi,Karnataka,15.3647,75.124,28.84,23.59,33.13,16.24,72.5
2023-08-06,Kolar,Karnataka,13.1367,78.1292,26.85,19.59,33.41,0.0,72.5
2023-08-06,Ludhiana,Punjab,30.901,75.8573,29.52,22.04,37.96,0.0,66.5
2023-08-06,Agra,Uttar Pradesh,27.1767,78.0081,31.64,26.67,36.95,3.07,72.0
2023-08-07,Nashik,Maharashtra,19.9975,73.7898,30.34,22.88,37.43,0.0,75.1
2023-08-07,Pune,Maharashtra,18.5204,73.8567,30.44,24.36,38.88,2.77,79.3
2023-08-07,Hubballi,Karnataka,15.3647,75.124,28.4,22.2,36.67,25.96,75.2
2023-08-07,Kolar,Karnataka,13.1367,78.1292,27.71,20.57,31.94,7.3,79.9
2023-08-07,Ludhiana,Punjab,30.901,75.8573,31.17,25.41,38.16,0.79,66.8
2023-08-07,Agra,Uttar Pradesh,27.1767,78.0081,28.7,23.17,36.79,11.9,70.4
2023-08-08,Nashik,Maharashtra,19.9975,73.7898,28.86,24.1,37.29,0.0,73.3
2023-08-08,Pune,Maharashtra,18.5204,73.8567,28.39,23.05,33.75,0.0,80.9
2023-08-08,Hubballi,Karnataka,15.3647,75.124,29.04,22.97,35.21,0.0,76.4
2023-08-08,Kolar,Karnataka,13.1367,78.1292,26.98,22.82,33.14,19.96,80.7
2023-08-08,Ludhiana,Punjab,30.901,75.8573,30.87,23.87,37.62,0.0,70.3
2023-08-08,Agra,Uttar Pradesh,27.1767,78.0081,31.2,24.96,35.33,13.33,71.6
2023-08-09,Nashik,Maharashtra,19.9975,73.7898,27.99,23.58,33.39,33.32,86.0
2023-08-09,Pune,Maharashtra,18.5204,73.8567,27.82,21.65,34.93,0.0,83.6
2023-08-09,Hubballi,Karnataka,15.3647,75.124,29.01,23.16,36.55,17.29,76.4
2023-08-09,Kolar,Karnataka,13.1367,78.1292,28.76,21.84,36.01,2.64,82.9
2023-08-09,Ludhiana,Punjab,30.901,75.8573,28.73,23.94,33.88,0.0,74.9
2023-08-09,Agra,Uttar Pradesh,27.1767,78.0081,30.82,23.93,39.05,0.0,72.9
2023-08-10,Nashik,Maharashtra,19.9975,73.7898,29.58,22.79,37.34,0.66,77.9
2023-08-10,Pune,Maharashtra,18.5204,73.8567,28.6,22.53,35.4,2.2,81.0
2023-08-10,Hubballi,Karnataka,15.3647,75.124,30.79,24.07,36.8,86.25,75.1
2023-08-10,Kolar,Karnataka,13.1367,78.1292,27.22,22.01,33.07,19.14,79.9
2023-08-10,Ludhiana,Punjab,30.901,75.8573,29.02,21.79,35.17,0.0,76.5
2023-08-10,Agra,Uttar Pradesh,27.1767,78.0081,30.78,24.9,34.86,13.16,65.2
2023-08-11,Nashik,Maharashtra,19.9975,73.7898,31.13,24.74,36.88,13.41,82.3
2023-08-11,Pune,Maharashtra,18.5204,73.8567,27.49,20.23,34.86,6.36,84.7
2023-08-11,Hubballi,Karnataka,15.3647,75.124,28.82,22.78,36.69,16.09,76.8
2023-08-11,Kolar,Karnataka,13.1367,78.1292,27.19,23.05,34.61,24.3,80.3
2023-08-11,Ludhiana,Punjab,30.901,75.8573,29.39,23.09,36.06,8.04,72.9
2023-08-11,Agra,Uttar Pradesh,27.1767,78.0081,31.09,26.72,39.2,9.84,70.9
2023-08-12,Nashik,Maharashtra,19.9975,73.7898,28.67,23.45,35.08,0.0,79.2
2023-08-12,Pune,Maharashtra,18.5204,73.8567,28.09,22.4,35.22,0.0,82.3
2023-08-12,Hubballi,Karnataka,15.3647,75.124,27.55,20.39,33.33,0.0,70.3
2023-08-12,Kolar,Karnataka,13.1367,78.1292,27.83,20.39,36.21,1.32,77.0
2023-08-12,Ludhiana,Punjab,30.901,75.8573,28.58,22.5,33.25,33.96,70.4
2023-08-12,Agra,Uttar Pradesh,27.1767,78.0081,30.38,26.32,38.09,2.22,68.1
2023-08-13,Nashik,Maharashtra,19.9975,73.7898,29.34,23.38,33.41,0.0,83.9
2023-08-13,Pune,Maharashtra,18.5204,73.8567,25.21,18.58,33.32,0.0,83.7
2023-08-13,Hubballi,Karnataka,15.3647,75.124,28.71,23.29,33.67,9.87,73.7
2023-08-13,Kolar,Karnataka,13.1367,78.1292,24.7,17.94,29.69,0.0,79.0
2023-08-13,Ludhiana,Punjab,30.901,75.8573,30.51,24.54,37.34,40.91,69.0
2023-08-13,Agra,Uttar Pradesh,27.1767,78.0081,30.43,25.83,38.07,0.0,69.1
2023-08-14,Nashik,Maharashtra,19.9975,73.7898,27.48,21.76,34.18,39.27,75.4
2023-08-14,Pune,Maharashtra,18.5204,73.8567,28.2,21.11,36.34,45.71,81.6
2023-08-14,Hubballi,Karnataka,15.3647,75.124,29.97,24.1,36.24,6.04,77.6
2023-08-14,Kolar,Karnataka,13.1367,78.1292,25.61,18.47,33.44,5.95,79.4
2023-08-14,Ludhiana,Punjab,30.901,75.8573,29.29,24.96,34.76,9.52,77.8
2023-08-14,Agra,Uttar Pradesh,27.1767,78.0081,28.72,22.88,34.36,24.8,73.3
2023-08-15,Nashik,Maharashtra,19.9975,73.7898,29.43,25.4,36.37,28.33,75.7
2023-08-15,Pune,Maharashtra,18.5204,73.8567,28.27,23.22,34.1,0.0,77.5
2023-08-15,Hubballi,Karnataka,15.3647,75.124,27.43,20.62,32.95,1.34,83.1
2023-08-15,Kolar,Karnataka,13.1367,78.1292,28.3,23.95,35.55,34.5,82.5
2023-08-15,Ludhiana,Punjab,30.901,75.8573,29.53,25.51,34.77,6.96,66.9
2023-08-15,Agra,Uttar Pradesh,27.1767,78.0081,29.54,23.06,37.87,23.69,75.5
2023-08-16,Nashik,Maharashtra,19.9975,73.7898,27.26,21.26,35.6,5.88,73.7
2023-08-16,Pune,Maharashtra,18.5204,73.8567,27.86,21.06,36.1,0.0,84.4
2023-08-16,Hubballi,Karnataka,15.3647,75.124,31.34,24.04,36.66,46.76,74.9
2023-08-16,Kolar,Karnataka,13.1367,78.1292,26.25,20.56,33.48,19.96,75.3
2023-08-16,Ludhiana,Punjab,30.901,75.8573,28.87,23.41,33.22,0.0,73.5
2023-08-16,Agra,Uttar Pradesh,27.1767,78.0081,30.89,23.58,38.49,39.75,65.8
2023-08-17,Nashik,Maharashtra,19.9975,73.7898,28.35,20.9,32.9,0.0,78.9
2023-08-17,Pune,Maharashtra,18.5204,73.8567,27.13,22.14,34.26,45.33,82.6
2023-08-17,Hubballi,Karnataka,15.3647,75.124,28.75,23.98,34.81,11.08,78.0
2023-08-17,Kolar,Karnataka,13.1367,78.1292,28.76,21.53,35.39,9.21,83.5
2023-08-17,Ludhiana,Punjab,30.901,75.8573,29.32,23.26,36.19,0.0,74.9
2023-08-17,Agra,Uttar Pradesh,27.1767,78.0081,29.64,22.52,37.59,2.12,74.4
2023-08-18,Nashik,Maharashtra,19.9975,73.7898,28.76,24.56,34.59,0.0,83.1
2023-08-18,Pune,Maharashtra,18.5204,73.8567,27.27,22.07,33.9,3.88,81.2
2023-08-18,Hubballi,Karnataka,15.3647,75.124,27.99,22.39,33.69,0.0,78.0
2023-08-18,Kolar,Karnataka,13.1367,78.1292,25.08,18.98,33.27,15.34,79.1
2023-08-18,Ludhiana,Punjab,30.901,75.8573,28.99,21.5,37.28,10.44,74.3
2023-08-18,Agra,Uttar Pradesh,27.1767,78.0081,31.41,26.87,39.52,3.71,64.6
2023-08-19,Nashik,Maharashtra,19.9975,73.7898,27.95,21.81,35.86,4.41,80.2
2023-08-19,Pune,Maharashtra,18.5204,73.8567,27.78,23.03,32.97,0.0,84.6
2023-08-19,Hubballi,Karnataka,15.3647,75.124,27.71,22.05,34.08,31.42,70.5
2023-08-19,Kolar,Karnataka,13.1367,78.1292,27.42,22.25,35.45,27.03,71.7
2023-08-19,Ludhiana,Punjab,30.901,75.8573,26.43,18.93,33.73,6.16,71.7
2023-08-19,Agra,Uttar Pradesh,27.1767,78.0081,28.95,21.55,33.42,5.53,73.8
2023-08-20,Nashik,Maharashtra,19.9975,73.7898,28.59,21.93,36.15,10.9,81.1
2023-08-20,Pune,Maharashtra,18.5204,73.8567,30.52,25.03,36.43,0.0,75.9
2023-08-20,Hubballi,Karnataka,15.3647,75.124,26.55,20.26,31.37,9.65,81.9
2023-08-20,Kolar,Karnataka,13.1367,78.1292,26.72,22.29,32.68,0.0,87.2
2023-08-20,Ludhiana,Punjab,30.901,75.8573,27.49,20.89,32.22,11.31,76.8
2023-08-20,Agra,Uttar Pradesh,27.1767,78.0081,26.22,20.36,30.94,0.0,67.3
2023-08-21,Nashik,Maharashtra,19.9975,73.7898,28.24,23.42,32.41,47.25,80.6
2023-08-21,Pune,Maharashtra,18.5204,73.8567,28.1,20.84,35.01,5.35,79.5
2023-08-21,Hubballi,Karnataka,15.3647,75.124,28.42,23.08,34.3,6.85,75.1
2023-08-21,Kolar,Karnataka,13.1367,78.1292,28.14,22.61,32.74,19.71,78.2
2023-08-21,Ludhiana,Punjab,30.901,75.8573,29.14,24.05,36.85,0.24,75.7
2023-08-21,Agra,Uttar Pradesh,27.1767,78.0081,29.04,24.38,36.3,0.0,64.9
2023-08-22,Nashik,Maharashtra,19.9975,73.7898,27.53,22.94,31.82,68.62,78.6
2023-08-22,Pune,Maharashtra,18.5204,73.8567,29.35,22.55,34.64,0.0,85.6
2023-08-22,Hubballi,Karnataka,15.3647,75.124,29.84,23.2,36.67,32.34,75.4
2023-08-22,Kolar,Karnataka,13.1367,78.1292,25.06,19.59,32.28,4.7,80.7
2023-08-22,Ludhiana,Punjab,30.901,75.8573,27.51,22.24,35.41,40.72,74.7
2023-08-22,Agra,Uttar Pradesh,27.1767,78.0081,31.11,23.68,35.35,0.04,74.8
2023-08-23,Nashik,Maharashtra,19.9975,73.7898,29.06,21.76,37.19,0.0,78.1
2023-08-23,Pune,Maharashtra,18.5204,73.8567,29.06,24.08,34.25,21.88,82.0
2023-08-23,Hubballi,Karnataka,15.3647,75.124,29.21,24.89,36.65,6.65,84.2
2023-08-23,Kolar,Karnataka,13.1367,78.1292,24.99,18.36,31.77,27.55,80.3
2023-08-23,Ludhiana,Punjab,30.901,75.8573,26.47,22.18,31.03,15.9,66.9
2023-08-23,Agra,Uttar Pradesh,27.1767,78.0081,29.69,22.86,34.79,8.11,72.0
2023-08-24,Nashik,Maharashtra,19.9975,73.7898,27.93,21.51,36.01,84.63,72.4
2023-08-24,Pune,Maharashtra,18.5204,73.8567,29.24,23.52,36.21,7.12,78.8
2023-08-24,Hubballi,Karnataka,15.3647,75.124,28.44,22.42,36.19,4.6,83.2
2023-08-24,Kolar,Karnataka,13.1367,78.1292,25.64,18.61,30.36,0.0,83.1
2023-08-24,Ludhiana,Punjab,30.901,75.8573,26.63,22.34,32.06,4.07,73.9
2023-08-24,Agra,Uttar Pradesh,27.1767,78.0081,29.43,25.04,36.51,0.0,65.9
2023-08-25,Nashik,Maharashtra,19.9975,73.7898,27.91,20.47,34.93,0.0,76.8
2023-08-25,Pune,Maharashtra,18.5204,73.8567,27.02,22.44,34.27,0.0,82.5
2023-08-25,Hubballi,Karnataka,15.3647,75.124,30.34,24.15,37.67,0.0,75.0
2023-08-25,Kolar,Karnataka,13.1367,78.1292,28.49,22.76,34.45,0.0,76.4
2023-08-25,Ludhiana,Punjab,30.901,75.8573,26.33,20.26,31.17,10.52,73.0
2023-08-25,Agra,Uttar Pradesh,27.1767,78.0081,29.61,22.92,35.07,4.4,73.0
2023-08-26,Nashik,Maharashtra,19.9975,73.7898,26.64,19.73,34.94,9.7,77.0
2023-08-26,Pune,Maharashtra,18.5204,73.8567,26.49,20.73,34.47,8.96,81.1
2023-08-26,Hubballi,Karnataka,15.3647,75.124,29.13,23.24,34.33,1.08,81.4
2023-08-26,Kolar,Karnataka,13.1367,78.1292,27.2,19.82,31.5,0.0,84.5
2023-08-26,Ludhiana,Punjab,30.901,75.8573,28.76,24.17,33.22,1.02,72.2
2023-08-26,Agra,Uttar Pradesh,27.1767,78.0081,29.19,24.67,35.84,0.0,65.5
2023-08-27,Nashik,Maharashtra,19.9975,73.7898,27.08,22.79,32.12,37.48,77.8
2023-08-27,Pune,Maharashtra,18.5204,73.8567,27.05,22.53,33.52,24.95,85.4
2023-08-27,Hubballi,Karnataka,15.3647,75.124,28.82,21.39,36.11,0.0,78.0
2023-08-27,Kolar,Karnataka,13.1367,78.1292,24.06,16.59,28.4,0.0,82.4
2023-08-27,Ludhiana,Punjab,30.901,75.8573,28.15,22.86,36.46,40.18,68.9
2023-08-27,Agra,Uttar Pradesh,27.1767,78.0081,29.85,23.06,37.15,39.95,71.4
2023-08-28,Nashik,Maharashtra,19.9975,73.7898,28.43,24.35,36.73,5.64,80.5
2023-08-28,Pune,Maharashtra,18.5204,73.8567,26.56,20.81,30.74,0.39,83.1
2023-08-28,Hubballi,Karnataka,15.3647,75.124,28.1,23.31,35.1,6.8,71.1
2023-08-28,Kolar,Karnataka,13.1367,78.1292,26.29,22.21,30.57,3.63,78.3
2023-08-28,Ludhiana,Punjab,30.901,75.8573,29.56,22.72,34.62,0.0,71.5
2023-08-28,Agra,Uttar Pradesh,27.1767,78.0081,28.98,21.82,33.89,9.22,66.0
2023-08-29,Nashik,Maharashtra,19.9975,73.7898,27.7,20.81,33.84,25.36,83.1
2023-08-29,Pune,Maharashtra,18.5204,73.8567,25.6,18.36,33.4,7.87,84.6
2023-08-29,Hubballi,Karnataka,15.3647,75.124,28.46,24.03,34.04,0.0,82.7
2023-08-29,Kolar,Karnataka,13.1367,78.1292,26.32,19.44,30.95,0.0,76.2
2023-08-29,Ludhiana,Punjab,30.901,75.8573,25.77,21.11,33.96,14.23,74.3
2023-08-29,Agra,Uttar Pradesh,27.1767,78.0081,28.09,23.81,33.82,0.0,72.4
2023-08-30,Nashik,Maharashtra,19.9975,73.7898,26.06,21.71,30.83,0.0,73.7
2023-08-30,Pune,Maharashtra,18.5204,73.8567,28.74,23.88,36.99,17.6,78.2
2023-08-30,Hubballi,Karnataka,15.3647,75.124,29.89,22.63,35.2,4.4,79.3
2023-08-30,Kolar,Karnataka,13.1367,78.1292,25.71,19.0,29.76,0.0,84.6
2023-08-30,Ludhiana,Punjab,30.901,75.8573,25.76,21.63,29.96,0.0,79.8
2023-08-30,Agra,Uttar Pradesh,27.1767,78.0081,27.31,20.34,34.53,21.91,72.4
2023-08-31,Nashik,Maharashtra,19.9975,73.7898,26.1,21.89,32.11,8.18,81.4
2023-08-31,Pune,Maharashtra,18.5204,73.8567,27.95,20.84,32.99,0.0,77.1
2023-08-31,Hubballi,Karnataka,15.3647,75.124,27.16,21.81,32.45,3.03,79.4
2023-08-31,Kolar,Karnataka,13.1367,78.1292,24.93,18.85,29.94,7.18,81.0
2023-08-31,Ludhiana,Punjab,30.901,75.8573,26.49,20.05,31.21,2.71,75.0
2023-08-31,Agra,Uttar Pradesh,27.1767,78.0081,26.01,18.97,31.74,0.0,71.5
2023-09-01,Nashik,Maharashtra,19.9975,73.7898,28.27,21.62,36.44,0.0,60.6
2023-09-01,Pune,Maharashtra,18.5204,73.8567,28.02,23.31,33.79,0.0,58.0
2023-09-01,Hubballi,Karnataka,15.3647,75.124,29.37,23.96,33.39,16.95,65.6
2023-09-01,Kolar,Karnataka,13.1367,78.1292,26.25,19.69,30.97,0.0,61.3
2023-09-01,Ludhiana,Punjab,30.901,75.8573,23.34,18.3,30.21,9.7,58.0
2023-09-01,Agra,Uttar Pradesh,27.1767,78.0081,29.37,22.18,36.62,22.19,48.5
2023-09-02,Nashik,Maharashtra,19.9975,73.7898,27.56,22.03,35.07,0.0,65.5
2023-09-02,Pune,Maharashtra,18.5204,73.8567,27.8,21.28,32.1,0.0,62.7
2023-09-02,Hubballi,Karnataka,15.3647,75.124,27.2,20.26,32.59,11.84,56.5
2023-09-02,Kolar,Karnataka,13.1367,78.1292,22.1,17.89,29.34,0.0,69.5
2023-09-02,Ludhiana,Punjab,30.901,75.8573,26.67,19.56,34.82,0.0,57.4
2023-09-02,Agra,Uttar Pradesh,27.1767,78.0081,28.41,21.1,34.61,0.0,55.3
2023-09-03,Nashik,Maharashtra,19.9975,73.7898,28.24,23.63,34.23,0.0,62.4
2023-09-03,Pune,Maharashtra,18.5204,73.8567,28.16,23.2,33.0,6.8,66.4
2023-09-03,Hubballi,Karnataka,15.3647,75.124,27.88,21.61,34.55,0.0,64.4
2023-09-03,Kolar,Karnataka,13.1367,78.1292,24.09,19.68,32.42,33.06,61.3
2023-09-03,Ludhiana,Punjab,30.901,75.8573,26.19,19.16,33.74,23.24,53.3
2023-09-03,Agra,Uttar Pradesh,27.1767,78.0081,26.49,19.88,33.16,0.0,55.7
2023-09-04,Nashik,Maharashtra,19.9975,73.7898,28.47,23.23,35.92,12.35,60.4
2023-09-04,Pune,Maharashtra,18.5204,73.8567,28.3,23.38,33.14,0.77,70.1
2023-09-04,Hubballi,Karnataka,15.3647,75.124,27.05,19.58,31.32,0.0,67.0
2023-09-04,Kolar,Karnataka,13.1367,78.1292,25.29,17.84,32.53,56.03,66.8
2023-09-04,Ludhiana,Punjab,30.901,75.8573,25.61,18.74,31.52,4.31,61.7
2023-09-04,Agra,Uttar Pradesh,27.1767,78.0081,28.2,21.95,33.06,26.38,46.9
2023-09-05,Nashik,Maharashtra,19.9975,73.7898,27.78,20.48,32.66,0.0,63.0
2023-09-05,Pune,Maharashtra,18.5204,73.8567,26.81,20.41,31.59,0.0,59.1
2023-09-05,Hubballi,Karnataka,15.3647,75.124,26.86,20.47,33.39,0.0,58.3
2023-09-05,Kolar,Karnataka,13.1367,78.1292,24.04,18.08,28.91,9.12,65.5
2023-09-05,Ludhiana,Punjab,30.901,75.8573,24.88,20.76,32.33,0.0,55.6
2023-09-05,Agra,Uttar Pradesh,27.1767,78.0081,28.61,22.25,34.8,0.0,47.9
2023-09-06,Nashik,Maharashtra,19.9975,73.7898,27.48,20.96,35.59,1.95,66.6
2023-09-06,Pune,Maharashtra,18.5204,73.8567,26.1,20.03,34.02,55.4,66.8
2023-09-06,Hubballi,Karnataka,15.3647,75.124,28.6,24.59,33.02,42.44,67.8
2023-09-06,Kolar,Karnataka,13.1367,78.1292,24.48,18.07,28.76,0.0,59.7
2023-09-06,Ludhiana,Punjab,30.901,75.8573,27.02,20.24,31.29,13.39,55.2
2023-09-06,Agra,Uttar Pradesh,27.1767,78.0081,28.68,21.63,34.93,0.0,60.5
2023-09-07,Nashik,Maharashtra,19.9975,73.7898,26.39,21.3,32.62,0.0,66.0
2023-09-07,Pune,Maharashtra,18.5204,73.8567,25.49,20.38,29.96,0.0,63.0
2023-09-07,Hubballi,Karnataka,15.3647,75.124,26.33,21.37,34.38,0.0,62.8
2023-09-07,Kolar,Karnataka,13.1367,78.1292,24.67,18.37,31.9,0.0,63.2
2023-09-07,Ludhiana,Punjab,30.901,75.8573,26.26,21.37,30.73,34.73,52.2
2023-09-07,Agra,Uttar Pradesh,27.1767,78.0081,28.03,22.23,34.69,0.0,56.4
2023-09-08,Nashik,Maharashtra,19.9975,73.7898,27.13,20.82,32.01,0.0,56.4
2023-09-08,Pune,Maharashtra,18.5204,73.8567,26.3,21.49,32.05,0.0,55.2
2023-09-08,Hubballi,Karnataka,15.3647,75.124,29.72,23.1,37.63,0.0,56.3
2023-09-08,Kolar,Karnataka,13.1367,78.1292,25.04,20.43,31.82,4.39,59.4
2023-09-08,Ludhiana,Punjab,30.901,75.8573,24.49,18.73,28.96,0.0,55.1
2023-09-08,Agra,Uttar Pradesh,27.1767,78.0081,28.12,20.8,34.31,9.74,54.8
2023-09-09,Nashik,Maharashtra,19.9975,73.7898,27.5,21.47,35.13,32.54,65.3
2023-09-09,Pune,Maharashtra,18.5204,73.8567,25.89,18.66,33.81,0.0,61.1
2023-09-09,Hubballi,Karnataka,15.3647,75.124,28.69,21.4,34.34,34.04,59.8
2023-09-09,Kolar,Karnataka,13.1367,78.1292,25.33,18.29,31.38,15.64,65.9
2023-09-09,Ludhiana,Punjab,30.901,75.8573,25.38,19.19,31.15,0.0,57.9
2023-09-09,Agra,Uttar Pradesh,27.1767,78.0081,29.48,24.8,33.57,0.0,53.0
2023-09-10,Nashik,Maharashtra,19.9975,73.7898,25.31,18.26,33.15,30.35,64.7
2023-09-10,Pune,Maharashtra,18.5204,73.8567,28.29,22.73,32.49,2.09,66.9
2023-09-10,Hubballi,Karnataka,15.3647,75.124,28.12,22.81,36.44,0.0,57.0
2023-09-10,Kolar,Karnataka,13.1367,78.1292,26.52,21.24,32.82,0.0,58.1
2023-09-10,Ludhiana,Punjab,30.901,75.8573,24.25,17.3,31.11,9.46,48.8
2023-09-10,Agra,Uttar Pradesh,27.1767,78.0081,28.57,22.06,36.34,0.0,53.7
2023-09-11,Nashik,Maharashtra,19.9975,73.7898,26.23,18.78,33.91,0.0,64.7
2023-09-11,Pune,Maharashtra,18.5204,73.8567,25.62,20.83,31.69,30.67,60.3
2023-09-11,Hubballi,Karnataka,15.3647,75.124,27.01,21.75,35.32,0.0,60.6
2023-09-11,Kolar,Karnataka,13.1367,78.1292,24.44,18.31,30.91,0.0,63.8
2023-09-11,Ludhiana,Punjab,30.901,75.8573,25.72,21.01,32.57,5.73,58.0
2023-09-11,Agra,Uttar Pradesh,27.1767,78.0081,26.43,20.62,33.93,0.0,54.1
2023-09-12,Nashik,Maharashtra,19.9975,73.7898,26.14,19.8,33.57,23.61,67.8
2023-09-12,Pune,Maharashtra,18.5204,73.8567,27.24,21.25,34.4,46.17,62.0
2023-09-12,Hubballi,Karnataka,15.3647,75.124,24.34,18.12,31.33,0.0,60.3
2023-09-12,Kolar,Karnataka,13.1367,78.1292,25.31,19.49,32.44,0.0,68.6
2023-09-12,Ludhiana,Punjab,30.901,75.8573,24.45,18.79,32.16,29.16,57.5
2023-09-12,Agra,Uttar Pradesh,27.1767,78.0081,25.67,20.14,30.2,3.53,50.4
2023-09-13,Nashik,Maharashtra,19.9975,73.7898,24.52,19.37,31.03,41.46,61.5
2023-09-13,Pune,Maharashtra,18.5204,73.8567,25.39,19.3,33.35,0.0,58.2
2023-09-13,Hubballi,Karnataka,15.3647,75.124,27.35,21.67,31.78,11.94,52.3
2023-09-13,Kolar,Karnataka,13.1367,78.1292,26.02,19.9,31.86,0.0,63.1
2023-09-13,Ludhiana,Punjab,30.901,75.8573,27.16,22.11,34.98,0.0,58.4
2023-09-13,Agra,Uttar Pradesh,27.1767,78.0081,26.25,21.25,31.5,0.0,51.6
2023-09-14,Nashik,Maharashtra,19.9975,73.7898,26.94,20.49,33.76,6.23,61.4
2023-09-14,Pune,Maharashtra,18.5204,73.8567,26.17,19.12,34.37,0.0,60.8
2023-09-14,Hubballi,Karnataka,15.3647,75.124,27.0,20.64,35.49,39.9,54.0
2023-09-14,Kolar,Karnataka,13.1367,78.1292,24.89,20.34,29.8,0.0,63.5
2023-09-14,Ludhiana,Punjab,30.901,75.8573,24.02,19.25,29.72,0.0,57.2
2023-09-14,Agra,Uttar Pradesh,27.1767,78.0081,27.67,22.43,33.19,30.24,56.0
2023-09-15,Nashik,Maharashtra,19.9975,73.7898,25.87,20.17,33.19,0.38,65.4
2023-09-15,Pune,Maharashtra,18.5204,73.8567,24.89,17.96,31.02,0.0,60.8
2023-09-15,Hubballi,Karnataka,15.3647,75.124,25.03,18.85,31.6,11.55,58.9
2023-09-15,Kolar,Karnataka,13.1367,78.1292,24.66,19.86,33.08,0.0,65.7
2023-09-15,Ludhiana,Punjab,30.901,75.8573,22.64,18.28,27.54,0.0,54.3
2023-09-15,Agra,Uttar Pradesh,27.1767,78.0081,27.02,21.49,32.18,0.0,65.0
2023-09-16,Nashik,Maharashtra,19.9975,73.7898,24.43,16.96,31.96,0.0,60.3
2023-09-16,Pune,Maharashtra,18.5204,73.8567,23.93,19.92,30.95,7.08,62.6
2023-09-16,Hubballi,Karnataka,15.3647,75.124,27.83,21.26,32.12,21.79,60.6
2023-09-16,Kolar,Karnataka,13.1367,78.1292,22.88,17.77,29.72,2.54,70.9
2023-09-16,Ludhiana,Punjab,30.901,75.8573,22.68,15.36,27.9,0.0,52.9
2023-09-16,Agra,Uttar Pradesh,27.1767,78.0081,24.86,17.63,29.88,0.0,62.0
2023-09-17,Nashik,Maharashtra,19.9975,73.7898,27.29,23.16,32.93,22.68,58.0
2023-09-17,Pune,Maharashtra,18.5204,73.8567,24.6,18.84,29.36,0.0,61.6
2023-09-17,Hubballi,Karnataka,15.3647,75.124,26.43,19.9,33.88,0.0,60.3
2023-09-17,Kolar,Karnataka,13.1367,78.1292,23.14,17.93,27.65,16.19,65.7
2023-09-17,Ludhiana,Punjab,30.901,75.8573,24.06,18.21,29.02,42.81,55.6
2023-09-17,Agra,Uttar Pradesh,27.1767,78.0081,26.83,21.02,33.27,12.86,48.0
2023-09-18,Nashik,Maharashtra,19.9975,73.7898,27.42,23.19,32.23,64.4,64.3
2023-09-18,Pune,Maharashtra,18.5204,73.8567,24.82,19.04,33.31,0.0,65.9
2023-09-18,Hubballi,Karnataka,15.3647,75.124,26.46,20.19,31.46,0.0,55.9
2023-09-18,Kolar,Karnataka,13.1367,78.1292,26.16,19.19,31.24,0.64,63.5
2023-09-18,Ludhiana,Punjab,30.901,75.8573,22.11,18.05,26.83,0.0,58.3
2023-09-18,Agra,Uttar Pradesh,27.1767,78.0081,23.99,16.67,28.05,11.62,52.7
2023-09-19,Nashik,Maharashtra,19.9975,73.7898,26.64,21.28,32.74,0.0,58.2
2023-09-19,Pune,Maharashtra,18.5204,73.8567,24.35,18.09,32.12,0.0,70.8
2023-09-19,Hubballi,Karnataka,15.3647,75.124,26.72,21.69,32.69,0.0,50.4
2023-09-19,Kolar,Karnataka,13.1367,78.1292,24.49,19.58,31.68,4.89,65.5
2023-09-19,Ludhiana,Punjab,30.901,75.8573,24.31,18.34,29.38,0.0,56.5
2023-09-19,Agra,Uttar Pradesh,27.1767,78.0081,25.64,18.26,32.59,0.0,53.3
2023-09-20,Nashik,Maharashtra,19.9975,73.7898,25.36,18.56,30.2,0.0,60.0
2023-09-20,Pune,Maharashtra,18.5204,73.8567,24.93,19.37,32.05,2.81,55.7
2023-09-20,Hubballi,Karnataka,15.3647,75.124,25.87,19.56,32.21,0.0,58.7
2023-09-20,Kolar,Karnataka,13.1367,78.1292,23.38,19.27,29.19,8.52,60.2
2023-09-20,Ludhiana,Punjab,30.901,75.8573,24.35,19.65,28.71,0.0,56.2
2023-09-20,Agra,Uttar Pradesh,27.1767,78.0081,24.35,18.62,29.35,0.0,58.2
2023-09-21,Nashik,Maharashtra,19.9975,73.7898,25.99,20.22,34.2,0.0,65.7
2023-09-21,Pune,Maharashtra,18.5204,73.8567,26.81,20.21,33.14,0.0,61.3
2023-09-21,Hubballi,Karnataka,15.3647,75.124,25.28,21.14,33.43,0.0,61.9
2023-09-21,Kolar,Karnataka,13.1367,78.1292,24.18,20.14,28.54,12.3,68.1
2023-09-21,Ludhiana,Punjab,30.901,75.8573,23.28,15.94,30.53,0.0,56.3
2023-09-21,Agra,Uttar Pradesh,27.1767,78.0081,25.88,20.69,33.79,29.35,56.5
2023-09-22,Nashik,Maharashtra,19.9975,73.7898,24.76,19.88,31.28,6.24,59.9
2023-09-22,Pune,Maharashtra,18.5204,73.8567,26.2,21.1,31.42,9.89,67.6
2023-09-22,Hubballi,Karnataka,15.3647,75.124,25.54,19.24,31.76,9.15,62.4
2023-09-22,Kolar,Karnataka,13.1367,78.1292,24.0,17.85,28.1,0.0,62.8
2023-09-22,Ludhiana,Punjab,30.901,75.8573,22.74,18.58,26.79,8.87,59.6
2023-09-22,Agra,Uttar Pradesh,27.1767,78.0081,26.3,20.19,34.74,0.0,51.9
2023-09-23,Nashik,Maharashtra,19.9975,73.7898,26.25,20.17,34.36,0.0,63.4
2023-09-23,Pune,Maharashtra,18.5204,73.8567,26.02,19.94,33.64,0.0,64.3
2023-09-23,Hubballi,Karnataka,15.3647,75.124,25.02,20.26,31.63,0.0,61.5
2023-09-23,Kolar,Karnataka,13.1367,78.1292,26.06,19.9,31.65,20.73,59.7
2023-09-23,Ludhiana,Punjab,30.901,75.8573,25.49,21.26,30.3,14.41,55.2
2023-09-23,Agra,Uttar Pradesh,27.1767,78.0081,25.71,20.52,31.27,6.12,47.9
2023-09-24,Nashik,Maharashtra,19.9975,73.7898,24.34,17.97,32.65,0.0,65.7
2023-09-24,Pune,Maharashtra,18.5204,73.8567,23.84,19.35,27.89,0.0,58.9
2023-09-24,Hubballi,Karnataka,15.3647,75.124,26.8,20.36,31.56,14.1,62.4
2023-09-24,Kolar,Karnataka,13.1367,78.1292,20.52,15.88,25.62,0.0,61.4
2023-09-24,Ludhiana,Punjab,30.901,75.8573,23.3,16.68,27.68,2.11,52.3
2023-09-24,Agra,Uttar Pradesh,27.1767,78.0081,23.54,17.41,31.4,18.02,57.5
2023-09-25,Nashik,Maharashtra,19.9975,73.7898,23.81,16.56,28.13,8.32,60.2
2023-09-25,Pune,Maharashtra,18.5204,73.8567,23.31,18.78,31.08,9.03,70.9
2023-09-25,Hubballi,Karnataka,15.3647,75.124,25.27,18.14,29.78,5.83,59.4
2023-09-25,Kolar,Karnataka,13.1367,78.1292,24.4,18.84,32.14,31.11,66.1
2023-09-25,Ludhiana,Punjab,30.901,75.8573,22.51,18.16,29.46,7.47,55.3
2023-09-25,Agra,Uttar Pradesh,27.1767,78.0081,23.73,16.78,28.68,0.0,46.4
2023-09-26,Nashik,Maharashtra,19.9975,73.7898,25.88,18.7,33.62,0.0,63.0
2023-09-26,Pune,Maharashtra,18.5204,73.8567,25.34,20.94,32.82,0.0,77.3
2023-09-26,Hubballi,Karnataka,15.3647,75.124,26.96,20.33,31.55,91.61,57.2
2023-09-26,Kolar,Karnataka,13.1367,78.1292,24.9,20.87,29.16,76.35,64.9
2023-09-26,Ludhiana,Punjab,30.901,75.8573,21.03,15.22,27.44,0.0,47.0
2023-09-26,Agra,Uttar Pradesh,27.1767,78.0081,23.34,16.29,27.88,5.64,55.3
2023-09-27,Nashik,Maharashtra,19.9975,73.7898,24.26,19.61,32.56,0.0,60.7
2023-09-27,Pune,Maharashtra,18.5204,73.8567,20.76,15.82,25.31,27.06,66.5
2023-09-27,Hubballi,Karnataka,15.3647,75.124,25.74,18.49,29.89,2.15,66.6
2023-09-27,Kolar,Karnataka,13.1367,78.1292,22.28,17.1,30.53,0.0,68.4
2023-09-27,Ludhiana,Punjab,30.901,75.8573,22.39,18.02,26.68,0.0,51.9
2023-09-27,Agra,Uttar Pradesh,27.1767,78.0081,25.37,19.09,32.56,31.11,42.5
2023-09-28,Nashik,Maharashtra,19.9975,73.7898,24.65,18.45,29.38,0.0,64.8
2023-09-28,Pune,Maharashtra,18.5204,73.8567,23.96,19.58,29.37,0.0,64.4
2023-09-28,Hubballi,Karnataka,15.3647,75.124,26.61,21.63,33.74,0.0,64.6
2023-09-28,Kolar,Karnataka,13.1367,78.1292,24.12,20.1,28.94,0.99,52.9
2023-09-28,Ludhiana,Punjab,30.901,75.8573,21.08,16.62,28.52,0.0,59.9
2023-09-28,Agra,Uttar Pradesh,27.1767,78.0081,23.49,16.65,28.76,0.0,49.6
2023-09-29,Nashik,Maharashtra,19.9975,73.7898,25.02,18.31,31.67,15.15,55.8
2023-09-29,Pune,Maharashtra,18.5204,73.8567,24.85,18.44,29.96,0.0,59.9
2023-09-29,Hubballi,Karnataka,15.3647,75.124,25.63,20.4,30.97,9.51,60.5
2023-09-29,Kolar,Karnataka,13.1367,78.1292,26.84,22.7,33.06,0.0,67.8
2023-09-29,Ludhiana,Punjab,30.901,75.8573,24.61,18.81,31.86,0.0,60.6
2023-09-29,Agra,Uttar Pradesh,27.1767,78.0081,26.01,20.25,31.16,0.0,51.0
2023-09-30,Nashik,Maharashtra,19.9975,73.7898,23.33,16.7,29.46,20.21,63.1
2023-09-30,Pune,Maharashtra,18.5204,73.8567,21.95,17.66,29.93,0.0,62.2
2023-09-30,Hubballi,Karnataka,15.3647,75.124,26.98,22.9,31.79,0.0,60.9
2023-09-30,Kolar,Karnataka,13.1367,78.1292,24.88,18.79,29.89,0.0,69.4
2023-09-30,Ludhiana,Punjab,30.901,75.8573,22.22,16.85,27.87,0.0,51.9
2023-09-30,Agra,Uttar Pradesh,27.1767,78.0081,24.2,19.63,28.51,5.39,49.0
2023-10-01,Nashik,Maharashtra,19.9975,73.7898,24.35,19.22,31.76,0.0,65.3
2023-10-01,Pune,Maharashtra,18.5204,73.8567,23.63,18.57,29.0,0.0,67.3
2023-10-01,Hubballi,Karnataka,15.3647,75.124,26.39,20.86,34.16,0.0,67.9
2023-10-01,Kolar,Karnataka,13.1367,78.1292,24.22,18.9,28.83,0.0,63.1
2023-10-01,Ludhiana,Punjab,30.901,75.8573,22.02,17.54,29.01,0.0,54.7
2023-10-01,Agra,Uttar Pradesh,27.1767,78.0081,24.04,17.32,31.37,0.0,52.6
2023-10-02,Nashik,Maharashtra,19.9975,73.7898,22.35,17.65,27.47,10.1,60.5
2023-10-02,Pune,Maharashtra,18.5204,73.8567,25.51,18.35,32.74,0.0,54.4
2023-10-02,Hubballi,Karnataka,15.3647,75.124,25.83,18.49,32.75,0.0,64.6
2023-10-02,Kolar,Karnataka,13.1367,78.1292,25.23,18.16,30.96,0.0,64.6
2023-10-02,Ludhiana,Punjab,30.901,75.8573,24.29,17.71,30.89,6.8,52.1
2023-10-02,Agra,Uttar Pradesh,27.1767,78.0081,25.02,19.35,30.12,0.0,55.4
2023-10-03,Nashik,Maharashtra,19.9975,73.7898,23.31,18.48,28.7,0.0,66.8
2023-10-03,Pune,Maharashtra,18.5204,73.8567,24.11,18.07,32.37,0.0,70.2
2023-10-03,Hubballi,Karnataka,15.3647,75.124,26.73,22.62,34.91,0.0,60.3
2023-10-03,Kolar,Karnataka,13.1367,78.1292,24.22,17.06,31.05,0.0,60.5
2023-10-03,Ludhiana,Punjab,30.901,75.8573,19.51,15.5,27.87,0.0,57.8
2023-10-03,Agra,Uttar Pradesh,27.1767,78.0081,22.62,17.75,28.81,0.0,55.3
2023-10-04,Nashik,Maharashtra,19.9975,73.7898,22.55,17.03,27.46,1.16,63.6
2023-10-04,Pune,Maharashtra,18.5204,73.8567,21.86,17.53,27.08,0.0,62.9
2023-10-04,Hubballi,Karnataka,15.3647,75.124,26.13,21.69,32.76,0.0,59.8
2023-10-04,Kolar,Karnataka,13.1367,78.1292,24.35,18.96,32.71,0.0,66.5
2023-10-04,Ludhiana,Punjab,30.901,75.8573,22.18,17.74,27.88,0.0,56.5
2023-10-04,Agra,Uttar Pradesh,27.1767,78.0081,24.4,18.81,30.62,0.0,51.2
2023-10-05,Nashik,Maharashtra,19.9975,73.7898,23.02,18.45,28.15,0.0,62.1
2023-10-05,Pune,Maharashtra,18.5204,73.8567,25.59,19.26,30.22,0.0,63.3
2023-10-05,Hubballi,Karnataka,15.3647,75.124,25.24,18.56,29.58,0.0,51.2
2023-10-05,Kolar,Karnataka,13.1367,78.1292,22.59,15.2,27.0,0.0,63.2
2023-10-05,Ludhiana,Punjab,30.901,75.8573,19.33,13.19,26.74,0.0,54.9
2023-10-05,Agra,Uttar Pradesh,27.1767,78.0081,22.22,16.03,29.0,0.0,54.2
2023-10-06,Nashik,Maharashtra,19.9975,73.7898,24.81,18.25,32.5,0.0,55.5
2023-10-06,Pune,Maharashtra,18.5204,73.8567,25.26,20.74,32.56,0.0,72.9
2023-10-06,Hubballi,Karnataka,15.3647,75.124,25.05,19.46,31.44,0.0,60.1
2023-10-06,Kolar,Karnataka,13.1367,78.1292,25.53,20.9,34.0,0.0,56.7
2023-10-06,Ludhiana,Punjab,30.901,75.8573,21.03,16.01,26.29,0.0,58.8
2023-10-06,Agra,Uttar Pradesh,27.1767,78.0081,21.82,17.29,28.36,0.0,50.6
2023-10-07,Nashik,Maharashtra,19.9975,73.7898,23.2,16.18,29.53,0.0,64.0
2023-10-07,Pune,Maharashtra,18.5204,73.8567,22.97,18.7,28.68,0.0,70.9
2023-10-07,Hubballi,Karnataka,15.3647,75.124,24.37,19.79,28.39,0.0,58.3
2023-10-07,Kolar,Karnataka,13.1367,78.1292,21.71,15.38,28.34,0.0,61.2
2023-10-07,Ludhiana,Punjab,30.901,75.8573,19.38,14.31,27.36,6.27,56.4
2023-10-07,Agra,Uttar Pradesh,27.1767,78.0081,21.46,14.91,27.23,0.0,50.3
2023-10-08,Nashik,Maharashtra,19.9975,73.7898,26.27,18.88,33.17,0.0,68.7
2023-10-08,Pune,Maharashtra,18.5204,73.8567,24.07,19.5,28.92,0.0,63.5
2023-10-08,Hubballi,Karnataka,15.3647,75.124,24.77,18.99,29.95,0.0,63.5
2023-10-08,Kolar,Karnataka,13.1367,78.1292,24.89,17.46,32.34,0.0,61.3
2023-10-08,Ludhiana,Punjab,30.901,75.8573,20.19,14.2,24.42,0.0,53.3
2023-10-08,Agra,Uttar Pradesh,27.1767,78.0081,20.72,15.98,29.21,0.0,55.2
2023-10-09,Nashik,Maharashtra,19.9975,73.7898,22.93,16.09,28.55,0.0,59.2
2023-10-09,Pune,Maharashtra,18.5204,73.8567,20.05,14.83,24.62,0.0,59.5
2023-10-09,Hubballi,Karnataka,15.3647,75.124,23.38,16.79,28.22,0.0,46.4
2023-10-09,Kolar,Karnataka,13.1367,78.1292,20.09,13.62,25.66,0.0,64.8
2023-10-09,Ludhiana,Punjab,30.901,75.8573,22.28,16.44,30.27,0.0,57.0
2023-10-09,Agra,Uttar Pradesh,27.1767,78.0081,21.5,16.89,27.35,0.0,52.3
2023-10-10,Nashik,Maharashtra,19.9975,73.7898,23.11,16.42,28.4,0.0,62.7
2023-10-10,Pune,Maharashtra,18.5204,73.8567,23.3,16.19,28.61,0.0,64.4
2023-10-10,Hubballi,Karnataka,15.3647,75.124,25.13,18.21,31.49,0.0,61.0
2023-10-10,Kolar,Karnataka,13.1367,78.1292,23.74,18.87,31.37,0.0,69.6
2023-10-10,Ludhiana,Punjab,30.901,75.8573,19.74,13.24,27.33,1.17,54.5
2023-10-10,Agra,Uttar Pradesh,27.1767,78.0081,20.82,15.41,24.89,0.0,56.4
2023-10-11,Nashik,Maharashtra,19.9975,73.7898,24.52,20.41,32.05,0.0,66.4
2023-10-11,Pune,Maharashtra,18.5204,73.8567,25.21,20.61,29.71,0.0,62.5
2023-10-11,Hubballi,Karnataka,15.3647,75.124,26.13,21.51,32.72,0.0,58.2
2023-10-11,Kolar,Karnataka,13.1367,78.1292,22.74,17.63,31.14,0.0,69.0
2023-10-11,Ludhiana,Punjab,30.901,75.8573,19.22,14.9,27.22,0.0,55.3
2023-10-11,Agra,Uttar Pradesh,27.1767,78.0081,22.1,17.5,30.15,0.0,43.3
2023-10-12,Nashik,Maharashtra,19.9975,73.7898,24.21,17.93,28.77,0.0,54.4
2023-10-12,Pune,Maharashtra,18.5204,73.8567,24.58,18.03,30.22,0.0,55.4
2023-10-12,Hubballi,Karnataka,15.3647,75.124,25.06,18.42,29.56,0.0,58.8
2023-10-12,Kolar,Karnataka,13.1367,78.1292,24.36,19.01,32.02,0.0,65.8
2023-10-12,Ludhiana,Punjab,30.901,75.8573,18.65,14.35,24.46,0.0,59.3
2023-10-12,Agra,Uttar Pradesh,27.1767,78.0081,22.34,16.14,28.48,0.0,54.7
2023-10-13,Nashik,Maharashtra,19.9975,73.7898,22.72,16.44,28.79,0.0,61.9
2023-10-13,Pune,Maharashtra,18.5204,73.8567,23.88,16.42,31.04,0.0,56.2
2023-10-13,Hubballi,Karnataka,15.3647,75.124,24.96,20.96,30.14,0.0,60.4
2023-10-13,Kolar,Karnataka,13.1367,78.1292,21.94,14.47,29.14,0.0,71.5
2023-10-13,Ludhiana,Punjab,30.901,75.8573,18.23,13.23,23.76,0.0,51.3
2023-10-13,Agra,Uttar Pradesh,27.1767,78.0081,22.61,16.59,30.53,0.0,53.2
2023-10-14,Nashik,Maharashtra,19.9975,73.7898,21.32,14.0,26.47,0.0,62.1
2023-10-14,Pune,Maharashtra,18.5204,73.8567,22.44,16.02,28.74,0.0,66.1
2023-10-14,Hubballi,Karnataka,15.3647,75.124,25.49,21.28,33.03,0.0,64.9
2023-10-14,Kolar,Karnataka,13.1367,78.1292,21.89,17.82,27.05,0.0,66.2
2023-10-14,Ludhiana,Punjab,30.901,75.8573,19.66,13.57,27.86,0.0,52.7
2023-10-14,Agra,Uttar Pradesh,27.1767,78.0081,17.9,13.54,22.04,0.0,42.5
2023-10-15,Nashik,Maharashtra,19.9975,73.7898,23.64,19.25,30.05,0.0,55.2
2023-10-15,Pune,Maharashtra,18.5204,73.8567,24.53,18.23,32.92,0.0,67.3
2023-10-15,Hubballi,Karnataka,15.3647,75.124,27.32,21.17,35.72,0.0,62.1
2023-10-15,Kolar,Karnataka,13.1367,78.1292,22.59,17.85,29.38,0.0,60.3
2023-10-15,Ludhiana,Punjab,30.901,75.8573,22.13,15.8,29.63,0.0,59.2
2023-10-15,Agra,Uttar Pradesh,27.1767,78.0081,22.34,17.97,30.76,0.0,47.9
2023-10-16,Nashik,Maharashtra,19.9975,73.7898,23.4,17.19,30.7,0.0,68.3
2023-10-16,Pune,Maharashtra,18.5204,73.8567,23.79,18.02,31.67,0.0,62.0
2023-10-16,Hubballi,Karnataka,15.3647,75.124,26.86,22.46,33.62,0.0,56.1
2023-10-16,Kolar,Karnataka,13.1367,78.1292,22.4,15.8,29.82,0.0,63.9
2023-10-16,Ludhiana,Punjab,30.901,75.8573,21.67,16.17,25.97,0.0,59.1
2023-10-16,Agra,Uttar Pradesh,27.1767,78.0081,22.83,18.83,28.98,0.0,51.1
2023-10-17,Nashik,Maharashtra,19.9975,73.7898,22.54,17.47,28.11,0.0,67.1
2023-10-17,Pune,Maharashtra,18.5204,73.8567,24.02,19.89,30.34,0.0,63.2
2023-10-17,Hubballi,Karnataka,15.3647,75.124,24.71,18.15,29.37,0.0,59.4
2023-10-17,Kolar,Karnataka,13.1367,78.1292,25.5,21.07,30.72,0.0,63.6
2023-10-17,Ludhiana,Punjab,30.901,75.8573,20.43,15.08,25.43,0.0,57.7
2023-10-17,Agra,Uttar Pradesh,27.1767,78.0081,19.64,15.06,25.92,0.0,52.9
2023-10-18,Nashik,Maharashtra,19.9975,73.7898,21.92,16.23,28.4,0.0,63.2
2023-10-18,Pune,Maharashtra,18.5204,73.8567,24.08,17.16,31.54,0.0,60.1
2023-10-18,Hubballi,Karnataka,15.3647,75.124,25.47,19.11,33.07,0.0,67.2
2023-10-18,Kolar,Karnataka,13.1367,78.1292,22.16,15.57,28.6,0.0,57.8
2023-10-18,Ludhiana,Punjab,30.901,75.8573,21.0,16.23,25.2,0.0,61.6
2023-10-18,Agra,Uttar Pradesh,27.1767,78.0081,20.37,15.74,25.13,0.0,49.1
2023-10-19,Nashik,Maharashtra,19.9975,73.7898,23.52,18.68,28.56,0.0,55.9
2023-10-19,Pune,Maharashtra,18.5204,73.8567,24.42,19.17,29.91,0.0,73.6
2023-10-19,Hubballi,Karnataka,15.3647,75.124,25.5,20.53,33.53,0.0,61.4
2023-10-19,Kolar,Karnataka,13.1367,78.1292,21.1,16.11,27.47,0.0,64.6
2023-10-19,Ludhiana,Punjab,30.901,75.8573,18.13,12.12,22.71,0.0,54.6
2023-10-19,Agra,Uttar Pradesh,27.1767,78.0081,21.23,16.69,29.37,0.0,44.9
2023-10-20,Nashik,Maharashtra,19.9975,73.7898,23.63,18.26,29.44,0.0,63.5
2023-10-20,Pune,Maharashtra,18.5204,73.8567,23.21,18.04,29.67,0.0,64.7
2023-10-20,Hubballi,Karnataka,15.3647,75.124,24.15,19.01,31.62,0.0,52.3
2023-10-20,Kolar,Karnataka,13.1367,78.1292,21.07,15.87,26.82,0.0,61.3
2023-10-20,Ludhiana,Punjab,30.901,75.8573,17.56,10.55,23.85,0.0,57.2
2023-10-20,Agra,Uttar Pradesh,27.1767,78.0081,22.31,15.18,26.76,0.0,50.6
2023-10-21,Nashik,Maharashtra,19.9975,73.7898,22.12,17.62,26.94,0.0,66.2
2023-10-21,Pune,Maharashtra,18.5204,73.8567,20.78,15.93,29.17,0.0,64.1
2023-10-21,Hubballi,Karnataka,15.3647,75.124,23.3,17.93,27.87,0.0,55.1
2023-10-21,Kolar,Karnataka,13.1367,78.1292,21.36,16.08,25.54,12.71,64.8
2023-10-21,Ludhiana,Punjab,30.901,75.8573,18.0,13.92,24.6,0.0,53.9
2023-10-21,Agra,Uttar Pradesh,27.1767,78.0081,20.91,15.9,25.86,0.0,51.0
2023-10-22,Nashik,Maharashtra,19.9975,73.7898,22.54,17.82,30.13,0.0,68.9
2023-10-22,Pune,Maharashtra,18.5204,73.8567,21.96,15.31,29.45,0.0,65.7
2023-10-22,Hubballi,Karnataka,15.3647,75.124,22.74,17.23,28.85,0.0,61.5
2023-10-22,Kolar,Karnataka,13.1367,78.1292,21.49,16.74,27.77,1.17,62.6
2023-10-22,Ludhiana,Punjab,30.901,75.8573,18.1,13.3,24.22,0.0,58.6
2023-10-22,Agra,Uttar Pradesh,27.1767,78.0081,20.82,14.39,27.64,0.0,51.2
2023-10-23,Nashik,Maharashtra,19.9975,73.7898,21.86,17.55,28.84,0.0,57.4
2023-10-23,Pune,Maharashtra,18.5204,73.8567,20.5,14.51,28.23,0.0,66.2
2023-10-23,Hubballi,Karnataka,15.3647,75.124,24.48,18.26,30.02,0.0,61.7
2023-10-23,Kolar,Karnataka,13.1367,78.1292,21.25,15.57,26.19,0.0,64.0
2023-10-23,Ludhiana,Punjab,30.901,75.8573,17.9,11.28,25.5,0.0,57.6
2023-10-23,Agra,Uttar Pradesh,27.1767,78.0081,19.43,12.1,24.4,0.0,48.8
2023-10-24,Nashik,Maharashtra,19.9975,73.7898,22.11,14.67,26.68,0.0,60.2
2023-10-24,Pune,Maharashtra,18.5204,73.8567,22.61,16.28,28.5,3.75,60.6
2023-10-24,Hubballi,Karnataka,15.3647,75.124,24.28,17.16,30.23,0.0,59.6
2023-10-24,Kolar,Karnataka,13.1367,78.1292,20.75,14.57,26.08,0.0,66.6
2023-10-24,Ludhiana,Punjab,30.901,75.8573,18.69,13.04,26.0,0.0,55.4
2023-10-24,Agra,Uttar Pradesh,27.1767,78.0081,21.76,17.63,26.47,0.0,49.2
2023-10-25,Nashik,Maharashtra,19.9975,73.7898,24.39,20.23,29.87,0.0,63.3
2023-10-25,Pune,Maharashtra,18.5204,73.8567,21.48,16.03,25.65,0.0,63.2
2023-10-25,Hubballi,Karnataka,15.3647,75.124,22.72,17.97,28.92,0.0,68.9
2023-10-25,Kolar,Karnataka,13.1367,78.1292,21.64,14.5,26.49,0.0,60.8
2023-10-25,Ludhiana,Punjab,30.901,75.8573,18.45,13.43,25.45,1.39,57.0
2023-10-25,Agra,Uttar Pradesh,27.1767,78.0081,20.33,14.08,24.47,0.0,50.7
2023-10-26,Nashik,Maharashtra,19.9975,73.7898,20.17,15.17,26.63,0.0,63.8
2023-10-26,Pune,Maharashtra,18.5204,73.8567,22.52,15.81,27.4,0.0,67.1
2023-10-26,Hubballi,Karnataka,15.3647,75.124,26.58,19.56,31.46,0.0,61.8
2023-10-26,Kolar,Karnataka,13.1367,78.1292,21.55,16.87,26.47,0.0,61.0
2023-10-26,Ludhiana,Punjab,30.901,75.8573,17.86,13.51,23.53,0.0,55.6
2023-10-26,Agra,Uttar Pradesh,27.1767,78.0081,21.98,16.98,27.26,0.0,50.8
2023-10-27,Nashik,Maharashtra,19.9975,73.7898,24.02,17.34,31.84,0.36,58.9
2023-10-27,Pune,Maharashtra,18.5204,73.8567,20.94,16.41,28.41,0.0,71.3
2023-10-27,Hubballi,Karnataka,15.3647,75.124,22.67,15.49,28.26,0.0,49.0
2023-10-27,Kolar,Karnataka,13.1367,78.1292,21.1,14.6,29.45,0.0,61.5
2023-10-27,Ludhiana,Punjab,30.901,75.8573,20.75,14.6,26.6,0.0,57.1
2023-10-27,Agra,Uttar Pradesh,27.1767,78.0081,19.16,13.12,26.65,0.0,49.6
2023-10-28,Nashik,Maharashtra,19.9975,73.7898,22.75,15.42,30.91,0.0,68.3
2023-10-28,Pune,Maharashtra,18.5204,73.8567,21.62,14.21,26.59,0.0,63.3
2023-10-28,Hubballi,Karnataka,15.3647,75.124,24.18,17.04,29.87,5.84,67.4
2023-10-28,Kolar,Karnataka,13.1367,78.1292,23.04,18.44,28.12,0.0,60.9
2023-10-28,Ludhiana,Punjab,30.901,75.8573,17.54,10.79,22.98,0.0,48.2
2023-10-28,Agra,Uttar Pradesh,27.1767,78.0081,20.62,16.04,26.42,0.0,51.8
2023-10-29,Nashik,Maharashtra,19.9975,73.7898,20.73,16.49,25.89,0.0,60.4
2023-10-29,Pune,Maharashtra,18.5204,73.8567,20.65,15.44,26.32,0.0,65.8
2023-10-29,Hubballi,Karnataka,15.3647,75.124,24.77,19.39,30.91,0.0,62.6
2023-10-29,Kolar,Karnataka,13.1367,78.1292,20.45,14.18,26.51,0.0,67.2
2023-10-29,Ludhiana,Punjab,30.901,75.8573,16.55,11.39,23.28,0.0,57.2
2023-10-29,Agra,Uttar Pradesh,27.1767,78.0081,20.8,16.13,29.27,0.0,47.6
2023-10-30,Nashik,Maharashtra,19.9975,73.7898,21.19,16.29,28.17,0.0,74.2
2023-10-30,Pune,Maharashtra,18.5204,73.8567,22.68,16.69,27.48,0.0,64.0
2023-10-30,Hubballi,Karnataka,15.3647,75.124,23.4,19.21,30.28,0.0,64.6
2023-10-30,Kolar,Karnataka,13.1367,78.1292,22.95,18.79,31.27,0.0,64.4
2023-10-30,Ludhiana,Punjab,30.901,75.8573,16.87,10.73,23.72,0.0,58.1
2023-10-30,Agra,Uttar Pradesh,27.1767,78.0081,21.95,17.79,26.05,0.0,55.9
2023-10-31,Nashik,Maharashtra,19.9975,73.7898,19.77,12.51,24.02,0.0,66.1
2023-10-31,Pune,Maharashtra,18.5204,73.8567,20.06,13.32,24.66,0.0,66.2
2023-10-31,Hubballi,Karnataka,15.3647,75.124,23.09,18.12,27.85,0.0,60.1
2023-10-31,Kolar,Karnataka,13.1367,78.1292,22.55,18.2,28.72,0.0,62.7
2023-10-31,Ludhiana,Punjab,30.901,75.8573,17.06,12.12,23.21,0.0,58.6
2023-10-31,Agra,Uttar Pradesh,27.1767,78.0081,17.98,12.56,25.15,0.0,57.9
2023-11-01,Nashik,Maharashtra,19.9975,73.7898,21.24,15.67,25.82,0.0,51.9
2023-11-01,Pune,Maharashtra,18.5204,73.8567,21.4,16.07,28.7,0.0,68.1
2023-11-01,Hubballi,Karnataka,15.3647,75.124,22.86,16.81,28.3,0.0,69.4
2023-11-01,Kolar,Karnataka,13.1367,78.1292,22.1,15.47,26.66,0.0,59.5
2023-11-01,Ludhiana,Punjab,30.901,75.8573,18.12,12.79,26.51,0.0,57.3
2023-11-01,Agra,Uttar Pradesh,27.1767,78.0081,21.15,15.18,25.7,0.0,50.1
2023-11-02,Nashik,Maharashtra,19.9975,73.7898,22.39,17.03,30.83,0.0,60.9
2023-11-02,Pune,Maharashtra,18.5204,73.8567,20.42,15.08,25.19,0.0,61.8
2023-11-02,Hubballi,Karnataka,15.3647,75.124,23.83,18.0,28.54,0.0,58.2
2023-11-02,Kolar,Karnataka,13.1367,78.1292,22.97,17.82,31.22,0.0,54.9
2023-11-02,Ludhiana,Punjab,30.901,75.8573,17.67,12.88,23.53,0.0,52.3
2023-11-02,Agra,Uttar Pradesh,27.1767,78.0081,17.99,11.92,25.77,0.0,56.2
2023-11-03,Nashik,Maharashtra,19.9975,73.7898,21.64,16.59,29.35,0.0,61.7
2023-11-03,Pune,Maharashtra,18.5204,73.8567,18.43,11.95,24.65,0.0,67.6
2023-11-03,Hubballi,Karnataka,15.3647,75.124,23.02,15.66,30.56,0.0,68.0
2023-11-03,Kolar,Karnataka,13.1367,78.1292,20.78,15.79,26.53,8.43,68.3
2023-11-03,Ludhiana,Punjab,30.901,75.8573,19.68,14.66,27.37,0.0,49.1
2023-11-03,Agra,Uttar Pradesh,27.1767,78.0081,20.48,14.57,25.9,0.0,39.1
2023-11-04,Nashik,Maharashtra,19.9975,73.7898,23.72,18.09,28.61,0.0,63.9
2023-11-04,Pune,Maharashtra,18.5204,73.8567,20.7,14.27,26.19,0.0,65.0
2023-11-04,Hubballi,Karnataka,15.3647,75.124,23.71,16.27,29.98,0.0,63.7
2023-11-04,Kolar,Karnataka,13.1367,78.1292,21.12,15.6,29.39,0.0,63.2
2023-11-04,Ludhiana,Punjab,30.901,75.8573,18.64,13.32,25.28,0.0,50.4
2023-11-04,Agra,Uttar Pradesh,27.1767,78.0081,19.29,13.09,26.21,0.0,46.1
2023-11-05,Nashik,Maharashtra,19.9975,73.7898,21.19,17.06,29.48,0.0,57.9
2023-11-05,Pune,Maharashtra,18.5204,73.8567,20.51,15.57,25.07,0.0,65.5
2023-11-05,Hubballi,Karnataka,15.3647,75.124,24.78,17.42,29.66,0.0,65.3
2023-11-05,Kolar,Karnataka,13.1367,78.1292,20.73,16.49,27.95,0.0,63.0
2023-11-05,Ludhiana,Punjab,30.901,75.8573,17.75,10.86,25.0,0.0,47.7
2023-11-05,Agra,Uttar Pradesh,27.1767,78.0081,19.62,13.47,25.41,0.0,47.9
2023-11-06,Nashik,Maharashtra,19.9975,73.7898,24.64,17.76,29.91,0.0,56.7
2023-11-06,Pune,Maharashtra,18.5204,73.8567,21.69,17.29,28.66,0.0,60.6
2023-11-06,Hubballi,Karnataka,15.3647,75.124,24.2,18.66,28.66,0.0,64.7
2023-11-06,Kolar,Karnataka,13.1367,78.1292,19.83,14.82,26.4,0.0,65.9
2023-11-06,Ludhiana,Punjab,30.901,75.8573,17.84,12.39,24.73,0.0,54.1
2023-11-06,Agra,Uttar Pradesh,27.1767,78.0081,20.72,16.7,26.81,0.0,59.8
2023-11-07,Nashik,Maharashtra,19.9975,73.7898,19.86,14.8,24.42,0.0,62.1
2023-11-07,Pune,Maharashtra,18.5204,73.8567,21.03,16.38,25.15,1.84,64.7
2023-11-07,Hubballi,Karnataka,15.3647,75.124,24.82,19.78,30.09,0.0,66.5
2023-11-07,Kolar,Karnataka,13.1367,78.1292,20.36,15.22,25.05,0.0,58.7
2023-11-07,Ludhiana,Punjab,30.901,75.8573,17.1,11.21,21.18,0.0,53.0
2023-11-07,Agra,Uttar Pradesh,27.1767,78.0081,16.93,10.9,23.13,0.0,49.9
2023-11-08,Nashik,Maharashtra,19.9975,73.7898,20.6,15.44,27.96,0.0,64.3
2023-11-08,Pune,Maharashtra,18.5204,73.8567,21.46,14.16,26.48,3.77,60.7
2023-11-08,Hubballi,Karnataka,15.3647,75.124,22.79,18.58,29.7,0.0,56.5
2023-11-08,Kolar,Karnataka,13.1367,78.1292,22.27,15.0,26.35,0.0,61.1
2023-11-08,Ludhiana,Punjab,30.901,75.8573,16.79,11.47,23.42,0.0,50.1
2023-11-08,Agra,Uttar Pradesh,27.1767,78.0081,19.37,14.91,24.08,0.0,47.2
2023-11-09,Nashik,Maharashtra,19.9975,73.7898,22.29,16.38,27.71,0.0,63.1
2023-11-09,Pune,Maharashtra,18.5204,73.8567,21.43,16.54,29.34,0.0,59.5
2023-11-09,Hubballi,Karnataka,15.3647,75.124,22.39,16.47,28.36,0.0,54.0
2023-11-09,Kolar,Karnataka,13.1367,78.1292,19.92,12.43,27.69,0.0,60.3
2023-11-09,Ludhiana,Punjab,30.901,75.8573,16.23,10.53,23.38,0.0,50.1
2023-11-09,Agra,Uttar Pradesh,27.1767,78.0081,18.68,11.2,22.73,0.0,58.6
2023-11-10,Nashik,Maharashtra,19.9975,73.7898,21.66,14.32,27.16,0.0,60.4
2023-11-10,Pune,Maharashtra,18.5204,73.8567,19.36,12.56,26.94,0.0,67.1
2023-11-10,Hubballi,Karnataka,15.3647,75.124,24.55,17.38,29.58,0.0,63.9
2023-11-10,Kolar,Karnataka,13.1367,78.1292,19.14,13.41,24.18,0.0,61.6
2023-11-10,Ludhiana,Punjab,30.901,75.8573,16.17,8.68,24.1,0.0,56.5
2023-11-10,Agra,Uttar Pradesh,27.1767,78.0081,18.66,13.24,25.01,0.0,52.7
2023-11-11,Nashik,Maharashtra,19.9975,73.7898,22.29,17.45,27.59,8.26,56.1
2023-11-11,Pune,Maharashtra,18.5204,73.8567,21.99,15.17,28.22,0.0,67.3
2023-11-11,Hubballi,Karnataka,15.3647,75.124,24.44,17.56,32.33,0.0,58.9
2023-11-11,Kolar,Karnataka,13.1367,78.1292,20.87,16.59,28.2,0.0,61.6
2023-11-11,Ludhiana,Punjab,30.901,75.8573,17.88,10.83,24.95,0.0,63.9
2023-11-11,Agra,Uttar Pradesh,27.1767,78.0081,20.15,15.87,25.3,0.0,52.8
2023-11-12,Nashik,Maharashtra,19.9975,73.7898,21.89,15.14,26.53,0.0,64.6
2023-11-12,Pune,Maharashtra,18.5204,73.8567,20.06,13.4,26.26,0.0,68.2
2023-11-12,Hubballi,Karnataka,15.3647,75.124,25.72,21.51,32.49,0.0,61.8
2023-11-12,Kolar,Karnataka,13.1367,78.1292,22.23,18.06,26.85,0.0,58.5
2023-11-12,Ludhiana,Punjab,30.901,75.8573,16.07,11.37,22.11,0.0,55.3
2023-11-12,Agra,Uttar Pradesh,27.1767,78.0081,18.55,12.36,22.58,0.0,55.6
2023-11-13,Nashik,Maharashtra,19.9975,73.7898,20.86,15.34,25.69,2.8,63.0
2023-11-13,Pune,Maharashtra,18.5204,73.8567,18.96,14.36,26.95,0.0,64.0
2023-11-13,Hubballi,Karnataka,15.3647,75.124,23.7,16.75,28.42,0.0,64.7
2023-11-13,Kolar,Karnataka,13.1367,78.1292,20.97,14.33,25.26,0.0,58.2
2023-11-13,Ludhiana,Punjab,30.901,75.8573,15.36,9.38,23.4,0.0,53.1
2023-11-13,Agra,Uttar Pradesh,27.1767,78.0081,19.01,13.23,26.35,0.0,49.4
2023-11-14,Nashik,Maharashtra,19.9975,73.7898,20.24,14.97,25.65,0.0,61.9
2023-11-14,Pune,Maharashtra,18.5204,73.8567,20.5,14.27,28.28,0.0,58.3
2023-11-14,Hubballi,Karnataka,15.3647,75.124,23.91,18.43,29.45,0.0,63.8
2023-11-14,Kolar,Karnataka,13.1367,78.1292,21.85,17.76,26.9,0.0,63.6
2023-11-14,Ludhiana,Punjab,30.901,75.8573,17.0,12.53,21.19,0.0,53.2
2023-11-14,Agra,Uttar Pradesh,27.1767,78.0081,18.72,13.99,27.04,0.0,47.3
2023-11-15,Nashik,Maharashtra,19.9975,73.7898,20.23,14.48,25.28,1.14,65.2
2023-11-15,Pune,Maharashtra,18.5204,73.8567,19.19,12.33,27.19,0.0,60.5
2023-11-15,Hubballi,Karnataka,15.3647,75.124,24.39,18.66,31.28,0.0,64.2
2023-11-15,Kolar,Karnataka,13.1367,78.1292,21.15,17.02,26.63,0.0,63.9
2023-11-15,Ludhiana,Punjab,30.901,75.8573,14.43,8.81,20.85,0.0,60.9
2023-11-15,Agra,Uttar Pradesh,27.1767,78.0081,17.56,12.66,22.46,0.0,52.3
2023-11-16,Nashik,Maharashtra,19.9975,73.7898,20.16,14.08,25.93,0.0,64.3
2023-11-16,Pune,Maharashtra,18.5204,73.8567,19.69,15.54,24.21,0.0,63.6
2023-11-16,Hubballi,Karnataka,15.3647,75.124,24.97,17.53,29.84,0.0,54.7
2023-11-16,Kolar,Karnataka,13.1367,78.1292,21.41,16.72,29.26,0.0,66.8
2023-11-16,Ludhiana,Punjab,30.901,75.8573,16.02,10.9,20.15,0.0,56.4
2023-11-16,Agra,Uttar Pradesh,27.1767,78.0081,18.92,13.09,23.77,0.0,47.8
2023-11-17,Nashik,Maharashtra,19.9975,73.7898,24.61,18.04,29.89,0.0,58.3
2023-11-17,Pune,Maharashtra,18.5204,73.8567,21.85,15.37,27.97,0.0,64.5
2023-11-17,Hubballi,Karnataka,15.3647,75.124,22.93,18.71,27.2,0.0,59.7
2023-11-17,Kolar,Karnataka,13.1367,78.1292,20.51,14.57,24.97,0.0,68.2
2023-11-17,Ludhiana,Punjab,30.901,75.8573,14.92,8.99,19.99,0.0,60.0
2023-11-17,Agra,Uttar Pradesh,27.1767,78.0081,17.35,11.8,21.78,0.0,49.5
2023-11-18,Nashik,Maharashtra,19.9975,73.7898,18.6,12.78,25.94,0.0,65.4
2023-11-18,Pune,Maharashtra,18.5204,73.8567,17.36,10.51,23.78,0.0,67.2
2023-11-18,Hubballi,Karnataka,15.3647,75.124,24.05,17.17,29.06,0.0,64.4
2023-11-18,Kolar,Karnataka,13.1367,78.1292,18.5,11.64,22.81,0.0,58.0
2023-11-18,Ludhiana,Punjab,30.901,75.8573,14.39,7.1,18.47,0.0,59.7
2023-11-18,Agra,Uttar Pradesh,27.1767,78.0081,18.44,13.17,23.81,0.01,48.3
2023-11-19,Nashik,Maharashtra,19.9975,73.7898,20.96,15.42,25.96,13.5,64.9
2023-11-19,Pune,Maharashtra,18.5204,73.8567,18.9,11.73,24.06,0.0,64.7
2023-11-19,Hubballi,Karnataka,15.3647,75.124,24.66,20.07,31.29,0.0,59.6
2023-11-19,Kolar,Karnataka,13.1367,78.1292,21.16,13.98,27.46,0.0,55.3
2023-11-19,Ludhiana,Punjab,30.901,75.8573,14.66,10.19,20.08,0.0,47.4
2023-11-19,Agra,Uttar Pradesh,27.1767,78.0081,20.68,14.84,26.75,0.0,50.9
2023-11-20,Nashik,Maharashtra,19.9975,73.7898,20.35,13.96,28.72,0.0,61.5
2023-11-20,Pune,Maharashtra,18.5204,73.8567,20.21,14.41,27.75,0.0,63.4
2023-11-20,Hubballi,Karnataka,15.3647,75.124,22.15,17.97,27.49,0.0,62.0
2023-11-20,Kolar,Karnataka,13.1367,78.1292,20.35,16.0,25.58,0.0,65.3
2023-11-20,Ludhiana,Punjab,30.901,75.8573,15.79,8.59,21.83,0.0,58.3
2023-11-20,Agra,Uttar Pradesh,27.1767,78.0081,16.87,10.74,24.68,0.0,52.2
2023-11-21,Nashik,Maharashtra,19.9975,73.7898,22.0,17.54,30.49,0.0,64.0
2023-11-21,Pune,Maharashtra,18.5204,73.8567,22.03,17.69,29.75,0.0,67.5
2023-11-21,Hubballi,Karnataka,15.3647,75.124,23.15,18.66,31.52,0.0,57.5
2023-11-21,Kolar,Karnataka,13.1367,78.1292,17.42,10.45,22.18,0.0,62.5
2023-11-21,Ludhiana,Punjab,30.901,75.8573,16.16,10.62,21.44,0.0,54.5
2023-11-21,Agra,Uttar Pradesh,27.1767,78.0081,18.54,14.46,24.66,0.0,55.0
2023-11-22,Nashik,Maharashtra,19.9975,73.7898,21.47,16.54,25.8,0.0,63.3
2023-11-22,Pune,Maharashtra,18.5204,73.8567,19.44,13.7,27.07,0.0,62.0
2023-11-22,Hubballi,Karnataka,15.3647,75.124,23.71,18.0,28.11,0.0,64.5
2023-11-22,Kolar,Karnataka,13.1367,78.1292,20.59,15.97,26.14,0.0,58.6
2023-11-22,Ludhiana,Punjab,30.901,75.8573,17.74,11.61,21.81,0.0,54.5
2023-11-22,Agra,Uttar Pradesh,27.1767,78.0081,19.04,14.46,26.35,0.0,45.0
2023-11-23,Nashik,Maharashtra,19.9975,73.7898,19.93,13.49,24.13,0.0,59.9
2023-11-23,Pune,Maharashtra,18.5204,73.8567,19.67,14.13,24.21,0.0,69.2
2023-11-23,Hubballi,Karnataka,15.3647,75.124,21.93,16.09,28.28,0.0,55.2
2023-11-23,Kolar,Karnataka,13.1367,78.1292,21.3,14.44,27.57,0.0,66.2
2023-11-23,Ludhiana,Punjab,30.901,75.8573,15.41,10.75,21.11,0.0,55.9
2023-11-23,Agra,Uttar Pradesh,27.1767,78.0081,17.22,11.66,23.86,0.0,53.9
2023-11-24,Nashik,Maharashtra,19.9975,73.7898,19.89,15.62,25.24,0.0,65.0
2023-11-24,Pune,Maharashtra,18.5204,73.8567,19.72,13.02,24.1,0.0,66.1
2023-11-24,Hubballi,Karnataka,15.3647,75.124,22.59,17.47,30.53,0.0,61.5
2023-11-24,Kolar,Karnataka,13.1367,78.1292,19.93,15.57,26.29,0.0,63.1
2023-11-24,Ludhiana,Punjab,30.901,75.8573,16.33,10.43,23.26,0.0,57.2
2023-11-24,Agra,Uttar Pradesh,27.1767,78.0081,18.66,11.71,22.92,0.0,59.2
2023-11-25,Nashik,Maharashtra,19.9975,73.7898,20.73,14.16,25.52,0.0,61.1
2023-11-25,Pune,Maharashtra,18.5204,73.8567,20.23,15.49,24.84,0.0,61.9
2023-11-25,Hubballi,Karnataka,15.3647,75.124,24.47,20.32,31.89,0.0,60.9
2023-11-25,Kolar,Karnataka,13.1367,78.1292,21.24,13.89,29.34,0.0,66.6
2023-11-25,Ludhiana,Punjab,30.901,75.8573,15.96,10.63,20.46,1.73,52.0
2023-11-25,Agra,Uttar Pradesh,27.1767,78.0081,19.3,14.03,25.58,0.0,54.0
2023-11-26,Nashik,Maharashtra,19.9975,73.7898,20.12,12.84,25.92,0.0,59.7
2023-11-26,Pune,Maharashtra,18.5204,73.8567,21.27,15.3,28.52,0.0,66.0
2023-11-26,Hubballi,Karnataka,15.3647,75.124,23.3,17.84,31.06,0.0,55.3
2023-11-26,Kolar,Karnataka,13.1367,78.1292,19.21,11.99,27.43,0.0,62.9
2023-11-26,Ludhiana,Punjab,30.901,75.8573,16.6,12.57,23.05,0.0,68.0
2023-11-26,Agra,Uttar Pradesh,27.1767,78.0081,17.52,10.88,24.56,0.0,52.8
2023-11-27,Nashik,Maharashtra,19.9975,73.7898,18.84,14.52,24.66,0.0,64.4
2023-11-27,Pune,Maharashtra,18.5204,73.8567,21.7,15.56,28.36,0.0,68.3
2023-11-27,Hubballi,Karnataka,15.3647,75.124,24.8,19.19,31.73,0.0,58.6
2023-11-27,Kolar,Karnataka,13.1367,78.1292,19.13,12.46,23.99,0.0,60.2
2023-11-27,Ludhiana,Punjab,30.901,75.8573,14.04,9.86,18.11,0.0,56.9
2023-11-27,Agra,Uttar Pradesh,27.1767,78.0081,17.46,11.68,21.8,0.0,53.7
2023-11-28,Nashik,Maharashtra,19.9975,73.7898,20.41,13.95,28.1,0.0,55.6
2023-11-28,Pune,Maharashtra,18.5204,73.8567,19.29,12.94,24.05,0.0,69.7
2023-11-28,Hubballi,Karnataka,15.3647,75.124,21.91,15.04,28.34,0.0,58.2
2023-11-28,Kolar,Karnataka,13.1367,78.1292,19.45,14.5,24.47,0.0,58.7
2023-11-28,Ludhiana,Punjab,30.901,75.8573,14.55,8.15,22.71,0.0,57.1
2023-11-28,Agra,Uttar Pradesh,27.1767,78.0081,15.54,8.79,20.49,0.0,50.6
2023-11-29,Nashik,Maharashtra,19.9975,73.7898,20.07,14.94,27.12,0.0,59.7
2023-11-29,Pune,Maharashtra,18.5204,73.8567,18.92,13.59,26.57,0.0,61.6
2023-11-29,Hubballi,Karnataka,15.3647,75.124,23.35,18.64,31.74,0.0,59.6
2023-11-29,Kolar,Karnataka,13.1367,78.1292,21.43,15.29,28.42,0.0,66.1
2023-11-29,Ludhiana,Punjab,30.901,75.8573,14.19,6.94,20.24,0.0,62.1
2023-11-29,Agra,Uttar Pradesh,27.1767,78.0081,18.3,12.7,24.04,0.0,56.8
2023-11-30,Nashik,Maharashtra,19.9975,73.7898,21.2,17.07,28.69,0.0,54.5
2023-11-30,Pune,Maharashtra,18.5204,73.8567,21.91,15.75,27.15,0.0,61.6
2023-11-30,Hubballi,Karnataka,15.3647,75.124,20.5,14.98,26.24,0.0,54.7
2023-11-30,Kolar,Karnataka,13.1367,78.1292,19.88,13.79,26.72,0.0,69.5
2023-11-30,Ludhiana,Punjab,30.901,75.8573,17.39,13.26,23.55,0.0,54.9
2023-11-30,Agra,Uttar Pradesh,27.1767,78.0081,19.76,12.98,24.93,0.0,54.2
2023-12-01,Nashik,Maharashtra,19.9975,73.7898,20.89,14.36,28.23,0.0,65.0
2023-12-01,Pune,Maharashtra,18.5204,73.8567,17.63,11.85,25.44,0.0,69.9
2023-12-01,Hubballi,Karnataka,15.3647,75.124,22.65,15.2,28.73,0.0,57.9
2023-12-01,Kolar,Karnataka,13.1367,78.1292,22.02,17.91,29.9,0.0,63.6
2023-12-01,Ludhiana,Punjab,30.901,75.8573,14.54,9.72,22.57,0.0,56.1
2023-12-01,Agra,Uttar Pradesh,27.1767,78.0081,18.33,12.3,26.45,0.0,47.7
2023-12-02,Nashik,Maharashtra,19.9975,73.7898,20.01,13.09,26.27,0.0,61.7
2023-12-02,Pune,Maharashtra,18.5204,73.8567,18.95,14.15,24.74,0.0,70.3
2023-12-02,Hubballi,Karnataka,15.3647,75.124,23.55,19.36,28.55,0.0,59.7
2023-12-02,Kolar,Karnataka,13.1367,78.1292,22.64,18.13,30.64,0.0,62.1
2023-12-02,Ludhiana,Punjab,30.901,75.8573,16.21,9.92,23.6,0.0,51.1
2023-12-02,Agra,Uttar Pradesh,27.1767,78.0081,17.64,12.12,21.65,0.0,49.7
2023-12-03,Nashik,Maharashtra,19.9975,73.7898,20.2,15.13,25.55,0.0,59.5
2023-12-03,Pune,Maharashtra,18.5204,73.8567,19.74,15.47,27.0,0.0,63.8
2023-12-03,Hubballi,Karnataka,15.3647,75.124,23.65,18.53,31.36,0.0,60.5
2023-12-03,Kolar,Karnataka,13.1367,78.1292,20.03,13.27,25.44,0.0,55.6
2023-12-03,Ludhiana,Punjab,30.901,75.8573,14.85,9.1,20.73,0.0,53.4
2023-12-03,Agra,Uttar Pradesh,27.1767,78.0081,19.84,13.55,28.09,0.59,49.4
2023-12-04,Nashik,Maharashtra,19.9975,73.7898,17.25,11.59,21.3,0.0,68.3
2023-12-04,Pune,Maharashtra,18.5204,73.8567,21.72,17.42,29.44,0.0,62.7
2023-12-04,Hubballi,Karnataka,15.3647,75.124,22.03,16.11,29.12,0.0,65.2
2023-12-04,Kolar,Karnataka,13.1367,78.1292,21.14,14.4,27.24,5.76,65.9
2023-12-04,Ludhiana,Punjab,30.901,75.8573,16.74,12.71,25.11,0.0,57.8
2023-12-04,Agra,Uttar Pradesh,27.1767,78.0081,17.42,10.79,23.85,0.0,48.6
2023-12-05,Nashik,Maharashtra,19.9975,73.7898,21.68,15.7,26.32,0.0,61.8
2023-12-05,Pune,Maharashtra,18.5204,73.8567,19.19,14.91,23.89,1.54,64.1
2023-12-05,Hubballi,Karnataka,15.3647,75.124,22.53,16.16,28.48,0.0,65.9
2023-12-05,Kolar,Karnataka,13.1367,78.1292,19.09,12.59,25.77,0.0,63.6
2023-12-05,Ludhiana,Punjab,30.901,75.8573,16.0,9.22,22.94,0.0,56.1
2023-12-05,Agra,Uttar Pradesh,27.1767,78.0081,16.9,10.76,24.63,0.0,55.3
2023-12-06,Nashik,Maharashtra,19.9975,73.7898,20.15,13.94,27.83,0.0,59.6
2023-12-06,Pune,Maharashtra,18.5204,73.8567,19.93,13.49,24.42,0.0,65.9
2023-12-06,Hubballi,Karnataka,15.3647,75.124,24.68,17.72,32.13,0.0,55.3
2023-12-06,Kolar,Karnataka,13.1367,78.1292,20.12,13.1,26.21,0.0,66.7
2023-12-06,Ludhiana,Punjab,30.901,75.8573,15.03,9.53,21.94,0.0,58.0
2023-12-06,Agra,Uttar Pradesh,27.1767,78.0081,16.25,9.76,21.42,0.0,53.2
2023-12-07,Nashik,Maharashtra,19.9975,73.7898,20.97,16.82,27.38,0.0,61.8
2023-12-07,Pune,Maharashtra,18.5204,73.8567,21.09,16.92,28.37,0.0,62.8
2023-12-07,Hubballi,Karnataka,15.3647,75.124,23.42,18.22,27.88,0.0,60.0
2023-12-07,Kolar,Karnataka,13.1367,78.1292,20.39,14.96,26.92,0.0,63.0
2023-12-07,Ludhiana,Punjab,30.901,75.8573,15.67,9.3,23.65,0.0,60.5
2023-12-07,Agra,Uttar Pradesh,27.1767,78.0081,16.19,9.91,23.24,2.27,50.8
2023-12-08,Nashik,Maharashtra,19.9975,73.7898,20.4,14.39,26.14,0.0,64.6
2023-12-08,Pune,Maharashtra,18.5204,73.8567,22.52,17.2,30.32,0.0,69.8
2023-12-08,Hubballi,Karnataka,15.3647,75.124,23.37,19.21,28.9,0.0,55.3
2023-12-08,Kolar,Karnataka,13.1367,78.1292,21.86,15.97,29.76,0.0,58.5
2023-12-08,Ludhiana,Punjab,30.901,75.8573,14.69,9.85,21.45,0.0,56.3
2023-12-08,Agra,Uttar Pradesh,27.1767,78.0081,17.71,12.64,25.29,0.0,58.4
2023-12-09,Nashik,Maharashtra,19.9975,73.7898,18.31,13.08,22.91,0.0,63.5
2023-12-09,Pune,Maharashtra,18.5204,73.8567,21.47,15.11,28.31,0.0,69.5
2023-12-09,Hubballi,Karnataka,15.3647,75.124,20.83,15.86,25.35,0.0,64.6
2023-12-09,Kolar,Karnataka,13.1367,78.1292,20.37,15.64,25.56,0.0,59.3
2023-12-09,Ludhiana,Punjab,30.901,75.8573,14.86,9.99,20.06,0.0,55.2
2023-12-09,Agra,Uttar Pradesh,27.1767,78.0081,18.07,13.76,23.66,0.0,44.2
2023-12-10,Nashik,Maharashtra,19.9975,73.7898,19.62,14.25,24.19,0.0,63.6
2023-12-10,Pune,Maharashtra,18.5204,73.8567,19.57,14.17,24.31,0.0,65.4
2023-12-10,Hubballi,Karnataka,15.3647,75.124,24.65,20.28,30.31,0.0,63.8
2023-12-10,Kolar,Karnataka,13.1367,78.1292,21.54,16.69,28.66,0.0,66.1
2023-12-10,Ludhiana,Punjab,30.901,75.8573,13.73,8.31,19.32,0.0,51.7
2023-12-10,Agra,Uttar Pradesh,27.1767,78.0081,17.0,12.99,25.47,0.0,50.2
2023-12-11,Nashik,Maharashtra,19.9975,73.7898,20.09,15.15,24.29,0.0,58.1
2023-12-11,Pune,Maharashtra,18.5204,73.8567,19.49,14.15,26.88,0.45,63.9
2023-12-11,Hubballi,Karnataka,15.3647,75.124,24.87,18.33,32.75,0.0,61.9
2023-12-11,Kolar,Karnataka,13.1367,78.1292,19.83,13.78,25.39,0.0,56.8
2023-12-11,Ludhiana,Punjab,30.901,75.8573,16.06,8.64,21.11,0.0,62.4
2023-12-11,Agra,Uttar Pradesh,27.1767,78.0081,15.3,7.92,21.96,0.15,48.6
2023-12-12,Nashik,Maharashtra,19.9975,73.7898,20.97,13.83,27.73,9.36,58.5
2023-12-12,Pune,Maharashtra,18.5204,73.8567,21.51,16.57,28.02,0.0,71.4
2023-12-12,Hubballi,Karnataka,15.3647,75.124,22.48,17.64,28.73,0.0,57.5
2023-12-12,Kolar,Karnataka,13.1367,78.1292,20.71,16.43,28.82,0.0,60.0
2023-12-12,Ludhiana,Punjab,30.901,75.8573,12.14,6.14,16.94,0.0,58.8
2023-12-12,Agra,Uttar Pradesh,27.1767,78.0081,18.9,13.19,25.0,0.0,55.0
2023-12-13,Nashik,Maharashtra,19.9975,73.7898,18.35,12.18,24.78,0.0,59.8
2023-12-13,Pune,Maharashtra,18.5204,73.8567,19.35,12.06,26.83,0.0,65.0
2023-12-13,Hubballi,Karnataka,15.3647,75.124,22.06,16.39,26.86,0.0,56.2
2023-12-13,Kolar,Karnataka,13.1367,78.1292,19.84,14.28,25.67,0.0,63.9
2023-12-13,Ludhiana,Punjab,30.901,75.8573,15.42,10.85,19.54,0.0,52.4
2023-12-13,Agra,Uttar Pradesh,27.1767,78.0081,17.55,11.93,21.84,2.45,48.0
2023-12-14,Nashik,Maharashtra,19.9975,73.7898,18.58,11.43,23.07,0.0,59.8
2023-12-14,Pune,Maharashtra,18.5204,73.8567,20.07,13.86,28.42,0.0,57.9
2023-12-14,Hubballi,Karnataka,15.3647,75.124,23.13,17.34,29.87,0.0,58.8
2023-12-14,Kolar,Karnataka,13.1367,78.1292,20.77,14.9,29.03,0.0,58.2
2023-12-14,Ludhiana,Punjab,30.901,75.8573,14.69,8.6,22.4,0.0,55.7
2023-12-14,Agra,Uttar Pradesh,27.1767,78.0081,17.16,10.39,22.3,0.0,50.2
2023-12-15,Nashik,Maharashtra,19.9975,73.7898,19.24,11.82,26.26,0.0,60.9
2023-12-15,Pune,Maharashtra,18.5204,73.8567,16.76,11.37,24.23,0.0,70.9
2023-12-15,Hubballi,Karnataka,15.3647,75.124,21.48,15.92,29.08,0.0,64.2
2023-12-15,Kolar,Karnataka,13.1367,78.1292,19.88,14.55,27.08,0.0,61.9
2023-12-15,Ludhiana,Punjab,30.901,75.8573,15.6,8.73,20.17,1.39,49.6
2023-12-15,Agra,Uttar Pradesh,27.1767,78.0081,16.58,9.4,23.75,0.0,54.4
2023-12-16,Nashik,Maharashtra,19.9975,73.7898,19.42,14.81,27.59,0.0,63.0
2023-12-16,Pune,Maharashtra,18.5204,73.8567,22.22,14.74,28.3,0.0,63.9
2023-12-16,Hubballi,Karnataka,15.3647,75.124,25.23,19.04,30.25,0.0,63.8
2023-12-16,Kolar,Karnataka,13.1367,78.1292,21.34,15.99,29.27,0.0,60.5
2023-12-16,Ludhiana,Punjab,30.901,75.8573,12.74,7.28,18.76,0.0,47.6
2023-12-16,Agra,Uttar Pradesh,27.1767,78.0081,18.93,11.43,25.94,0.0,55.8
2023-12-17,Nashik,Maharashtra,19.9975,73.7898,20.09,13.92,26.97,0.0,61.9
2023-12-17,Pune,Maharashtra,18.5204,73.8567,20.13,13.38,26.8,0.0,69.9
2023-12-17,Hubballi,Karnataka,15.3647,75.124,23.43,16.2,27.62,0.0,64.6
2023-12-17,Kolar,Karnataka,13.1367,78.1292,21.3,14.08,27.63,0.0,64.9
2023-12-17,Ludhiana,Punjab,30.901,75.8573,13.58,6.46,18.91,2.36,56.4
2023-12-17,Agra,Uttar Pradesh,27.1767,78.0081,17.81,12.92,25.13,0.0,58.7
2023-12-18,Nashik,Maharashtra,19.9975,73.7898,20.66,14.66,25.35,0.0,58.5
2023-12-18,Pune,Maharashtra,18.5204,73.8567,19.96,14.43,27.75,0.0,62.2
2023-12-18,Hubballi,Karnataka,15.3647,75.124,24.9,17.77,32.64,0.0,58.3
2023-12-18,Kolar,Karnataka,13.1367,78.1292,18.97,13.91,25.18,0.0,63.8
2023-12-18,Ludhiana,Punjab,30.901,75.8573,15.39,10.07,22.29,0.0,49.8
2023-12-18,Agra,Uttar Pradesh,27.1767,78.0081,19.01,13.01,26.99,0.0,49.1
2023-12-19,Nashik,Maharashtra,19.9975,73.7898,18.74,13.99,25.14,0.0,61.3
2023-12-19,Pune,Maharashtra,18.5204,73.8567,16.84,11.25,23.84,0.0,63.0
2023-12-19,Hubballi,Karnataka,15.3647,75.124,24.1,19.13,28.56,0.0,59.1
2023-12-19,Kolar,Karnataka,13.1367,78.1292,18.58,12.17,25.85,0.0,63.6
2023-12-19,Ludhiana,Punjab,30.901,75.8573,14.85,8.29,23.14,0.0,56.5
2023-12-19,Agra,Uttar Pradesh,27.1767,78.0081,16.98,10.27,23.06,0.0,49.4
2023-12-20,Nashik,Maharashtra,19.9975,73.7898,19.0,12.93,27.04,0.0,63.8
2023-12-20,Pune,Maharashtra,18.5204,73.8567,22.34,17.71,29.04,0.0,65.1
2023-12-20,Hubballi,Karnataka,15.3647,75.124,24.59,19.85,28.71,0.0,56.7
2023-12-20,Kolar,Karnataka,13.1367,78.1292,20.43,14.44,24.8,0.0,69.2
2023-12-20,Ludhiana,Punjab,30.901,75.8573,14.22,8.63,21.03,0.0,49.1
2023-12-20,Agra,Uttar Pradesh,27.1767,78.0081,17.17,11.17,23.57,0.0,46.6
2023-12-21,Nashik,Maharashtra,19.9975,73.7898,19.19,14.62,26.71,0.0,62.9
2023-12-21,Pune,Maharashtra,18.5204,73.8567,21.66,16.52,26.07,0.0,71.9
2023-12-21,Hubballi,Karnataka,15.3647,75.124,23.07,18.16,31.0,0.0,60.8
2023-12-21,Kolar,Karnataka,13.1367,78.1292,18.51,13.86,25.36,0.0,56.3
2023-12-21,Ludhiana,Punjab,30.901,75.8573,13.96,6.95,22.4,0.0,60.2
2023-12-21,Agra,Uttar Pradesh,27.1767,78.0081,17.93,11.2,24.89,0.0,44.5
2023-12-22,Nashik,Maharashtra,19.9975,73.7898,17.68,12.69,22.79,0.0,66.3
2023-12-22,Pune,Maharashtra,18.5204,73.8567,19.73,12.62,27.12,0.0,68.7
2023-12-22,Hubballi,Karnataka,15.3647,75.124,22.31,14.86,26.79,0.0,61.6
2023-12-22,Kolar,Karnataka,13.1367,78.1292,21.07,16.96,29.16,0.0,66.1
2023-12-22,Ludhiana,Punjab,30.901,75.8573,13.48,8.83,18.2,0.0,55.7
2023-12-22,Agra,Uttar Pradesh,27.1767,78.0081,18.52,13.37,23.25,0.0,45.6
2023-12-23,Nashik,Maharashtra,19.9975,73.7898,21.43,15.65,25.59,0.0,63.8
2023-12-23,Pune,Maharashtra,18.5204,73.8567,19.93,15.43,23.99,0.0,72.0
2023-12-23,Hubballi,Karnataka,15.3647,75.124,24.16,19.17,30.81,0.0,59.9
2023-12-23,Kolar,Karnataka,13.1367,78.1292,19.87,15.13,25.72,0.0,65.1
2023-12-23,Ludhiana,Punjab,30.901,75.8573,14.27,9.48,20.02,0.0,55.4
2023-12-23,Agra,Uttar Pradesh,27.1767,78.0081,17.78,11.87,24.2,0.0,50.6
2023-12-24,Nashik,Maharashtra,19.9975,73.7898,19.32,14.13,25.97,0.0,55.0
2023-12-24,Pune,Maharashtra,18.5204,73.8567,18.84,11.71,25.14,0.0,70.9
2023-12-24,Hubballi,Karnataka,15.3647,75.124,22.38,15.97,28.6,0.0,60.7
2023-12-24,Kolar,Karnataka,13.1367,78.1292,19.11,13.95,24.74,0.0,71.7
2023-12-24,Ludhiana,Punjab,30.901,75.8573,16.62,12.28,21.91,0.0,51.1
2023-12-24,Agra,Uttar Pradesh,27.1767,78.0081,17.73,11.7,24.8,0.0,58.7
2023-12-25,Nashik,Maharashtra,19.9975,73.7898,19.36,12.51,24.7,0.0,62.3
2023-12-25,Pune,Maharashtra,18.5204,73.8567,20.88,15.6,25.75,0.0,58.5
2023-12-25,Hubballi,Karnataka,15.3647,75.124,22.35,15.45,28.75,2.95,60.8
2023-12-25,Kolar,Karnataka,13.1367,78.1292,20.81,15.0,27.81,0.0,56.7
2023-12-25,Ludhiana,Punjab,30.901,75.8573,13.85,7.8,18.51,0.0,49.4
2023-12-25,Agra,Uttar Pradesh,27.1767,78.0081,17.07,10.95,22.54,0.0,53.7
2023-12-26,Nashik,Maharashtra,19.9975,73.7898,20.22,14.47,25.79,0.0,53.8
2023-12-26,Pune,Maharashtra,18.5204,73.8567,21.11,14.04,26.91,0.0,64.1
2023-12-26,Hubballi,Karnataka,15.3647,75.124,22.57,17.78,28.14,0.0,60.2
2023-12-26,Kolar,Karnataka,13.1367,78.1292,20.31,12.84,27.0,0.0,60.4
2023-12-26,Ludhiana,Punjab,30.901,75.8573,14.43,8.92,22.09,0.0,56.8
2023-12-26,Agra,Uttar Pradesh,27.1767,78.0081,18.43,11.58,25.88,1.87,53.4
2023-12-27,Nashik,Maharashtra,19.9975,73.7898,20.38,15.24,27.33,0.0,67.0
2023-12-27,Pune,Maharashtra,18.5204,73.8567,20.54,13.44,28.55,0.0,69.3
2023-12-27,Hubballi,Karnataka,15.3647,75.124,22.95,16.19,30.82,1.58,62.9
2023-12-27,Kolar,Karnataka,13.1367,78.1292,19.18,13.58,26.17,0.0,53.8
2023-12-27,Ludhiana,Punjab,30.901,75.8573,15.33,9.64,23.26,0.0,53.1
2023-12-27,Agra,Uttar Pradesh,27.1767,78.0081,15.41,8.83,23.9,0.0,55.2
2023-12-28,Nashik,Maharashtra,19.9975,73.7898,18.92,13.81,25.25,0.0,64.3
2023-12-28,Pune,Maharashtra,18.5204,73.8567,20.14,13.65,26.57,0.0,70.3
2023-12-28,Hubballi,Karnataka,15.3647,75.124,25.28,19.17,29.88,0.0,61.5
2023-12-28,Kolar,Karnataka,13.1367,78.1292,18.62,14.4,26.25,0.0,60.7
2023-12-28,Ludhiana,Punjab,30.901,75.8573,13.12,8.87,18.58,0.0,55.5
2023-12-28,Agra,Uttar Pradesh,27.1767,78.0081,17.82,11.69,23.93,0.0,57.1
2023-12-29,Nashik,Maharashtra,19.9975,73.7898,19.81,13.33,25.08,0.0,65.9
2023-12-29,Pune,Maharashtra,18.5204,73.8567,19.15,12.82,24.67,0.0,66.5
2023-12-29,Hubballi,Karnataka,15.3647,75.124,23.22,16.79,31.15,0.0,60.5
2023-12-29,Kolar,Karnataka,13.1367,78.1292,20.59,15.61,27.75,0.0,63.9
2023-12-29,Ludhiana,Punjab,30.901,75.8573,15.95,10.85,23.68,0.0,61.2
2023-12-29,Agra,Uttar Pradesh,27.1767,78.0081,18.88,12.78,25.9,0.0,50.0
2023-12-30,Nashik,Maharashtra,19.9975,73.7898,19.56,13.3,26.88,0.0,64.8
2023-12-30,Pune,Maharashtra,18.5204,73.8567,20.69,16.03,25.31,0.0,70.4
2023-12-30,Hubballi,Karnataka,15.3647,75.124,22.98,17.73,27.86,0.0,60.1
2023-12-30,Kolar,Karnataka,13.1367,78.1292,20.62,13.59,28.9,0.0,66.8
2023-12-30,Ludhiana,Punjab,30.901,75.8573,14.56,8.22,20.37,0.19,59.8
2023-12-30,Agra,Uttar Pradesh,27.1767,78.0081,15.83,10.19,22.14,0.0,52.3
2023-12-31,Nashik,Maharashtra,19.9975,73.7898,18.79,11.85,23.75,0.0,60.7
2023-12-31,Pune,Maharashtra,18.5204,73.8567,17.43,13.07,24.99,0.0,58.5
2023-12-31,Hubballi,Karnataka,15.3647,75.124,24.82,17.43,29.47,0.0,58.4
2023-12-31,Kolar,Karnataka,13.1367,78.1292,20.27,14.04,24.4,0.0,61.9
2023-12-31,Ludhiana,Punjab,30.901,75.8573,15.36,10.43,20.2,0.0,52.7
2023-12-31,Agra,Uttar Pradesh,27.1767,78.0081,16.68,11.54,21.02,0.0,50.1
2024-01-01,Nashik,Maharashtra,19.9975,73.7898,19.36,14.35,24.76,0.0,62.7
2024-01-01,Pune,Maharashtra,18.5204,73.8567,21.32,14.58,29.34,0.0,67.6
2024-01-01,Hubballi,Karnataka,15.3647,75.124,23.04,17.44,28.44,0.0,60.4
2024-01-01,Kolar,Karnataka,13.1367,78.1292,19.59,14.22,26.15,0.0,71.5
2024-01-01,Ludhiana,Punjab,30.901,75.8573,13.67,6.82,20.06,0.0,63.1
2024-01-01,Agra,Uttar Pradesh,27.1767,78.0081,19.63,12.39,27.93,0.0,50.2
2024-01-02,Nashik,Maharashtra,19.9975,73.7898,20.46,14.61,25.15,0.0,59.6
2024-01-02,Pune,Maharashtra,18.5204,73.8567,20.69,13.64,27.2,0.0,66.0
2024-01-02,Hubballi,Karnataka,15.3647,75.124,21.61,15.54,28.06,0.0,55.0
2024-01-02,Kolar,Karnataka,13.1367,78.1292,20.07,15.17,27.9,0.0,67.0
2024-01-02,Ludhiana,Punjab,30.901,75.8573,12.47,5.54,19.26,0.0,58.7
2024-01-02,Agra,Uttar Pradesh,27.1767,78.0081,15.78,9.0,23.44,0.0,51.3
2024-01-03,Nashik,Maharashtra,19.9975,73.7898,19.55,14.02,24.31,0.0,67.7
2024-01-03,Pune,Maharashtra,18.5204,73.8567,19.92,14.45,26.98,0.0,62.7
2024-01-03,Hubballi,Karnataka,15.3647,75.124,22.63,16.34,29.29,1.89,58.1
2024-01-03,Kolar,Karnataka,13.1367,78.1292,21.56,17.12,27.68,0.0,71.2
2024-01-03,Ludhiana,Punjab,30.901,75.8573,15.2,7.9,20.63,0.0,53.5
2024-01-03,Agra,Uttar Pradesh,27.1767,78.0081,17.46,12.72,25.06,0.0,48.9
2024-01-04,Nashik,Maharashtra,19.9975,73.7898,20.22,13.18,25.72,0.0,58.8
2024-01-04,Pune,Maharashtra,18.5204,73.8567,19.17,12.39,26.23,0.0,66.7
2024-01-04,Hubballi,Karnataka,15.3647,75.124,23.18,18.64,31.22,0.0,63.7
2024-01-04,Kolar,Karnataka,13.1367,78.1292,19.89,15.13,26.91,0.0,65.5
2024-01-04,Ludhiana,Punjab,30.901,75.8573,15.63,9.0,20.58,0.0,57.5
2024-01-04,Agra,Uttar Pradesh,27.1767,78.0081,17.48,10.13,23.37,0.0,48.4
2024-01-05,Nashik,Maharashtra,19.9975,73.7898,20.83,13.5,28.99,0.0,64.1
2024-01-05,Pune,Maharashtra,18.5204,73.8567,21.3,16.26,28.01,0.0,65.5
2024-01-05,Hubballi,Karnataka,15.3647,75.124,23.89,17.31,31.69,0.0,60.7
2024-01-05,Kolar,Karnataka,13.1367,78.1292,20.23,15.7,28.09,0.0,58.3
2024-01-05,Ludhiana,Punjab,30.901,75.8573,16.07,10.56,22.06,0.0,51.2
2024-01-05,Agra,Uttar Pradesh,27.1767,78.0081,18.53,12.98,25.04,0.0,50.9
2024-01-06,Nashik,Maharashtra,19.9975,73.7898,21.29,17.27,29.16,0.0,63.2
2024-01-06,Pune,Maharashtra,18.5204,73.8567,19.54,15.23,27.79,0.0,61.9
2024-01-06,Hubballi,Karnataka,15.3647,75.124,23.28,19.06,27.95,0.0,62.6
2024-01-06,Kolar,Karnataka,13.1367,78.1292,18.56,13.09,22.76,0.0,60.6
2024-01-06,Ludhiana,Punjab,30.901,75.8573,16.49,10.6,23.55,0.0,63.2
2024-01-06,Agra,Uttar Pradesh,27.1767,78.0081,16.77,9.67,21.78,0.0,54.0
2024-01-07,Nashik,Maharashtra,19.9975,73.7898,20.17,15.38,26.91,0.0,60.6
2024-01-07,Pune,Maharashtra,18.5204,73.8567,21.01,15.12,26.66,0.0,58.2
2024-01-07,Hubballi,Karnataka,15.3647,75.124,25.18,19.86,31.4,0.0,64.4
2024-01-07,Kolar,Karnataka,13.1367,78.1292,17.2,10.74,24.26,0.0,57.1
2024-01-07,Ludhiana,Punjab,30.901,75.8573,13.35,9.32,19.4,0.0,51.5
2024-01-07,Agra,Uttar Pradesh,27.1767,78.0081,17.76,12.4,22.92,0.0,50.4
2024-01-08,Nashik,Maharashtra,19.9975,73.7898,20.46,15.13,27.85,0.0,52.5
2024-01-08,Pune,Maharashtra,18.5204,73.8567,18.22,12.7,26.2,5.46,66.9
2024-01-08,Hubballi,Karnataka,15.3647,75.124,24.15,19.17,31.79,0.0,65.0
2024-01-08,Kolar,Karnataka,13.1367,78.1292,21.26,16.04,27.47,0.0,62.3
2024-01-08,Ludhiana,Punjab,30.901,75.8573,14.76,8.17,20.55,0.81,55.5
2024-01-08,Agra,Uttar Pradesh,27.1767,78.0081,19.49,12.27,26.88,0.0,56.1
2024-01-09,Nashik,Maharashtra,19.9975,73.7898,21.93,14.46,27.38,0.0,63.1
2024-01-09,Pune,Maharashtra,18.5204,73.8567,21.89,15.56,27.01,0.0,74.0
2024-01-09,Hubballi,Karnataka,15.3647,75.124,22.84,18.18,27.78,0.0,58.7
2024-01-09,Kolar,Karnataka,13.1367,78.1292,20.07,14.25,24.58,0.0,58.0
2024-01-09,Ludhiana,Punjab,30.901,75.8573,16.01,10.86,20.35,0.0,57.9
2024-01-09,Agra,Uttar Pradesh,27.1767,78.0081,19.28,11.96,24.84,9.86,51.8
2024-01-10,Nashik,Maharashtra,19.9975,73.7898,22.38,16.31,29.37,0.0,61.5
2024-01-10,Pune,Maharashtra,18.5204,73.8567,20.65,16.1,25.0,0.0,68.3
2024-01-10,Hubballi,Karnataka,15.3647,75.124,22.18,17.86,27.96,0.0,60.3
2024-01-10,Kolar,Karnataka,13.1367,78.1292,20.72,13.58,24.93,0.0,58.5
2024-01-10,Ludhiana,Punjab,30.901,75.8573,15.49,11.09,20.18,0.0,54.3
2024-01-10,Agra,Uttar Pradesh,27.1767,78.0081,19.79,12.55,25.14,0.0,49.4
2024-01-11,Nashik,Maharashtra,19.9975,73.7898,20.57,15.02,24.96,2.91,57.4
2024-01-11,Pune,Maharashtra,18.5204,73.8567,20.78,15.59,29.04,0.0,66.0
2024-01-11,Hubballi,Karnataka,15.3647,75.124,23.64,16.19,30.43,0.0,58.8
2024-01-11,Kolar,Karnataka,13.1367,78.1292,19.59,14.58,25.86,0.0,67.0
2024-01-11,Ludhiana,Punjab,30.901,75.8573,16.55,11.95,22.95,0.0,60.9
2024-01-11,Agra,Uttar Pradesh,27.1767,78.0081,18.33,11.82,25.51,0.0,51.3
2024-01-12,Nashik,Maharashtra,19.9975,73.7898,19.74,15.65,24.33,1.02,59.8
2024-01-12,Pune,Maharashtra,18.5204,73.8567,20.73,14.94,28.2,0.0,65.4
2024-01-12,Hubballi,Karnataka,15.3647,75.124,23.97,19.24,31.69,0.2,58.3
2024-01-12,Kolar,Karnataka,13.1367,78.1292,21.84,17.64,27.72,0.0,64.2
2024-01-12,Ludhiana,Punjab,30.901,75.8573,15.42,11.25,22.33,0.0,52.7
2024-01-12,Agra,Uttar Pradesh,27.1767,78.0081,21.03,16.65,27.67,0.0,54.6
2024-01-13,Nashik,Maharashtra,19.9975,73.7898,20.76,16.17,28.26,0.0,63.2
2024-01-13,Pune,Maharashtra,18.5204,73.8567,20.13,12.68,28.23,10.3,65.3
2024-01-13,Hubballi,Karnataka,15.3647,75.124,23.0,16.05,28.07,0.0,60.2
2024-01-13,Kolar,Karnataka,13.1367,78.1292,20.45,15.35,25.54,0.0,58.2
2024-01-13,Ludhiana,Punjab,30.901,75.8573,16.71,10.5,24.79,0.0,50.8
2024-01-13,Agra,Uttar Pradesh,27.1767,78.0081,20.32,13.04,26.14,0.0,53.7
2024-01-14,Nashik,Maharashtra,19.9975,73.7898,19.28,14.77,25.85,0.0,66.0
2024-01-14,Pune,Maharashtra,18.5204,73.8567,20.29,13.68,26.12,0.0,60.7
2024-01-14,Hubballi,Karnataka,15.3647,75.124,22.97,16.74,30.24,0.0,52.6
2024-01-14,Kolar,Karnataka,13.1367,78.1292,20.6,15.6,25.0,0.0,60.4
2024-01-14,Ludhiana,Punjab,30.901,75.8573,16.93,10.51,23.79,0.0,49.3
2024-01-14,Agra,Uttar Pradesh,27.1767,78.0081,18.01,10.92,25.23,0.0,56.3
2024-01-15,Nashik,Maharashtra,19.9975,73.7898,21.01,13.8,27.14,0.0,64.0
2024-01-15,Pune,Maharashtra,18.5204,73.8567,19.57,13.96,26.17,0.0,63.1
2024-01-15,Hubballi,Karnataka,15.3647,75.124,24.68,18.19,32.58,0.0,48.7
2024-01-15,Kolar,Karnataka,13.1367,78.1292,19.72,14.86,27.0,0.0,66.3
2024-01-15,Ludhiana,Punjab,30.901,75.8573,17.42,12.44,23.59,0.0,59.2
2024-01-15,Agra,Uttar Pradesh,27.1767,78.0081,17.07,10.97,23.37,0.0,51.3
2024-01-16,Nashik,Maharashtra,19.9975,73.7898,20.59,15.45,27.77,0.0,63.2
2024-01-16,Pune,Maharashtra,18.5204,73.8567,21.45,14.56,26.83,0.0,70.3
2024-01-16,Hubballi,Karnataka,15.3647,75.124,24.38,17.68,31.79,0.0,56.3
2024-01-16,Kolar,Karnataka,13.1367,78.1292,21.17,15.15,29.35,0.0,63.9
2024-01-16,Ludhiana,Punjab,30.901,75.8573,13.94,6.56,20.77,0.0,54.1
2024-01-16,Agra,Uttar Pradesh,27.1767,78.0081,17.62,11.01,22.43,0.0,57.5
2024-01-17,Nashik,Maharashtra,19.9975,73.7898,22.77,16.66,29.63,0.0,61.0
2024-01-17,Pune,Maharashtra,18.5204,73.8567,19.89,13.83,24.6,0.0,64.7
2024-01-17,Hubballi,Karnataka,15.3647,75.124,24.64,18.16,29.92,0.0,60.4
2024-01-17,Kolar,Karnataka,13.1367,78.1292,20.03,14.89,26.66,0.0,62.7
2024-01-17,Ludhiana,Punjab,30.901,75.8573,15.54,9.54,19.59,0.0,51.8
2024-01-17,Agra,Uttar Pradesh,27.1767,78.0081,19.31,12.28,24.18,0.0,46.2
2024-01-18,Nashik,Maharashtra,19.9975,73.7898,18.74,14.01,25.9,0.0,60.7
2024-01-18,Pune,Maharashtra,18.5204,73.8567,18.02,13.81,24.4,0.0,64.1
2024-01-18,Hubballi,Karnataka,15.3647,75.124,22.36,17.97,29.23,0.0,63.6
2024-01-18,Kolar,Karnataka,13.1367,78.1292,22.48,17.3,27.1,0.0,61.9
2024-01-18,Ludhiana,Punjab,30.901,75.8573,15.43,10.86,19.86,0.0,57.9
2024-01-18,Agra,Uttar Pradesh,27.1767,78.0081,20.54,13.84,27.87,0.0,48.9
2024-01-19,Nashik,Maharashtra,19.9975,73.7898,22.24,16.58,30.03,0.0,67.8
2024-01-19,Pune,Maharashtra,18.5204,73.8567,19.83,14.78,24.65,0.0,59.3
2024-01-19,Hubballi,Karnataka,15.3647,75.124,24.31,20.24,31.03,0.0,59.4
2024-01-19,Kolar,Karnataka,13.1367,78.1292,20.16,13.2,24.5,0.0,64.4
2024-01-19,Ludhiana,Punjab,30.901,75.8573,18.09,12.23,22.31,0.0,53.5
2024-01-19,Agra,Uttar Pradesh,27.1767,78.0081,19.47,13.83,25.85,0.0,52.8
2024-01-20,Nashik,Maharashtra,19.9975,73.7898,19.94,15.61,24.55,0.0,61.3
2024-01-20,Pune,Maharashtra,18.5204,73.8567,19.79,13.13,27.11,0.0,71.6
2024-01-20,Hubballi,Karnataka,15.3647,75.124,24.67,18.11,30.62,0.0,60.4
2024-01-20,Kolar,Karnataka,13.1367,78.1292,22.97,15.83,30.09,0.0,50.3
2024-01-20,Ludhiana,Punjab,30.901,75.8573,18.16,12.46,23.0,0.0,49.2
2024-01-20,Agra,Uttar Pradesh,27.1767,78.0081,17.68,11.32,22.95,0.0,45.3
2024-01-21,Nashik,Maharashtra,19.9975,73.7898,23.76,17.36,27.8,0.77,63.0
2024-01-21,Pune,Maharashtra,18.5204,73.8567,20.35,13.59,26.81,0.0,68.9
2024-01-21,Hubballi,Karnataka,15.3647,75.124,25.71,19.57,31.27,0.0,59.3
2024-01-21,Kolar,Karnataka,13.1367,78.1292,18.49,12.55,24.57,0.0,68.9
2024-01-21,Ludhiana,Punjab,30.901,75.8573,16.87,12.51,24.83,0.0,50.6
2024-01-21,Agra,Uttar Pradesh,27.1767,78.0081,19.59,13.01,24.53,0.0,51.0
2024-01-22,Nashik,Maharashtra,19.9975,73.7898,20.95,14.44,25.24,0.0,66.5
2024-01-22,Pune,Maharashtra,18.5204,73.8567,19.83,15.25,24.59,0.0,63.1
2024-01-22,Hubballi,Karnataka,15.3647,75.124,22.51,15.84,28.26,0.0,59.7
2024-01-22,Kolar,Karnataka,13.1367,78.1292,22.01,15.66,27.68,0.0,63.1
2024-01-22,Ludhiana,Punjab,30.901,75.8573,19.12,12.12,26.15,0.0,55.6
2024-01-22,Agra,Uttar Pradesh,27.1767,78.0081,20.01,14.76,25.06,0.0,54.5
2024-01-23,Nashik,Maharashtra,19.9975,73.7898,20.76,13.4,26.11,0.0,66.0
2024-01-23,Pune,Maharashtra,18.5204,73.8567,20.89,14.29,25.38,7.53,67.5
2024-01-23,Hubballi,Karnataka,15.3647,75.124,23.7,17.9,28.16,0.0,57.6
2024-01-23,Kolar,Karnataka,13.1367,78.1292,22.56,17.38,28.3,0.0,60.9
2024-01-23,Ludhiana,Punjab,30.901,75.8573,18.38,13.14,25.7,0.0,53.8
2024-01-23,Agra,Uttar Pradesh,27.1767,78.0081,16.49,10.51,23.53,0.0,56.8
2024-01-24,Nashik,Maharashtra,19.9975,73.7898,20.92,15.22,27.03,0.0,60.0
2024-01-24,Pune,Maharashtra,18.5204,73.8567,21.9,15.17,29.5,0.0,65.9
2024-01-24,Hubballi,Karnataka,15.3647,75.124,24.76,20.54,32.64,0.0,58.8
2024-01-24,Kolar,Karnataka,13.1367,78.1292,22.1,18.07,29.19,0.0,63.6
2024-01-24,Ludhiana,Punjab,30.901,75.8573,17.28,13.13,22.29,0.0,54.4
2024-01-24,Agra,Uttar Pradesh,27.1767,78.0081,18.89,13.39,24.26,0.0,49.8
2024-01-25,Nashik,Maharashtra,19.9975,73.7898,20.41,13.48,26.92,0.0,63.2
2024-01-25,Pune,Maharashtra,18.5204,73.8567,21.75,17.3,26.38,0.0,62.9
2024-01-25,Hubballi,Karnataka,15.3647,75.124,24.17,19.59,28.48,0.0,58.0
2024-01-25,Kolar,Karnataka,13.1367,78.1292,20.72,14.27,26.34,0.0,64.7
2024-01-25,Ludhiana,Punjab,30.901,75.8573,18.43,12.2,23.03,1.87,57.0
2024-01-25,Agra,Uttar Pradesh,27.1767,78.0081,17.4,13.17,25.2,0.0,51.6
2024-01-26,Nashik,Maharashtra,19.9975,73.7898,23.39,16.43,30.68,0.0,64.6
2024-01-26,Pune,Maharashtra,18.5204,73.8567,19.76,14.98,24.93,0.0,61.2
2024-01-26,Hubballi,Karnataka,15.3647,75.124,26.63,20.15,34.99,0.0,63.7
2024-01-26,Kolar,Karnataka,13.1367,78.1292,18.17,10.81,23.97,0.0,62.8
2024-01-26,Ludhiana,Punjab,30.901,75.8573,15.82,9.17,21.7,0.0,53.1
2024-01-26,Agra,Uttar Pradesh,27.1767,78.0081,17.27,10.27,21.87,0.0,59.0
2024-01-27,Nashik,Maharashtra,19.9975,73.7898,21.07,14.55,25.99,0.0,58.0
2024-01-27,Pune,Maharashtra,18.5204,73.8567,22.61,17.01,29.52,0.0,71.4
2024-01-27,Hubballi,Karnataka,15.3647,75.124,25.32,19.08,32.55,0.0,61.5
2024-01-27,Kolar,Karnataka,13.1367,78.1292,18.77,11.61,23.55,0.0,66.5
2024-01-27,Ludhiana,Punjab,30.901,75.8573,16.94,12.0,23.16,0.0,49.5
2024-01-27,Agra,Uttar Pradesh,27.1767,78.0081,21.66,16.77,26.83,0.0,54.7
2024-01-28,Nashik,Maharashtra,19.9975,73.7898,22.09,16.65,27.19,0.0,58.8
2024-01-28,Pune,Maharashtra,18.5204,73.8567,21.13,14.49,27.36,0.0,64.9
2024-01-28,Hubballi,Karnataka,15.3647,75.124,21.74,16.26,29.4,0.0,55.0
2024-01-28,Kolar,Karnataka,13.1367,78.1292,23.34,18.24,31.12,0.0,60.8
2024-01-28,Ludhiana,Punjab,30.901,75.8573,17.19,11.54,23.23,0.0,53.1
2024-01-28,Agra,Uttar Pradesh,27.1767,78.0081,18.57,13.21,22.97,0.0,51.3
2024-01-29,Nashik,Maharashtra,19.9975,73.7898,22.95,16.65,29.67,2.22,60.4
2024-01-29,Pune,Maharashtra,18.5204,73.8567,21.61,17.48,27.77,0.0,66.2
2024-01-29,Hubballi,Karnataka,15.3647,75.124,23.58,16.11,28.39,0.0,61.3
2024-01-29,Kolar,Karnataka,13.1367,78.1292,20.81,15.06,28.25,0.0,59.8
2024-01-29,Ludhiana,Punjab,30.901,75.8573,19.18,11.71,25.55,0.0,53.9
2024-01-29,Agra,Uttar Pradesh,27.1767,78.0081,21.55,16.85,27.92,0.0,55.3
2024-01-30,Nashik,Maharashtra,19.9975,73.7898,22.4,18.06,29.02,0.0,60.5
2024-01-30,Pune,Maharashtra,18.5204,73.8567,20.23,12.87,28.02,0.0,65.4
2024-01-30,Hubballi,Karnataka,15.3647,75.124,22.16,17.98,29.95,0.0,57.2
2024-01-30,Kolar,Karnataka,13.1367,78.1292,20.43,14.99,28.43,0.0,64.9
2024-01-30,Ludhiana,Punjab,30.901,75.8573,18.39,13.44,26.87,0.0,56.6
2024-01-30,Agra,Uttar Pradesh,27.1767,78.0081,20.85,16.2,29.06,0.0,52.6
2024-01-31,Nashik,Maharashtra,19.9975,73.7898,22.42,17.83,27.87,0.0,59.0
2024-01-31,Pune,Maharashtra,18.5204,73.8567,18.95,14.63,23.7,0.0,63.9
2024-01-31,Hubballi,Karnataka,15.3647,75.124,22.12,17.38,29.47,0.0,52.6
2024-01-31,Kolar,Karnataka,13.1367,78.1292,19.54,15.11,25.27,0.0,58.6
2024-01-31,Ludhiana,Punjab,30.901,75.8573,19.72,12.78,26.71,0.0,55.7
2024-01-31,Agra,Uttar Pradesh,27.1767,78.0081,19.26,14.05,27.4,0.0,49.1
2024-02-01,Nashik,Maharashtra,19.9975,73.7898,21.89,16.92,27.69,0.0,61.4
2024-02-01,Pune,Maharashtra,18.5204,73.8567,21.55,14.47,26.21,0.0,61.5
2024-02-01,Hubballi,Karnataka,15.3647,75.124,23.7,16.27,31.3,0.0,68.2
2024-02-01,Kolar,Karnataka,13.1367,78.1292,21.68,14.53,29.22,0.0,64.3
2024-02-01,Ludhiana,Punjab,30.901,75.8573,16.64,10.67,22.42,0.0,54.1
2024-02-01,Agra,Uttar Pradesh,27.1767,78.0081,18.58,12.42,26.32,0.0,58.8
2024-02-02,Nashik,Maharashtra,19.9975,73.7898,21.85,15.87,28.73,0.0,60.8
2024-02-02,Pune,Maharashtra,18.5204,73.8567,22.18,16.14,29.57,0.0,65.0
2024-02-02,Hubballi,Karnataka,15.3647,75.124,24.06,17.61,31.0,0.0,53.4
2024-02-02,Kolar,Karnataka,13.1367,78.1292,22.91,18.52,29.47,0.0,58.4
2024-02-02,Ludhiana,Punjab,30.901,75.8573,18.31,12.35,25.46,0.0,52.5
2024-02-02,Agra,Uttar Pradesh,27.1767,78.0081,20.8,14.84,26.93,0.0,58.9
2024-02-03,Nashik,Maharashtra,19.9975,73.7898,23.49,16.54,28.0,0.0,57.5
2024-02-03,Pune,Maharashtra,18.5204,73.8567,22.7,15.47,27.51,0.0,65.2
2024-02-03,Hubballi,Karnataka,15.3647,75.124,25.28,19.44,31.84,0.0,61.8
2024-02-03,Kolar,Karnataka,13.1367,78.1292,22.24,15.99,30.64,0.0,66.1
2024-02-03,Ludhiana,Punjab,30.901,75.8573,17.27,12.18,25.09,0.0,50.7
2024-02-03,Agra,Uttar Pradesh,27.1767,78.0081,20.46,13.43,27.84,0.0,51.1
2024-02-04,Nashik,Maharashtra,19.9975,73.7898,22.56,18.46,28.74,0.0,68.9
2024-02-04,Pune,Maharashtra,18.5204,73.8567,21.12,14.25,27.57,0.0,61.4
2024-02-04,Hubballi,Karnataka,15.3647,75.124,24.7,19.74,29.98,0.0,65.2
2024-02-04,Kolar,Karnataka,13.1367,78.1292,20.25,13.46,28.25,0.0,63.3
2024-02-04,Ludhiana,Punjab,30.901,75.8573,17.35,12.22,24.53,0.0,49.6
2024-02-04,Agra,Uttar Pradesh,27.1767,78.0081,20.91,13.99,25.35,0.0,53.1
2024-02-05,Nashik,Maharashtra,19.9975,73.7898,20.5,16.26,27.48,0.0,64.6
2024-02-05,Pune,Maharashtra,18.5204,73.8567,20.18,12.72,25.63,0.0,67.0
2024-02-05,Hubballi,Karnataka,15.3647,75.124,23.79,19.49,28.9,0.0,61.4
2024-02-05,Kolar,Karnataka,13.1367,78.1292,21.35,16.97,25.49,0.0,62.3
2024-02-05,Ludhiana,Punjab,30.901,75.8573,18.03,13.87,25.6,0.0,56.4
2024-02-05,Agra,Uttar Pradesh,27.1767,78.0081,17.06,10.45,24.2,0.0,48.7
2024-02-06,Nashik,Maharashtra,19.9975,73.7898,20.83,14.61,25.62,0.0,65.7
2024-02-06,Pune,Maharashtra,18.5204,73.8567,22.36,15.32,28.71,0.0,61.0
2024-02-06,Hubballi,Karnataka,15.3647,75.124,24.28,19.74,28.48,0.0,53.9
2024-02-06,Kolar,Karnataka,13.1367,78.1292,21.79,17.64,30.19,0.0,67.6
2024-02-06,Ludhiana,Punjab,30.901,75.8573,19.78,15.06,25.67,0.0,56.5
2024-02-06,Agra,Uttar Pradesh,27.1767,78.0081,22.35,16.73,28.89,0.0,51.6
2024-02-07,Nashik,Maharashtra,19.9975,73.7898,20.18,12.83,28.43,0.0,65.5
2024-02-07,Pune,Maharashtra,18.5204,73.8567,23.54,17.25,28.89,0.0,63.7
2024-02-07,Hubballi,Karnataka,15.3647,75.124,25.18,19.97,30.47,0.0,61.2
2024-02-07,Kolar,Karnataka,13.1367,78.1292,23.06,17.9,27.31,0.0,59.9
2024-02-07,Ludhiana,Punjab,30.901,75.8573,18.17,12.54,24.72,0.0,52.7
2024-02-07,Agra,Uttar Pradesh,27.1767,78.0081,21.38,17.1,25.62,0.0,53.2
2024-02-08,Nashik,Maharashtra,19.9975,73.7898,22.41,17.99,26.93,0.0,63.8
2024-02-08,Pune,Maharashtra,18.5204,73.8567,22.01,16.61,28.45,0.0,70.0
2024-02-08,Hubballi,Karnataka,15.3647,75.124,25.07,18.35,29.97,0.0,58.5
2024-02-08,Kolar,Karnataka,13.1367,78.1292,24.23,18.35,32.62,0.0,67.4
2024-02-08,Ludhiana,Punjab,30.901,75.8573,18.89,12.17,25.39,0.0,50.0
2024-02-08,Agra,Uttar Pradesh,27.1767,78.0081,21.32,14.21,28.01,0.0,49.3
2024-02-09,Nashik,Maharashtra,19.9975,73.7898,21.83,17.1,29.2,0.0,63.8
2024-02-09,Pune,Maharashtra,18.5204,73.8567,22.0,15.33,28.67,0.0,67.7
2024-02-09,Hubballi,Karnataka,15.3647,75.124,24.46,17.75,29.39,0.0,57.4
2024-02-09,Kolar,Karnataka,13.1367,78.1292,23.02,17.03,30.36,0.0,55.6
2024-02-09,Ludhiana,Punjab,30.901,75.8573,20.02,14.72,25.91,0.0,54.1
2024-02-09,Agra,Uttar Pradesh,27.1767,78.0081,21.81,16.59,27.48,0.0,55.5
2024-02-10,Nashik,Maharashtra,19.9975,73.7898,24.78,20.35,31.42,0.0,55.9
2024-02-10,Pune,Maharashtra,18.5204,73.8567,21.67,17.28,28.84,0.0,67.0
2024-02-10,Hubballi,Karnataka,15.3647,75.124,24.68,18.99,29.54,0.0,56.4
2024-02-10,Kolar,Karnataka,13.1367,78.1292,24.1,17.39,28.7,0.0,63.7
2024-02-10,Ludhiana,Punjab,30.901,75.8573,18.81,14.01,23.57,0.0,57.1
2024-02-10,Agra,Uttar Pradesh,27.1767,78.0081,20.79,13.92,26.71,0.0,55.6
2024-02-11,Nashik,Maharashtra,19.9975,73.7898,22.18,15.55,27.99,0.0,71.5
2024-02-11,Pune,Maharashtra,18.5204,73.8567,19.93,13.02,27.78,0.0,72.0
2024-02-11,Hubballi,Karnataka,15.3647,75.124,25.05,18.68,32.64,0.0,65.5
2024-02-11,Kolar,Karnataka,13.1367,78.1292,20.79,14.69,27.77,0.0,65.3
2024-02-11,Ludhiana,Punjab,30.901,75.8573,20.39,13.03,24.95,0.0,48.5
2024-02-11,Agra,Uttar Pradesh,27.1767,78.0081,21.88,15.79,29.83,0.0,61.6
2024-02-12,Nashik,Maharashtra,19.9975,73.7898,24.0,17.87,32.15,0.0,60.9
2024-02-12,Pune,Maharashtra,18.5204,73.8567,22.9,17.75,29.12,0.0,62.1
2024-02-12,Hubballi,Karnataka,15.3647,75.124,25.51,19.34,29.76,0.0,64.7
2024-02-12,Kolar,Karnataka,13.1367,78.1292,21.46,14.48,25.92,0.0,60.6
2024-02-12,Ludhiana,Punjab,30.901,75.8573,18.56,11.26,25.86,0.0,58.5
2024-02-12,Agra,Uttar Pradesh,27.1767,78.0081,21.68,16.64,27.84,0.0,50.5
2024-02-13,Nashik,Maharashtra,19.9975,73.7898,23.47,17.54,28.66,0.0,63.0
2024-02-13,Pune,Maharashtra,18.5204,73.8567,21.71,14.57,27.56,0.0,62.9
2024-02-13,Hubballi,Karnataka,15.3647,75.124,24.37,20.0,31.69,0.0,63.2
2024-02-13,Kolar,Karnataka,13.1367,78.1292,22.75,17.59,28.82,0.0,63.6
2024-02-13,Ludhiana,Punjab,30.901,75.8573,18.05,13.41,23.16,0.0,55.2
2024-02-13,Agra,Uttar Pradesh,27.1767,78.0081,22.8,16.86,28.06,0.0,51.6
2024-02-14,Nashik,Maharashtra,19.9975,73.7898,22.68,16.23,29.75,0.0,60.1
2024-02-14,Pune,Maharashtra,18.5204,73.8567,21.61,16.25,27.48,0.0,70.9
2024-02-14,Hubballi,Karnataka,15.3647,75.124,25.7,19.28,29.77,0.0,58.3
2024-02-14,Kolar,Karnataka,13.1367,78.1292,20.53,13.85,28.98,0.0,62.9
2024-02-14,Ludhiana,Punjab,30.901,75.8573,21.65,15.77,26.09,0.0,44.4
2024-02-14,Agra,Uttar Pradesh,27.1767,78.0081,21.47,16.67,28.76,0.0,51.2
2024-02-15,Nashik,Maharashtra,19.9975,73.7898,23.61,18.13,31.12,0.0,60.8
2024-02-15,Pune,Maharashtra,18.5204,73.8567,20.23,13.6,28.39,0.0,63.2
2024-02-15,Hubballi,Karnataka,15.3647,75.124,24.91,20.06,30.01,0.0,63.8
2024-02-15,Kolar,Karnataka,13.1367,78.1292,21.88,16.09,27.09,0.0,67.1
2024-02-15,Ludhiana,Punjab,30.901,75.8573,18.97,13.1,23.03,0.0,55.0
2024-02-15,Agra,Uttar Pradesh,27.1767,78.0081,21.54,15.85,27.74,0.0,49.9
2024-02-16,Nashik,Maharashtra,19.9975,73.7898,24.34,17.27,31.55,0.0,68.7
2024-02-16,Pune,Maharashtra,18.5204,73.8567,22.09,16.67,26.43,0.0,56.1
2024-02-16,Hubballi,Karnataka,15.3647,75.124,25.79,19.74,32.37,0.0,51.2
2024-02-16,Kolar,Karnataka,13.1367,78.1292,21.69,14.53,30.08,0.0,67.9
2024-02-16,Ludhiana,Punjab,30.901,75.8573,22.3,16.6,27.96,0.0,54.3
2024-02-16,Agra,Uttar Pradesh,27.1767,78.0081,21.88,15.74,27.2,0.0,45.2
2024-02-17,Nashik,Maharashtra,19.9975,73.7898,24.16,19.29,28.99,0.0,63.9
2024-02-17,Pune,Maharashtra,18.5204,73.8567,23.78,16.48,30.16,0.0,66.0
2024-02-17,Hubballi,Karnataka,15.3647,75.124,25.53,18.62,33.77,0.0,59.5
2024-02-17,Kolar,Karnataka,13.1367,78.1292,23.21,18.6,29.27,0.0,60.1
2024-02-17,Ludhiana,Punjab,30.901,75.8573,19.63,12.18,25.16,0.0,48.9
2024-02-17,Agra,Uttar Pradesh,27.1767,78.0081,22.38,17.12,30.6,0.0,46.3
2024-02-18,Nashik,Maharashtra,19.9975,73.7898,22.19,17.25,28.6,0.0,70.8
2024-02-18,Pune,Maharashtra,18.5204,73.8567,23.49,16.03,31.12,0.0,59.7
2024-02-18,Hubballi,Karnataka,15.3647,75.124,23.57,17.9,29.99,0.0,56.2
2024-02-18,Kolar,Karnataka,13.1367,78.1292,22.52,15.94,29.75,0.0,63.4
2024-02-18,Ludhiana,Punjab,30.901,75.8573,21.52,15.27,26.25,0.0,48.4
2024-02-18,Agra,Uttar Pradesh,27.1767,78.0081,22.26,14.88,26.33,0.0,55.2
2024-02-19,Nashik,Maharashtra,19.9975,73.7898,25.14,20.09,31.08,0.0,66.1
2024-02-19,Pune,Maharashtra,18.5204,73.8567,23.65,19.5,31.22,0.0,62.0
2024-02-19,Hubballi,Karnataka,15.3647,75.124,22.65,15.47,27.39,0.0,60.0
2024-02-19,Kolar,Karnataka,13.1367,78.1292,23.41,16.35,27.87,0.0,65.6
2024-02-19,Ludhiana,Punjab,30.901,75.8573,20.97,16.13,28.28,0.0,45.5
2024-02-19,Agra,Uttar Pradesh,27.1767,78.0081,20.29,13.14,24.65,0.0,50.6
2024-02-20,Nashik,Maharashtra,19.9975,73.7898,24.01,17.73,31.24,0.0,58.4
2024-02-20,Pune,Maharashtra,18.5204,73.8567,23.3,17.6,30.79,0.0,65.2
2024-02-20,Hubballi,Karnataka,15.3647,75.124,26.24,21.26,34.46,0.0,59.1
2024-02-20,Kolar,Karnataka,13.1367,78.1292,24.28,18.08,28.97,0.0,59.0
2024-02-20,Ludhiana,Punjab,30.901,75.8573,19.63,13.54,24.13,0.0,57.2
2024-02-20,Agra,Uttar Pradesh,27.1767,78.0081,21.04,14.3,26.65,0.0,53.9
2024-02-21,Nashik,Maharashtra,19.9975,73.7898,22.83,16.86,27.99,0.0,67.8
2024-02-21,Pune,Maharashtra,18.5204,73.8567,23.59,17.05,29.82,0.0,62.3
2024-02-21,Hubballi,Karnataka,15.3647,75.124,24.67,17.42,31.73,0.0,57.9
2024-02-21,Kolar,Karnataka,13.1367,78.1292,22.86,18.15,30.36,0.0,66.7
2024-02-21,Ludhiana,Punjab,30.901,75.8573,19.4,13.76,26.67,10.62,60.6
2024-02-21,Agra,Uttar Pradesh,27.1767,78.0081,20.97,15.68,25.33,0.0,51.7
2024-02-22,Nashik,Maharashtra,19.9975,73.7898,21.66,15.78,26.99,0.0,66.5
2024-02-22,Pune,Maharashtra,18.5204,73.8567,22.91,18.87,28.4,0.0,68.0
2024-02-22,Hubballi,Karnataka,15.3647,75.124,25.75,21.1,30.8,0.0,61.7
2024-02-22,Kolar,Karnataka,13.1367,78.1292,23.0,16.94,29.48,0.0,63.5
2024-02-22,Ludhiana,Punjab,30.901,75.8573,17.91,10.93,25.63,0.92,55.9
2024-02-22,Agra,Uttar Pradesh,27.1767,78.0081,22.89,18.02,29.46,0.0,51.8
2024-02-23,Nashik,Maharashtra,19.9975,73.7898,22.37,15.04,28.83,0.0,64.4
2024-02-23,Pune,Maharashtra,18.5204,73.8567,24.48,19.1,31.96,0.0,63.1
2024-02-23,Hubballi,Karnataka,15.3647,75.124,28.45,21.61,34.95,0.0,57.9
2024-02-23,Kolar,Karnataka,13.1367,78.1292,21.59,16.65,28.73,0.0,60.1
2024-02-23,Ludhiana,Punjab,30.901,75.8573,22.13,16.29,30.09,0.0,57.3
2024-02-23,Agra,Uttar Pradesh,27.1767,78.0081,23.14,18.33,28.54,0.0,53.5
2024-02-24,Nashik,Maharashtra,19.9975,73.7898,23.39,16.48,28.05,0.0,66.2
2024-02-24,Pune,Maharashtra,18.5204,73.8567,23.68,18.65,31.24,0.0,58.8
2024-02-24,Hubballi,Karnataka,15.3647,75.124,25.23,19.64,31.19,1.69,56.3
2024-02-24,Kolar,Karnataka,13.1367,78.1292,22.1,17.77,27.77,0.0,60.4
2024-02-24,Ludhiana,Punjab,30.901,75.8573,21.69,14.23,27.03,0.0,53.7
2024-02-24,Agra,Uttar Pradesh,27.1767,78.0081,23.14,16.9,28.66,0.0,60.9
2024-02-25,Nashik,Maharashtra,19.9975,73.7898,24.22,20.06,32.46,0.0,66.9
2024-02-25,Pune,Maharashtra,18.5204,73.8567,22.16,17.25,30.34,0.0,63.6
2024-02-25,Hubballi,Karnataka,15.3647,75.124,24.64,17.61,29.78,0.0,55.6
2024-02-25,Kolar,Karnataka,13.1367,78.1292,23.44,15.95,28.53,0.0,66.4
2024-02-25,Ludhiana,Punjab,30.901,75.8573,21.64,15.91,28.22,0.0,52.7
2024-02-25,Agra,Uttar Pradesh,27.1767,78.0081,23.26,16.37,27.84,0.0,49.9
2024-02-26,Nashik,Maharashtra,19.9975,73.7898,22.4,15.69,28.28,0.0,67.1
2024-02-26,Pune,Maharashtra,18.5204,73.8567,25.25,18.15,30.73,0.0,62.2
2024-02-26,Hubballi,Karnataka,15.3647,75.124,25.56,18.27,32.94,0.0,60.7
2024-02-26,Kolar,Karnataka,13.1367,78.1292,21.98,15.4,29.83,0.0,64.8
2024-02-26,Ludhiana,Punjab,30.901,75.8573,19.68,15.44,26.08,0.0,59.1
2024-02-26,Agra,Uttar Pradesh,27.1767,78.0081,24.39,20.22,31.72,0.0,49.9
2024-02-27,Nashik,Maharashtra,19.9975,73.7898,23.7,17.08,31.75,0.0,66.1
2024-02-27,Pune,Maharashtra,18.5204,73.8567,23.29,17.67,28.43,0.0,64.2
2024-02-27,Hubballi,Karnataka,15.3647,75.124,25.53,18.81,30.86,0.0,56.6
2024-02-27,Kolar,Karnataka,13.1367,78.1292,23.25,16.17,30.13,0.0,54.1
2024-02-27,Ludhiana,Punjab,30.901,75.8573,19.35,13.97,23.38,0.0,54.8
2024-02-27,Agra,Uttar Pradesh,27.1767,78.0081,22.82,18.02,29.08,0.0,47.5
2024-02-28,Nashik,Maharashtra,19.9975,73.7898,24.4,17.79,32.61,0.0,67.7
2024-02-28,Pune,Maharashtra,18.5204,73.8567,23.64,19.01,29.8,0.0,67.9
2024-02-28,Hubballi,Karnataka,15.3647,75.124,28.53,21.4,34.89,0.0,62.4
2024-02-28,Kolar,Karnataka,13.1367,78.1292,23.21,18.58,29.13,0.0,70.8
2024-02-28,Ludhiana,Punjab,30.901,75.8573,20.88,13.48,28.86,0.0,58.4
2024-02-28,Agra,Uttar Pradesh,27.1767,78.0081,22.67,17.9,30.44,0.0,51.2
2024-02-29,Nashik,Maharashtra,19.9975,73.7898,25.93,21.39,30.08,0.0,60.5
2024-02-29,Pune,Maharashtra,18.5204,73.8567,23.79,17.33,31.97,0.0,68.2
2024-02-29,Hubballi,Karnataka,15.3647,75.124,24.87,18.93,33.07,0.0,65.4
2024-02-29,Kolar,Karnataka,13.1367,78.1292,25.9,20.23,33.19,0.0,63.6
2024-02-29,Ludhiana,Punjab,30.901,75.8573,20.57,13.79,25.57,0.0,61.5
2024-02-29,Agra,Uttar Pradesh,27.1767,78.0081,24.33,17.92,28.51,0.0,56.9
2024-03-01,Nashik,Maharashtra,19.9975,73.7898,23.03,17.84,29.99,0.0,50.7
2024-03-01,Pune,Maharashtra,18.5204,73.8567,23.8,19.21,28.84,0.0,54.4
2024-03-01,Hubballi,Karnataka,15.3647,75.124,24.12,17.95,31.59,0.0,45.7
2024-03-01,Kolar,Karnataka,13.1367,78.1292,22.33,15.85,27.41,0.0,55.0
2024-03-01,Ludhiana,Punjab,30.901,75.8573,19.45,13.86,27.06,0.0,46.6
2024-03-01,Agra,Uttar Pradesh,27.1767,78.0081,24.17,17.26,29.71,0.0,38.1
2024-03-02,Nashik,Maharashtra,19.9975,73.7898,25.56,19.25,32.29,0.0,55.0
2024-03-02,Pune,Maharashtra,18.5204,73.8567,24.25,17.07,31.65,0.0,50.5
2024-03-02,Hubballi,Karnataka,15.3647,75.124,26.79,21.31,35.26,0.0,45.9
2024-03-02,Kolar,Karnataka,13.1367,78.1292,24.18,20.06,29.35,0.0,59.9
2024-03-02,Ludhiana,Punjab,30.901,75.8573,20.1,15.3,26.19,0.0,42.5
2024-03-02,Agra,Uttar Pradesh,27.1767,78.0081,22.14,14.69,27.92,0.0,38.8
2024-03-03,Nashik,Maharashtra,19.9975,73.7898,24.33,19.63,28.65,3.93,54.1
2024-03-03,Pune,Maharashtra,18.5204,73.8567,21.84,15.53,26.95,0.0,57.5
2024-03-03,Hubballi,Karnataka,15.3647,75.124,25.16,19.98,32.69,0.0,47.2
2024-03-03,Kolar,Karnataka,13.1367,78.1292,22.7,18.1,28.63,0.0,57.4
2024-03-03,Ludhiana,Punjab,30.901,75.8573,22.32,17.05,28.13,0.0,45.5
2024-03-03,Agra,Uttar Pradesh,27.1767,78.0081,24.25,17.97,29.14,0.0,47.2
2024-03-04,Nashik,Maharashtra,19.9975,73.7898,26.49,21.51,33.61,0.0,56.0
2024-03-04,Pune,Maharashtra,18.5204,73.8567,22.56,15.09,31.05,0.0,56.3
2024-03-04,Hubballi,Karnataka,15.3647,75.124,28.16,23.66,34.7,0.0,46.8
2024-03-04,Kolar,Karnataka,13.1367,78.1292,24.63,19.13,30.19,0.0,51.5
2024-03-04,Ludhiana,Punjab,30.901,75.8573,20.38,12.95,28.88,0.0,39.5
2024-03-04,Agra,Uttar Pradesh,27.1767,78.0081,25.05,18.07,32.58,0.0,40.8
2024-03-05,Nashik,Maharashtra,19.9975,73.7898,25.85,20.08,32.93,0.0,49.9
2024-03-05,Pune,Maharashtra,18.5204,73.8567,24.39,18.44,28.48,0.0,53.3
2024-03-05,Hubballi,Karnataka,15.3647,75.124,26.49,21.62,31.67,0.0,52.3
2024-03-05,Kolar,Karnataka,13.1367,78.1292,26.05,19.25,33.09,0.0,61.9
2024-03-05,Ludhiana,Punjab,30.901,75.8573,22.23,16.39,28.09,0.0,44.8
2024-03-05,Agra,Uttar Pradesh,27.1767,78.0081,25.03,19.38,29.59,0.0,46.2
2024-03-06,Nashik,Maharashtra,19.9975,73.7898,24.66,19.2,29.72,0.0,55.7
2024-03-06,Pune,Maharashtra,18.5204,73.8567,24.17,18.24,30.54,0.0,62.0
2024-03-06,Hubballi,Karnataka,15.3647,75.124,26.58,20.73,33.85,0.0,50.8
2024-03-06,Kolar,Karnataka,13.1367,78.1292,20.59,14.69,25.69,0.0,54.8
2024-03-06,Ludhiana,Punjab,30.901,75.8573,21.57,15.86,27.77,0.0,49.6
2024-03-06,Agra,Uttar Pradesh,27.1767,78.0081,26.91,19.65,32.62,0.0,46.5
2024-03-07,Nashik,Maharashtra,19.9975,73.7898,24.88,20.27,33.21,0.0,49.3
2024-03-07,Pune,Maharashtra,18.5204,73.8567,22.6,15.73,27.58,0.0,51.2
2024-03-07,Hubballi,Karnataka,15.3647,75.124,25.18,19.02,30.47,0.0,49.1
2024-03-07,Kolar,Karnataka,13.1367,78.1292,24.11,16.98,29.9,0.0,49.3
2024-03-07,Ludhiana,Punjab,30.901,75.8573,24.51,19.3,29.32,0.0,39.9
2024-03-07,Agra,Uttar Pradesh,27.1767,78.0081,24.59,17.58,28.97,0.0,38.2
2024-03-08,Nashik,Maharashtra,19.9975,73.7898,25.16,18.44,31.36,0.0,57.7
2024-03-08,Pune,Maharashtra,18.5204,73.8567,26.86,21.55,33.6,0.0,50.1
2024-03-08,Hubballi,Karnataka,15.3647,75.124,27.27,20.91,31.79,0.0,52.5
2024-03-08,Kolar,Karnataka,13.1367,78.1292,22.75,15.86,29.48,0.0,51.4
2024-03-08,Ludhiana,Punjab,30.901,75.8573,24.57,18.83,28.81,0.0,39.1
2024-03-08,Agra,Uttar Pradesh,27.1767,78.0081,24.84,19.4,32.53,0.0,42.7
2024-03-09,Nashik,Maharashtra,19.9975,73.7898,24.76,19.88,30.07,0.0,48.5
2024-03-09,Pune,Maharashtra,18.5204,73.8567,26.08,19.25,34.3,0.0,50.9
2024-03-09,Hubballi,Karnataka,15.3647,75.124,27.29,20.43,31.91,0.0,47.0
2024-03-09,Kolar,Karnataka,13.1367,78.1292,24.63,18.4,29.9,0.0,53.6
2024-03-09,Ludhiana,Punjab,30.901,75.8573,24.04,18.72,30.93,1.04,49.5
2024-03-09,Agra,Uttar Pradesh,27.1767,78.0081,25.03,20.08,29.15,0.0,49.7
2024-03-10,Nashik,Maharashtra,19.9975,73.7898,24.67,18.37,31.36,0.0,52.2
2024-03-10,Pune,Maharashtra,18.5204,73.8567,27.43,20.65,34.97,0.0,52.0
2024-03-10,Hubballi,Karnataka,15.3647,75.124,26.68,21.54,33.88,0.0,48.2
2024-03-10,Kolar,Karnataka,13.1367,78.1292,22.25,15.47,27.06,0.0,56.7
2024-03-10,Ludhiana,Punjab,30.901,75.8573,23.82,16.8,30.07,0.0,44.2
2024-03-10,Agra,Uttar Pradesh,27.1767,78.0081,24.34,20.11,31.06,0.0,39.8
2024-03-11,Nashik,Maharashtra,19.9975,73.7898,24.92,20.73,31.73,0.52,50.5
2024-03-11,Pune,Maharashtra,18.5204,73.8567,25.81,21.39,32.33,0.0,51.7
2024-03-11,Hubballi,Karnataka,15.3647,75.124,26.81,21.6,32.91,0.0,55.1
2024-03-11,Kolar,Karnataka,13.1367,78.1292,24.98,19.15,32.54,0.0,54.2
2024-03-11,Ludhiana,Punjab,30.901,75.8573,24.03,16.94,31.15,0.0,47.0
2024-03-11,Agra,Uttar Pradesh,27.1767,78.0081,25.33,17.88,30.22,0.0,41.5
2024-03-12,Nashik,Maharashtra,19.9975,73.7898,25.12,18.59,31.73,0.0,56.0
2024-03-12,Pune,Maharashtra,18.5204,73.8567,23.94,16.97,32.11,0.0,60.9
2024-03-12,Hubballi,Karnataka,15.3647,75.124,23.7,16.36,29.66,0.0,47.8
2024-03-12,Kolar,Karnataka,13.1367,78.1292,22.98,18.9,28.86,0.0,54.5
2024-03-12,Ludhiana,Punjab,30.901,75.8573,22.54,17.87,30.45,0.0,44.6
2024-03-12,Agra,Uttar Pradesh,27.1767,78.0081,25.24,18.07,32.84,0.0,40.1
2024-03-13,Nashik,Maharashtra,19.9975,73.7898,23.29,16.23,31.53,0.0,61.0
2024-03-13,Pune,Maharashtra,18.5204,73.8567,25.42,20.18,31.19,0.0,58.2
2024-03-13,Hubballi,Karnataka,15.3647,75.124,28.14,21.35,32.92,0.0,58.5
2024-03-13,Kolar,Karnataka,13.1367,78.1292,25.48,19.76,31.5,0.0,58.7
2024-03-13,Ludhiana,Punjab,30.901,75.8573,24.08,19.62,29.86,0.0,51.2
2024-03-13,Agra,Uttar Pradesh,27.1767,78.0081,26.22,21.38,30.49,0.0,42.4
2024-03-14,Nashik,Maharashtra,19.9975,73.7898,27.8,23.16,34.24,0.0,49.3
2024-03-14,Pune,Maharashtra,18.5204,73.8567,23.92,18.99,27.94,0.0,57.1
2024-03-14,Hubballi,Karnataka,15.3647,75.124,26.05,21.63,32.44,0.0,47.7
2024-03-14,Kolar,Karnataka,13.1367,78.1292,25.3,21.09,29.92,0.0,50.8
2024-03-14,Ludhiana,Punjab,30.901,75.8573,23.24,16.29,27.37,6.22,46.2
2024-03-14,Agra,Uttar Pradesh,27.1767,78.0081,27.24,22.63,35.05,0.0,35.1
2024-03-15,Nashik,Maharashtra,19.9975,73.7898,27.76,21.98,31.85,0.0,49.4
2024-03-15,Pune,Maharashtra,18.5204,73.8567,25.65,18.2,30.53,0.0,52.4
2024-03-15,Hubballi,Karnataka,15.3647,75.124,28.67,23.23,37.08,0.0,46.1
2024-03-15,Kolar,Karnataka,13.1367,78.1292,24.35,20.26,32.07,0.0,51.3
2024-03-15,Ludhiana,Punjab,30.901,75.8573,24.62,20.19,31.24,0.0,45.2
2024-03-15,Agra,Uttar Pradesh,27.1767,78.0081,25.86,21.12,33.59,0.0,38.6
2024-03-16,Nashik,Maharashtra,19.9975,73.7898,27.23,20.79,32.89,0.0,47.1
2024-03-16,Pune,Maharashtra,18.5204,73.8567,25.13,17.83,31.57,0.0,55.2
2024-03-16,Hubballi,Karnataka,15.3647,75.124,27.06,22.44,34.83,0.0,50.6
2024-03-16,Kolar,Karnataka,13.1367,78.1292,23.45,19.26,30.81,9.87,57.1
2024-03-16,Ludhiana,Punjab,30.901,75.8573,27.07,19.64,32.51,0.0,44.4
2024-03-16,Agra,Uttar Pradesh,27.1767,78.0081,26.18,19.71,34.28,0.0,41.9
2024-03-17,Nashik,Maharashtra,19.9975,73.7898,25.1,18.95,30.46,0.0,61.5
2024-03-17,Pune,Maharashtra,18.5204,73.8567,24.42,19.99,31.16,0.0,58.3
2024-03-17,Hubballi,Karnataka,15.3647,75.124,26.42,20.25,33.05,0.0,49.9
2024-03-17,Kolar,Karnataka,13.1367,78.1292,28.05,22.67,35.04,0.0,54.3
2024-03-17,Ludhiana,Punjab,30.901,75.8573,25.69,20.8,33.16,0.0,45.9
2024-03-17,Agra,Uttar Pradesh,27.1767,78.0081,25.77,19.7,31.68,0.0,39.7
2024-03-18,Nashik,Maharashtra,19.9975,73.7898,25.07,18.96,31.71,0.0,53.0
2024-03-18,Pune,Maharashtra,18.5204,73.8567,23.85,18.53,31.0,0.0,62.7
2024-03-18,Hubballi,Karnataka,15.3647,75.124,27.33,21.79,31.38,0.0,48.0
2024-03-18,Kolar,Karnataka,13.1367,78.1292,25.17,20.5,29.91,0.0,47.6
2024-03-18,Ludhiana,Punjab,30.901,75.8573,23.5,18.23,30.79,0.0,44.4
2024-03-18,Agra,Uttar Pradesh,27.1767,78.0081,25.95,21.2,34.19,0.0,44.3
2024-03-19,Nashik,Maharashtra,19.9975,73.7898,27.08,21.36,31.63,0.0,52.9
2024-03-19,Pune,Maharashtra,18.5204,73.8567,27.28,23.09,35.53,0.0,55.8
2024-03-19,Hubballi,Karnataka,15.3647,75.124,26.46,20.67,31.0,0.0,45.8
2024-03-19,Kolar,Karnataka,13.1367,78.1292,24.12,17.03,32.53,0.0,52.1
2024-03-19,Ludhiana,Punjab,30.901,75.8573,23.56,17.72,30.58,0.0,42.3
2024-03-19,Agra,Uttar Pradesh,27.1767,78.0081,27.22,20.16,35.61,0.0,46.2
2024-03-20,Nashik,Maharashtra,19.9975,73.7898,27.38,21.76,32.79,0.0,57.3
2024-03-20,Pune,Maharashtra,18.5204,73.8567,26.55,21.7,33.59,0.0,58.1
2024-03-20,Hubballi,Karnataka,15.3647,75.124,28.57,21.72,34.09,0.0,49.0
2024-03-20,Kolar,Karnataka,13.1367,78.1292,23.43,18.01,29.55,0.0,54.3
2024-03-20,Ludhiana,Punjab,30.901,75.8573,25.95,18.45,30.03,0.0,44.3
2024-03-20,Agra,Uttar Pradesh,27.1767,78.0081,26.71,21.35,34.5,0.0,42.4
2024-03-21,Nashik,Maharashtra,19.9975,73.7898,27.24,22.73,31.94,0.0,46.4
2024-03-21,Pune,Maharashtra,18.5204,73.8567,26.64,20.96,35.06,0.0,60.0
2024-03-21,Hubballi,Karnataka,15.3647,75.124,27.79,23.59,36.05,0.0,56.1
2024-03-21,Kolar,Karnataka,13.1367,78.1292,27.36,20.81,33.41,0.0,58.7
2024-03-21,Ludhiana,Punjab,30.901,75.8573,24.03,18.04,29.64,0.0,50.3
2024-03-21,Agra,Uttar Pradesh,27.1767,78.0081,26.97,21.17,33.03,0.0,40.5
2024-03-22,Nashik,Maharashtra,19.9975,73.7898,27.09,20.51,31.56,0.0,56.2
2024-03-22,Pune,Maharashtra,18.5204,73.8567,26.12,19.91,33.38,0.0,53.4
2024-03-22,Hubballi,Karnataka,15.3647,75.124,26.61,20.93,32.61,0.0,49.5
2024-03-22,Kolar,Karnataka,13.1367,78.1292,22.42,17.31,26.82,0.0,54.1
2024-03-22,Ludhiana,Punjab,30.901,75.8573,24.77,20.13,32.0,0.0,48.7
2024-03-22,Agra,Uttar Pradesh,27.1767,78.0081,27.88,22.18,33.72,0.0,42.7
2024-03-23,Nashik,Maharashtra,19.9975,73.7898,26.44,19.61,30.86,0.0,54.9
2024-03-23,Pune,Maharashtra,18.5204,73.8567,26.74,19.71,35.01,0.0,59.0
2024-03-23,Hubballi,Karnataka,15.3647,75.124,29.65,24.52,37.72,0.0,42.7
2024-03-23,Kolar,Karnataka,13.1367,78.1292,26.67,20.58,33.27,0.0,56.3
2024-03-23,Ludhiana,Punjab,30.901,75.8573,24.24,17.58,32.01,0.0,48.5
2024-03-23,Agra,Uttar Pradesh,27.1767,78.0081,26.56,22.33,30.58,0.0,34.3
2024-03-24,Nashik,Maharashtra,19.9975,73.7898,28.94,22.15,35.5,4.7,51.5
2024-03-24,Pune,Maharashtra,18.5204,73.8567,26.52,20.14,31.33,0.0,52.5
2024-03-24,Hubballi,Karnataka,15.3647,75.124,27.1,21.94,33.98,0.0,49.1
2024-03-24,Kolar,Karnataka,13.1367,78.1292,24.34,16.91,32.82,0.0,50.6
2024-03-24,Ludhiana,Punjab,30.901,75.8573,23.95,18.43,28.75,0.0,48.0
2024-03-24,Agra,Uttar Pradesh,27.1767,78.0081,27.74,20.86,34.08,0.0,33.1
2024-03-25,Nashik,Maharashtra,19.9975,73.7898,27.63,22.92,34.9,0.0,49.2
2024-03-25,Pune,Maharashtra,18.5204,73.8567,23.78,17.72,31.15,0.0,53.3
2024-03-25,Hubballi,Karnataka,15.3647,75.124,27.05,20.85,33.61,0.0,56.2
2024-03-25,Kolar,Karnataka,13.1367,78.1292,25.42,18.11,29.9,0.0,51.0
2024-03-25,Ludhiana,Punjab,30.901,75.8573,24.76,19.09,30.17,0.0,48.5
2024-03-25,Agra,Uttar Pradesh,27.1767,78.0081,25.9,18.46,33.59,5.28,47.5
2024-03-26,Nashik,Maharashtra,19.9975,73.7898,26.67,19.98,32.53,0.0,50.3
2024-03-26,Pune,Maharashtra,18.5204,73.8567,26.35,21.46,34.05,0.0,56.6
2024-03-26,Hubballi,Karnataka,15.3647,75.124,26.63,21.47,33.22,0.0,51.5
2024-03-26,Kolar,Karnataka,13.1367,78.1292,24.64,20.02,31.16,0.0,44.1
2024-03-26,Ludhiana,Punjab,30.901,75.8573,26.49,20.06,34.39,0.0,48.7
2024-03-26,Agra,Uttar Pradesh,27.1767,78.0081,27.51,21.54,32.07,0.0,42.3
2024-03-27,Nashik,Maharashtra,19.9975,73.7898,27.46,21.84,31.61,0.0,48.7
2024-03-27,Pune,Maharashtra,18.5204,73.8567,27.98,20.96,34.0,0.0,56.6
2024-03-27,Hubballi,Karnataka,15.3647,75.124,27.4,21.78,34.1,0.0,54.2
2024-03-27,Kolar,Karnataka,13.1367,78.1292,24.25,19.22,30.95,1.36,50.5
2024-03-27,Ludhiana,Punjab,30.901,75.8573,27.75,22.63,36.07,12.17,41.7
2024-03-27,Agra,Uttar Pradesh,27.1767,78.0081,28.14,22.67,35.1,0.0,36.6
2024-03-28,Nashik,Maharashtra,19.9975,73.7898,32.78,26.04,39.08,0.0,53.6
2024-03-28,Pune,Maharashtra,18.5204,73.8567,24.18,16.88,30.48,0.0,54.6
2024-03-28,Hubballi,Karnataka,15.3647,75.124,27.04,19.78,35.13,0.0,49.9
2024-03-28,Kolar,Karnataka,13.1367,78.1292,25.93,18.59,31.72,0.0,55.0
2024-03-28,Ludhiana,Punjab,30.901,75.8573,26.18,21.12,34.62,0.0,36.9
2024-03-28,Agra,Uttar Pradesh,27.1767,78.0081,28.2,21.77,32.53,0.0,40.1
2024-03-29,Nashik,Maharashtra,19.9975,73.7898,26.95,22.7,33.5,0.53,50.5
2024-03-29,Pune,Maharashtra,18.5204,73.8567,25.53,19.23,31.68,1.17,50.9
2024-03-29,Hubballi,Karnataka,15.3647,75.124,27.4,20.04,33.8,0.0,43.1
2024-03-29,Kolar,Karnataka,13.1367,78.1292,25.46,18.78,32.59,0.0,57.2
2024-03-29,Ludhiana,Punjab,30.901,75.8573,24.51,18.22,31.47,0.0,47.5
2024-03-29,Agra,Uttar Pradesh,27.1767,78.0081,28.52,21.92,33.88,0.0,38.9
2024-03-30,Nashik,Maharashtra,19.9975,73.7898,27.82,21.95,34.63,0.0,52.2
2024-03-30,Pune,Maharashtra,18.5204,73.8567,24.56,18.9,30.17,0.0,57.6
2024-03-30,Hubballi,Karnataka,15.3647,75.124,29.22,23.67,36.25,0.0,53.0
2024-03-30,Kolar,Karnataka,13.1367,78.1292,26.55,22.1,34.61,0.0,49.7
2024-03-30,Ludhiana,Punjab,30.901,75.8573,26.6,20.47,31.85,0.0,48.1
2024-03-30,Agra,Uttar Pradesh,27.1767,78.0081,28.1,20.62,33.19,0.0,42.0
2024-03-31,Nashik,Maharashtra,19.9975,73.7898,27.83,22.85,35.45,0.0,49.8
2024-03-31,Pune,Maharashtra,18.5204,73.8567,26.66,22.62,32.73,0.0,54.5
2024-03-31,Hubballi,Karnataka,15.3647,75.124,28.81,21.35,35.19,4.9,49.3
2024-03-31,Kolar,Karnataka,13.1367,78.1292,28.08,20.63,33.8,0.64,55.3
2024-03-31,Ludhiana,Punjab,30.901,75.8573,22.69,15.57,28.94,0.0,44.4
2024-03-31,Agra,Uttar Pradesh,27.1767,78.0081,29.07,23.45,35.56,0.0,37.1
2024-04-01,Nashik,Maharashtra,19.9975,73.7898,27.8,22.71,34.4,0.0,50.5
2024-04-01,Pune,Maharashtra,18.5204,73.8567,25.95,19.5,34.19,0.0,49.7
2024-04-01,Hubballi,Karnataka,15.3647,75.124,26.94,19.86,33.05,0.0,53.3
2024-04-01,Kolar,Karnataka,13.1367,78.1292,27.61,20.47,32.89,0.0,52.2
2024-04-01,Ludhiana,Punjab,30.901,75.8573,28.13,20.98,33.63,0.0,48.1
2024-04-01,Agra,Uttar Pradesh,27.1767,78.0081,27.25,22.45,35.61,0.0,48.3
2024-04-02,Nashik,Maharashtra,19.9975,73.7898,27.67,22.09,34.94,0.0,55.3
2024-04-02,Pune,Maharashtra,18.5204,73.8567,26.74,19.4,33.0,0.0,56.7
2024-04-02,Hubballi,Karnataka,15.3647,75.124,31.28,27.11,39.07,0.72,53.3
2024-04-02,Kolar,Karnataka,13.1367,78.1292,27.24,21.81,34.69,0.0,53.8
2024-04-02,Ludhiana,Punjab,30.901,75.8573,24.65,19.79,30.13,0.0,47.4
2024-04-02,Agra,Uttar Pradesh,27.1767,78.0081,27.66,22.5,34.32,0.0,51.0
2024-04-03,Nashik,Maharashtra,19.9975,73.7898,27.37,21.42,35.39,1.3,48.5
2024-04-03,Pune,Maharashtra,18.5204,73.8567,28.79,24.63,35.82,4.07,59.6
2024-04-03,Hubballi,Karnataka,15.3647,75.124,28.71,23.34,34.31,0.0,50.3
2024-04-03,Kolar,Karnataka,13.1367,78.1292,27.81,22.35,33.8,0.0,60.2
2024-04-03,Ludhiana,Punjab,30.901,75.8573,27.77,22.75,32.23,0.0,42.1
2024-04-03,Agra,Uttar Pradesh,27.1767,78.0081,28.59,23.85,33.36,0.0,42.1
2024-04-04,Nashik,Maharashtra,19.9975,73.7898,26.94,20.56,32.92,0.0,58.4
2024-04-04,Pune,Maharashtra,18.5204,73.8567,26.64,20.72,32.19,0.0,60.4
2024-04-04,Hubballi,Karnataka,15.3647,75.124,25.76,18.5,33.1,0.0,49.1
2024-04-04,Kolar,Karnataka,13.1367,78.1292,26.29,19.6,34.33,0.0,51.6
2024-04-04,Ludhiana,Punjab,30.901,75.8573,25.62,20.85,30.09,0.0,42.1
2024-04-04,Agra,Uttar Pradesh,27.1767,78.0081,27.62,22.95,32.91,0.0,40.5
2024-04-05,Nashik,Maharashtra,19.9975,73.7898,29.44,24.73,35.7,0.0,54.3
2024-04-05,Pune,Maharashtra,18.5204,73.8567,26.82,21.26,32.87,0.0,52.0
2024-04-05,Hubballi,Karnataka,15.3647,75.124,28.1,22.57,36.4,0.0,45.2
2024-04-05,Kolar,Karnataka,13.1367,78.1292,23.98,19.95,30.3,1.65,61.1
2024-04-05,Ludhiana,Punjab,30.901,75.8573,25.14,18.15,32.3,0.0,45.0
2024-04-05,Agra,Uttar Pradesh,27.1767,78.0081,27.1,19.76,34.78,0.0,39.3
2024-04-06,Nashik,Maharashtra,19.9975,73.7898,28.42,21.68,35.33,0.0,47.5
2024-04-06,Pune,Maharashtra,18.5204,73.8567,24.71,18.08,29.16,0.0,52.6
2024-04-06,Hubballi,Karnataka,15.3647,75.124,27.07,20.98,32.65,0.0,48.0
2024-04-06,Kolar,Karnataka,13.1367,78.1292,26.47,22.15,34.7,0.0,50.4
2024-04-06,Ludhiana,Punjab,30.901,75.8573,27.37,21.5,34.74,0.0,47.0
2024-04-06,Agra,Uttar Pradesh,27.1767,78.0081,29.51,24.33,37.38,0.0,38.2
2024-04-07,Nashik,Maharashtra,19.9975,73.7898,26.32,20.57,32.9,0.0,53.1
2024-04-07,Pune,Maharashtra,18.5204,73.8567,25.5,20.05,32.94,0.0,52.2
2024-04-07,Hubballi,Karnataka,15.3647,75.124,28.7,22.96,33.17,0.0,51.2
2024-04-07,Kolar,Karnataka,13.1367,78.1292,25.05,18.51,29.63,0.0,55.4
2024-04-07,Ludhiana,Punjab,30.901,75.8573,26.16,21.11,32.49,1.49,41.8
2024-04-07,Agra,Uttar Pradesh,27.1767,78.0081,30.81,24.14,36.12,0.0,49.2
2024-04-08,Nashik,Maharashtra,19.9975,73.7898,27.0,20.44,33.62,0.0,49.9
2024-04-08,Pune,Maharashtra,18.5204,73.8567,27.12,21.27,33.39,0.0,56.6
2024-04-08,Hubballi,Karnataka,15.3647,75.124,29.21,25.18,35.53,0.0,46.0
2024-04-08,Kolar,Karnataka,13.1367,78.1292,24.99,19.03,29.47,0.0,58.6
2024-04-08,Ludhiana,Punjab,30.901,75.8573,27.26,22.41,33.12,0.0,47.4
2024-04-08,Agra,Uttar Pradesh,27.1767,78.0081,28.54,23.94,33.7,0.0,45.4
2024-04-09,Nashik,Maharashtra,19.9975,73.7898,26.02,19.12,32.92,0.0,55.2
2024-04-09,Pune,Maharashtra,18.5204,73.8567,29.16,23.59,34.15,0.0,52.9
2024-04-09,Hubballi,Karnataka,15.3647,75.124,28.03,22.87,36.2,0.0,52.9
2024-04-09,Kolar,Karnataka,13.1367,78.1292,27.08,21.6,33.94,0.0,49.9
2024-04-09,Ludhiana,Punjab,30.901,75.8573,26.61,21.36,30.84,0.0,42.9
2024-04-09,Agra,Uttar Pradesh,27.1767,78.0081,29.01,24.2,36.03,0.0,34.4
2024-04-10,Nashik,Maharashtra,19.9975,73.7898,28.65,24.03,34.43,0.0,45.1
2024-04-10,Pune,Maharashtra,18.5204,73.8567,27.97,22.78,35.49,0.0,54.2
2024-04-10,Hubballi,Karnataka,15.3647,75.124,29.32,22.1,33.6,0.0,58.9
2024-04-10,Kolar,Karnataka,13.1367,78.1292,25.95,21.35,33.86,0.0,56.4
2024-04-10,Ludhiana,Punjab,30.901,75.8573,28.32,23.58,33.78,0.0,48.7
2024-04-10,Agra,Uttar Pradesh,27.1767,78.0081,31.65,25.14,36.53,0.0,38.2
2024-04-11,Nashik,Maharashtra,19.9975,73.7898,26.58,20.73,34.94,0.0,50.3
2024-04-11,Pune,Maharashtra,18.5204,73.8567,27.83,20.79,35.12,0.0,53.5
2024-04-11,Hubballi,Karnataka,15.3647,75.124,29.15,23.23,34.47,0.0,51.3
2024-04-11,Kolar,Karnataka,13.1367,78.1292,25.55,20.28,30.63,0.0,47.8
2024-04-11,Ludhiana,Punjab,30.901,75.8573,26.76,21.76,31.79,0.0,43.3
2024-04-11,Agra,Uttar Pradesh,27.1767,78.0081,30.11,24.4,37.91,0.0,44.7
2024-04-12,Nashik,Maharashtra,19.9975,73.7898,27.58,20.5,32.01,0.0,55.5
2024-04-12,Pune,Maharashtra,18.5204,73.8567,27.25,22.82,32.83,0.0,52.9
2024-04-12,Hubballi,Karnataka,15.3647,75.124,28.47,22.47,33.27,0.0,53.7
2024-04-12,Kolar,Karnataka,13.1367,78.1292,27.83,22.12,32.95,0.0,54.4
2024-04-12,Ludhiana,Punjab,30.901,75.8573,26.74,21.39,34.14,0.0,47.5
2024-04-12,Agra,Uttar Pradesh,27.1767,78.0081,29.14,23.91,37.08,0.0,38.2
2024-04-13,Nashik,Maharashtra,19.9975,73.7898,26.28,22.14,34.66,0.0,53.9
2024-04-13,Pune,Maharashtra,18.5204,73.8567,27.44,23.37,32.03,2.24,56.0
2024-04-13,Hubballi,Karnataka,15.3647,75.124,28.11,22.5,34.23,0.0,55.7
2024-04-13,Kolar,Karnataka,13.1367,78.1292,25.1,21.05,31.55,0.0,44.8
2024-04-13,Ludhiana,Punjab,30.901,75.8573,28.12,23.66,33.56,0.0,46.6
2024-04-13,Agra,Uttar Pradesh,27.1767,78.0081,30.25,26.06,36.18,0.0,41.5
2024-04-14,Nashik,Maharashtra,19.9975,73.7898,27.38,20.28,33.79,0.0,52.8
2024-04-14,Pune,Maharashtra,18.5204,73.8567,27.15,22.24,32.01,0.0,68.3
2024-04-14,Hubballi,Karnataka,15.3647,75.124,27.94,20.63,35.98,0.0,49.1
2024-04-14,Kolar,Karnataka,13.1367,78.1292,25.19,20.11,32.34,1.38,42.7
2024-04-14,Ludhiana,Punjab,30.901,75.8573,29.41,22.62,36.76,0.0,47.5
2024-04-14,Agra,Uttar Pradesh,27.1767,78.0081,28.04,22.64,35.74,0.0,49.5
2024-04-15,Nashik,Maharashtra,19.9975,73.7898,27.73,20.81,34.3,0.0,47.8
2024-04-15,Pune,Maharashtra,18.5204,73.8567,27.99,21.79,32.77,0.0,53.8
2024-04-15,Hubballi,Karnataka,15.3647,75.124,28.47,22.74,35.61,0.0,43.2
2024-04-15,Kolar,Karnataka,13.1367,78.1292,27.15,20.73,35.62,0.0,46.0
2024-04-15,Ludhiana,Punjab,30.901,75.8573,27.75,21.23,34.81,0.0,45.1
2024-04-15,Agra,Uttar Pradesh,27.1767,78.0081,30.12,23.0,36.87,0.0,41.6
2024-04-16,Nashik,Maharashtra,19.9975,73.7898,29.32,22.36,35.54,0.0,48.4
2024-04-16,Pune,Maharashtra,18.5204,73.8567,29.88,24.14,36.05,0.0,54.4
2024-04-16,Hubballi,Karnataka,15.3647,75.124,28.71,23.63,33.57,0.0,51.7
2024-04-16,Kolar,Karnataka,13.1367,78.1292,24.79,19.84,33.29,0.0,56.9
2024-04-16,Ludhiana,Punjab,30.901,75.8573,29.11,24.29,33.93,0.0,39.0
2024-04-16,Agra,Uttar Pradesh,27.1767,78.0081,29.81,24.03,36.23,0.0,43.3
2024-04-17,Nashik,Maharashtra,19.9975,73.7898,31.41,25.45,37.06,0.0,48.7
2024-04-17,Pune,Maharashtra,18.5204,73.8567,30.93,24.0,37.24,0.0,51.8
2024-04-17,Hubballi,Karnataka,15.3647,75.124,31.4,25.74,36.4,0.0,46.1
2024-04-17,Kolar,Karnataka,13.1367,78.1292,27.89,20.59,32.7,0.0,58.0
2024-04-17,Ludhiana,Punjab,30.901,75.8573,29.01,24.79,36.8,0.0,45.8
2024-04-17,Agra,Uttar Pradesh,27.1767,78.0081,30.6,24.96,35.99,0.0,46.5
2024-04-18,Nashik,Maharashtra,19.9975,73.7898,29.57,24.53,35.43,0.0,53.9
2024-04-18,Pune,Maharashtra,18.5204,73.8567,30.42,24.41,35.46,0.0,55.5
2024-04-18,Hubballi,Karnataka,15.3647,75.124,27.38,21.09,32.41,0.0,55.2
2024-04-18,Kolar,Karnataka,13.1367,78.1292,27.32,22.61,33.27,0.0,51.6
2024-04-18,Ludhiana,Punjab,30.901,75.8573,30.21,23.56,37.5,0.0,35.2
2024-04-18,Agra,Uttar Pradesh,27.1767,78.0081,29.79,24.03,35.09,0.0,29.9
2024-04-19,Nashik,Maharashtra,19.9975,73.7898,33.36,28.6,39.05,0.0,48.7
2024-04-19,Pune,Maharashtra,18.5204,73.8567,29.03,22.03,33.6,0.0,56.0
2024-04-19,Hubballi,Karnataka,15.3647,75.124,27.04,21.22,34.29,0.0,50.1
2024-04-19,Kolar,Karnataka,13.1367,78.1292,29.43,22.35,35.27,0.0,57.3
2024-04-19,Ludhiana,Punjab,30.901,75.8573,29.36,24.08,36.52,0.0,49.7
2024-04-19,Agra,Uttar Pradesh,27.1767,78.0081,30.42,25.06,36.09,0.0,40.3
2024-04-20,Nashik,Maharashtra,19.9975,73.7898,27.94,23.91,34.58,0.0,50.4
2024-04-20,Pune,Maharashtra,18.5204,73.8567,29.34,21.85,36.37,0.0,53.3
2024-04-20,Hubballi,Karnataka,15.3647,75.124,30.43,25.78,36.07,2.62,55.5
2024-04-20,Kolar,Karnataka,13.1367,78.1292,28.01,21.68,34.34,0.0,48.3
2024-04-20,Ludhiana,Punjab,30.901,75.8573,28.68,22.6,33.17,0.0,50.4
2024-04-20,Agra,Uttar Pradesh,27.1767,78.0081,31.13,26.68,36.84,0.0,42.0
2024-04-21,Nashik,Maharashtra,19.9975,73.7898,31.17,25.09,35.59,0.0,49.5
2024-04-21,Pune,Maharashtra,18.5204,73.8567,28.4,22.63,33.98,0.0,57.8
2024-04-21,Hubballi,Karnataka,15.3647,75.124,27.66,23.12,34.15,0.0,46.2
2024-04-21,Kolar,Karnataka,13.1367,78.1292,28.75,22.22,36.59,0.0,56.0
2024-04-21,Ludhiana,Punjab,30.901,75.8573,30.9,26.71,35.95,0.0,44.9
2024-04-21,Agra,Uttar Pradesh,27.1767,78.0081,30.68,25.35,35.96,0.0,46.1
2024-04-22,Nashik,Maharashtra,19.9975,73.7898,28.04,23.42,32.53,0.0,49.8
2024-04-22,Pune,Maharashtra,18.5204,73.8567,29.87,23.32,37.85,0.0,54.8
2024-04-22,Hubballi,Karnataka,15.3647,75.124,29.67,24.18,34.73,0.0,50.7
2024-04-22,Kolar,Karnataka,13.1367,78.1292,28.93,24.48,34.32,0.0,55.8
2024-04-22,Ludhiana,Punjab,30.901,75.8573,29.46,22.73,35.09,0.0,42.2
2024-04-22,Agra,Uttar Pradesh,27.1767,78.0081,30.67,26.54,35.19,0.0,35.1
2024-04-23,Nashik,Maharashtra,19.9975,73.7898,29.28,21.98,37.49,0.0,46.2
2024-04-23,Pune,Maharashtra,18.5204,73.8567,30.26,24.74,38.67,0.0,50.6
2024-04-23,Hubballi,Karnataka,15.3647,75.124,31.07,26.9,35.69,13.21,51.9
2024-04-23,Kolar,Karnataka,13.1367,78.1292,27.13,22.27,31.59,0.0,51.4
2024-04-23,Ludhiana,Punjab,30.901,75.8573,30.23,24.7,36.3,0.0,43.3
2024-04-23,Agra,Uttar Pradesh,27.1767,78.0081,31.99,25.83,38.88,0.0,42.0
2024-04-24,Nashik,Maharashtra,19.9975,73.7898,30.78,24.43,38.06,0.0,49.8
2024-04-24,Pune,Maharashtra,18.5204,73.8567,30.21,26.03,34.69,0.0,54.5
2024-04-24,Hubballi,Karnataka,15.3647,75.124,31.4,24.88,38.13,0.0,46.3
2024-04-24,Kolar,Karnataka,13.1367,78.1292,27.72,20.67,32.95,0.0,47.5
2024-04-24,Ludhiana,Punjab,30.901,75.8573,30.54,25.28,35.73,0.0,46.6
2024-04-24,Agra,Uttar Pradesh,27.1767,78.0081,33.9,28.49,40.96,0.0,38.1
2024-04-25,Nashik,Maharashtra,19.9975,73.7898,28.5,23.19,33.8,0.0,50.4
2024-04-25,Pune,Maharashtra,18.5204,73.8567,26.77,20.66,32.76,0.0,52.6
2024-04-25,Hubballi,Karnataka,15.3647,75.124,30.25,23.06,37.77,0.0,51.0
2024-04-25,Kolar,Karnataka,13.1367,78.1292,26.16,18.74,33.25,0.0,52.2
2024-04-25,Ludhiana,Punjab,30.901,75.8573,25.86,20.0,33.84,0.0,42.8
2024-04-25,Agra,Uttar Pradesh,27.1767,78.0081,32.76,28.39,41.18,0.0,47.4
2024-04-26,Nashik,Maharashtra,19.9975,73.7898,30.15,24.91,34.47,0.0,54.6
2024-04-26,Pune,Maharashtra,18.5204,73.8567,29.3,22.19,36.34,0.0,50.9
2024-04-26,Hubballi,Karnataka,15.3647,75.124,30.04,24.88,35.47,0.0,47.5
2024-04-26,Kolar,Karnataka,13.1367,78.1292,26.17,19.8,32.15,0.0,49.6
2024-04-26,Ludhiana,Punjab,30.901,75.8573,29.22,24.9,36.66,0.0,38.1
2024-04-26,Agra,Uttar Pradesh,27.1767,78.0081,30.08,25.74,36.83,0.0,44.4
2024-04-27,Nashik,Maharashtra,19.9975,73.7898,28.34,22.66,35.73,0.0,47.1
2024-04-27,Pune,Maharashtra,18.5204,73.8567,29.74,25.3,35.02,0.0,56.3
2024-04-27,Hubballi,Karnataka,15.3647,75.124,29.96,25.2,37.05,0.0,51.1
2024-04-27,Kolar,Karnataka,13.1367,78.1292,28.28,22.53,34.76,0.0,48.9
2024-04-27,Ludhiana,Punjab,30.901,75.8573,28.94,21.95,33.98,0.0,53.5
2024-04-27,Agra,Uttar Pradesh,27.1767,78.0081,33.09,27.08,38.48,0.0,44.0
2024-04-28,Nashik,Maharashtra,19.9975,73.7898,31.06,25.83,38.7,0.0,45.0
2024-04-28,Pune,Maharashtra,18.5204,73.8567,29.22,23.47,34.71,0.0,51.0
2024-04-28,Hubballi,Karnataka,15.3647,75.124,30.01,22.61,36.37,0.0,50.7
2024-04-28,Kolar,Karnataka,13.1367,78.1292,23.87,18.76,31.35,0.0,55.1
2024-04-28,Ludhiana,Punjab,30.901,75.8573,29.68,23.41,34.12,0.0,49.6
2024-04-28,Agra,Uttar Pradesh,27.1767,78.0081,32.46,25.91,39.54,0.0,43.8
2024-04-29,Nashik,Maharashtra,19.9975,73.7898,28.67,21.34,34.53,0.0,53.6
2024-04-29,Pune,Maharashtra,18.5204,73.8567,28.35,22.2,33.16,0.0,52.3
2024-04-29,Hubballi,Karnataka,15.3647,75.124,29.59,23.44,35.39,0.0,49.4
2024-04-29,Kolar,Karnataka,13.1367,78.1292,28.81,23.13,34.29,0.0,54.8
2024-04-29,Ludhiana,Punjab,30.901,75.8573,29.29,22.64,37.09,0.0,45.9
2024-04-29,Agra,Uttar Pradesh,27.1767,78.0081,30.63,24.15,38.81,0.0,47.0
2024-04-30,Nashik,Maharashtra,19.9975,73.7898,30.98,24.49,36.02,0.0,56.8
2024-04-30,Pune,Maharashtra,18.5204,73.8567,29.46,23.16,36.17,0.0,50.6
2024-04-30,Hubballi,Karnataka,15.3647,75.124,29.46,22.02,35.95,0.0,48.8
2024-04-30,Kolar,Karnataka,13.1367,78.1292,27.67,21.88,34.91,0.0,53.1
2024-04-30,Ludhiana,Punjab,30.901,75.8573,30.86,25.0,37.37,0.0,44.8
2024-04-30,Agra,Uttar Pradesh,27.1767,78.0081,32.68,27.02,37.88,0.0,40.8
2024-05-01,Nashik,Maharashtra,19.9975,73.7898,30.57,25.36,36.31,0.0,54.8
2024-05-01,Pune,Maharashtra,18.5204,73.8567,29.73,25.3,34.46,0.0,52.5
2024-05-01,Hubballi,Karnataka,15.3647,75.124,28.43,23.64,35.46,0.0,52.4
2024-05-01,Kolar,Karnataka,13.1367,78.1292,28.39,23.77,33.42,0.0,50.3
2024-05-01,Ludhiana,Punjab,30.901,75.8573,31.51,25.79,39.28,0.0,51.8
2024-05-01,Agra,Uttar Pradesh,27.1767,78.0081,33.07,26.15,39.55,1.06,43.5
2024-05-02,Nashik,Maharashtra,19.9975,73.7898,31.43,24.13,36.94,0.0,56.6
2024-05-02,Pune,Maharashtra,18.5204,73.8567,30.63,25.23,38.49,5.2,61.6
2024-05-02,Hubballi,Karnataka,15.3647,75.124,28.03,21.37,36.38,0.0,49.5
2024-05-02,Kolar,Karnataka,13.1367,78.1292,25.87,18.49,32.46,0.0,50.0
2024-05-02,Ludhiana,Punjab,30.901,75.8573,32.0,25.55,39.22,0.0,46.3
2024-05-02,Agra,Uttar Pradesh,27.1767,78.0081,30.85,24.93,39.19,0.0,50.9
2024-05-03,Nashik,Maharashtra,19.9975,73.7898,28.05,22.27,35.94,0.0,58.3
2024-05-03,Pune,Maharashtra,18.5204,73.8567,29.87,24.64,36.46,0.0,58.5
2024-05-03,Hubballi,Karnataka,15.3647,75.124,31.97,27.45,40.44,0.0,52.9
2024-05-03,Kolar,Karnataka,13.1367,78.1292,26.91,22.3,32.92,0.0,51.5
2024-05-03,Ludhiana,Punjab,30.901,75.8573,32.08,25.47,36.84,0.0,50.8
2024-05-03,Agra,Uttar Pradesh,27.1767,78.0081,31.03,26.54,38.53,0.0,48.1
2024-05-04,Nashik,Maharashtra,19.9975,73.7898,29.65,23.45,37.32,0.0,56.3
2024-05-04,Pune,Maharashtra,18.5204,73.8567,28.9,24.88,36.63,0.0,48.6
2024-05-04,Hubballi,Karnataka,15.3647,75.124,30.46,24.59,37.2,0.0,51.0
2024-05-04,Kolar,Karnataka,13.1367,78.1292,28.57,24.1,32.66,0.0,51.6
2024-05-04,Ludhiana,Punjab,30.901,75.8573,28.71,22.61,34.99,0.0,42.2
2024-05-04,Agra,Uttar Pradesh,27.1767,78.0081,32.82,27.3,37.51,0.0,43.1
2024-05-05,Nashik,Maharashtra,19.9975,73.7898,32.34,26.01,37.8,0.0,56.2
2024-05-05,Pune,Maharashtra,18.5204,73.8567,28.62,21.44,34.5,0.0,53.8
2024-05-05,Hubballi,Karnataka,15.3647,75.124,31.06,25.81,37.27,0.0,52.0
2024-05-05,Kolar,Karnataka,13.1367,78.1292,25.85,19.24,30.62,0.0,52.0
2024-05-05,Ludhiana,Punjab,30.901,75.8573,30.16,24.8,35.54,0.0,36.4
2024-05-05,Agra,Uttar Pradesh,27.1767,78.0081,32.28,25.65,38.74,0.0,42.5
2024-05-06,Nashik,Maharashtra,19.9975,73.7898,32.29,27.8,38.45,0.0,55.6
2024-05-06,Pune,Maharashtra,18.5204,73.8567,30.14,25.31,36.91,0.0,53.2
2024-05-06,Hubballi,Karnataka,15.3647,75.124,30.38,24.33,36.56,0.0,48.1
2024-05-06,Kolar,Karnataka,13.1367,78.1292,28.36,23.89,36.31,0.0,58.4
2024-05-06,Ludhiana,Punjab,30.901,75.8573,30.53,24.64,34.96,0.0,48.0
2024-05-06,Agra,Uttar Pradesh,27.1767,78.0081,31.31,27.11,36.19,0.0,35.3
2024-05-07,Nashik,Maharashtra,19.9975,73.7898,31.1,23.81,36.46,0.0,50.0
2024-05-07,Pune,Maharashtra,18.5204,73.8567,29.24,24.75,34.77,0.0,57.6
2024-05-07,Hubballi,Karnataka,15.3647,75.124,29.81,22.63,38.22,1.8,46.4
2024-05-07,Kolar,Karnataka,13.1367,78.1292,28.75,23.84,37.01,0.0,49.5
2024-05-07,Ludhiana,Punjab,30.901,75.8573,29.61,23.41,34.47,0.0,50.9
2024-05-07,Agra,Uttar Pradesh,27.1767,78.0081,32.33,27.28,40.42,0.0,45.2
2024-05-08,Nashik,Maharashtra,19.9975,73.7898,29.58,22.63,34.8,0.0,54.2
2024-05-08,Pune,Maharashtra,18.5204,73.8567,30.66,26.07,35.71,0.0,46.8
2024-05-08,Hubballi,Karnataka,15.3647,75.124,30.76,25.2,35.11,0.0,47.2
2024-05-08,Kolar,Karnataka,13.1367,78.1292,29.16,22.22,35.01,0.0,56.7
2024-05-08,Ludhiana,Punjab,30.901,75.8573,29.6,24.3,34.29,0.0,44.8
2024-05-08,Agra,Uttar Pradesh,27.1767,78.0081,33.25,28.56,41.53,0.0,46.8
2024-05-09,Nashik,Maharashtra,19.9975,73.7898,32.33,26.89,38.52,0.0,51.8
2024-05-09,Pune,Maharashtra,18.5204,73.8567,30.05,25.38,38.02,0.0,60.3
2024-05-09,Hubballi,Karnataka,15.3647,75.124,29.36,24.08,34.77,0.0,49.7
2024-05-09,Kolar,Karnataka,13.1367,78.1292,26.03,21.6,30.93,0.0,54.0
2024-05-09,Ludhiana,Punjab,30.901,75.8573,32.34,27.28,39.66,0.0,47.0
2024-05-09,Agra,Uttar Pradesh,27.1767,78.0081,34.51,30.45,39.19,0.0,42.0
2024-05-10,Nashik,Maharashtra,19.9975,73.7898,31.5,25.81,36.66,0.26,52.3
2024-05-10,Pune,Maharashtra,18.5204,73.8567,28.89,23.14,34.17,0.0,56.8
2024-05-10,Hubballi,Karnataka,15.3647,75.124,29.98,24.89,35.55,0.0,45.7
2024-05-10,Kolar,Karnataka,13.1367,78.1292,28.67,23.37,36.99,0.0,57.2
2024-05-10,Ludhiana,Punjab,30.901,75.8573,28.71,24.66,35.92,0.0,47.4
2024-05-10,Agra,Uttar Pradesh,27.1767,78.0081,31.22,24.45,39.08,0.0,37.3
2024-05-11,Nashik,Maharashtra,19.9975,73.7898,30.51,23.63,38.98,0.0,48.3
2024-05-11,Pune,Maharashtra,18.5204,73.8567,30.91,25.99,35.4,0.0,53.0
2024-05-11,Hubballi,Karnataka,15.3647,75.124,31.68,26.11,39.16,0.0,48.9
2024-05-11,Kolar,Karnataka,13.1367,78.1292,28.28,24.07,33.47,0.0,49.1
2024-05-11,Ludhiana,Punjab,30.901,75.8573,32.65,25.17,37.42,0.0,50.4
2024-05-11,Agra,Uttar Pradesh,27.1767,78.0081,31.58,26.05,38.25,0.0,42.4
2024-05-12,Nashik,Maharashtra,19.9975,73.7898,31.3,24.41,37.77,0.0,46.7
2024-05-12,Pune,Maharashtra,18.5204,73.8567,30.38,26.18,36.53,0.0,57.8
2024-05-12,Hubballi,Karnataka,15.3647,75.124,30.8,24.47,35.1,7.59,50.1
2024-05-12,Kolar,Karnataka,13.1367,78.1292,28.96,24.48,33.46,0.0,53.8
2024-05-12,Ludhiana,Punjab,30.901,75.8573,30.46,23.18,36.28,0.0,41.7
2024-05-12,Agra,Uttar Pradesh,27.1767,78.0081,32.6,27.3,39.07,0.0,42.8
2024-05-13,Nashik,Maharashtra,19.9975,73.7898,30.16,23.0,36.71,0.0,52.3
2024-05-13,Pune,Maharashtra,18.5204,73.8567,30.1,23.49,36.17,0.0,53.0
2024-05-13,Hubballi,Karnataka,15.3647,75.124,32.14,27.98,36.2,4.03,44.4
2024-05-13,Kolar,Karnataka,13.1367,78.1292,28.31,22.45,32.94,0.0,48.2
2024-05-13,Ludhiana,Punjab,30.901,75.8573,29.76,24.77,35.17,0.0,42.6
2024-05-13,Agra,Uttar Pradesh,27.1767,78.0081,31.54,24.14,35.75,0.15,40.1
2024-05-14,Nashik,Maharashtra,19.9975,73.7898,28.89,22.24,34.16,0.0,47.7
2024-05-14,Pune,Maharashtra,18.5204,73.8567,28.42,21.59,36.56,0.0,57.7
2024-05-14,Hubballi,Karnataka,15.3647,75.124,28.67,24.44,35.5,0.0,45.1
2024-05-14,Kolar,Karnataka,13.1367,78.1292,27.63,20.38,33.52,0.0,49.0
2024-05-14,Ludhiana,Punjab,30.901,75.8573,32.05,25.38,36.16,0.0,41.3
2024-05-14,Agra,Uttar Pradesh,27.1767,78.0081,32.67,26.07,38.86,0.0,49.7
2024-05-15,Nashik,Maharashtra,19.9975,73.7898,28.85,21.57,36.28,0.0,40.9
2024-05-15,Pune,Maharashtra,18.5204,73.8567,30.35,23.58,37.05,0.0,58.9
2024-05-15,Hubballi,Karnataka,15.3647,75.124,32.56,26.89,39.46,0.0,51.2
2024-05-15,Kolar,Karnataka,13.1367,78.1292,27.44,21.08,31.94,0.0,54.5
2024-05-15,Ludhiana,Punjab,30.901,75.8573,31.47,25.69,38.18,0.0,48.4
2024-05-15,Agra,Uttar Pradesh,27.1767,78.0081,33.5,26.78,39.83,0.0,38.5
2024-05-16,Nashik,Maharashtra,19.9975,73.7898,31.72,24.36,39.02,0.0,49.1
2024-05-16,Pune,Maharashtra,18.5204,73.8567,29.2,24.41,34.74,0.0,53.3
2024-05-16,Hubballi,Karnataka,15.3647,75.124,30.31,25.66,38.57,0.0,48.6
2024-05-16,Kolar,Karnataka,13.1367,78.1292,26.99,21.14,35.24,0.0,49.1
2024-05-16,Ludhiana,Punjab,30.901,75.8573,33.08,27.17,39.25,0.0,43.4
2024-05-16,Agra,Uttar Pradesh,27.1767,78.0081,33.99,26.54,39.68,0.0,44.6
2024-05-17,Nashik,Maharashtra,19.9975,73.7898,30.16,23.09,35.33,0.0,57.6
2024-05-17,Pune,Maharashtra,18.5204,73.8567,31.92,26.1,37.3,0.0,51.4
2024-05-17,Hubballi,Karnataka,15.3647,75.124,30.11,24.44,35.52,0.0,53.7
2024-05-17,Kolar,Karnataka,13.1367,78.1292,29.47,24.37,37.71,7.24,54.2
2024-05-17,Ludhiana,Punjab,30.901,75.8573,33.77,28.7,38.66,0.0,43.0
2024-05-17,Agra,Uttar Pradesh,27.1767,78.0081,32.92,28.14,37.81,0.0,46.5
2024-05-18,Nashik,Maharashtra,19.9975,73.7898,32.03,24.83,36.83,0.0,52.3
2024-05-18,Pune,Maharashtra,18.5204,73.8567,31.88,26.89,38.03,0.0,52.8
2024-05-18,Hubballi,Karnataka,15.3647,75.124,30.86,24.48,37.27,0.0,54.4
2024-05-18,Kolar,Karnataka,13.1367,78.1292,28.72,23.47,35.8,0.0,56.6
2024-05-18,Ludhiana,Punjab,30.901,75.8573,34.13,27.08,41.29,0.0,47.5
2024-05-18,Agra,Uttar Pradesh,27.1767,78.0081,31.97,27.03,37.64,4.91,40.6
2024-05-19,Nashik,Maharashtra,19.9975,73.7898,31.6,27.27,37.22,0.0,45.3
2024-05-19,Pune,Maharashtra,18.5204,73.8567,28.9,24.32,35.88,0.0,48.3
2024-05-19,Hubballi,Karnataka,15.3647,75.124,31.77,27.04,39.97,0.0,54.7
2024-05-19,Kolar,Karnataka,13.1367,78.1292,30.19,23.71,35.59,0.0,55.2
2024-05-19,Ludhiana,Punjab,30.901,75.8573,33.71,29.22,40.83,0.0,50.3
2024-05-19,Agra,Uttar Pradesh,27.1767,78.0081,33.54,27.74,38.61,0.49,45.9
2024-05-20,Nashik,Maharashtra,19.9975,73.7898,29.99,24.22,38.15,0.55,56.9
2024-05-20,Pune,Maharashtra,18.5204,73.8567,31.02,23.62,39.23,0.0,59.1
2024-05-20,Hubballi,Karnataka,15.3647,75.124,32.28,27.22,40.31,0.0,50.8
2024-05-20,Kolar,Karnataka,13.1367,78.1292,30.21,24.28,35.03,0.0,52.2
2024-05-20,Ludhiana,Punjab,30.901,75.8573,31.06,23.93,36.87,0.0,42.3
2024-05-20,Agra,Uttar Pradesh,27.1767,78.0081,34.7,27.8,40.77,0.0,41.7
2024-05-21,Nashik,Maharashtra,19.9975,73.7898,32.13,25.44,40.59,0.0,54.2
2024-05-21,Pune,Maharashtra,18.5204,73.8567,31.14,26.57,35.26,0.0,55.0
2024-05-21,Hubballi,Karnataka,15.3647,75.124,31.88,27.35,36.97,0.0,42.3
2024-05-21,Kolar,Karnataka,13.1367,78.1292,27.9,22.1,34.42,0.0,49.4
2024-05-21,Ludhiana,Punjab,30.901,75.8573,31.05,26.2,38.14,7.14,45.4
2024-05-21,Agra,Uttar Pradesh,27.1767,78.0081,35.18,29.59,41.06,4.13,41.5
2024-05-22,Nashik,Maharashtra,19.9975,73.7898,30.73,26.31,35.83,0.0,54.0
2024-05-22,Pune,Maharashtra,18.5204,73.8567,30.37,23.47,37.75,0.0,53.5
2024-05-22,Hubballi,Karnataka,15.3647,75.124,31.22,26.39,38.87,0.0,48.5
2024-05-22,Kolar,Karnataka,13.1367,78.1292,30.49,25.75,35.08,0.0,55.0
2024-05-22,Ludhiana,Punjab,30.901,75.8573,29.94,23.6,37.42,0.0,42.1
2024-05-22,Agra,Uttar Pradesh,27.1767,78.0081,33.8,29.03,42.15,0.0,39.2
2024-05-23,Nashik,Maharashtra,19.9975,73.7898,32.03,24.72,36.21,0.0,51.6
2024-05-23,Pune,Maharashtra,18.5204,73.8567,28.91,22.69,33.38,0.0,54.5
2024-05-23,Hubballi,Karnataka,15.3647,75.124,30.97,24.79,36.9,0.0,49.7
2024-05-23,Kolar,Karnataka,13.1367,78.1292,28.84,23.85,37.24,0.0,51.7
2024-05-23,Ludhiana,Punjab,30.901,75.8573,33.86,29.37,38.44,0.0,47.0
2024-05-23,Agra,Uttar Pradesh,27.1767,78.0081,35.01,28.55,42.9,0.0,41.8
2024-05-24,Nashik,Maharashtra,19.9975,73.7898,32.85,25.63,39.81,0.0,54.8
2024-05-24,Pune,Maharashtra,18.5204,73.8567,30.43,23.54,34.89,0.0,53.4
2024-05-24,Hubballi,Karnataka,15.3647,75.124,30.49,25.1,34.96,0.34,47.6
2024-05-24,Kolar,Karnataka,13.1367,78.1292,29.62,25.44,37.67,0.0,57.7
2024-05-24,Ludhiana,Punjab,30.901,75.8573,31.86,25.63,39.04,0.0,42.6
2024-05-24,Agra,Uttar Pradesh,27.1767,78.0081,33.61,26.31,41.82,0.0,38.1
2024-05-25,Nashik,Maharashtra,19.9975,73.7898,29.75,23.64,34.17,0.0,54.7
2024-05-25,Pune,Maharashtra,18.5204,73.8567,30.92,25.44,38.16,0.0,55.5
2024-05-25,Hubballi,Karnataka,15.3647,75.124,30.5,26.17,36.99,0.0,45.0
2024-05-25,Kolar,Karnataka,13.1367,78.1292,27.42,21.11,31.5,0.0,55.1
2024-05-25,Ludhiana,Punjab,30.901,75.8573,32.98,27.58,39.44,0.0,42.9
2024-05-25,Agra,Uttar Pradesh,27.1767,78.0081,33.3,26.2,40.2,0.0,41.7
2024-05-26,Nashik,Maharashtra,19.9975,73.7898,31.2,27.05,38.24,0.0,50.9
2024-05-26,Pune,Maharashtra,18.5204,73.8567,31.17,24.3,36.77,0.0,48.8
2024-05-26,Hubballi,Karnataka,15.3647,75.124,30.04,25.95,34.09,0.0,45.3
2024-05-26,Kolar,Karnataka,13.1367,78.1292,28.33,22.71,34.41,0.0,54.2
2024-05-26,Ludhiana,Punjab,30.901,75.8573,32.48,27.61,37.16,1.01,46.5
2024-05-26,Agra,Uttar Pradesh,27.1767,78.0081,33.35,28.64,38.83,0.0,39.8
2024-05-27,Nashik,Maharashtra,19.9975,73.7898,32.12,27.97,38.14,0.0,57.9
2024-05-27,Pune,Maharashtra,18.5204,73.8567,29.14,22.0,37.51,0.0,55.2
2024-05-27,Hubballi,Karnataka,15.3647,75.124,32.15,25.73,40.17,0.0,52.0
2024-05-27,Kolar,Karnataka,13.1367,78.1292,30.03,23.39,35.1,0.0,46.8
2024-05-27,Ludhiana,Punjab,30.901,75.8573,32.69,25.41,38.91,0.0,49.9
2024-05-27,Agra,Uttar Pradesh,27.1767,78.0081,35.43,29.36,40.26,0.0,43.7
2024-05-28,Nashik,Maharashtra,19.9975,73.7898,33.94,29.19,42.42,0.0,52.7
2024-05-28,Pune,Maharashtra,18.5204,73.8567,31.48,26.8,38.88,0.0,54.6
2024-05-28,Hubballi,Karnataka,15.3647,75.124,29.29,23.13,35.55,0.0,49.3
2024-05-28,Kolar,Karnataka,13.1367,78.1292,30.55,25.25,36.68,0.0,49.1
2024-05-28,Ludhiana,Punjab,30.901,75.8573,32.78,26.36,41.0,0.0,41.9
2024-05-28,Agra,Uttar Pradesh,27.1767,78.0081,32.86,25.4,39.33,0.0,46.4
2024-05-29,Nashik,Maharashtra,19.9975,73.7898,31.89,25.72,37.88,0.0,48.4
2024-05-29,Pune,Maharashtra,18.5204,73.8567,31.8,26.89,39.77,0.0,56.4
2024-05-29,Hubballi,Karnataka,15.3647,75.124,29.94,23.42,36.94,0.0,49.6
2024-05-29,Kolar,Karnataka,13.1367,78.1292,28.03,23.58,33.33,0.0,56.1
2024-05-29,Ludhiana,Punjab,30.901,75.8573,31.82,25.38,37.77,0.0,42.1
2024-05-29,Agra,Uttar Pradesh,27.1767,78.0081,34.1,29.12,41.18,0.0,47.5
2024-05-30,Nashik,Maharashtra,19.9975,73.7898,31.72,25.01,36.26,0.0,50.1
2024-05-30,Pune,Maharashtra,18.5204,73.8567,30.61,26.14,37.55,0.0,55.4
2024-05-30,Hubballi,Karnataka,15.3647,75.124,31.83,25.27,37.06,0.0,48.7
2024-05-30,Kolar,Karnataka,13.1367,78.1292,29.25,24.91,34.32,0.0,49.0
2024-05-30,Ludhiana,Punjab,30.901,75.8573,33.94,27.03,38.75,0.0,43.5
2024-05-30,Agra,Uttar Pradesh,27.1767,78.0081,31.35,25.15,36.08,10.06,36.9
2024-05-31,Nashik,Maharashtra,19.9975,73.7898,32.8,28.32,39.91,2.38,48.7
2024-05-31,Pune,Maharashtra,18.5204,73.8567,29.72,23.37,34.08,0.0,50.8
2024-05-31,Hubballi,Karnataka,15.3647,75.124,29.25,24.85,34.02,0.0,63.2
2024-05-31,Kolar,Karnataka,13.1367,78.1292,26.45,21.55,33.96,0.0,55.3
2024-05-31,Ludhiana,Punjab,30.901,75.8573,34.68,27.81,42.73,0.0,41.8
2024-05-31,Agra,Uttar Pradesh,27.1767,78.0081,34.04,29.82,41.34,0.0,42.3
2024-06-01,Nashik,Maharashtra,19.9975,73.7898,30.49,23.99,36.72,14.26,82.3
2024-06-01,Pune,Maharashtra,18.5204,73.8567,32.73,26.78,39.07,0.0,80.0
2024-06-01,Hubballi,Karnataka,15.3647,75.124,29.14,25.02,35.41,44.13,74.3
2024-06-01,Kolar,Karnataka,13.1367,78.1292,29.65,23.8,35.27,18.39,82.4
2024-06-01,Ludhiana,Punjab,30.901,75.8573,29.94,22.86,38.42,21.33,69.8
2024-06-01,Agra,Uttar Pradesh,27.1767,78.0081,34.19,28.42,41.18,69.28,70.7
2024-06-02,Nashik,Maharashtra,19.9975,73.7898,30.96,24.59,37.38,38.31,82.2
2024-06-02,Pune,Maharashtra,18.5204,73.8567,31.34,25.88,37.22,0.0,86.2
2024-06-02,Hubballi,Karnataka,15.3647,75.124,31.2,25.78,35.98,0.0,74.0
2024-06-02,Kolar,Karnataka,13.1367,78.1292,28.94,23.23,37.35,10.26,78.9
2024-06-02,Ludhiana,Punjab,30.901,75.8573,35.35,28.12,42.3,0.0,66.4
2024-06-02,Agra,Uttar Pradesh,27.1767,78.0081,32.6,26.15,40.68,6.13,65.6
2024-06-03,Nashik,Maharashtra,19.9975,73.7898,31.63,26.72,37.55,4.45,80.4
2024-06-03,Pune,Maharashtra,18.5204,73.8567,33.52,29.26,38.27,70.56,85.7
2024-06-03,Hubballi,Karnataka,15.3647,75.124,30.51,25.59,35.71,0.0,78.8
2024-06-03,Kolar,Karnataka,13.1367,78.1292,28.67,23.93,35.32,32.35,81.5
2024-06-03,Ludhiana,Punjab,30.901,75.8573,33.82,29.26,37.95,3.46,65.9
2024-06-03,Agra,Uttar Pradesh,27.1767,78.0081,33.2,27.96,39.28,0.76,74.8
2024-06-04,Nashik,Maharashtra,19.9975,73.7898,31.83,26.34,39.75,19.2,81.3
2024-06-04,Pune,Maharashtra,18.5204,73.8567,27.17,22.52,32.6,26.37,82.8
2024-06-04,Hubballi,Karnataka,15.3647,75.124,29.47,23.87,36.06,21.53,72.2
2024-06-04,Kolar,Karnataka,13.1367,78.1292,30.84,26.42,38.53,0.0,67.3
2024-06-04,Ludhiana,Punjab,30.901,75.8573,32.83,25.67,40.59,5.29,73.9
2024-06-04,Agra,Uttar Pradesh,27.1767,78.0081,36.76,29.6,44.47,0.0,67.3
2024-06-05,Nashik,Maharashtra,19.9975,73.7898,32.98,26.31,40.24,5.24,79.6
2024-06-05,Pune,Maharashtra,18.5204,73.8567,31.2,26.69,35.4,3.33,79.8
2024-06-05,Hubballi,Karnataka,15.3647,75.124,33.06,28.94,38.1,27.63,77.7
2024-06-05,Kolar,Karnataka,13.1367,78.1292,29.41,22.31,37.25,4.08,84.1
2024-06-05,Ludhiana,Punjab,30.901,75.8573,33.04,25.59,39.47,13.13,74.5
2024-06-05,Agra,Uttar Pradesh,27.1767,78.0081,34.79,30.35,40.01,0.0,72.4
2024-06-06,Nashik,Maharashtra,19.9975,73.7898,30.43,23.88,34.81,0.07,85.3
2024-06-06,Pune,Maharashtra,18.5204,73.8567,31.26,26.3,38.04,0.0,79.0
2024-06-06,Hubballi,Karnataka,15.3647,75.124,30.66,24.98,35.22,12.37,74.1
2024-06-06,Kolar,Karnataka,13.1367,78.1292,26.89,19.87,33.99,14.98,81.2
2024-06-06,Ludhiana,Punjab,30.901,75.8573,32.28,25.87,36.28,7.4,79.2
2024-06-06,Agra,Uttar Pradesh,27.1767,78.0081,33.12,26.07,37.5,0.0,71.2
2024-06-07,Nashik,Maharashtra,19.9975,73.7898,32.72,26.31,40.65,0.0,82.2
2024-06-07,Pune,Maharashtra,18.5204,73.8567,31.18,25.95,36.04,0.0,75.9
2024-06-07,Hubballi,Karnataka,15.3647,75.124,30.82,25.54,35.05,4.13,77.0
2024-06-07,Kolar,Karnataka,13.1367,78.1292,29.6,23.37,37.79,23.49,81.2
2024-06-07,Ludhiana,Punjab,30.901,75.8573,33.87,28.65,39.52,16.69,71.4
2024-06-07,Agra,Uttar Pradesh,27.1767,78.0081,34.88,29.16,40.13,9.05,76.7
2024-06-08,Nashik,Maharashtra,19.9975,73.7898,31.48,24.19,36.07,2.36,77.3
2024-06-08,Pune,Maharashtra,18.5204,73.8567,30.23,25.78,36.11,15.58,75.8
2024-06-08,Hubballi,Karnataka,15.3647,75.124,31.1,26.23,37.3,40.09,76.5
2024-06-08,Kolar,Karnataka,13.1367,78.1292,30.87,25.47,38.35,3.72,79.5
2024-06-08,Ludhiana,Punjab,30.901,75.8573,35.52,30.02,41.92,0.77,65.5
2024-06-08,Agra,Uttar Pradesh,27.1767,78.0081,35.07,28.99,39.74,0.0,74.4
2024-06-09,Nashik,Maharashtra,19.9975,73.7898,30.63,26.26,38.82,0.0,81.7
2024-06-09,Pune,Maharashtra,18.5204,73.8567,30.45,25.4,37.77,27.48,84.0
2024-06-09,Hubballi,Karnataka,15.3647,75.124,31.96,25.14,38.71,46.83,79.4
2024-06-09,Kolar,Karnataka,13.1367,78.1292,27.89,20.5,34.76,0.0,76.7
2024-06-09,Ludhiana,Punjab,30.901,75.8573,33.89,29.58,38.41,29.5,73.1
2024-06-09,Agra,Uttar Pradesh,27.1767,78.0081,34.51,27.82,39.42,30.5,63.3
2024-06-10,Nashik,Maharashtra,19.9975,73.7898,33.22,25.74,41.02,41.85,76.6
2024-06-10,Pune,Maharashtra,18.5204,73.8567,31.77,27.76,39.62,17.75,88.3
2024-06-10,Hubballi,Karnataka,15.3647,75.124,31.49,26.55,38.67,1.55,76.4
2024-06-10,Kolar,Karnataka,13.1367,78.1292,30.65,25.83,36.86,24.4,82.9
2024-06-10,Ludhiana,Punjab,30.901,75.8573,31.56,25.12,39.74,44.03,73.6
2024-06-10,Agra,Uttar Pradesh,27.1767,78.0081,32.7,26.5,40.61,0.62,73.8
2024-06-11,Nashik,Maharashtra,19.9975,73.7898,32.2,26.34,40.44,17.72,81.0
2024-06-11,Pune,Maharashtra,18.5204,73.8567,32.06,26.43,40.12,0.0,88.5
2024-06-11,Hubballi,Karnataka,15.3647,75.124,30.79,26.68,37.27,14.15,76.6
2024-06-11,Kolar,Karnataka,13.1367,78.1292,27.09,23.05,32.56,10.19,79.3
2024-06-11,Ludhiana,Punjab,30.901,75.8573,33.3,28.92,37.31,17.21,71.1
2024-06-11,Agra,Uttar Pradesh,27.1767,78.0081,34.29,29.19,42.78,1.32,72.3
2024-06-12,Nashik,Maharashtra,19.9975,73.7898,31.22,25.01,38.76,0.0,75.9
2024-06-12,Pune,Maharashtra,18.5204,73.8567,32.58,26.43,37.35,0.0,83.5
2024-06-12,Hubballi,Karnataka,15.3647,75.124,29.69,24.96,36.73,5.63,79.3
2024-06-12,Kolar,Karnataka,13.1367,78.1292,29.05,22.44,33.59,40.24,80.7
2024-06-12,Ludhiana,Punjab,30.901,75.8573,32.56,28.37,38.89,35.68,68.8
2024-06-12,Agra,Uttar Pradesh,27.1767,78.0081,34.72,28.35,40.83,24.34,72.6
2024-06-13,Nashik,Maharashtra,19.9975,73.7898,33.5,28.88,38.01,0.1,79.6
2024-06-13,Pune,Maharashtra,18.5204,73.8567,32.12,26.68,38.95,0.0,80.9
2024-06-13,Hubballi,Karnataka,15.3647,75.124,30.34,23.11,35.08,0.0,79.6
2024-06-13,Kolar,Karnataka,13.1367,78.1292,30.69,26.59,39.04,12.96,84.7
2024-06-13,Ludhiana,Punjab,30.901,75.8573,33.2,26.86,38.73,0.84,85.9
2024-06-13,Agra,Uttar Pradesh,27.1767,78.0081,34.83,30.62,40.66,4.05,73.3
2024-06-14,Nashik,Maharashtra,19.9975,73.7898,32.13,27.32,36.94,3.19,79.6
2024-06-14,Pune,Maharashtra,18.5204,73.8567,29.44,23.82,34.11,0.0,82.8
2024-06-14,Hubballi,Karnataka,15.3647,75.124,30.13,23.38,37.75,3.81,73.7
2024-06-14,Kolar,Karnataka,13.1367,78.1292,29.94,23.44,37.82,59.58,81.6
2024-06-14,Ludhiana,Punjab,30.901,75.8573,31.3,23.82,37.08,0.0,68.1
2024-06-14,Agra,Uttar Pradesh,27.1767,78.0081,37.34,30.68,45.15,0.0,68.4
2024-06-15,Nashik,Maharashtra,19.9975,73.7898,30.5,24.91,35.16,0.0,78.8
2024-06-15,Pune,Maharashtra,18.5204,73.8567,31.77,24.93,35.92,0.0,87.8
2024-06-15,Hubballi,Karnataka,15.3647,75.124,29.92,24.95,34.12,0.0,71.3
2024-06-15,Kolar,Karnataka,13.1367,78.1292,30.53,25.68,37.02,15.86,82.1
2024-06-15,Ludhiana,Punjab,30.901,75.8573,31.35,26.61,35.79,40.84,66.9
2024-06-15,Agra,Uttar Pradesh,27.1767,78.0081,34.77,28.64,42.37,5.14,68.0
2024-06-16,Nashik,Maharashtra,19.9975,73.7898,34.05,27.97,39.12,5.93,73.7
2024-06-16,Pune,Maharashtra,18.5204,73.8567,31.46,26.61,35.77,16.99,80.1
2024-06-16,Hubballi,Karnataka,15.3647,75.124,30.74,26.09,34.92,0.0,78.2
2024-06-16,Kolar,Karnataka,13.1367,78.1292,30.2,23.57,35.02,123.37,83.4
2024-06-16,Ludhiana,Punjab,30.901,75.8573,30.69,24.17,35.29,63.4,74.2
2024-06-16,Agra,Uttar Pradesh,27.1767,78.0081,37.3,32.78,42.67,21.03,70.3
2024-06-17,Nashik,Maharashtra,19.9975,73.7898,30.91,23.46,35.15,14.34,83.3
2024-06-17,Pune,Maharashtra,18.5204,73.8567,30.52,24.25,38.49,0.0,80.9
2024-06-17,Hubballi,Karnataka,15.3647,75.124,31.2,24.35,39.41,16.54,75.1
2024-06-17,Kolar,Karnataka,13.1367,78.1292,29.95,23.84,34.5,3.15,80.7
2024-06-17,Ludhiana,Punjab,30.901,75.8573,31.17,26.93,36.13,8.72,76.1
2024-06-17,Agra,Uttar Pradesh,27.1767,78.0081,34.92,30.38,39.42,18.7,68.7
2024-06-18,Nashik,Maharashtra,19.9975,73.7898,30.08,23.83,37.8,0.0,80.7
2024-06-18,Pune,Maharashtra,18.5204,73.8567,30.27,25.63,36.53,29.98,86.0
2024-06-18,Hubballi,Karnataka,15.3647,75.124,31.77,25.09,37.16,0.0,75.6
2024-06-18,Kolar,Karnataka,13.1367,78.1292,27.93,23.25,32.77,1.92,82.7
2024-06-18,Ludhiana,Punjab,30.901,75.8573,33.45,28.2,39.4,29.01,67.2
2024-06-18,Agra,Uttar Pradesh,27.1767,78.0081,34.26,26.83,40.51,30.31,68.6
2024-06-19,Nashik,Maharashtra,19.9975,73.7898,31.14,26.14,38.79,15.13,83.9
2024-06-19,Pune,Maharashtra,18.5204,73.8567,29.66,22.23,33.81,0.0,77.6
2024-06-19,Hubballi,Karnataka,15.3647,75.124,32.11,25.08,37.58,0.3,76.6
2024-06-19,Kolar,Karnataka,13.1367,78.1292,29.67,25.04,35.05,52.64,81.2
2024-06-19,Ludhiana,Punjab,30.901,75.8573,34.1,28.89,42.05,47.86,74.7
2024-06-19,Agra,Uttar Pradesh,27.1767,78.0081,35.21,29.54,40.66,0.41,72.8
2024-06-20,Nashik,Maharashtra,19.9975,73.7898,32.44,26.77,39.85,10.47,79.8
2024-06-20,Pune,Maharashtra,18.5204,73.8567,30.59,23.75,36.26,0.0,83.1
2024-06-20,Hubballi,Karnataka,15.3647,75.124,32.5,25.63,38.84,15.16,77.4
2024-06-20,Kolar,Karnataka,13.1367,78.1292,29.17,22.4,37.31,20.14,85.6
2024-06-20,Ludhiana,Punjab,30.901,75.8573,32.89,26.97,40.97,1.58,73.6
2024-06-20,Agra,Uttar Pradesh,27.1767,78.0081,34.83,28.07,40.82,0.0,68.0
2024-06-21,Nashik,Maharashtra,19.9975,73.7898,31.16,24.92,36.41,0.0,77.2
2024-06-21,Pune,Maharashtra,18.5204,73.8567,32.34,28.12,36.67,0.0,80.2
2024-06-21,Hubballi,Karnataka,15.3647,75.124,30.37,23.9,34.91,0.0,78.2
2024-06-21,Kolar,Karnataka,13.1367,78.1292,28.8,21.37,33.43,0.0,88.7
2024-06-21,Ludhiana,Punjab,30.901,75.8573,30.84,23.78,35.97,0.0,72.9
2024-06-21,Agra,Uttar Pradesh,27.1767,78.0081,34.56,29.13,42.65,0.0,69.6
2024-06-22,Nashik,Maharashtra,19.9975,73.7898,34.56,27.36,39.61,3.61,80.8
2024-06-22,Pune,Maharashtra,18.5204,73.8567,31.23,25.25,35.73,31.44,86.7
2024-06-22,Hubballi,Karnataka,15.3647,75.124,30.06,25.21,37.06,0.0,75.1
2024-06-22,Kolar,Karnataka,13.1367,78.1292,25.45,19.06,30.66,64.64,70.4
2024-06-22,Ludhiana,Punjab,30.901,75.8573,33.79,26.56,38.02,8.03,75.9
2024-06-22,Agra,Uttar Pradesh,27.1767,78.0081,34.07,29.44,40.54,10.91,66.3
2024-06-23,Nashik,Maharashtra,19.9975,73.7898,30.46,26.02,36.21,0.0,82.4
2024-06-23,Pune,Maharashtra,18.5204,73.8567,32.62,27.81,38.23,0.28,79.0
2024-06-23,Hubballi,Karnataka,15.3647,75.124,29.99,22.73,36.41,23.33,77.6
2024-06-23,Kolar,Karnataka,13.1367,78.1292,29.87,23.91,35.15,10.76,80.7
2024-06-23,Ludhiana,Punjab,30.901,75.8573,33.77,26.3,38.06,14.7,68.3
2024-06-23,Agra,Uttar Pradesh,27.1767,78.0081,34.41,26.96,39.56,0.0,63.1
2024-06-24,Nashik,Maharashtra,19.9975,73.7898,34.6,29.51,42.94,17.18,76.6
2024-06-24,Pune,Maharashtra,18.5204,73.8567,29.92,25.63,34.28,49.8,74.7
2024-06-24,Hubballi,Karnataka,15.3647,75.124,32.28,25.02,39.2,0.0,76.8
2024-06-24,Kolar,Karnataka,13.1367,78.1292,27.96,23.43,32.79,29.76,77.1
2024-06-24,Ludhiana,Punjab,30.901,75.8573,33.77,28.93,41.48,0.0,76.2
2024-06-24,Agra,Uttar Pradesh,27.1767,78.0081,35.22,30.37,40.28,0.0,66.0
2024-06-25,Nashik,Maharashtra,19.9975,73.7898,31.42,24.91,38.39,11.22,82.5
2024-06-25,Pune,Maharashtra,18.5204,73.8567,30.71,23.98,34.95,0.14,92.2
2024-06-25,Hubballi,Karnataka,15.3647,75.124,32.32,27.01,37.6,53.28,73.2
2024-06-25,Kolar,Karnataka,13.1367,78.1292,28.6,24.36,34.15,0.0,84.3
2024-06-25,Ludhiana,Punjab,30.901,75.8573,35.12,28.82,42.2,0.0,73.2
2024-06-25,Agra,Uttar Pradesh,27.1767,78.0081,36.97,30.86,42.85,0.0,70.6
2024-06-26,Nashik,Maharashtra,19.9975,73.7898,33.67,26.59,39.37,11.64,82.1
2024-06-26,Pune,Maharashtra,18.5204,73.8567,28.28,21.11,36.19,0.0,81.9
2024-06-26,Hubballi,Karnataka,15.3647,75.124,31.41,27.16,37.27,14.1,73.8
2024-06-26,Kolar,Karnataka,13.1367,78.1292,29.66,24.33,38.07,2.58,77.2
2024-06-26,Ludhiana,Punjab,30.901,75.8573,32.81,28.2,38.26,0.0,75.2
2024-06-26,Agra,Uttar Pradesh,27.1767,78.0081,33.54,28.49,40.15,0.0,68.6
2024-06-27,Nashik,Maharashtra,19.9975,73.7898,31.39,26.42,37.61,20.04,79.1
2024-06-27,Pune,Maharashtra,18.5204,73.8567,29.26,23.56,36.83,33.44,84.1
2024-06-27,Hubballi,Karnataka,15.3647,75.124,31.64,25.27,36.01,27.25,70.5
2024-06-27,Kolar,Karnataka,13.1367,78.1292,29.08,23.95,35.8,0.0,75.7
2024-06-27,Ludhiana,Punjab,30.901,75.8573,31.35,24.09,38.14,0.0,71.2
2024-06-27,Agra,Uttar Pradesh,27.1767,78.0081,32.51,26.95,40.64,19.15,69.8
2024-06-28,Nashik,Maharashtra,19.9975,73.7898,31.35,23.96,38.17,0.0,77.9
2024-06-28,Pune,Maharashtra,18.5204,73.8567,29.74,23.38,36.66,11.86,84.9
2024-06-28,Hubballi,Karnataka,15.3647,75.124,30.56,23.34,37.39,31.14,79.0
2024-06-28,Kolar,Karnataka,13.1367,78.1292,28.55,23.52,34.66,1.06,83.1
2024-06-28,Ludhiana,Punjab,30.901,75.8573,32.84,25.87,39.09,0.0,78.8
2024-06-28,Agra,Uttar Pradesh,27.1767,78.0081,33.61,28.27,42.1,1.54,69.8
2024-06-29,Nashik,Maharashtra,19.9975,73.7898,31.8,24.71,36.91,0.0,74.7
2024-06-29,Pune,Maharashtra,18.5204,73.8567,31.41,26.52,36.74,0.0,78.5
2024-06-29,Hubballi,Karnataka,15.3647,75.124,30.4,23.49,36.26,1.54,82.1
2024-06-29,Kolar,Karnataka,13.1367,78.1292,30.24,24.25,35.66,0.0,78.3
2024-06-29,Ludhiana,Punjab,30.901,75.8573,32.13,27.91,36.33,0.0,81.7
2024-06-29,Agra,Uttar Pradesh,27.1767,78.0081,33.57,28.16,37.62,17.37,69.9
2024-06-30,Nashik,Maharashtra,19.9975,73.7898,33.61,29.14,39.48,0.0,71.7
2024-06-30,Pune,Maharashtra,18.5204,73.8567,31.08,26.14,37.53,0.0,87.4
2024-06-30,Hubballi,Karnataka,15.3647,75.124,31.2,25.32,39.17,15.39,81.1
2024-06-30,Kolar,Karnataka,13.1367,78.1292,28.01,22.78,33.46,17.66,70.9
2024-06-30,Ludhiana,Punjab,30.901,75.8573,31.45,24.9,38.72,5.97,73.6
2024-06-30,Agra,Uttar Pradesh,27.1767,78.0081,34.29,29.5,38.42,0.0,73.2
2024-07-01,Nashik,Maharashtra,19.9975,73.7898,33.79,29.14,40.5,19.98,89.4
2024-07-01,Pune,Maharashtra,18.5204,73.8567,30.35,26.19,37.4,13.54,89.2
2024-07-01,Hubballi,Karnataka,15.3647,75.124,30.25,25.21,36.17,39.74,79.0
2024-07-01,Kolar,Karnataka,13.1367,78.1292,29.32,25.13,35.85,7.07,87.9
2024-07-01,Ludhiana,Punjab,30.901,75.8573,32.46,26.61,40.89,0.0,73.5
2024-07-01,Agra,Uttar Pradesh,27.1767,78.0081,35.22,27.79,41.49,25.52,84.2
2024-07-02,Nashik,Maharashtra,19.9975,73.7898,32.74,27.56,36.79,0.85,86.8
2024-07-02,Pune,Maharashtra,18.5204,73.8567,32.48,26.92,40.42,5.31,87.0
2024-07-02,Hubballi,Karnataka,15.3647,75.124,30.75,24.63,37.53,22.29,82.9
2024-07-02,Kolar,Karnataka,13.1367,78.1292,27.34,22.06,35.78,44.53,91.8
2024-07-02,Ludhiana,Punjab,30.901,75.8573,34.03,26.86,41.91,54.18,86.7
2024-07-02,Agra,Uttar Pradesh,27.1767,78.0081,32.81,27.62,38.44,0.0,81.0
2024-07-03,Nashik,Maharashtra,19.9975,73.7898,32.9,26.52,40.97,2.74,80.5
2024-07-03,Pune,Maharashtra,18.5204,73.8567,28.55,22.05,34.55,9.52,90.8
2024-07-03,Hubballi,Karnataka,15.3647,75.124,29.43,24.89,33.53,1.7,78.9
2024-07-03,Kolar,Karnataka,13.1367,78.1292,27.42,22.01,35.86,94.27,83.4
2024-07-03,Ludhiana,Punjab,30.901,75.8573,32.4,27.59,36.99,5.55,81.0
2024-07-03,Agra,Uttar Pradesh,27.1767,78.0081,34.7,28.83,40.77,6.72,84.2
2024-07-04,Nashik,Maharashtra,19.9975,73.7898,32.49,26.57,38.29,7.93,88.5
2024-07-04,Pune,Maharashtra,18.5204,73.8567,31.32,26.58,38.22,19.39,79.5
2024-07-04,Hubballi,Karnataka,15.3647,75.124,31.17,26.48,36.41,0.5,81.3
2024-07-04,Kolar,Karnataka,13.1367,78.1292,28.8,22.12,37.13,0.0,91.1
2024-07-04,Ludhiana,Punjab,30.901,75.8573,31.06,26.42,37.87,1.76,76.2
2024-07-04,Agra,Uttar Pradesh,27.1767,78.0081,32.38,25.21,39.61,30.15,77.1
2024-07-05,Nashik,Maharashtra,19.9975,73.7898,32.06,27.24,36.75,25.01,89.4
2024-07-05,Pune,Maharashtra,18.5204,73.8567,30.81,26.02,35.85,0.0,87.4
2024-07-05,Hubballi,Karnataka,15.3647,75.124,28.22,23.35,33.67,3.76,85.6
2024-07-05,Kolar,Karnataka,13.1367,78.1292,28.16,21.11,32.46,6.21,91.1
2024-07-05,Ludhiana,Punjab,30.901,75.8573,30.85,26.79,38.8,51.96,79.7
2024-07-05,Agra,Uttar Pradesh,27.1767,78.0081,34.48,27.67,40.4,5.92,82.1
2024-07-06,Nashik,Maharashtra,19.9975,73.7898,32.87,28.12,37.67,1.11,88.6
2024-07-06,Pune,Maharashtra,18.5204,73.8567,30.49,26.25,36.82,6.3,88.5
2024-07-06,Hubballi,Karnataka,15.3647,75.124,30.25,25.37,37.1,0.0,87.5
2024-07-06,Kolar,Karnataka,13.1367,78.1292,29.08,24.52,33.29,36.26,92.5
2024-07-06,Ludhiana,Punjab,30.901,75.8573,31.32,25.84,39.47,0.0,79.0
2024-07-06,Agra,Uttar Pradesh,27.1767,78.0081,34.11,27.09,39.55,9.61,73.0
2024-07-07,Nashik,Maharashtra,19.9975,73.7898,32.37,28.07,38.82,10.47,84.4
2024-07-07,Pune,Maharashtra,18.5204,73.8567,30.65,25.04,38.59,5.99,84.5
2024-07-07,Hubballi,Karnataka,15.3647,75.124,30.65,26.01,36.99,0.0,86.3
2024-07-07,Kolar,Karnataka,13.1367,78.1292,26.78,20.18,31.32,14.88,83.6
2024-07-07,Ludhiana,Punjab,30.901,75.8573,33.02,26.35,38.47,0.0,81.0
2024-07-07,Agra,Uttar Pradesh,27.1767,78.0081,35.58,28.14,42.12,8.89,77.1
2024-07-08,Nashik,Maharashtra,19.9975,73.7898,34.14,26.95,39.98,10.68,85.5
2024-07-08,Pune,Maharashtra,18.5204,73.8567,30.69,24.5,38.11,19.59,88.9
2024-07-08,Hubballi,Karnataka,15.3647,75.124,32.24,25.38,38.67,0.0,97.3
2024-07-08,Kolar,Karnataka,13.1367,78.1292,29.0,22.04,34.99,0.0,85.0
2024-07-08,Ludhiana,Punjab,30.901,75.8573,33.47,26.69,39.47,18.22,86.4
2024-07-08,Agra,Uttar Pradesh,27.1767,78.0081,31.53,25.25,36.33,14.65,80.2
2024-07-09,Nashik,Maharashtra,19.9975,73.7898,30.51,25.46,37.89,0.0,89.8
2024-07-09,Pune,Maharashtra,18.5204,73.8567,31.48,24.61,37.92,15.72,83.5
2024-07-09,Hubballi,Karnataka,15.3647,75.124,31.42,25.41,35.98,5.0,86.5
2024-07-09,Kolar,Karnataka,13.1367,78.1292,28.23,20.99,34.2,0.0,85.0
2024-07-09,Ludhiana,Punjab,30.901,75.8573,33.45,29.09,39.6,0.0,79.9
2024-07-09,Agra,Uttar Pradesh,27.1767,78.0081,34.13,29.66,40.74,1.36,74.8
2024-07-10,Nashik,Maharashtra,19.9975,73.7898,31.18,25.88,39.5,13.62,90.9
2024-07-10,Pune,Maharashtra,18.5204,73.8567,30.48,23.89,38.74,24.73,95.9
2024-07-10,Hubballi,Karnataka,15.3647,75.124,34.08,26.58,40.93,23.02,84.2
2024-07-10,Kolar,Karnataka,13.1367,78.1292,31.31,25.38,38.64,10.05,91.0
2024-07-10,Ludhiana,Punjab,30.901,75.8573,30.22,23.4,35.58,13.77,80.8
2024-07-10,Agra,Uttar Pradesh,27.1767,78.0081,33.37,27.68,41.2,1.61,85.2
2024-07-11,Nashik,Maharashtra,19.9975,73.7898,30.08,24.12,34.44,1.32,89.8
2024-07-11,Pune,Maharashtra,18.5204,73.8567,31.53,25.98,35.62,0.19,86.4
2024-07-11,Hubballi,Karnataka,15.3647,75.124,30.5,24.6,38.23,6.71,83.9
2024-07-11,Kolar,Karnataka,13.1367,78.1292,30.19,25.91,35.58,117.39,87.6
2024-07-11,Ludhiana,Punjab,30.901,75.8573,32.68,26.98,39.96,16.62,79.6
2024-07-11,Agra,Uttar Pradesh,27.1767,78.0081,34.21,30.05,38.69,12.65,74.0
2024-07-12,Nashik,Maharashtra,19.9975,73.7898,32.09,28.05,40.1,0.0,88.1
2024-07-12,Pune,Maharashtra,18.5204,73.8567,31.94,26.72,36.86,4.59,84.1
2024-07-12,Hubballi,Karnataka,15.3647,75.124,28.12,22.98,35.72,10.81,80.3
2024-07-12,Kolar,Karnataka,13.1367,78.1292,27.72,23.36,33.15,25.7,88.4
2024-07-12,Ludhiana,Punjab,30.901,75.8573,32.29,27.08,39.68,0.0,72.0
2024-07-12,Agra,Uttar Pradesh,27.1767,78.0081,34.29,28.99,40.39,11.4,72.2
2024-07-13,Nashik,Maharashtra,19.9975,73.7898,30.7,26.04,36.88,1.16,83.7
2024-07-13,Pune,Maharashtra,18.5204,73.8567,30.67,24.27,34.98,0.0,81.9
2024-07-13,Hubballi,Karnataka,15.3647,75.124,31.65,26.68,36.78,15.39,88.1
2024-07-13,Kolar,Karnataka,13.1367,78.1292,29.38,22.33,36.21,1.22,91.7
2024-07-13,Ludhiana,Punjab,30.901,75.8573,33.07,26.65,37.14,31.98,82.1
2024-07-13,Agra,Uttar Pradesh,27.1767,78.0081,33.75,29.25,37.95,47.0,79.0
2024-07-14,Nashik,Maharashtra,19.9975,73.7898,29.9,23.63,37.8,12.15,98.0
2024-07-14,Pune,Maharashtra,18.5204,73.8567,29.04,23.5,33.65,0.0,97.4
2024-07-14,Hubballi,Karnataka,15.3647,75.124,31.21,25.8,35.77,0.0,85.7
2024-07-14,Kolar,Karnataka,13.1367,78.1292,31.18,23.89,39.1,52.47,90.5
2024-07-14,Ludhiana,Punjab,30.901,75.8573,31.34,24.91,39.52,2.66,89.0
2024-07-14,Agra,Uttar Pradesh,27.1767,78.0081,33.51,28.66,41.87,1.2,75.5
2024-07-15,Nashik,Maharashtra,19.9975,73.7898,32.3,24.99,37.69,13.5,92.9
2024-07-15,Pune,Maharashtra,18.5204,73.8567,30.43,24.57,38.87,0.0,87.0
2024-07-15,Hubballi,Karnataka,15.3647,75.124,31.05,24.67,37.9,19.97,88.9
2024-07-15,Kolar,Karnataka,13.1367,78.1292,28.37,22.61,32.68,6.77,86.7
2024-07-15,Ludhiana,Punjab,30.901,75.8573,30.84,23.91,38.65,14.29,81.3
2024-07-15,Agra,Uttar Pradesh,27.1767,78.0081,33.48,26.7,38.73,21.58,80.7
2024-07-16,Nashik,Maharashtra,19.9975,73.7898,31.42,23.97,38.34,39.76,85.8
2024-07-16,Pune,Maharashtra,18.5204,73.8567,30.96,26.49,37.46,88.56,95.8
2024-07-16,Hubballi,Karnataka,15.3647,75.124,29.79,24.75,34.96,5.26,85.6
2024-07-16,Kolar,Karnataka,13.1367,78.1292,26.69,22.6,33.33,4.39,85.8
2024-07-16,Ludhiana,Punjab,30.901,75.8573,30.11,24.97,37.15,3.7,76.7
2024-07-16,Agra,Uttar Pradesh,27.1767,78.0081,33.78,26.4,41.16,31.74,72.8
2024-07-17,Nashik,Maharashtra,19.9975,73.7898,32.14,25.92,38.43,0.0,83.3
2024-07-17,Pune,Maharashtra,18.5204,73.8567,31.43,26.78,38.39,0.0,87.4
2024-07-17,Hubballi,Karnataka,15.3647,75.124,30.49,25.33,34.98,0.0,82.6
2024-07-17,Kolar,Karnataka,13.1367,78.1292,28.9,22.17,34.86,0.0,90.3
2024-07-17,Ludhiana,Punjab,30.901,75.8573,32.32,26.53,37.21,12.32,82.9
2024-07-17,Agra,Uttar Pradesh,27.1767,78.0081,33.59,28.45,41.23,1.01,65.9
2024-07-18,Nashik,Maharashtra,19.9975,73.7898,32.01,27.11,37.25,6.13,86.9
2024-07-18,Pune,Maharashtra,18.5204,73.8567,31.53,25.9,36.58,11.4,87.3
2024-07-18,Hubballi,Karnataka,15.3647,75.124,31.1,25.09,37.98,1.69,86.2
2024-07-18,Kolar,Karnataka,13.1367,78.1292,28.89,24.61,36.89,4.48,92.3
2024-07-18,Ludhiana,Punjab,30.901,75.8573,32.29,27.86,38.26,6.71,75.4
2024-07-18,Agra,Uttar Pradesh,27.1767,78.0081,33.82,28.55,42.13,1.93,77.8
2024-07-19,Nashik,Maharashtra,19.9975,73.7898,30.65,24.07,35.73,0.0,81.0
2024-07-19,Pune,Maharashtra,18.5204,73.8567,31.16,24.69,39.35,6.51,90.5
2024-07-19,Hubballi,Karnataka,15.3647,75.124,31.9,26.41,39.6,35.81,89.5
2024-07-19,Kolar,Karnataka,13.1367,78.1292,28.78,22.87,34.16,6.11,88.5
2024-07-19,Ludhiana,Punjab,30.901,75.8573,33.55,27.76,41.66,0.0,78.3
2024-07-19,Agra,Uttar Pradesh,27.1767,78.0081,33.74,28.48,38.09,9.9,70.1
2024-07-20,Nashik,Maharashtra,19.9975,73.7898,30.96,24.34,34.99,21.33,89.0
2024-07-20,Pune,Maharashtra,18.5204,73.8567,33.29,28.08,41.28,0.0,94.1
2024-07-20,Hubballi,Karnataka,15.3647,75.124,29.39,22.37,34.57,31.46,91.6
2024-07-20,Kolar,Karnataka,13.1367,78.1292,28.92,24.24,33.06,0.0,91.4
2024-07-20,Ludhiana,Punjab,30.901,75.8573,30.21,24.24,38.68,0.0,81.4
2024-07-20,Agra,Uttar Pradesh,27.1767,78.0081,31.45,25.32,36.78,24.42,71.1
2024-07-21,Nashik,Maharashtra,19.9975,73.7898,30.96,25.31,38.33,3.59,87.2
2024-07-21,Pune,Maharashtra,18.5204,73.8567,30.8,24.79,35.04,1.21,92.6
2024-07-21,Hubballi,Karnataka,15.3647,75.124,31.96,26.9,36.4,12.37,94.3
2024-07-21,Kolar,Karnataka,13.1367,78.1292,26.79,20.97,34.8,0.0,90.9
2024-07-21,Ludhiana,Punjab,30.901,75.8573,30.21,23.39,35.93,19.03,78.2
2024-07-21,Agra,Uttar Pradesh,27.1767,78.0081,33.52,27.15,38.21,16.06,68.4
2024-07-22,Nashik,Maharashtra,19.9975,73.7898,32.05,26.65,37.93,0.98,82.7
2024-07-22,Pune,Maharashtra,18.5204,73.8567,31.55,24.69,38.7,0.68,93.1
2024-07-22,Hubballi,Karnataka,15.3647,75.124,32.83,26.32,38.45,0.0,86.6
2024-07-22,Kolar,Karnataka,13.1367,78.1292,26.96,22.75,31.32,42.49,92.9
2024-07-22,Ludhiana,Punjab,30.901,75.8573,29.86,24.5,35.97,46.77,77.5
2024-07-22,Agra,Uttar Pradesh,27.1767,78.0081,29.63,23.71,34.89,24.65,70.8
2024-07-23,Nashik,Maharashtra,19.9975,73.7898,32.37,27.48,36.47,26.17,83.8
2024-07-23,Pune,Maharashtra,18.5204,73.8567,28.13,22.77,35.61,41.73,88.0
2024-07-23,Hubballi,Karnataka,15.3647,75.124,27.98,23.57,33.78,8.97,89.9
2024-07-23,Kolar,Karnataka,13.1367,78.1292,28.11,23.86,34.27,0.0,83.0
2024-07-23,Ludhiana,Punjab,30.901,75.8573,31.31,25.94,35.76,2.3,75.9
2024-07-23,Agra,Uttar Pradesh,27.1767,78.0081,31.05,23.63,35.87,0.0,86.6
2024-07-24,Nashik,Maharashtra,19.9975,73.7898,30.15,23.96,34.29,25.89,83.9
2024-07-24,Pune,Maharashtra,18.5204,73.8567,29.9,25.53,35.23,0.7,90.6
2024-07-24,Hubballi,Karnataka,15.3647,75.124,30.83,26.58,34.91,4.86,84.1
2024-07-24,Kolar,Karnataka,13.1367,78.1292,27.53,22.82,35.54,32.79,87.6
2024-07-24,Ludhiana,Punjab,30.901,75.8573,31.38,27.0,38.28,0.0,77.5
2024-07-24,Agra,Uttar Pradesh,27.1767,78.0081,32.73,25.97,39.76,53.15,79.8
2024-07-25,Nashik,Maharashtra,19.9975,73.7898,31.31,24.6,37.14,4.91,82.7
2024-07-25,Pune,Maharashtra,18.5204,73.8567,28.44,22.55,32.91,123.82,88.3
2024-07-25,Hubballi,Karnataka,15.3647,75.124,31.3,24.56,36.54,15.19,86.7
2024-07-25,Kolar,Karnataka,13.1367,78.1292,28.22,24.13,34.72,8.64,90.8
2024-07-25,Ludhiana,Punjab,30.901,75.8573,30.83,25.56,39.07,8.67,81.4
2024-07-25,Agra,Uttar Pradesh,27.1767,78.0081,31.11,24.03,35.33,0.0,82.0
2024-07-26,Nashik,Maharashtra,19.9975,73.7898,28.59,24.02,35.88,14.74,88.3
2024-07-26,Pune,Maharashtra,18.5204,73.8567,30.17,25.34,35.25,9.08,96.1
2024-07-26,Hubballi,Karnataka,15.3647,75.124,30.63,25.83,36.75,2.53,82.3
2024-07-26,Kolar,Karnataka,13.1367,78.1292,27.77,20.65,33.92,1.18,82.8
2024-07-26,Ludhiana,Punjab,30.901,75.8573,31.61,25.69,35.63,20.76,83.3
2024-07-26,Agra,Uttar Pradesh,27.1767,78.0081,32.78,27.04,38.83,1.67,82.7
2024-07-27,Nashik,Maharashtra,19.9975,73.7898,29.7,23.45,36.76,0.0,88.9
2024-07-27,Pune,Maharashtra,18.5204,73.8567,30.55,24.32,37.28,10.47,94.1
2024-07-27,Hubballi,Karnataka,15.3647,75.124,30.92,26.27,39.41,18.46,84.1
2024-07-27,Kolar,Karnataka,13.1367,78.1292,27.47,21.7,35.41,17.04,84.4
2024-07-27,Ludhiana,Punjab,30.901,75.8573,32.61,27.79,38.46,5.01,77.5
2024-07-27,Agra,Uttar Pradesh,27.1767,78.0081,31.8,24.99,39.07,5.74,74.0
2024-07-28,Nashik,Maharashtra,19.9975,73.7898,31.27,26.26,37.95,15.93,87.9
2024-07-28,Pune,Maharashtra,18.5204,73.8567,28.74,23.35,35.72,0.0,90.0
2024-07-28,Hubballi,Karnataka,15.3647,75.124,28.74,23.93,35.52,12.3,87.6
2024-07-28,Kolar,Karnataka,13.1367,78.1292,28.64,23.77,36.06,13.9,78.1
2024-07-28,Ludhiana,Punjab,30.901,75.8573,31.9,26.43,38.67,91.84,83.5
2024-07-28,Agra,Uttar Pradesh,27.1767,78.0081,33.1,28.19,41.58,15.2,72.4
2024-07-29,Nashik,Maharashtra,19.9975,73.7898,30.42,24.7,35.89,15.49,91.3
2024-07-29,Pune,Maharashtra,18.5204,73.8567,30.12,23.59,37.33,12.43,93.1
2024-07-29,Hubballi,Karnataka,15.3647,75.124,31.5,25.27,39.15,27.66,85.4
2024-07-29,Kolar,Karnataka,13.1367,78.1292,30.88,24.42,37.06,17.19,87.1
2024-07-29,Ludhiana,Punjab,30.901,75.8573,29.23,23.97,37.18,19.79,81.8
2024-07-29,Agra,Uttar Pradesh,27.1767,78.0081,32.29,25.09,40.58,16.3,74.3
2024-07-30,Nashik,Maharashtra,19.9975,73.7898,30.03,25.16,38.4,5.27,87.8
2024-07-30,Pune,Maharashtra,18.5204,73.8567,28.59,24.21,33.19,0.0,96.8
2024-07-30,Hubballi,Karnataka,15.3647,75.124,29.61,23.82,34.81,10.79,85.1
2024-07-30,Kolar,Karnataka,13.1367,78.1292,26.35,22.33,33.36,6.36,88.1
2024-07-30,Ludhiana,Punjab,30.901,75.8573,29.74,24.97,37.23,24.3,86.6
2024-07-30,Agra,Uttar Pradesh,27.1767,78.0081,30.04,26.02,38.41,25.17,66.1
2024-07-31,Nashik,Maharashtra,19.9975,73.7898,29.76,25.28,35.72,4.75,85.6
2024-07-31,Pune,Maharashtra,18.5204,73.8567,29.44,23.81,37.18,14.22,87.7
2024-07-31,Hubballi,Karnataka,15.3647,75.124,29.5,25.05,36.83,8.24,91.1
2024-07-31,Kolar,Karnataka,13.1367,78.1292,25.57,19.8,30.67,56.3,86.4
2024-07-31,Ludhiana,Punjab,30.901,75.8573,32.21,25.2,38.26,13.44,83.0
2024-07-31,Agra,Uttar Pradesh,27.1767,78.0081,33.41,28.41,41.07,24.47,77.4
2024-08-01,Nashik,Maharashtra,19.9975,73.7898,30.86,26.14,38.3,2.18,82.4
2024-08-01,Pune,Maharashtra,18.5204,73.8567,29.05,22.11,35.59,3.13,78.3
2024-08-01,Hubballi,Karnataka,15.3647,75.124,28.47,23.2,36.72,0.0,82.0
2024-08-01,Kolar,Karnataka,13.1367,78.1292,28.26,23.52,33.33,0.0,83.4
2024-08-01,Ludhiana,Punjab,30.901,75.8573,29.67,22.75,34.89,0.0,75.9
2024-08-01,Agra,Uttar Pradesh,27.1767,78.0081,33.33,27.96,40.48,0.0,70.9
2024-08-02,Nashik,Maharashtra,19.9975,73.7898,30.72,24.03,39.18,23.64,85.3
2024-08-02,Pune,Maharashtra,18.5204,73.8567,29.3,23.95,35.17,8.07,80.4
2024-08-02,Hubballi,Karnataka,15.3647,75.124,29.14,24.75,37.47,5.19,76.7
2024-08-02,Kolar,Karnataka,13.1367,78.1292,26.33,19.17,31.98,0.0,80.8
2024-08-02,Ludhiana,Punjab,30.901,75.8573,31.3,27.02,37.65,44.79,74.8
2024-08-02,Agra,Uttar Pradesh,27.1767,78.0081,32.73,25.83,40.37,0.0,71.5
2024-08-03,Nashik,Maharashtra,19.9975,73.7898,30.18,22.83,35.43,0.0,84.2
2024-08-03,Pune,Maharashtra,18.5204,73.8567,28.68,24.08,33.98,0.0,77.5
2024-08-03,Hubballi,Karnataka,15.3647,75.124,29.16,23.3,33.88,7.97,76.1
2024-08-03,Kolar,Karnataka,13.1367,78.1292,27.57,20.54,33.93,16.24,80.3
2024-08-03,Ludhiana,Punjab,30.901,75.8573,28.85,21.9,33.63,22.01,76.2
2024-08-03,Agra,Uttar Pradesh,27.1767,78.0081,33.59,27.43,38.92,30.77,71.0
2024-08-04,Nashik,Maharashtra,19.9975,73.7898,30.64,24.21,36.07,0.0,80.3
2024-08-04,Pune,Maharashtra,18.5204,73.8567,31.12,25.43,36.42,0.0,80.1
2024-08-04,Hubballi,Karnataka,15.3647,75.124,30.36,25.24,36.27,0.0,84.9
2024-08-04,Kolar,Karnataka,13.1367,78.1292,26.76,19.29,34.81,7.29,79.2
2024-08-04,Ludhiana,Punjab,30.901,75.8573,30.58,24.62,35.46,17.25,73.3
2024-08-04,Agra,Uttar Pradesh,27.1767,78.0081,29.79,25.17,36.91,20.05,64.4
2024-08-05,Nashik,Maharashtra,19.9975,73.7898,29.55,24.02,35.66,8.14,77.1
2024-08-05,Pune,Maharashtra,18.5204,73.8567,27.83,21.14,33.86,21.7,83.0
2024-08-05,Hubballi,Karnataka,15.3647,75.124,29.41,25.27,34.94,0.0,83.6
2024-08-05,Kolar,Karnataka,13.1367,78.1292,27.64,20.94,33.88,4.39,87.4
2024-08-05,Ludhiana,Punjab,30.901,75.8573,29.87,23.93,36.27,0.0,69.7
2024-08-05,Agra,Uttar Pradesh,27.1767,78.0081,31.39,26.59,39.57,0.38,74.3
2024-08-06,Nashik,Maharashtra,19.9975,73.7898,29.15,24.29,37.36,0.0,72.4
2024-08-06,Pune,Maharashtra,18.5204,73.8567,29.63,24.04,38.01,0.0,75.0
2024-08-06,Hubballi,Karnataka,15.3647,75.124,28.27,21.36,32.43,12.98,80.4
2024-08-06,Kolar,Karnataka,13.1367,78.1292,27.31,20.8,31.95,17.08,85.2
2024-08-06,Ludhiana,Punjab,30.901,75.8573,28.97,24.41,34.45,0.0,73.4
2024-08-06,Agra,Uttar Pradesh,27.1767,78.0081,31.84,25.39,37.93,5.09,73.0
2024-08-07,Nashik,Maharashtra,19.9975,73.7898,28.9,23.25,37.0,49.14,81.9
2024-08-07,Pune,Maharashtra,18.5204,73.8567,30.51,26.42,37.15,0.0,80.0
2024-08-07,Hubballi,Karnataka,15.3647,75.124,29.84,22.75,34.62,4.67,74.8
2024-08-07,Kolar,Karnataka,13.1367,78.1292,27.32,20.82,31.74,0.0,74.2
2024-08-07,Ludhiana,Punjab,30.901,75.8573,29.33,24.29,36.06,0.0,71.3
2024-08-07,Agra,Uttar Pradesh,27.1767,78.0081,29.38,24.39,35.52,2.27,75.1
2024-08-08,Nashik,Maharashtra,19.9975,73.7898,28.38,21.26,35.87,0.0,74.7
2024-08-08,Pune,Maharashtra,18.5204,73.8567,29.35,21.98,34.87,3.79,78.4
2024-08-08,Hubballi,Karnataka,15.3647,75.124,30.35,26.08,34.95,0.0,80.7
2024-08-08,Kolar,Karnataka,13.1367,78.1292,25.36,18.47,32.01,0.77,82.1
2024-08-08,Ludhiana,Punjab,30.901,75.8573,30.12,23.35,37.21,0.0,75.2
2024-08-08,Agra,Uttar Pradesh,27.1767,78.0081,29.9,23.43,34.46,10.05,68.3
2024-08-09,Nashik,Maharashtra,19.9975,73.7898,30.27,24.3,35.16,31.25,82.5
2024-08-09,Pune,Maharashtra,18.5204,73.8567,28.43,21.47,35.48,0.0,77.5
2024-08-09,Hubballi,Karnataka,15.3647,75.124,29.42,23.74,35.27,0.0,71.1
2024-08-09,Kolar,Karnataka,13.1367,78.1292,27.25,23.06,34.88,0.0,78.0
2024-08-09,Ludhiana,Punjab,30.901,75.8573,29.1,23.0,37.34,37.07,63.8
2024-08-09,Agra,Uttar Pradesh,27.1767,78.0081,29.65,24.99,33.76,0.0,69.9
2024-08-10,Nashik,Maharashtra,19.9975,73.7898,29.74,24.74,36.04,32.14,80.0
2024-08-10,Pune,Maharashtra,18.5204,73.8567,27.12,22.97,35.07,23.79,82.7
2024-08-10,Hubballi,Karnataka,15.3647,75.124,29.75,24.08,37.42,21.11,79.7
2024-08-10,Kolar,Karnataka,13.1367,78.1292,26.0,20.99,34.2,46.46,78.6
2024-08-10,Ludhiana,Punjab,30.901,75.8573,28.54,23.74,34.82,0.0,72.9
2024-08-10,Agra,Uttar Pradesh,27.1767,78.0081,30.07,23.15,35.62,7.24,71.8
2024-08-11,Nashik,Maharashtra,19.9975,73.7898,30.04,25.86,36.96,16.32,79.4
2024-08-11,Pune,Maharashtra,18.5204,73.8567,29.9,22.83,38.36,0.58,82.0
2024-08-11,Hubballi,Karnataka,15.3647,75.124,26.88,21.28,32.59,11.39,77.7
2024-08-11,Kolar,Karnataka,13.1367,78.1292,27.54,20.15,32.5,0.0,82.0
2024-08-11,Ludhiana,Punjab,30.901,75.8573,29.16,22.91,34.81,0.61,71.4
2024-08-11,Agra,Uttar Pradesh,27.1767,78.0081,32.87,28.53,38.78,0.0,75.1
2024-08-12,Nashik,Maharashtra,19.9975,73.7898,28.79,22.38,36.34,0.0,78.1
2024-08-12,Pune,Maharashtra,18.5204,73.8567,31.07,23.83,39.39,17.61,86.5
2024-08-12,Hubballi,Karnataka,15.3647,75.124,30.2,24.35,38.7,13.14,83.5
2024-08-12,Kolar,Karnataka,13.1367,78.1292,26.19,20.11,32.49,5.13,80.1
2024-08-12,Ludhiana,Punjab,30.901,75.8573,28.46,21.47,34.86,5.15,64.7
2024-08-12,Agra,Uttar Pradesh,27.1767,78.0081,32.12,27.04,40.17,11.07,67.7
2024-08-13,Nashik,Maharashtra,19.9975,73.7898,27.01,20.67,35.08,0.0,81.4
2024-08-13,Pune,Maharashtra,18.5204,73.8567,29.14,23.35,33.87,63.02,85.7
2024-08-13,Hubballi,Karnataka,15.3647,75.124,31.27,26.45,36.79,24.96,74.9
2024-08-13,Kolar,Karnataka,13.1367,78.1292,26.27,21.94,34.67,3.67,86.8
2024-08-13,Ludhiana,Punjab,30.901,75.8573,26.77,19.67,31.54,0.0,75.5
2024-08-13,Agra,Uttar Pradesh,27.1767,78.0081,29.28,23.86,34.16,0.0,72.2
2024-08-14,Nashik,Maharashtra,19.9975,73.7898,29.48,22.85,37.58,12.38,76.7
2024-08-14,Pune,Maharashtra,18.5204,73.8567,29.77,23.58,35.98,0.0,84.6
2024-08-14,Hubballi,Karnataka,15.3647,75.124,31.11,26.17,36.06,7.09,75.5
2024-08-14,Kolar,Karnataka,13.1367,78.1292,28.35,24.04,35.29,9.12,83.5
2024-08-14,Ludhiana,Punjab,30.901,75.8573,28.03,20.6,36.12,0.0,73.2
2024-08-14,Agra,Uttar Pradesh,27.1767,78.0081,31.89,27.67,37.18,19.58,72.6
2024-08-15,Nashik,Maharashtra,19.9975,73.7898,29.31,23.38,37.33,5.62,75.0
2024-08-15,Pune,Maharashtra,18.5204,73.8567,27.45,21.02,35.9,48.44,79.9
2024-08-15,Hubballi,Karnataka,15.3647,75.124,30.06,23.61,38.48,0.0,79.8
2024-08-15,Kolar,Karnataka,13.1367,78.1292,27.84,23.05,32.6,26.12,77.7
2024-08-15,Ludhiana,Punjab,30.901,75.8573,26.69,20.12,33.48,7.12,69.3
2024-08-15,Agra,Uttar Pradesh,27.1767,78.0081,30.33,26.18,34.52,6.83,64.2
2024-08-16,Nashik,Maharashtra,19.9975,73.7898,29.31,22.06,34.05,11.2,77.4
2024-08-16,Pune,Maharashtra,18.5204,73.8567,29.48,22.84,33.85,0.0,78.7
2024-08-16,Hubballi,Karnataka,15.3647,75.124,28.71,21.78,36.93,37.9,79.0
2024-08-16,Kolar,Karnataka,13.1367,78.1292,25.67,21.0,30.75,0.0,74.0
2024-08-16,Ludhiana,Punjab,30.901,75.8573,26.32,21.41,34.29,0.0,73.5
2024-08-16,Agra,Uttar Pradesh,27.1767,78.0081,28.64,22.63,35.42,24.86,73.1
2024-08-17,Nashik,Maharashtra,19.9975,73.7898,27.61,21.02,33.75,0.0,78.6
2024-08-17,Pune,Maharashtra,18.5204,73.8567,26.71,20.63,34.86,17.25,83.7
2024-08-17,Hubballi,Karnataka,15.3647,75.124,28.86,24.15,33.67,0.0,76.6
2024-08-17,Kolar,Karnataka,13.1367,78.1292,27.51,23.03,34.67,61.43,78.3
2024-08-17,Ludhiana,Punjab,30.901,75.8573,30.39,23.24,38.52,0.0,74.0
2024-08-17,Agra,Uttar Pradesh,27.1767,78.0081,31.61,26.48,36.57,29.61,74.4
2024-08-18,Nashik,Maharashtra,19.9975,73.7898,28.66,23.69,33.4,33.01,77.4
2024-08-18,Pune,Maharashtra,18.5204,73.8567,29.13,23.14,37.5,5.48,74.2
2024-08-18,Hubballi,Karnataka,15.3647,75.124,28.62,22.84,36.59,1.11,63.5
2024-08-18,Kolar,Karnataka,13.1367,78.1292,26.2,20.56,33.05,52.01,71.8
2024-08-18,Ludhiana,Punjab,30.901,75.8573,29.13,22.12,34.66,0.0,72.2
2024-08-18,Agra,Uttar Pradesh,27.1767,78.0081,30.16,24.07,35.09,17.91,65.6
2024-08-19,Nashik,Maharashtra,19.9975,73.7898,27.59,20.19,32.95,20.29,76.7
2024-08-19,Pune,Maharashtra,18.5204,73.8567,27.58,21.7,32.19,21.32,82.7
2024-08-19,Hubballi,Karnataka,15.3647,75.124,29.26,22.79,34.0,3.51,81.0
2024-08-19,Kolar,Karnataka,13.1367,78.1292,25.55,18.89,32.13,14.71,86.4
2024-08-19,Ludhiana,Punjab,30.901,75.8573,26.88,20.22,35.26,30.09,72.0
2024-08-19,Agra,Uttar Pradesh,27.1767,78.0081,29.21,24.37,37.39,37.74,79.3
2024-08-20,Nashik,Maharashtra,19.9975,73.7898,29.12,23.36,35.61,26.57,81.1
2024-08-20,Pune,Maharashtra,18.5204,73.8567,30.64,24.53,37.43,0.0,84.2
2024-08-20,Hubballi,Karnataka,15.3647,75.124,28.21,22.44,33.27,0.0,76.3
2024-08-20,Kolar,Karnataka,13.1367,78.1292,28.72,23.65,34.7,9.34,82.2
2024-08-20,Ludhiana,Punjab,30.901,75.8573,25.5,19.48,32.35,1.06,67.6
2024-08-20,Agra,Uttar Pradesh,27.1767,78.0081,28.7,24.13,35.27,0.0,70.8
2024-08-21,Nashik,Maharashtra,19.9975,73.7898,29.46,22.01,34.61,19.04,76.3
2024-08-21,Pune,Maharashtra,18.5204,73.8567,27.06,20.62,31.68,0.0,83.2
2024-08-21,Hubballi,Karnataka,15.3647,75.124,27.76,23.66,34.83,4.43,80.9
2024-08-21,Kolar,Karnataka,13.1367,78.1292,26.19,20.72,32.47,25.77,85.0
2024-08-21,Ludhiana,Punjab,30.901,75.8573,28.13,21.08,36.28,5.79,66.0
2024-08-21,Agra,Uttar Pradesh,27.1767,78.0081,29.58,24.62,37.17,0.0,72.7
2024-08-22,Nashik,Maharashtra,19.9975,73.7898,28.53,23.95,33.73,0.0,84.9
2024-08-22,Pune,Maharashtra,18.5204,73.8567,26.99,21.27,34.12,43.91,86.5
2024-08-22,Hubballi,Karnataka,15.3647,75.124,28.93,23.92,34.95,2.23,77.0
2024-08-22,Kolar,Karnataka,13.1367,78.1292,26.09,20.6,31.8,0.0,85.1
2024-08-22,Ludhiana,Punjab,30.901,75.8573,28.24,21.31,35.96,0.0,77.6
2024-08-22,Agra,Uttar Pradesh,27.1767,78.0081,28.04,21.83,32.5,0.0,65.8
2024-08-23,Nashik,Maharashtra,19.9975,73.7898,29.48,24.23,37.66,0.0,78.2
2024-08-23,Pune,Maharashtra,18.5204,73.8567,27.47,23.08,31.78,7.82,77.1
2024-08-23,Hubballi,Karnataka,15.3647,75.124,30.0,23.3,34.3,0.0,69.4
2024-08-23,Kolar,Karnataka,13.1367,78.1292,25.08,18.76,29.33,4.65,75.7
2024-08-23,Ludhiana,Punjab,30.901,75.8573,27.34,22.12,33.03,28.61,69.2
2024-08-23,Agra,Uttar Pradesh,27.1767,78.0081,27.16,20.25,31.36,8.68,63.0
2024-08-24,Nashik,Maharashtra,19.9975,73.7898,28.28,22.95,36.44,0.0,85.1
2024-08-24,Pune,Maharashtra,18.5204,73.8567,28.11,21.61,34.59,12.74,82.3
2024-08-24,Hubballi,Karnataka,15.3647,75.124,28.4,24.17,36.75,0.0,76.8
2024-08-24,Kolar,Karnataka,13.1367,78.1292,27.51,21.09,32.86,13.74,75.1
2024-08-24,Ludhiana,Punjab,30.901,75.8573,26.29,20.26,31.1,3.99,66.0
2024-08-24,Agra,Uttar Pradesh,27.1767,78.0081,29.53,25.45,36.01,0.0,60.7
2024-08-25,Nashik,Maharashtra,19.9975,73.7898,26.44,19.35,32.93,9.34,76.5
2024-08-25,Pune,Maharashtra,18.5204,73.8567,27.49,22.38,32.89,0.0,83.3
2024-08-25,Hubballi,Karnataka,15.3647,75.124,28.33,21.7,34.32,34.84,73.5
2024-08-25,Kolar,Karnataka,13.1367,78.1292,25.1,20.32,33.21,18.66,81.9
2024-08-25,Ludhiana,Punjab,30.901,75.8573,26.18,20.41,34.16,0.74,72.7
2024-08-25,Agra,Uttar Pradesh,27.1767,78.0081,28.59,23.01,34.16,0.0,68.5
2024-08-26,Nashik,Maharashtra,19.9975,73.7898,27.11,19.8,32.54,0.0,84.9
2024-08-26,Pune,Maharashtra,18.5204,73.8567,27.26,21.26,34.25,28.74,79.4
2024-08-26,Hubballi,Karnataka,15.3647,75.124,28.99,23.53,33.91,2.12,81.2
2024-08-26,Kolar,Karnataka,13.1367,78.1292,23.27,18.11,30.19,33.52,78.5
2024-08-26,Ludhiana,Punjab,30.901,75.8573,25.88,21.54,33.52,0.0,66.4
2024-08-26,Agra,Uttar Pradesh,27.1767,78.0081,28.27,23.92,33.61,0.0,76.5
2024-08-27,Nashik,Maharashtra,19.9975,73.7898,27.28,21.3,35.09,11.39,81.6
2024-08-27,Pune,Maharashtra,18.5204,73.8567,25.49,19.75,32.13,0.0,92.4
2024-08-27,Hubballi,Karnataka,15.3647,75.124,28.11,22.98,36.39,1.43,79.2
2024-08-27,Kolar,Karnataka,13.1367,78.1292,26.03,18.74,34.04,0.0,75.8
2024-08-27,Ludhiana,Punjab,30.901,75.8573,24.96,18.19,29.39,78.65,72.8
2024-08-27,Agra,Uttar Pradesh,27.1767,78.0081,30.18,24.27,36.33,0.0,66.9
2024-08-28,Nashik,Maharashtra,19.9975,73.7898,27.46,22.52,32.28,24.49,80.0
2024-08-28,Pune,Maharashtra,18.5204,73.8567,27.26,20.49,31.55,0.0,84.8
2024-08-28,Hubballi,Karnataka,15.3647,75.124,28.1,22.07,33.37,3.33,77.5
2024-08-28,Kolar,Karnataka,13.1367,78.1292,25.77,18.53,30.72,8.03,81.9
2024-08-28,Ludhiana,Punjab,30.901,75.8573,28.57,22.21,34.82,0.0,73.7
2024-08-28,Agra,Uttar Pradesh,27.1767,78.0081,28.11,20.61,32.44,32.52,71.6
2024-08-29,Nashik,Maharashtra,19.9975,73.7898,25.56,21.01,30.85,21.39,77.8
2024-08-29,Pune,Maharashtra,18.5204,73.8567,24.65,17.38,29.12,0.0,87.6
2024-08-29,Hubballi,Karnataka,15.3647,75.124,27.02,20.25,34.39,45.07,80.9
2024-08-29,Kolar,Karnataka,13.1367,78.1292,23.74,19.23,28.16,20.94,80.5
2024-08-29,Ludhiana,Punjab,30.901,75.8573,27.39,22.27,31.47,6.54,74.0
2024-08-29,Agra,Uttar Pradesh,27.1767,78.0081,28.09,23.11,35.36,0.0,66.1
2024-08-30,Nashik,Maharashtra,19.9975,73.7898,28.9,22.16,36.37,0.0,74.3
2024-08-30,Pune,Maharashtra,18.5204,73.8567,28.92,21.93,33.3,0.0,81.4
2024-08-30,Hubballi,Karnataka,15.3647,75.124,27.9,21.55,36.06,17.83,68.4
2024-08-30,Kolar,Karnataka,13.1367,78.1292,25.43,18.69,33.67,8.71,84.8
2024-08-30,Ludhiana,Punjab,30.901,75.8573,26.22,22.18,32.07,0.0,69.7
2024-08-30,Agra,Uttar Pradesh,27.1767,78.0081,27.81,21.9,34.2,0.0,72.6
2024-08-31,Nashik,Maharashtra,19.9975,73.7898,27.19,20.32,32.62,22.8,80.4
2024-08-31,Pune,Maharashtra,18.5204,73.8567,28.43,23.72,34.64,0.0,80.9
2024-08-31,Hubballi,Karnataka,15.3647,75.124,27.23,22.87,33.3,0.0,72.6
2024-08-31,Kolar,Karnataka,13.1367,78.1292,26.75,19.46,34.5,14.22,74.7
2024-08-31,Ludhiana,Punjab,30.901,75.8573,26.56,22.27,33.49,0.0,77.2
2024-08-31,Agra,Uttar Pradesh,27.1767,78.0081,27.87,22.02,33.15,0.0,66.9
2024-09-01,Nashik,Maharashtra,19.9975,73.7898,29.23,21.9,34.98,10.82,57.1
2024-09-01,Pune,Maharashtra,18.5204,73.8567,27.02,22.1,32.66,0.0,69.9
2024-09-01,Hubballi,Karnataka,15.3647,75.124,28.57,23.21,33.99,0.0,59.1
2024-09-01,Kolar,Karnataka,13.1367,78.1292,26.2,20.19,34.6,21.88,58.2
2024-09-01,Ludhiana,Punjab,30.901,75.8573,25.73,18.79,30.44,0.0,60.3
2024-09-01,Agra,Uttar Pradesh,27.1767,78.0081,28.27,22.03,35.82,30.11,42.4
2024-09-02,Nashik,Maharashtra,19.9975,73.7898,28.93,24.36,34.72,0.0,64.9
2024-09-02,Pune,Maharashtra,18.5204,73.8567,28.69,22.27,33.54,6.77,64.0
2024-09-02,Hubballi,Karnataka,15.3647,75.124,29.88,24.17,35.65,0.0,53.6
2024-09-02,Kolar,Karnataka,13.1367,78.1292,26.01,19.51,33.39,0.0,65.9
2024-09-02,Ludhiana,Punjab,30.901,75.8573,27.11,22.85,35.54,0.0,43.0
2024-09-02,Agra,Uttar Pradesh,27.1767,78.0081,29.28,23.68,34.23,0.0,51.2
2024-09-03,Nashik,Maharashtra,19.9975,73.7898,27.97,23.69,32.95,0.0,57.8
2024-09-03,Pune,Maharashtra,18.5204,73.8567,26.96,19.78,33.58,16.77,63.0
2024-09-03,Hubballi,Karnataka,15.3647,75.124,30.08,24.75,36.69,59.84,58.2
2024-09-03,Kolar,Karnataka,13.1367,78.1292,25.52,19.41,30.0,0.0,61.1
2024-09-03,Ludhiana,Punjab,30.901,75.8573,25.95,21.74,33.17,0.0,49.3
2024-09-03,Agra,Uttar Pradesh,27.1767,78.0081,28.55,24.18,35.8,0.0,57.5
2024-09-04,Nashik,Maharashtra,19.9975,73.7898,26.16,19.17,30.87,0.0,63.6
2024-09-04,Pune,Maharashtra,18.5204,73.8567,26.52,19.48,31.04,32.63,62.5
2024-09-04,Hubballi,Karnataka,15.3647,75.124,27.25,20.45,35.53,0.0,56.6
2024-09-04,Kolar,Karnataka,13.1367,78.1292,23.94,16.54,30.93,0.0,59.4
2024-09-04,Ludhiana,Punjab,30.901,75.8573,24.69,17.94,32.07,0.0,57.0
2024-09-04,Agra,Uttar Pradesh,27.1767,78.0081,26.35,22.24,33.0,6.92,52.5
2024-09-05,Nashik,Maharashtra,19.9975,73.7898,25.11,18.67,33.01,0.08,59.6
2024-09-05,Pune,Maharashtra,18.5204,73.8567,27.06,21.08,32.86,7.34,56.9
2024-09-05,Hubballi,Karnataka,15.3647,75.124,27.56,22.05,35.72,0.0,67.0
2024-09-05,Kolar,Karnataka,13.1367,78.1292,24.09,19.75,29.89,0.0,58.8
2024-09-05,Ludhiana,Punjab,30.901,75.8573,25.67,18.54,31.76,0.0,68.7
2024-09-05,Agra,Uttar Pradesh,27.1767,78.0081,27.47,20.21,31.85,0.0,56.3
2024-09-06,Nashik,Maharashtra,19.9975,73.7898,26.93,19.91,31.75,5.2,65.8
2024-09-06,Pune,Maharashtra,18.5204,73.8567,26.62,20.61,34.2,0.0,66.5
2024-09-06,Hubballi,Karnataka,15.3647,75.124,28.09,22.81,35.41,9.41,62.1
2024-09-06,Kolar,Karnataka,13.1367,78.1292,27.38,20.66,34.79,20.33,64.8
2024-09-06,Ludhiana,Punjab,30.901,75.8573,26.9,20.71,34.3,26.29,54.9
2024-09-06,Agra,Uttar Pradesh,27.1767,78.0081,27.08,20.32,31.84,0.0,53.6
2024-09-07,Nashik,Maharashtra,19.9975,73.7898,25.28,21.2,33.38,15.86,65.4
2024-09-07,Pune,Maharashtra,18.5204,73.8567,27.23,21.45,33.22,20.52,64.1
2024-09-07,Hubballi,Karnataka,15.3647,75.124,26.51,19.61,34.79,0.0,61.3
2024-09-07,Kolar,Karnataka,13.1367,78.1292,24.72,17.32,31.93,0.0,58.0
2024-09-07,Ludhiana,Punjab,30.901,75.8573,25.95,18.47,31.25,0.0,61.7
2024-09-07,Agra,Uttar Pradesh,27.1767,78.0081,27.88,20.77,35.9,21.61,45.7
2024-09-08,Nashik,Maharashtra,19.9975,73.7898,26.88,19.96,31.2,26.01,66.0
2024-09-08,Pune,Maharashtra,18.5204,73.8567,28.33,20.9,35.25,0.0,65.8
2024-09-08,Hubballi,Karnataka,15.3647,75.124,28.44,20.97,34.81,0.0,59.0
2024-09-08,Kolar,Karnataka,13.1367,78.1292,25.52,20.02,32.49,0.0,57.4
2024-09-08,Ludhiana,Punjab,30.901,75.8573,25.35,18.72,33.44,0.0,56.3
2024-09-08,Agra,Uttar Pradesh,27.1767,78.0081,27.43,20.53,32.96,0.81,53.2
2024-09-09,Nashik,Maharashtra,19.9975,73.7898,28.53,22.12,36.93,0.0,56.0
2024-09-09,Pune,Maharashtra,18.5204,73.8567,26.43,21.37,30.57,16.85,59.2
2024-09-09,Hubballi,Karnataka,15.3647,75.124,27.6,21.57,36.06,0.0,64.3
2024-09-09,Kolar,Karnataka,13.1367,78.1292,26.33,18.92,32.74,0.0,63.0
2024-09-09,Ludhiana,Punjab,30.901,75.8573,24.92,20.79,29.77,0.0,56.0
2024-09-09,Agra,Uttar Pradesh,27.1767,78.0081,26.33,19.76,32.77,3.53,51.8
2024-09-10,Nashik,Maharashtra,19.9975,73.7898,26.67,22.63,31.93,0.0,63.2
2024-09-10,Pune,Maharashtra,18.5204,73.8567,25.44,18.55,31.86,0.0,66.9
2024-09-10,Hubballi,Karnataka,15.3647,75.124,27.55,23.29,34.45,0.89,61.0
2024-09-10,Kolar,Karnataka,13.1367,78.1292,24.68,20.66,31.22,0.0,65.3
2024-09-10,Ludhiana,Punjab,30.901,75.8573,23.88,18.82,31.42,0.0,55.8
2024-09-10,Agra,Uttar Pradesh,27.1767,78.0081,27.03,21.77,31.9,19.06,45.2
2024-09-11,Nashik,Maharashtra,19.9975,73.7898,24.0,19.94,30.53,7.93,61.1
2024-09-11,Pune,Maharashtra,18.5204,73.8567,25.72,20.19,31.32,0.0,69.9
2024-09-11,Hubballi,Karnataka,15.3647,75.124,28.46,21.72,34.32,0.0,50.0
2024-09-11,Kolar,Karnataka,13.1367,78.1292,24.32,18.81,30.06,0.0,68.4
2024-09-11,Ludhiana,Punjab,30.901,75.8573,26.19,20.02,31.15,5.65,59.5
2024-09-11,Agra,Uttar Pradesh,27.1767,78.0081,27.02,21.98,35.33,0.0,48.0
2024-09-12,Nashik,Maharashtra,19.9975,73.7898,26.02,19.4,32.9,0.0,59.5
2024-09-12,Pune,Maharashtra,18.5204,73.8567,25.92,21.52,32.36,6.23,64.3
2024-09-12,Hubballi,Karnataka,15.3647,75.124,28.64,24.61,36.2,0.0,57.1
2024-09-12,Kolar,Karnataka,13.1367,78.1292,23.98,17.5,31.13,2.39,59.5
2024-09-12,Ludhiana,Punjab,30.901,75.8573,23.54,17.96,31.77,19.89,59.6
2024-09-12,Agra,Uttar Pradesh,27.1767,78.0081,28.4,23.58,36.26,0.0,51.5
2024-09-13,Nashik,Maharashtra,19.9975,73.7898,25.57,19.5,32.63,0.0,61.6
2024-09-13,Pune,Maharashtra,18.5204,73.8567,26.09,21.31,33.73,5.73,65.5
2024-09-13,Hubballi,Karnataka,15.3647,75.124,27.27,21.08,31.88,6.34,62.4
2024-09-13,Kolar,Karnataka,13.1367,78.1292,24.01,18.58,29.71,12.25,68.0
2024-09-13,Ludhiana,Punjab,30.901,75.8573,22.97,17.2,28.3,0.0,53.9
2024-09-13,Agra,Uttar Pradesh,27.1767,78.0081,26.64,21.81,33.73,0.0,52.2
2024-09-14,Nashik,Maharashtra,19.9975,73.7898,26.09,20.98,32.68,9.35,58.0
2024-09-14,Pune,Maharashtra,18.5204,73.8567,26.71,22.3,33.68,0.0,66.5
2024-09-14,Hubballi,Karnataka,15.3647,75.124,27.59,22.84,34.95,0.0,60.8
2024-09-14,Kolar,Karnataka,13.1367,78.1292,25.99,20.69,34.29,0.0,71.5
2024-09-14,Ludhiana,Punjab,30.901,75.8573,25.12,20.65,30.12,15.55,54.1
2024-09-14,Agra,Uttar Pradesh,27.1767,78.0081,27.07,21.27,32.84,0.0,47.2
2024-09-15,Nashik,Maharashtra,19.9975,73.7898,25.88,19.37,31.71,0.0,64.7
2024-09-15,Pune,Maharashtra,18.5204,73.8567,24.11,16.99,31.07,0.0,58.9
2024-09-15,Hubballi,Karnataka,15.3647,75.124,28.0,22.46,32.93,3.15,69.1
2024-09-15,Kolar,Karnataka,13.1367,78.1292,23.48,19.02,29.88,0.0,64.7
2024-09-15,Ludhiana,Punjab,30.901,75.8573,24.08,20.06,30.48,1.79,56.7
2024-09-15,Agra,Uttar Pradesh,27.1767,78.0081,28.22,21.34,34.06,11.31,60.3
2024-09-16,Nashik,Maharashtra,19.9975,73.7898,28.08,22.63,36.34,8.1,60.6
2024-09-16,Pune,Maharashtra,18.5204,73.8567,27.44,22.47,31.98,0.0,63.2
2024-09-16,Hubballi,Karnataka,15.3647,75.124,25.66,19.74,30.3,17.83,61.8
2024-09-16,Kolar,Karnataka,13.1367,78.1292,23.28,16.72,29.59,0.0,54.8
2024-09-16,Ludhiana,Punjab,30.901,75.8573,24.88,17.71,30.71,23.35,54.0
2024-09-16,Agra,Uttar Pradesh,27.1767,78.0081,24.84,20.82,30.48,0.0,47.8
2024-09-17,Nashik,Maharashtra,19.9975,73.7898,25.7,20.67,33.63,13.39,60.8
2024-09-17,Pune,Maharashtra,18.5204,73.8567,25.17,19.08,33.48,40.9,66.9
2024-09-17,Hubballi,Karnataka,15.3647,75.124,27.16,20.0,34.41,0.7,58.4
2024-09-17,Kolar,Karnataka,13.1367,78.1292,24.37,19.2,31.8,0.0,58.6
2024-09-17,Ludhiana,Punjab,30.901,75.8573,21.94,17.18,28.67,0.0,53.7
2024-09-17,Agra,Uttar Pradesh,27.1767,78.0081,24.53,19.1,32.24,5.73,44.7
2024-09-18,Nashik,Maharashtra,19.9975,73.7898,24.95,20.94,33.33,54.47,63.8
2024-09-18,Pune,Maharashtra,18.5204,73.8567,25.79,21.29,33.73,15.65,70.1
2024-09-18,Hubballi,Karnataka,15.3647,75.124,26.92,19.8,32.85,0.0,56.9
2024-09-18,Kolar,Karnataka,13.1367,78.1292,24.84,17.39,31.03,15.79,59.8
2024-09-18,Ludhiana,Punjab,30.901,75.8573,23.54,18.94,28.1,6.03,54.3
2024-09-18,Agra,Uttar Pradesh,27.1767,78.0081,25.98,19.87,31.06,5.04,52.6
2024-09-19,Nashik,Maharashtra,19.9975,73.7898,25.23,19.32,31.06,0.0,60.8
2024-09-19,Pune,Maharashtra,18.5204,73.8567,25.2,19.65,31.18,20.83,57.9
2024-09-19,Hubballi,Karnataka,15.3647,75.124,27.24,21.43,34.93,0.0,55.3
2024-09-19,Kolar,Karnataka,13.1367,78.1292,23.88,17.89,32.01,0.0,65.3
2024-09-19,Ludhiana,Punjab,30.901,75.8573,21.18,15.54,29.55,0.0,53.6
2024-09-19,Agra,Uttar Pradesh,27.1767,78.0081,24.41,17.14,29.93,0.0,46.1
2024-09-20,Nashik,Maharashtra,19.9975,73.7898,26.16,21.79,33.0,10.71,62.7
2024-09-20,Pune,Maharashtra,18.5204,73.8567,23.6,17.22,31.97,7.75,60.8
2024-09-20,Hubballi,Karnataka,15.3647,75.124,27.05,20.21,32.6,2.34,61.2
2024-09-20,Kolar,Karnataka,13.1367,78.1292,25.44,19.51,31.78,0.0,64.4
2024-09-20,Ludhiana,Punjab,30.901,75.8573,21.4,14.06,27.91,3.47,60.8
2024-09-20,Agra,Uttar Pradesh,27.1767,78.0081,24.27,19.22,28.99,0.0,50.6
2024-09-21,Nashik,Maharashtra,19.9975,73.7898,23.91,16.97,27.92,5.15,55.8
2024-09-21,Pune,Maharashtra,18.5204,73.8567,22.51,18.18,26.62,6.89,63.1
2024-09-21,Hubballi,Karnataka,15.3647,75.124,26.68,20.59,34.36,1.84,56.8
2024-09-21,Kolar,Karnataka,13.1367,78.1292,24.94,17.64,32.53,0.0,61.2
2024-09-21,Ludhiana,Punjab,30.901,75.8573,25.17,17.7,32.3,0.0,52.1
2024-09-21,Agra,Uttar Pradesh,27.1767,78.0081,24.79,18.77,29.6,0.0,57.2
2024-09-22,Nashik,Maharashtra,19.9975,73.7898,24.74,20.39,31.69,0.0,64.4
2024-09-22,Pune,Maharashtra,18.5204,73.8567,23.4,16.23,30.13,33.68,65.2
2024-09-22,Hubballi,Karnataka,15.3647,75.124,25.58,20.75,29.9,0.0,55.0
2024-09-22,Kolar,Karnataka,13.1367,78.1292,24.02,19.59,29.96,28.33,66.9
2024-09-22,Ludhiana,Punjab,30.901,75.8573,24.25,19.39,28.51,0.0,54.5
2024-09-22,Agra,Uttar Pradesh,27.1767,78.0081,26.83,22.71,31.21,11.36,49.6
2024-09-23,Nashik,Maharashtra,19.9975,73.7898,23.49,16.27,30.81,8.77,62.1
2024-09-23,Pune,Maharashtra,18.5204,73.8567,27.6,22.01,34.88,0.06,67.4
2024-09-23,Hubballi,Karnataka,15.3647,75.124,28.38,21.2,33.62,0.44,64.1
2024-09-23,Kolar,Karnataka,13.1367,78.1292,23.89,16.62,29.29,49.8,56.5
2024-09-23,Ludhiana,Punjab,30.901,75.8573,23.43,18.87,28.16,0.0,53.0
2024-09-23,Agra,Uttar Pradesh,27.1767,78.0081,23.44,18.31,27.82,5.48,51.7
2024-09-24,Nashik,Maharashtra,19.9975,73.7898,25.18,19.21,30.96,0.0,65.0
2024-09-24,Pune,Maharashtra,18.5204,73.8567,23.8,18.35,30.53,3.11,61.1
2024-09-24,Hubballi,Karnataka,15.3647,75.124,26.46,19.84,33.2,0.0,55.9
2024-09-24,Kolar,Karnataka,13.1367,78.1292,19.89,13.6,25.22,16.02,61.6
2024-09-24,Ludhiana,Punjab,30.901,75.8573,20.49,14.61,26.16,0.0,52.1
2024-09-24,Agra,Uttar Pradesh,27.1767,78.0081,24.95,19.9,32.92,0.38,54.5
2024-09-25,Nashik,Maharashtra,19.9975,73.7898,23.65,18.27,28.08,55.25,59.8
2024-09-25,Pune,Maharashtra,18.5204,73.8567,26.72,22.0,31.51,11.42,71.1
2024-09-25,Hubballi,Karnataka,15.3647,75.124,24.69,19.34,30.75,0.0,65.1
2024-09-25,Kolar,Karnataka,13.1367,78.1292,24.6,19.71,31.66,11.93,60.0
2024-09-25,Ludhiana,Punjab,30.901,75.8573,21.45,14.0,27.71,11.38,50.6
2024-09-25,Agra,Uttar Pradesh,27.1767,78.0081,23.39,15.94,29.74,0.0,51.8
2024-09-26,Nashik,Maharashtra,19.9975,73.7898,22.78,17.44,26.98,21.91,63.8
2024-09-26,Pune,Maharashtra,18.5204,73.8567,23.78,17.34,29.79,35.57,68.6
2024-09-26,Hubballi,Karnataka,15.3647,75.124,25.36,20.36,30.52,8.92,55.8
2024-09-26,Kolar,Karnataka,13.1367,78.1292,22.81,15.86,31.04,0.24,64.0
2024-09-26,Ludhiana,Punjab,30.901,75.8573,22.65,17.06,27.69,0.0,53.9
2024-09-26,Agra,Uttar Pradesh,27.1767,78.0081,24.57,19.06,32.11,14.3,50.8
2024-09-27,Nashik,Maharashtra,19.9975,73.7898,26.33,21.22,33.02,45.31,60.0
2024-09-27,Pune,Maharashtra,18.5204,73.8567,27.17,19.86,31.96,0.0,70.9
2024-09-27,Hubballi,Karnataka,15.3647,75.124,24.73,17.33,29.28,26.89,59.6
2024-09-27,Kolar,Karnataka,13.1367,78.1292,21.34,15.97,25.84,24.9,60.8
2024-09-27,Ludhiana,Punjab,30.901,75.8573,22.44,18.03,26.74,28.44,57.3
2024-09-27,Agra,Uttar Pradesh,27.1767,78.0081,25.21,19.14,31.77,12.13,53.6
2024-09-28,Nashik,Maharashtra,19.9975,73.7898,24.93,18.09,32.5,0.0,62.2
2024-09-28,Pune,Maharashtra,18.5204,73.8567,22.93,18.06,27.32,0.0,70.1
2024-09-28,Hubballi,Karnataka,15.3647,75.124,27.49,20.71,35.28,6.6,62.8
2024-09-28,Kolar,Karnataka,13.1367,78.1292,24.69,17.29,29.57,0.0,58.0
2024-09-28,Ludhiana,Punjab,30.901,75.8573,20.96,15.89,28.15,12.05,50.7
2024-09-28,Agra,Uttar Pradesh,27.1767,78.0081,23.51,18.0,31.79,0.0,53.8
2024-09-29,Nashik,Maharashtra,19.9975,73.7898,25.69,20.72,33.76,0.0,61.2
2024-09-29,Pune,Maharashtra,18.5204,73.8567,23.81,17.37,32.13,7.23,67.0
2024-09-29,Hubballi,Karnataka,15.3647,75.124,24.97,20.7,30.4,0.0,64.4
2024-09-29,Kolar,Karnataka,13.1367,78.1292,24.79,19.94,29.92,0.0,67.7
2024-09-29,Ludhiana,Punjab,30.901,75.8573,21.5,17.33,26.04,0.0,57.5
2024-09-29,Agra,Uttar Pradesh,27.1767,78.0081,20.14,13.21,24.72,0.0,52.6
2024-09-30,Nashik,Maharashtra,19.9975,73.7898,26.03,18.73,31.12,9.83,62.0
2024-09-30,Pune,Maharashtra,18.5204,73.8567,22.88,15.61,30.37,0.0,61.8
2024-09-30,Hubballi,Karnataka,15.3647,75.124,26.91,22.66,35.27,0.0,62.0
2024-09-30,Kolar,Karnataka,13.1367,78.1292,22.3,18.27,28.52,0.0,60.2
2024-09-30,Ludhiana,Punjab,30.901,75.8573,22.91,16.26,30.64,8.27,55.3
2024-09-30,Agra,Uttar Pradesh,27.1767,78.0081,24.45,20.25,31.62,38.31,50.1
2024-10-01,Nashik,Maharashtra,19.9975,73.7898,24.3,19.9,32.64,0.0,59.3
2024-10-01,Pune,Maharashtra,18.5204,73.8567,22.95,16.8,27.47,0.0,62.9
2024-10-01,Hubballi,Karnataka,15.3647,75.124,27.34,22.44,35.81,0.0,56.6
2024-10-01,Kolar,Karnataka,13.1367,78.1292,25.71,19.38,29.95,0.0,58.0
2024-10-01,Ludhiana,Punjab,30.901,75.8573,20.67,13.73,27.23,0.0,51.9
2024-10-01,Agra,Uttar Pradesh,27.1767,78.0081,24.88,19.48,29.79,0.0,51.1
2024-10-02,Nashik,Maharashtra,19.9975,73.7898,23.3,16.65,29.43,0.0,72.8
2024-10-02,Pune,Maharashtra,18.5204,73.8567,23.88,18.45,32.26,0.0,60.6
2024-10-02,Hubballi,Karnataka,15.3647,75.124,26.36,20.26,32.69,0.0,58.6
2024-10-02,Kolar,Karnataka,13.1367,78.1292,24.57,18.8,32.67,0.0,66.1
2024-10-02,Ludhiana,Punjab,30.901,75.8573,21.4,17.11,28.23,0.0,47.8
2024-10-02,Agra,Uttar Pradesh,27.1767,78.0081,26.53,20.36,34.61,0.0,52.4
2024-10-03,Nashik,Maharashtra,19.9975,73.7898,24.01,16.89,29.1,0.0,60.2
2024-10-03,Pune,Maharashtra,18.5204,73.8567,23.87,19.23,28.77,1.32,67.7
2024-10-03,Hubballi,Karnataka,15.3647,75.124,24.94,17.67,30.35,0.0,51.9
2024-10-03,Kolar,Karnataka,13.1367,78.1292,22.98,18.34,31.39,0.0,67.3
2024-10-03,Ludhiana,Punjab,30.901,75.8573,21.28,17.21,28.9,0.0,57.4
2024-10-03,Agra,Uttar Pradesh,27.1767,78.0081,23.8,16.73,31.32,0.0,54.8
2024-10-04,Nashik,Maharashtra,19.9975,73.7898,24.79,17.31,29.24,0.0,64.3
2024-10-04,Pune,Maharashtra,18.5204,73.8567,23.89,17.7,28.09,0.0,61.2
2024-10-04,Hubballi,Karnataka,15.3647,75.124,26.02,21.85,32.1,0.0,62.0
2024-10-04,Kolar,Karnataka,13.1367,78.1292,21.86,14.85,27.34,1.43,61.8
2024-10-04,Ludhiana,Punjab,30.901,75.8573,20.51,14.31,26.81,0.0,58.4
2024-10-04,Agra,Uttar Pradesh,27.1767,78.0081,24.41,18.19,30.04,0.0,47.1
2024-10-05,Nashik,Maharashtra,19.9975,73.7898,24.26,18.96,30.96,0.0,57.9
2024-10-05,Pune,Maharashtra,18.5204,73.8567,23.48,19.16,29.56,0.0,64.1
2024-10-05,Hubballi,Karnataka,15.3647,75.124,25.7,21.14,30.67,0.0,51.2
2024-10-05,Kolar,Karnataka,13.1367,78.1292,22.97,18.25,28.81,0.0,66.3
2024-10-05,Ludhiana,Punjab,30.901,75.8573,21.57,16.61,29.1,0.0,63.5
2024-10-05,Agra,Uttar Pradesh,27.1767,78.0081,22.04,15.26,26.05,2.88,53.4
2024-10-06,Nashik,Maharashtra,19.9975,73.7898,23.53,16.05,27.57,0.0,63.6
2024-10-06,Pune,Maharashtra,18.5204,73.8567,22.81,18.02,30.49,0.0,66.6
2024-10-06,Hubballi,Karnataka,15.3647,75.124,24.31,18.75,32.58,0.0,59.9
2024-10-06,Kolar,Karnataka,13.1367,78.1292,22.64,16.42,27.77,0.0,60.4
2024-10-06,Ludhiana,Punjab,30.901,75.8573,21.92,14.64,30.38,0.0,59.4
2024-10-06,Agra,Uttar Pradesh,27.1767,78.0081,23.5,19.0,30.74,0.0,61.3
2024-10-07,Nashik,Maharashtra,19.9975,73.7898,26.03,21.19,31.3,0.0,56.1
2024-10-07,Pune,Maharashtra,18.5204,73.8567,24.36,17.89,32.31,0.63,64.8
2024-10-07,Hubballi,Karnataka,15.3647,75.124,25.12,20.43,29.77,0.0,52.1
2024-10-07,Kolar,Karnataka,13.1367,78.1292,25.52,18.46,32.19,0.0,63.7
2024-10-07,Ludhiana,Punjab,30.901,75.8573,19.9,15.26,28.26,0.0,48.7
2024-10-07,Agra,Uttar Pradesh,27.1767,78.0081,23.61,17.83,30.77,0.0,52.6
2024-10-08,Nashik,Maharashtra,19.9975,73.7898,22.51,16.9,27.51,0.0,64.0
2024-10-08,Pune,Maharashtra,18.5204,73.8567,23.94,17.28,31.26,0.0,61.3
2024-10-08,Hubballi,Karnataka,15.3647,75.124,25.49,21.41,30.71,0.0,64.0
2024-10-08,Kolar,Karnataka,13.1367,78.1292,21.54,16.73,27.45,0.0,58.6
2024-10-08,Ludhiana,Punjab,30.901,75.8573,21.6,14.18,29.84,0.0,52.2
2024-10-08,Agra,Uttar Pradesh,27.1767,78.0081,22.79,16.54,28.51,0.0,47.4
2024-10-09,Nashik,Maharashtra,19.9975,73.7898,23.8,17.21,29.18,0.0,57.3
2024-10-09,Pune,Maharashtra,18.5204,73.8567,23.38,17.2,27.68,0.0,68.6
2024-10-09,Hubballi,Karnataka,15.3647,75.124,23.94,18.61,28.67,0.0,65.8
2024-10-09,Kolar,Karnataka,13.1367,78.1292,22.57,17.75,28.92,0.0,64.7
2024-10-09,Ludhiana,Punjab,30.901,75.8573,19.91,14.67,24.38,0.0,61.2
2024-10-09,Agra,Uttar Pradesh,27.1767,78.0081,24.61,19.28,29.82,0.0,53.8
2024-10-10,Nashik,Maharashtra,19.9975,73.7898,24.33,17.85,29.09,0.0,58.3
2024-10-10,Pune,Maharashtra,18.5204,73.8567,21.78,16.71,28.55,0.0,74.3
2024-10-10,Hubballi,Karnataka,15.3647,75.124,27.06,22.81,33.17,0.0,58.5
2024-10-10,Kolar,Karnataka,13.1367,78.1292,20.78,14.33,27.3,0.0,65.7
2024-10-10,Ludhiana,Punjab,30.901,75.8573,20.02,12.79,24.15,0.0,55.8
2024-10-10,Agra,Uttar Pradesh,27.1767,78.0081,24.14,18.18,30.93,0.0,54.5
2024-10-11,Nashik,Maharashtra,19.9975,73.7898,24.08,19.26,29.82,0.0,66.6
2024-10-11,Pune,Maharashtra,18.5204,73.8567,23.14,17.14,29.74,0.61,63.4
2024-10-11,Hubballi,Karnataka,15.3647,75.124,23.73,18.7,29.88,0.0,55.8
2024-10-11,Kolar,Karnataka,13.1367,78.1292,21.51,14.66,27.51,0.0,59.9
2024-10-11,Ludhiana,Punjab,30.901,75.8573,20.28,13.14,27.19,0.0,49.3
2024-10-11,Agra,Uttar Pradesh,27.1767,78.0081,20.75,14.47,27.97,0.0,53.4
2024-10-12,Nashik,Maharashtra,19.9975,73.7898,22.93,18.74,27.67,0.0,63.5
2024-10-12,Pune,Maharashtra,18.5204,73.8567,23.31,16.42,27.49,0.0,58.9
2024-10-12,Hubballi,Karnataka,15.3647,75.124,24.4,20.07,31.28,0.0,57.8
2024-10-12,Kolar,Karnataka,13.1367,78.1292,23.24,17.34,28.42,0.0,65.4
2024-10-12,Ludhiana,Punjab,30.901,75.8573,19.52,15.39,24.89,0.0,55.6
2024-10-12,Agra,Uttar Pradesh,27.1767,78.0081,22.58,16.75,27.24,0.0,56.9
2024-10-13,Nashik,Maharashtra,19.9975,73.7898,23.3,15.88,29.42,0.0,63.1
2024-10-13,Pune,Maharashtra,18.5204,73.8567,24.7,20.46,29.21,0.0,64.9
2024-10-13,Hubballi,Karnataka,15.3647,75.124,24.09,17.74,29.14,0.0,60.8
2024-10-13,Kolar,Karnataka,13.1367,78.1292,22.79,16.97,28.19,0.0,60.7
2024-10-13,Ludhiana,Punjab,30.901,75.8573,18.58,13.56,23.67,0.0,61.5
2024-10-13,Agra,Uttar Pradesh,27.1767,78.0081,24.17,19.49,29.41,0.0,46.8
2024-10-14,Nashik,Maharashtra,19.9975,73.7898,22.35,16.37,26.8,0.0,58.8
2024-10-14,Pune,Maharashtra,18.5204,73.8567,21.52,16.66,27.08,0.0,60.9
2024-10-14,Hubballi,Karnataka,15.3647,75.124,25.42,19.61,31.91,5.39,55.7
2024-10-14,Kolar,Karnataka,13.1367,78.1292,19.0,13.34,27.23,0.0,65.7
2024-10-14,Ludhiana,Punjab,30.901,75.8573,19.28,14.87,25.54,0.0,59.9
2024-10-14,Agra,Uttar Pradesh,27.1767,78.0081,23.47,16.99,30.32,0.0,51.2
2024-10-15,Nashik,Maharashtra,19.9975,73.7898,22.76,17.45,30.64,0.0,59.7
2024-10-15,Pune,Maharashtra,18.5204,73.8567,22.63,16.86,27.5,0.0,64.1
2024-10-15,Hubballi,Karnataka,15.3647,75.124,23.1,18.46,31.11,0.0,59.5
2024-10-15,Kolar,Karnataka,13.1367,78.1292,22.89,16.0,27.43,3.14,57.3
2024-10-15,Ludhiana,Punjab,30.901,75.8573,20.18,12.9,25.18,0.0,54.1
2024-10-15,Agra,Uttar Pradesh,27.1767,78.0081,21.77,16.15,28.25,0.0,46.7
2024-10-16,Nashik,Maharashtra,19.9975,73.7898,23.18,17.71,31.53,0.0,56.1
2024-10-16,Pune,Maharashtra,18.5204,73.8567,23.16,16.67,28.82,0.72,64.0
2024-10-16,Hubballi,Karnataka,15.3647,75.124,23.39,18.03,29.82,0.0,61.3
2024-10-16,Kolar,Karnataka,13.1367,78.1292,22.58,16.66,27.79,0.0,63.3
2024-10-16,Ludhiana,Punjab,30.901,75.8573,20.67,14.81,27.33,0.0,54.8
2024-10-16,Agra,Uttar Pradesh,27.1767,78.0081,21.34,15.15,28.73,0.0,56.0
2024-10-17,Nashik,Maharashtra,19.9975,73.7898,22.5,17.06,28.88,0.0,51.6
2024-10-17,Pune,Maharashtra,18.5204,73.8567,22.23,15.23,29.77,0.0,71.0
2024-10-17,Hubballi,Karnataka,15.3647,75.124,24.98,18.29,30.36,0.0,62.9
2024-10-17,Kolar,Karnataka,13.1367,78.1292,21.01,16.63,28.27,0.0,64.2
2024-10-17,Ludhiana,Punjab,30.901,75.8573,21.21,13.81,28.23,0.0,56.7
2024-10-17,Agra,Uttar Pradesh,27.1767,78.0081,21.76,17.34,26.23,0.0,50.7
2024-10-18,Nashik,Maharashtra,19.9975,73.7898,23.63,18.89,29.89,0.0,61.5
2024-10-18,Pune,Maharashtra,18.5204,73.8567,24.22,20.13,29.6,0.0,59.8
2024-10-18,Hubballi,Karnataka,15.3647,75.124,24.72,20.34,29.59,0.0,69.6
2024-10-18,Kolar,Karnataka,13.1367,78.1292,20.95,15.92,29.3,0.0,66.6
2024-10-18,Ludhiana,Punjab,30.901,75.8573,19.78,13.91,27.21,0.0,55.9
2024-10-18,Agra,Uttar Pradesh,27.1767,78.0081,20.66,13.72,24.72,0.0,47.9
2024-10-19,Nashik,Maharashtra,19.9975,73.7898,21.45,15.46,27.1,0.0,60.7
2024-10-19,Pune,Maharashtra,18.5204,73.8567,22.2,16.69,30.19,0.73,58.9
2024-10-19,Hubballi,Karnataka,15.3647,75.124,26.09,20.29,34.01,0.0,53.2
2024-10-19,Kolar,Karnataka,13.1367,78.1292,23.94,18.01,28.93,0.0,64.9
2024-10-19,Ludhiana,Punjab,30.901,75.8573,20.73,15.46,27.87,0.0,64.2
2024-10-19,Agra,Uttar Pradesh,27.1767,78.0081,20.14,15.72,25.62,0.0,51.0
2024-10-20,Nashik,Maharashtra,19.9975,73.7898,22.4,15.4,29.67,0.0,60.0
2024-10-20,Pune,Maharashtra,18.5204,73.8567,22.25,15.73,27.15,0.0,68.0
2024-10-20,Hubballi,Karnataka,15.3647,75.124,24.07,19.46,29.52,0.0,60.7
2024-10-20,Kolar,Karnataka,13.1367,78.1292,21.83,16.49,30.07,0.0,62.7
2024-10-20,Ludhiana,Punjab,30.901,75.8573,18.74,13.31,24.84,0.0,60.2
2024-10-20,Agra,Uttar Pradesh,27.1767,78.0081,20.94,14.09,27.75,0.0,57.1
2024-10-21,Nashik,Maharashtra,19.9975,73.7898,23.94,19.48,27.96,0.0,60.3
2024-10-21,Pune,Maharashtra,18.5204,73.8567,23.96,17.73,28.38,0.0,58.4
2024-10-21,Hubballi,Karnataka,15.3647,75.124,26.05,21.32,34.53,0.0,59.8
2024-10-21,Kolar,Karnataka,13.1367,78.1292,22.21,17.11,29.57,0.0,60.0
2024-10-21,Ludhiana,Punjab,30.901,75.8573,18.72,12.62,24.89,0.0,55.6
2024-10-21,Agra,Uttar Pradesh,27.1767,78.0081,19.65,13.72,24.53,0.0,53.1
2024-10-22,Nashik,Maharashtra,19.9975,73.7898,21.53,14.15,29.74,0.0,62.1
2024-10-22,Pune,Maharashtra,18.5204,73.8567,21.91,16.62,28.03,0.0,68.0
2024-10-22,Hubballi,Karnataka,15.3647,75.124,24.05,17.91,30.37,0.0,59.8
2024-10-22,Kolar,Karnataka,13.1367,78.1292,22.43,17.11,28.53,9.61,68.5
2024-10-22,Ludhiana,Punjab,30.901,75.8573,17.26,11.53,24.38,0.0,52.3
2024-10-22,Agra,Uttar Pradesh,27.1767,78.0081,22.21,17.85,29.83,0.0,55.4
2024-10-23,Nashik,Maharashtra,19.9975,73.7898,21.27,15.9,26.04,0.0,54.6
2024-10-23,Pune,Maharashtra,18.5204,73.8567,21.76,16.66,28.22,0.0,60.0
2024-10-23,Hubballi,Karnataka,15.3647,75.124,25.13,19.98,33.44,0.0,62.9
2024-10-23,Kolar,Karnataka,13.1367,78.1292,22.72,15.77,30.73,0.0,59.0
2024-10-23,Ludhiana,Punjab,30.901,75.8573,18.77,14.69,24.42,0.0,59.2
2024-10-23,Agra,Uttar Pradesh,27.1767,78.0081,19.03,11.85,25.89,0.0,54.9
2024-10-24,Nashik,Maharashtra,19.9975,73.7898,22.38,14.95,26.62,0.0,65.4
2024-10-24,Pune,Maharashtra,18.5204,73.8567,23.49,18.25,31.77,0.0,60.6
2024-10-24,Hubballi,Karnataka,15.3647,75.124,24.94,20.02,30.56,0.0,61.9
2024-10-24,Kolar,Karnataka,13.1367,78.1292,20.97,13.51,27.83,0.0,67.2
2024-10-24,Ludhiana,Punjab,30.901,75.8573,19.37,12.08,27.46,0.0,48.3
2024-10-24,Agra,Uttar Pradesh,27.1767,78.0081,21.03,13.89,26.31,0.0,54.7
2024-10-25,Nashik,Maharashtra,19.9975,73.7898,21.55,14.61,27.77,0.0,61.3
2024-10-25,Pune,Maharashtra,18.5204,73.8567,21.59,16.99,29.23,0.0,66.1
2024-10-25,Hubballi,Karnataka,15.3647,75.124,25.65,20.09,30.18,2.41,61.4
2024-10-25,Kolar,Karnataka,13.1367,78.1292,22.09,17.27,27.16,0.0,65.5
2024-10-25,Ludhiana,Punjab,30.901,75.8573,19.88,14.23,24.6,0.0,57.5
2024-10-25,Agra,Uttar Pradesh,27.1767,78.0081,20.19,13.75,26.41,0.0,52.3
2024-10-26,Nashik,Maharashtra,19.9975,73.7898,22.25,16.91,26.92,1.19,65.3
2024-10-26,Pune,Maharashtra,18.5204,73.8567,23.03,18.83,27.04,0.0,73.7
2024-10-26,Hubballi,Karnataka,15.3647,75.124,22.93,17.46,30.78,0.0,62.3
2024-10-26,Kolar,Karnataka,13.1367,78.1292,21.99,15.65,30.44,0.0,68.1
2024-10-26,Ludhiana,Punjab,30.901,75.8573,16.93,10.82,21.18,0.0,60.2
2024-10-26,Agra,Uttar Pradesh,27.1767,78.0081,20.27,13.08,25.14,0.0,54.4
2024-10-27,Nashik,Maharashtra,19.9975,73.7898,23.52,17.29,29.11,0.0,63.8
2024-10-27,Pune,Maharashtra,18.5204,73.8567,23.33,16.69,28.09,2.11,59.2
2024-10-27,Hubballi,Karnataka,15.3647,75.124,23.59,16.92,28.4,0.0,61.3
2024-10-27,Kolar,Karnataka,13.1367,78.1292,21.92,16.97,26.3,0.0,60.7
2024-10-27,Ludhiana,Punjab,30.901,75.8573,14.71,10.37,19.25,0.0,56.3
2024-10-27,Agra,Uttar Pradesh,27.1767,78.0081,19.84,13.37,27.91,0.0,51.5
2024-10-28,Nashik,Maharashtra,19.9975,73.7898,20.99,15.64,26.92,0.0,62.6
2024-10-28,Pune,Maharashtra,18.5204,73.8567,19.89,13.42,24.84,0.0,69.2
2024-10-28,Hubballi,Karnataka,15.3647,75.124,24.61,19.94,31.61,0.0,52.3
2024-10-28,Kolar,Karnataka,13.1367,78.1292,21.8,16.5,29.42,0.0,66.3
2024-10-28,Ludhiana,Punjab,30.901,75.8573,18.68,14.03,22.95,0.0,49.1
2024-10-28,Agra,Uttar Pradesh,27.1767,78.0081,20.72,13.63,26.58,0.0,48.7
2024-10-29,Nashik,Maharashtra,19.9975,73.7898,21.63,17.39,25.81,0.0,58.2
2024-10-29,Pune,Maharashtra,18.5204,73.8567,21.43,14.06,29.31,0.0,64.6
2024-10-29,Hubballi,Karnataka,15.3647,75.124,23.25,15.75,28.81,0.0,64.4
2024-10-29,Kolar,Karnataka,13.1367,78.1292,20.8,13.84,29.14,0.0,64.9
2024-10-29,Ludhiana,Punjab,30.901,75.8573,17.91,12.35,26.37,0.0,48.7
2024-10-29,Agra,Uttar Pradesh,27.1767,78.0081,19.65,15.35,27.92,0.0,50.9
2024-10-30,Nashik,Maharashtra,19.9975,73.7898,20.67,13.41,28.35,0.0,68.2
2024-10-30,Pune,Maharashtra,18.5204,73.8567,21.44,14.64,28.15,0.0,70.5
2024-10-30,Hubballi,Karnataka,15.3647,75.124,24.45,17.18,31.36,0.0,65.3
2024-10-30,Kolar,Karnataka,13.1367,78.1292,20.17,15.71,24.31,0.0,60.3
2024-10-30,Ludhiana,Punjab,30.901,75.8573,17.1,12.04,23.03,0.0,46.5
2024-10-30,Agra,Uttar Pradesh,27.1767,78.0081,20.16,14.83,27.09,0.0,52.3
2024-10-31,Nashik,Maharashtra,19.9975,73.7898,21.37,15.39,28.48,0.0,60.2
2024-10-31,Pune,Maharashtra,18.5204,73.8567,20.58,15.33,26.97,0.0,60.4
2024-10-31,Hubballi,Karnataka,15.3647,75.124,24.51,20.16,28.89,0.0,60.3
2024-10-31,Kolar,Karnataka,13.1367,78.1292,20.13,15.42,26.67,8.97,62.3
2024-10-31,Ludhiana,Punjab,30.901,75.8573,18.54,14.49,25.68,0.0,51.5
2024-10-31,Agra,Uttar Pradesh,27.1767,78.0081,19.74,14.28,25.08,0.0,51.8
2024-11-01,Nashik,Maharashtra,19.9975,73.7898,22.0,15.45,26.25,0.0,61.1
2024-11-01,Pune,Maharashtra,18.5204,73.8567,22.12,15.29,27.69,0.0,60.4
2024-11-01,Hubballi,Karnataka,15.3647,75.124,23.7,17.89,31.94,0.0,55.2
2024-11-01,Kolar,Karnataka,13.1367,78.1292,22.57,18.0,28.64,2.56,61.2
2024-11-01,Ludhiana,Punjab,30.901,75.8573,15.61,9.44,20.85,0.0,55.8
2024-11-01,Agra,Uttar Pradesh,27.1767,78.0081,19.13,12.62,23.15,0.0,50.8
2024-11-02,Nashik,Maharashtra,19.9975,73.7898,22.46,17.36,28.5,0.0,59.8
2024-11-02,Pune,Maharashtra,18.5204,73.8567,21.11,16.03,25.76,0.0,63.6
2024-11-02,Hubballi,Karnataka,15.3647,75.124,23.77,18.17,28.2,0.0,57.6
2024-11-02,Kolar,Karnataka,13.1367,78.1292,21.63,15.7,25.9,0.0,62.3
2024-11-02,Ludhiana,Punjab,30.901,75.8573,16.87,9.64,24.13,0.0,56.4
2024-11-02,Agra,Uttar Pradesh,27.1767,78.0081,19.48,13.69,23.59,0.0,52.7
2024-11-03,Nashik,Maharashtra,19.9975,73.7898,25.27,19.68,33.2,0.0,57.4
2024-11-03,Pune,Maharashtra,18.5204,73.8567,21.24,13.99,28.46,0.0,61.0
2024-11-03,Hubballi,Karnataka,15.3647,75.124,23.54,16.08,30.24,0.0,58.7
2024-11-03,Kolar,Karnataka,13.1367,78.1292,20.63,14.32,27.51,0.0,69.3
2024-11-03,Ludhiana,Punjab,30.901,75.8573,17.26,10.05,21.86,0.0,51.8
2024-11-03,Agra,Uttar Pradesh,27.1767,78.0081,20.04,13.56,26.55,0.0,54.2
2024-11-04,Nashik,Maharashtra,19.9975,73.7898,21.7,15.57,26.96,0.0,61.1
2024-11-04,Pune,Maharashtra,18.5204,73.8567,21.76,15.73,27.79,0.0,62.2
2024-11-04,Hubballi,Karnataka,15.3647,75.124,25.09,20.16,33.56,0.0,57.7
2024-11-04,Kolar,Karnataka,13.1367,78.1292,20.58,15.57,27.48,0.0,67.2
2024-11-04,Ludhiana,Punjab,30.901,75.8573,16.07,9.2,23.57,0.0,50.6
2024-11-04,Agra,Uttar Pradesh,27.1767,78.0081,20.56,13.7,28.92,0.0,51.2
2024-11-05,Nashik,Maharashtra,19.9975,73.7898,22.75,17.22,30.38,0.0,63.5
2024-11-05,Pune,Maharashtra,18.5204,73.8567,19.61,14.46,27.96,0.0,69.0
2024-11-05,Hubballi,Karnataka,15.3647,75.124,22.33,16.1,27.0,0.0,61.2
2024-11-05,Kolar,Karnataka,13.1367,78.1292,21.8,16.85,27.54,0.0,68.1
2024-11-05,Ludhiana,Punjab,30.901,75.8573,17.79,13.71,25.29,0.0,58.2
2024-11-05,Agra,Uttar Pradesh,27.1767,78.0081,18.66,14.24,24.21,0.0,56.7
2024-11-06,Nashik,Maharashtra,19.9975,73.7898,22.21,16.24,29.64,0.0,46.8
2024-11-06,Pune,Maharashtra,18.5204,73.8567,20.84,16.2,26.36,0.0,67.0
2024-11-06,Hubballi,Karnataka,15.3647,75.124,23.43,16.64,28.42,0.0,58.4
2024-11-06,Kolar,Karnataka,13.1367,78.1292,22.63,15.79,31.05,0.0,57.1
2024-11-06,Ludhiana,Punjab,30.901,75.8573,15.66,8.51,22.54,0.0,48.8
2024-11-06,Agra,Uttar Pradesh,27.1767,78.0081,19.08,11.83,24.26,0.0,53.8
2024-11-07,Nashik,Maharashtra,19.9975,73.7898,20.52,14.99,25.95,0.0,63.9
2024-11-07,Pune,Maharashtra,18.5204,73.8567,21.16,16.11,26.65,0.0,63.3
2024-11-07,Hubballi,Karnataka,15.3647,75.124,22.88,16.06,29.97,0.0,60.4
2024-11-07,Kolar,Karnataka,13.1367,78.1292,19.67,14.1,24.58,0.0,67.9
2024-11-07,Ludhiana,Punjab,30.901,75.8573,16.79,9.97,24.7,0.0,60.1
2024-11-07,Agra,Uttar Pradesh,27.1767,78.0081,19.7,14.29,26.96,0.0,53.3
2024-11-08,Nashik,Maharashtra,19.9975,73.7898,21.77,14.64,27.6,0.0,65.2
2024-11-08,Pune,Maharashtra,18.5204,73.8567,20.1,15.91,26.75,2.47,66.8
2024-11-08,Hubballi,Karnataka,15.3647,75.124,25.65,19.23,31.03,0.0,56.5
2024-11-08,Kolar,Karnataka,13.1367,78.1292,21.12,16.56,28.95,0.0,63.4
2024-11-08,Ludhiana,Punjab,30.901,75.8573,16.77,11.16,24.33,0.0,49.4
2024-11-08,Agra,Uttar Pradesh,27.1767,78.0081,18.47,13.31,23.79,0.0,51.6
2024-11-09,Nashik,Maharashtra,19.9975,73.7898,21.33,14.49,25.75,0.0,59.5
2024-11-09,Pune,Maharashtra,18.5204,73.8567,18.74,14.73,26.57,0.0,70.2
2024-11-09,Hubballi,Karnataka,15.3647,75.124,23.81,16.62,29.94,0.0,65.6
2024-11-09,Kolar,Karnataka,13.1367,78.1292,22.28,17.5,29.66,0.0,65.2
2024-11-09,Ludhiana,Punjab,30.901,75.8573,17.2,11.82,23.27,0.0,52.4
2024-11-09,Agra,Uttar Pradesh,27.1767,78.0081,20.36,15.17,26.62,0.0,48.0
2024-11-10,Nashik,Maharashtra,19.9975,73.7898,21.34,16.78,28.26,0.0,60.5
2024-11-10,Pune,Maharashtra,18.5204,73.8567,22.15,17.74,27.82,0.0,62.3
2024-11-10,Hubballi,Karnataka,15.3647,75.124,24.48,19.28,29.29,0.0,60.9
2024-11-10,Kolar,Karnataka,13.1367,78.1292,19.62,13.09,28.09,0.0,58.0
2024-11-10,Ludhiana,Punjab,30.901,75.8573,17.47,11.35,22.86,0.0,54.8
2024-11-10,Agra,Uttar Pradesh,27.1767,78.0081,17.75,12.72,22.82,0.0,51.2
2024-11-11,Nashik,Maharashtra,19.9975,73.7898,21.78,15.07,27.24,0.0,61.9
2024-11-11,Pune,Maharashtra,18.5204,73.8567,21.7,16.62,29.19,0.0,61.3
2024-11-11,Hubballi,Karnataka,15.3647,75.124,25.15,19.69,32.84,0.0,65.6
2024-11-11,Kolar,Karnataka,13.1367,78.1292,21.58,14.82,29.76,0.0,60.2
2024-11-11,Ludhiana,Punjab,30.901,75.8573,16.3,10.95,24.02,5.02,51.7
2024-11-11,Agra,Uttar Pradesh,27.1767,78.0081,19.25,14.44,23.34,0.0,49.5
2024-11-12,Nashik,Maharashtra,19.9975,73.7898,20.41,15.86,27.42,0.0,69.8
2024-11-12,Pune,Maharashtra,18.5204,73.8567,22.7,18.63,30.61,0.0,64.3
2024-11-12,Hubballi,Karnataka,15.3647,75.124,24.76,18.55,31.47,0.0,59.8
2024-11-12,Kolar,Karnataka,13.1367,78.1292,21.93,15.51,30.06,0.0,61.4
2024-11-12,Ludhiana,Punjab,30.901,75.8573,15.34,7.97,23.26,0.0,57.3
2024-11-12,Agra,Uttar Pradesh,27.1767,78.0081,19.29,12.0,23.64,0.0,52.2
2024-11-13,Nashik,Maharashtra,19.9975,73.7898,19.16,13.09,26.86,0.0,56.9
2024-11-13,Pune,Maharashtra,18.5204,73.8567,19.82,13.26,27.84,0.0,58.5
2024-11-13,Hubballi,Karnataka,15.3647,75.124,24.29,18.06,32.52,0.0,64.8
2024-11-13,Kolar,Karnataka,13.1367,78.1292,20.65,16.31,26.73,0.0,56.8
2024-11-13,Ludhiana,Punjab,30.901,75.8573,17.27,12.25,22.11,0.0,59.6
2024-11-13,Agra,Uttar Pradesh,27.1767,78.0081,19.27,14.4,27.08,0.0,55.4
2024-11-14,Nashik,Maharashtra,19.9975,73.7898,21.93,15.94,28.18,0.0,65.0
2024-11-14,Pune,Maharashtra,18.5204,73.8567,20.94,16.58,26.71,0.0,60.6
2024-11-14,Hubballi,Karnataka,15.3647,75.124,23.26,16.79,31.7,0.0,57.2
2024-11-14,Kolar,Karnataka,13.1367,78.1292,19.57,13.09,26.59,0.0,65.7
2024-11-14,Ludhiana,Punjab,30.901,75.8573,16.76,11.81,20.95,0.0,54.0
2024-11-14,Agra,Uttar Pradesh,27.1767,78.0081,19.12,13.12,23.13,0.0,53.3
2024-11-15,Nashik,Maharashtra,19.9975,73.7898,19.67,12.59,26.77,4.42,70.0
2024-11-15,Pune,Maharashtra,18.5204,73.8567,19.32,14.34,26.82,0.0,64.2
2024-11-15,Hubballi,Karnataka,15.3647,75.124,26.16,20.44,31.97,0.0,64.6
2024-11-15,Kolar,Karnataka,13.1367,78.1292,20.9,16.66,26.05,0.0,61.7
2024-11-15,Ludhiana,Punjab,30.901,75.8573,16.31,10.04,23.57,0.0,59.8
2024-11-15,Agra,Uttar Pradesh,27.1767,78.0081,20.41,13.52,28.23,0.0,50.6
2024-11-16,Nashik,Maharashtra,19.9975,73.7898,17.72,10.43,25.32,0.0,66.0
2024-11-16,Pune,Maharashtra,18.5204,73.8567,21.5,16.34,25.81,7.41,65.8
2024-11-16,Hubballi,Karnataka,15.3647,75.124,23.44,19.18,31.33,0.0,57.2
2024-11-16,Kolar,Karnataka,13.1367,78.1292,19.19,12.25,26.11,0.0,69.5
2024-11-16,Ludhiana,Punjab,30.901,75.8573,15.79,9.51,21.63,0.0,60.2
2024-11-16,Agra,Uttar Pradesh,27.1767,78.0081,19.8,15.59,26.24,0.0,51.1
2024-11-17,Nashik,Maharashtra,19.9975,73.7898,19.52,15.47,24.54,0.0,59.1
2024-11-17,Pune,Maharashtra,18.5204,73.8567,20.61,13.39,25.59,0.0,63.9
2024-11-17,Hubballi,Karnataka,15.3647,75.124,22.64,18.35,29.81,0.0,57.1
2024-11-17,Kolar,Karnataka,13.1367,78.1292,21.58,16.81,25.88,0.0,70.4
2024-11-17,Ludhiana,Punjab,30.901,75.8573,16.05,11.83,21.95,0.0,50.1
2024-11-17,Agra,Uttar Pradesh,27.1767,78.0081,18.04,10.67,22.48,0.0,43.9
2024-11-18,Nashik,Maharashtra,19.9975,73.7898,21.7,16.01,27.23,0.0,63.2
2024-11-18,Pune,Maharashtra,18.5204,73.8567,19.41,14.35,25.14,0.0,63.8
2024-11-18,Hubballi,Karnataka,15.3647,75.124,23.97,19.04,32.37,0.0,53.9
2024-11-18,Kolar,Karnataka,13.1367,78.1292,19.35,13.08,26.89,0.0,59.8
2024-11-18,Ludhiana,Punjab,30.901,75.8573,14.62,8.23,21.23,0.0,50.0
2024-11-18,Agra,Uttar Pradesh,27.1767,78.0081,19.61,15.45,27.82,0.0,51.1
2024-11-19,Nashik,Maharashtra,19.9975,73.7898,20.25,12.84,28.31,0.0,57.8
2024-11-19,Pune,Maharashtra,18.5204,73.8567,19.02,13.96,27.35,0.0,71.1
2024-11-19,Hubballi,Karnataka,15.3647,75.124,24.47,18.65,31.7,0.66,53.3
2024-11-19,Kolar,Karnataka,13.1367,78.1292,22.67,16.4,27.85,0.0,62.6
2024-11-19,Ludhiana,Punjab,30.901,75.8573,16.42,11.68,23.44,0.0,48.4
2024-11-19,Agra,Uttar Pradesh,27.1767,78.0081,18.64,14.22,22.96,0.0,59.2
2024-11-20,Nashik,Maharashtra,19.9975,73.7898,20.44,15.98,27.9,0.0,59.2
2024-11-20,Pune,Maharashtra,18.5204,73.8567,21.91,15.41,26.02,0.0,62.9
2024-11-20,Hubballi,Karnataka,15.3647,75.124,23.43,16.58,30.16,0.0,55.8
2024-11-20,Kolar,Karnataka,13.1367,78.1292,22.0,17.0,29.49,0.0,63.7
2024-11-20,Ludhiana,Punjab,30.901,75.8573,16.76,11.14,21.87,0.0,62.9
2024-11-20,Agra,Uttar Pradesh,27.1767,78.0081,17.61,13.4,22.09,0.0,50.6
2024-11-21,Nashik,Maharashtra,19.9975,73.7898,21.0,15.57,29.31,0.0,59.7
2024-11-21,Pune,Maharashtra,18.5204,73.8567,20.55,13.07,25.88,0.0,67.0
2024-11-21,Hubballi,Karnataka,15.3647,75.124,25.44,18.13,31.72,0.0,57.5
2024-11-21,Kolar,Karnataka,13.1367,78.1292,20.13,14.28,26.38,0.0,63.0
2024-11-21,Ludhiana,Punjab,30.901,75.8573,17.04,12.51,21.51,0.0,56.8
2024-11-21,Agra,Uttar Pradesh,27.1767,78.0081,16.15,10.9,21.26,0.0,44.0
2024-11-22,Nashik,Maharashtra,19.9975,73.7898,19.91,13.8,28.1,0.0,63.9
2024-11-22,Pune,Maharashtra,18.5204,73.8567,19.55,13.33,24.1,0.0,64.4
2024-11-22,Hubballi,Karnataka,15.3647,75.124,22.52,16.53,28.49,0.0,54.0
2024-11-22,Kolar,Karnataka,13.1367,78.1292,21.68,15.68,27.1,0.0,61.4
2024-11-22,Ludhiana,Punjab,30.901,75.8573,17.62,10.34,24.04,0.0,62.1
2024-11-22,Agra,Uttar Pradesh,27.1767,78.0081,18.07,11.58,23.83,0.0,50.9
2024-11-23,Nashik,Maharashtra,19.9975,73.7898,21.46,17.05,25.81,0.0,60.6
2024-11-23,Pune,Maharashtra,18.5204,73.8567,21.38,16.76,28.92,0.0,58.0
2024-11-23,Hubballi,Karnataka,15.3647,75.124,23.66,17.74,27.83,0.0,61.9
2024-11-23,Kolar,Karnataka,13.1367,78.1292,18.75,11.44,23.38,0.0,64.2
2024-11-23,Ludhiana,Punjab,30.901,75.8573,15.61,11.15,22.63,0.0,57.5
2024-11-23,Agra,Uttar Pradesh,27.1767,78.0081,17.94,13.64,24.99,0.0,55.4
2024-11-24,Nashik,Maharashtra,19.9975,73.7898,19.89,15.21,28.12,0.0,60.0
2024-11-24,Pune,Maharashtra,18.5204,73.8567,17.33,13.03,24.42,0.0,63.7
2024-11-24,Hubballi,Karnataka,15.3647,75.124,23.23,17.91,28.49,0.0,61.3
2024-11-24,Kolar,Karnataka,13.1367,78.1292,20.29,13.8,24.34,0.0,63.6
2024-11-24,Ludhiana,Punjab,30.901,75.8573,15.91,8.88,21.78,0.0,59.1
2024-11-24,Agra,Uttar Pradesh,27.1767,78.0081,17.58,12.98,25.96,0.0,52.5
2024-11-25,Nashik,Maharashtra,19.9975,73.7898,19.7,13.85,26.76,0.0,62.3
2024-11-25,Pune,Maharashtra,18.5204,73.8567,21.37,15.77,28.79,0.0,68.5
2024-11-25,Hubballi,Karnataka,15.3647,75.124,25.78,20.62,30.21,0.0,56.2
2024-11-25,Kolar,Karnataka,13.1367,78.1292,18.95,13.8,24.21,0.0,56.2
2024-11-25,Ludhiana,Punjab,30.901,75.8573,17.41,13.11,23.16,0.0,55.7
2024-11-25,Agra,Uttar Pradesh,27.1767,78.0081,15.81,11.14,21.84,0.0,49.0
2024-11-26,Nashik,Maharashtra,19.9975,73.7898,20.87,16.45,27.82,0.0,62.8
2024-11-26,Pune,Maharashtra,18.5204,73.8567,18.53,14.35,26.97,0.0,63.5
2024-11-26,Hubballi,Karnataka,15.3647,75.124,22.42,16.08,30.31,0.0,51.8
2024-11-26,Kolar,Karnataka,13.1367,78.1292,19.95,14.17,28.34,0.0,68.0
2024-11-26,Ludhiana,Punjab,30.901,75.8573,17.33,11.19,22.64,0.0,55.6
2024-11-26,Agra,Uttar Pradesh,27.1767,78.0081,18.15,12.77,26.16,0.0,52.5
2024-11-27,Nashik,Maharashtra,19.9975,73.7898,22.43,17.63,29.58,0.0,57.5
2024-11-27,Pune,Maharashtra,18.5204,73.8567,19.81,14.99,25.72,0.0,63.8
2024-11-27,Hubballi,Karnataka,15.3647,75.124,22.94,18.22,29.01,0.0,56.7
2024-11-27,Kolar,Karnataka,13.1367,78.1292,21.67,14.94,26.67,0.0,66.3
2024-11-27,Ludhiana,Punjab,30.901,75.8573,17.16,11.63,25.44,0.0,56.0
2024-11-27,Agra,Uttar Pradesh,27.1767,78.0081,17.04,11.69,24.46,16.04,52.3
2024-11-28,Nashik,Maharashtra,19.9975,73.7898,20.1,14.69,26.39,12.1,61.5
2024-11-28,Pune,Maharashtra,18.5204,73.8567,21.0,15.87,29.32,0.0,62.7
2024-11-28,Hubballi,Karnataka,15.3647,75.124,23.23,17.98,28.21,0.0,60.3
2024-11-28,Kolar,Karnataka,13.1367,78.1292,20.31,14.36,24.86,0.0,56.5
2024-11-28,Ludhiana,Punjab,30.901,75.8573,14.69,9.98,19.99,0.0,55.6
2024-11-28,Agra,Uttar Pradesh,27.1767,78.0081,18.53,13.23,23.9,0.0,46.2
2024-11-29,Nashik,Maharashtra,19.9975,73.7898,20.42,15.54,25.53,0.0,62.1
2024-11-29,Pune,Maharashtra,18.5204,73.8567,20.76,14.64,24.95,0.0,61.3
2024-11-29,Hubballi,Karnataka,15.3647,75.124,22.33,15.86,28.46,0.0,57.0
2024-11-29,Kolar,Karnataka,13.1367,78.1292,20.12,12.92,27.79,0.0,61.4
2024-11-29,Ludhiana,Punjab,30.901,75.8573,15.67,10.43,22.98,0.0,53.4
2024-11-29,Agra,Uttar Pradesh,27.1767,78.0081,17.96,13.26,23.03,0.0,49.9
2024-11-30,Nashik,Maharashtra,19.9975,73.7898,21.86,14.84,27.38,0.0,65.7
2024-11-30,Pune,Maharashtra,18.5204,73.8567,19.26,13.4,23.87,0.0,60.3
2024-11-30,Hubballi,Karnataka,15.3647,75.124,21.51,17.36,29.15,0.0,59.3
2024-11-30,Kolar,Karnataka,13.1367,78.1292,20.17,14.73,28.03,0.0,61.6
2024-11-30,Ludhiana,Punjab,30.901,75.8573,16.84,9.77,21.8,0.0,52.0
2024-11-30,Agra,Uttar Pradesh,27.1767,78.0081,17.22,10.58,25.49,0.0,41.3
2024-12-01,Nashik,Maharashtra,19.9975,73.7898,21.57,16.19,26.93,0.0,59.8
2024-12-01,Pune,Maharashtra,18.5204,73.8567,20.52,15.39,27.42,0.0,72.8
2024-12-01,Hubballi,Karnataka,15.3647,75.124,24.92,20.6,29.69,0.0,52.1
2024-12-01,Kolar,Karnataka,13.1367,78.1292,19.19,11.87,24.08,3.35,61.2
2024-12-01,Ludhiana,Punjab,30.901,75.8573,15.92,9.56,21.55,0.0,60.5
2024-12-01,Agra,Uttar Pradesh,27.1767,78.0081,18.94,12.67,23.24,0.0,52.5
2024-12-02,Nashik,Maharashtra,19.9975,73.7898,20.67,15.19,24.79,0.0,59.9
2024-12-02,Pune,Maharashtra,18.5204,73.8567,21.92,16.48,27.51,0.0,67.9
2024-12-02,Hubballi,Karnataka,15.3647,75.124,23.98,18.72,32.22,0.0,56.1
2024-12-02,Kolar,Karnataka,13.1367,78.1292,18.42,12.39,22.81,0.0,56.9
2024-12-02,Ludhiana,Punjab,30.901,75.8573,15.91,11.01,23.15,0.0,59.4
2024-12-02,Agra,Uttar Pradesh,27.1767,78.0081,17.19,9.8,23.36,0.0,55.5
2024-12-03,Nashik,Maharashtra,19.9975,73.7898,21.06,16.41,26.69,0.0,61.4
2024-12-03,Pune,Maharashtra,18.5204,73.8567,19.39,12.26,24.72,0.0,64.1
2024-12-03,Hubballi,Karnataka,15.3647,75.124,23.04,18.12,29.27,0.0,57.3
2024-12-03,Kolar,Karnataka,13.1367,78.1292,17.58,11.18,23.54,0.0,60.5
2024-12-03,Ludhiana,Punjab,30.901,75.8573,16.22,10.26,23.93,0.0,55.9
2024-12-03,Agra,Uttar Pradesh,27.1767,78.0081,18.06,12.28,23.03,0.0,52.3
2024-12-04,Nashik,Maharashtra,19.9975,73.7898,22.35,15.01,27.33,0.0,60.2
2024-12-04,Pune,Maharashtra,18.5204,73.8567,19.28,13.34,23.75,0.0,68.2
2024-12-04,Hubballi,Karnataka,15.3647,75.124,24.83,20.47,29.0,0.0,55.1
2024-12-04,Kolar,Karnataka,13.1367,78.1292,21.07,16.42,28.64,0.0,64.4
2024-12-04,Ludhiana,Punjab,30.901,75.8573,14.43,8.73,21.95,0.0,53.8
2024-12-04,Agra,Uttar Pradesh,27.1767,78.0081,17.62,12.54,25.27,0.0,49.1
2024-12-05,Nashik,Maharashtra,19.9975,73.7898,17.68,10.59,23.9,0.0,63.3
2024-12-05,Pune,Maharashtra,18.5204,73.8567,19.55,12.19,23.95,0.0,62.5
2024-12-05,Hubballi,Karnataka,15.3647,75.124,22.07,16.49,29.81,0.0,59.9
2024-12-05,Kolar,Karnataka,13.1367,78.1292,18.85,14.04,25.04,0.0,66.7
2024-12-05,Ludhiana,Punjab,30.901,75.8573,15.88,10.06,23.72,0.0,51.8
2024-12-05,Agra,Uttar Pradesh,27.1767,78.0081,20.09,13.95,24.78,0.0,54.1
2024-12-06,Nashik,Maharashtra,19.9975,73.7898,18.48,12.43,25.64,0.0,62.6
2024-12-06,Pune,Maharashtra,18.5204,73.8567,19.78,15.77,24.05,0.0,66.8
2024-12-06,Hubballi,Karnataka,15.3647,75.124,23.54,16.15,31.56,0.0,63.7
2024-12-06,Kolar,Karnataka,13.1367,78.1292,20.93,14.31,29.4,0.0,61.1
2024-12-06,Ludhiana,Punjab,30.901,75.8573,14.44,8.12,21.78,0.0,54.3
2024-12-06,Agra,Uttar Pradesh,27.1767,78.0081,19.06,14.34,23.39,0.0,52.0
2024-12-07,Nashik,Maharashtra,19.9975,73.7898,22.15,15.37,29.04,3.46,62.4
2024-12-07,Pune,Maharashtra,18.5204,73.8567,19.26,12.88,23.55,0.0,57.5
2024-12-07,Hubballi,Karnataka,15.3647,75.124,24.15,17.28,28.33,0.0,56.5
2024-12-07,Kolar,Karnataka,13.1367,78.1292,20.36,15.95,24.57,0.0,69.6
2024-12-07,Ludhiana,Punjab,30.901,75.8573,12.86,7.69,17.58,0.0,51.1
2024-12-07,Agra,Uttar Pradesh,27.1767,78.0081,18.87,14.7,26.24,0.0,57.7
2024-12-08,Nashik,Maharashtra,19.9975,73.7898,20.08,14.12,24.75,0.0,66.0
2024-12-08,Pune,Maharashtra,18.5204,73.8567,19.24,14.93,25.44,0.0,64.5
2024-12-08,Hubballi,Karnataka,15.3647,75.124,23.17,16.46,27.75,0.0,56.3
2024-12-08,Kolar,Karnataka,13.1367,78.1292,18.17,12.86,23.66,0.0,66.9
2024-12-08,Ludhiana,Punjab,30.901,75.8573,13.92,7.4,19.43,0.0,56.8
2024-12-08,Agra,Uttar Pradesh,27.1767,78.0081,17.83,12.19,24.98,0.0,51.6
2024-12-09,Nashik,Maharashtra,19.9975,73.7898,21.12,15.02,25.5,0.0,65.1
2024-12-09,Pune,Maharashtra,18.5204,73.8567,19.64,14.81,24.31,0.0,62.7
2024-12-09,Hubballi,Karnataka,15.3647,75.124,23.82,16.65,29.84,0.0,60.5
2024-12-09,Kolar,Karnataka,13.1367,78.1292,21.85,17.28,28.23,0.0,61.0
2024-12-09,Ludhiana,Punjab,30.901,75.8573,14.95,8.83,22.46,0.0,57.3
2024-12-09,Agra,Uttar Pradesh,27.1767,78.0081,15.59,10.16,22.07,0.0,47.2
2024-12-10,Nashik,Maharashtra,19.9975,73.7898,20.3,15.9,26.7,0.0,62.5
2024-12-10,Pune,Maharashtra,18.5204,73.8567,17.61,13.37,23.75,0.0,63.1
2024-12-10,Hubballi,Karnataka,15.3647,75.124,22.84,16.87,28.92,0.0,63.8
2024-12-10,Kolar,Karnataka,13.1367,78.1292,20.32,13.23,24.74,0.0,64.4
2024-12-10,Ludhiana,Punjab,30.901,75.8573,12.83,5.99,18.69,0.0,62.6
2024-12-10,Agra,Uttar Pradesh,27.1767,78.0081,16.31,9.99,24.75,0.0,56.9
2024-12-11,Nashik,Maharashtra,19.9975,73.7898,20.64,15.22,27.86,0.0,62.9
2024-12-11,Pune,Maharashtra,18.5204,73.8567,18.95,14.64,25.75,0.0,57.4
2024-12-11,Hubballi,Karnataka,15.3647,75.124,22.79,18.21,29.45,0.0,63.2
2024-12-11,Kolar,Karnataka,13.1367,78.1292,18.24,12.31,24.44,0.0,60.8
2024-12-11,Ludhiana,Punjab,30.901,75.8573,14.34,10.25,20.72,0.0,61.8
2024-12-11,Agra,Uttar Pradesh,27.1767,78.0081,17.2,9.8,24.96,0.0,50.9
2024-12-12,Nashik,Maharashtra,19.9975,73.7898,19.59,13.17,25.57,0.0,65.5
2024-12-12,Pune,Maharashtra,18.5204,73.8567,19.35,15.18,23.8,0.0,68.3
2024-12-12,Hubballi,Karnataka,15.3647,75.124,24.32,17.7,31.4,0.0,62.9
2024-12-12,Kolar,Karnataka,13.1367,78.1292,22.18,15.0,29.26,0.0,60.5
2024-12-12,Ludhiana,Punjab,30.901,75.8573,15.43,9.17,22.7,0.0,54.1
2024-12-12,Agra,Uttar Pradesh,27.1767,78.0081,17.39,10.7,25.58,1.0,55.4
2024-12-13,Nashik,Maharashtra,19.9975,73.7898,19.11,11.71,26.87,0.0,65.0
2024-12-13,Pune,Maharashtra,18.5204,73.8567,19.99,14.18,26.01,9.43,72.0
2024-12-13,Hubballi,Karnataka,15.3647,75.124,23.1,18.66,29.79,0.0,58.6
2024-12-13,Kolar,Karnataka,13.1367,78.1292,19.24,12.1,26.95,0.0,58.2
2024-12-13,Ludhiana,Punjab,30.901,75.8573,15.68,8.23,23.01,0.0,50.5
2024-12-13,Agra,Uttar Pradesh,27.1767,78.0081,17.87,11.36,24.75,0.0,48.9
2024-12-14,Nashik,Maharashtra,19.9975,73.7898,19.87,13.56,25.82,0.0,68.4
2024-12-14,Pune,Maharashtra,18.5204,73.8567,19.94,14.82,26.26,0.0,62.3
2024-12-14,Hubballi,Karnataka,15.3647,75.124,22.76,16.77,27.22,0.0,59.8
2024-12-14,Kolar,Karnataka,13.1367,78.1292,20.37,15.38,25.81,0.0,60.7
2024-12-14,Ludhiana,Punjab,30.901,75.8573,13.81,8.22,19.99,0.0,52.0
2024-12-14,Agra,Uttar Pradesh,27.1767,78.0081,18.45,14.37,26.26,0.0,48.4
2024-12-15,Nashik,Maharashtra,19.9975,73.7898,19.67,14.69,24.2,0.0,62.6
2024-12-15,Pune,Maharashtra,18.5204,73.8567,19.75,15.28,25.66,0.0,62.2
2024-12-15,Hubballi,Karnataka,15.3647,75.124,22.66,16.05,28.01,0.0,61.0
2024-12-15,Kolar,Karnataka,13.1367,78.1292,20.31,15.57,25.49,0.0,64.7
2024-12-15,Ludhiana,Punjab,30.901,75.8573,15.91,10.33,20.36,0.0,49.3
2024-12-15,Agra,Uttar Pradesh,27.1767,78.0081,18.8,13.19,27.06,8.49,49.8
2024-12-16,Nashik,Maharashtra,19.9975,73.7898,17.48,11.84,25.65,0.0,57.3
2024-12-16,Pune,Maharashtra,18.5204,73.8567,21.15,15.42,27.06,0.0,63.1
2024-12-16,Hubballi,Karnataka,15.3647,75.124,22.88,16.48,29.8,4.12,66.2
2024-12-16,Kolar,Karnataka,13.1367,78.1292,19.84,14.67,24.41,0.0,63.0
2024-12-16,Ludhiana,Punjab,30.901,75.8573,14.99,8.47,22.14,0.0,51.9
2024-12-16,Agra,Uttar Pradesh,27.1767,78.0081,17.58,10.36,22.96,0.0,53.1
2024-12-17,Nashik,Maharashtra,19.9975,73.7898,19.25,15.01,27.71,0.0,57.4
2024-12-17,Pune,Maharashtra,18.5204,73.8567,21.56,17.06,29.13,0.0,68.8
2024-12-17,Hubballi,Karnataka,15.3647,75.124,22.37,17.19,28.38,0.0,62.7
2024-12-17,Kolar,Karnataka,13.1367,78.1292,21.84,15.95,26.88,0.0,54.7
2024-12-17,Ludhiana,Punjab,30.901,75.8573,12.93,7.6,18.3,0.0,59.1
2024-12-17,Agra,Uttar Pradesh,27.1767,78.0081,16.47,9.01,21.39,0.0,50.1
2024-12-18,Nashik,Maharashtra,19.9975,73.7898,20.21,15.05,28.17,0.0,62.2
2024-12-18,Pune,Maharashtra,18.5204,73.8567,20.01,15.18,26.76,0.0,70.4
2024-12-18,Hubballi,Karnataka,15.3647,75.124,22.23,15.09,27.96,0.0,59.8
2024-12-18,Kolar,Karnataka,13.1367,78.1292,20.82,14.39,25.87,0.0,67.2
2024-12-18,Ludhiana,Punjab,30.901,75.8573,15.09,8.36,20.23,0.0,53.3
2024-12-18,Agra,Uttar Pradesh,27.1767,78.0081,19.39,12.1,24.21,0.0,48.4
2024-12-19,Nashik,Maharashtra,19.9975,73.7898,18.95,14.6,24.12,0.0,60.7
2024-12-19,Pune,Maharashtra,18.5204,73.8567,19.51,15.35,25.89,0.0,61.4
2024-12-19,Hubballi,Karnataka,15.3647,75.124,22.14,18.02,30.35,0.0,57.2
2024-12-19,Kolar,Karnataka,13.1367,78.1292,19.18,12.25,27.17,0.0,65.6
2024-12-19,Ludhiana,Punjab,30.901,75.8573,16.17,9.55,24.16,0.0,48.3
2024-12-19,Agra,Uttar Pradesh,27.1767,78.0081,16.94,12.0,25.2,0.0,59.3
2024-12-20,Nashik,Maharashtra,19.9975,73.7898,18.56,11.35,23.24,0.0,60.0
2024-12-20,Pune,Maharashtra,18.5204,73.8567,18.32,11.32,24.39,0.89,66.8
2024-12-20,Hubballi,Karnataka,15.3647,75.124,23.78,16.3,31.78,0.0,60.5
2024-12-20,Kolar,Karnataka,13.1367,78.1292,20.21,13.65,26.89,0.0,62.0
2024-12-20,Ludhiana,Punjab,30.901,75.8573,15.25,8.47,21.11,0.0,59.1
2024-12-20,Agra,Uttar Pradesh,27.1767,78.0081,16.73,10.24,21.53,0.0,54.8
2024-12-21,Nashik,Maharashtra,19.9975,73.7898,20.02,13.07,25.98,0.0,65.8
2024-12-21,Pune,Maharashtra,18.5204,73.8567,19.58,13.19,26.41,0.0,58.2
2024-12-21,Hubballi,Karnataka,15.3647,75.124,23.54,16.84,31.78,3.84,58.3
2024-12-21,Kolar,Karnataka,13.1367,78.1292,20.49,14.25,24.8,0.0,61.8
2024-12-21,Ludhiana,Punjab,30.901,75.8573,15.09,9.74,20.08,0.0,50.1
2024-12-21,Agra,Uttar Pradesh,27.1767,78.0081,16.23,12.12,24.64,2.63,48.1
2024-12-22,Nashik,Maharashtra,19.9975,73.7898,20.81,15.18,27.02,0.0,62.6
2024-12-22,Pune,Maharashtra,18.5204,73.8567,17.6,13.09,24.94,0.0,71.1
2024-12-22,Hubballi,Karnataka,15.3647,75.124,23.08,19.0,28.34,0.0,56.3
2024-12-22,Kolar,Karnataka,13.1367,78.1292,21.6,14.48,29.07,0.0,59.0
2024-12-22,Ludhiana,Punjab,30.901,75.8573,12.66,6.39,19.24,0.0,56.3
2024-12-22,Agra,Uttar Pradesh,27.1767,78.0081,17.68,12.28,25.38,0.0,50.0
2024-12-23,Nashik,Maharashtra,19.9975,73.7898,21.6,16.64,27.94,0.0,54.9
2024-12-23,Pune,Maharashtra,18.5204,73.8567,19.78,13.93,27.26,0.0,65.2
2024-12-23,Hubballi,Karnataka,15.3647,75.124,22.19,16.0,27.28,0.0,64.1
2024-12-23,Kolar,Karnataka,13.1367,78.1292,21.32,15.15,28.28,1.73,63.7
2024-12-23,Ludhiana,Punjab,30.901,75.8573,15.73,8.69,24.14,0.0,63.5
2024-12-23,Agra,Uttar Pradesh,27.1767,78.0081,18.36,13.21,23.06,0.0,48.9
2024-12-24,Nashik,Maharashtra,19.9975,73.7898,19.42,14.86,24.35,0.0,62.1
2024-12-24,Pune,Maharashtra,18.5204,73.8567,19.5,13.79,24.42,0.0,64.4
2024-12-24,Hubballi,Karnataka,15.3647,75.124,23.18,18.93,30.64,0.42,53.5
2024-12-24,Kolar,Karnataka,13.1367,78.1292,17.78,13.05,21.98,0.0,67.8
2024-12-24,Ludhiana,Punjab,30.901,75.8573,16.47,11.79,23.4,0.0,56.3
2024-12-24,Agra,Uttar Pradesh,27.1767,78.0081,17.39,11.24,22.04,0.0,48.4
2024-12-25,Nashik,Maharashtra,19.9975,73.7898,20.92,13.95,27.34,0.0,57.3
2024-12-25,Pune,Maharashtra,18.5204,73.8567,20.54,14.01,25.94,0.0,66.4
2024-12-25,Hubballi,Karnataka,15.3647,75.124,22.4,17.41,28.98,0.0,52.3
2024-12-25,Kolar,Karnataka,13.1367,78.1292,19.38,14.46,23.63,0.0,59.1
2024-12-25,Ludhiana,Punjab,30.901,75.8573,16.13,9.81,21.62,0.0,53.5
2024-12-25,Agra,Uttar Pradesh,27.1767,78.0081,19.98,13.31,26.88,0.0,55.4
2024-12-26,Nashik,Maharashtra,19.9975,73.7898,21.55,14.1,28.61,0.0,59.5
2024-12-26,Pune,Maharashtra,18.5204,73.8567,20.5,13.69,28.18,0.0,71.1
2024-12-26,Hubballi,Karnataka,15.3647,75.124,21.04,13.66,28.87,0.0,53.3
2024-12-26,Kolar,Karnataka,13.1367,78.1292,20.65,16.01,24.74,0.0,63.0
2024-12-26,Ludhiana,Punjab,30.901,75.8573,13.16,6.65,17.51,0.0,47.9
2024-12-26,Agra,Uttar Pradesh,27.1767,78.0081,14.95,8.35,19.08,0.0,51.3
2024-12-27,Nashik,Maharashtra,19.9975,73.7898,18.74,14.08,25.46,0.85,68.3
2024-12-27,Pune,Maharashtra,18.5204,73.8567,21.01,15.31,25.22,0.0,69.0
2024-12-27,Hubballi,Karnataka,15.3647,75.124,23.54,17.64,30.82,0.0,55.8
2024-12-27,Kolar,Karnataka,13.1367,78.1292,20.59,13.69,25.13,0.0,58.0
2024-12-27,Ludhiana,Punjab,30.901,75.8573,15.53,9.66,20.66,0.0,48.5
2024-12-27,Agra,Uttar Pradesh,27.1767,78.0081,17.9,11.96,26.09,0.0,52.9
2024-12-28,Nashik,Maharashtra,19.9975,73.7898,21.56,14.89,29.58,0.49,59.5
2024-12-28,Pune,Maharashtra,18.5204,73.8567,20.72,13.6,28.73,0.0,59.1
2024-12-28,Hubballi,Karnataka,15.3647,75.124,21.17,16.17,28.37,0.0,62.0
2024-12-28,Kolar,Karnataka,13.1367,78.1292,23.12,18.39,29.97,0.0,67.5
2024-12-28,Ludhiana,Punjab,30.901,75.8573,16.27,10.76,22.05,0.0,51.5
2024-12-28,Agra,Uttar Pradesh,27.1767,78.0081,15.35,8.36,20.31,0.0,54.6
2024-12-29,Nashik,Maharashtra,19.9975,73.7898,20.38,14.09,28.06,0.0,61.3
2024-12-29,Pune,Maharashtra,18.5204,73.8567,19.49,12.59,25.22,0.0,67.6
2024-12-29,Hubballi,Karnataka,15.3647,75.124,25.26,20.39,31.22,0.0,59.7
2024-12-29,Kolar,Karnataka,13.1367,78.1292,21.07,16.85,28.78,0.0,60.3
2024-12-29,Ludhiana,Punjab,30.901,75.8573,11.54,5.28,17.7,0.0,54.8
2024-12-29,Agra,Uttar Pradesh,27.1767,78.0081,17.55,13.02,21.91,0.0,51.1
2024-12-30,Nashik,Maharashtra,19.9975,73.7898,17.1,12.12,21.15,0.0,68.9
2024-12-30,Pune,Maharashtra,18.5204,73.8567,19.43,13.59,25.52,0.0,60.4
2024-12-30,Hubballi,Karnataka,15.3647,75.124,24.36,19.84,28.67,0.0,56.8
2024-12-30,Kolar,Karnataka,13.1367,78.1292,19.82,13.35,24.76,0.0,61.3
2024-12-30,Ludhiana,Punjab,30.901,75.8573,16.01,8.68,21.35,0.0,53.7
2024-12-30,Agra,Uttar Pradesh,27.1767,78.0081,18.59,14.46,26.85,0.0,53.9
2024-12-31,Nashik,Maharashtra,19.9975,73.7898,20.99,13.58,29.31,0.0,56.9
2024-12-31,Pune,Maharashtra,18.5204,73.8567,20.81,14.95,28.94,0.0,64.9
2024-12-31,Hubballi,Karnataka,15.3647,75.124,24.4,18.05,31.24,0.0,59.1
2024-12-31,Kolar,Karnataka,13.1367,78.1292,19.3,14.47,25.54,0.0,57.7
2024-12-31,Ludhiana,Punjab,30.901,75.8573,14.72,9.75,21.04,0.0,49.1
2024-12-31,Agra,Uttar Pradesh,27.1767,78.0081,17.75,13.61,25.94,0.0,53.3
2025-01-01,Nashik,Maharashtra,19.9975,73.7898,20.52,15.76,24.64,0.0,58.1
2025-01-01,Pune,Maharashtra,18.5204,73.8567,20.24,15.29,26.69,0.0,60.4
2025-01-01,Hubballi,Karnataka,15.3647,75.124,22.95,16.35,30.34,0.0,64.9
2025-01-01,Kolar,Karnataka,13.1367,78.1292,19.06,14.2,25.44,0.0,65.6
2025-01-01,Ludhiana,Punjab,30.901,75.8573,15.04,7.55,22.01,8.98,58.1
2025-01-01,Agra,Uttar Pradesh,27.1767,78.0081,18.69,11.61,23.1,0.0,51.3
2025-01-02,Nashik,Maharashtra,19.9975,73.7898,21.09,15.58,26.59,0.0,59.0
2025-01-02,Pune,Maharashtra,18.5204,73.8567,20.59,13.77,27.0,0.0,67.5
2025-01-02,Hubballi,Karnataka,15.3647,75.124,23.94,19.36,28.48,0.0,57.8
2025-01-02,Kolar,Karnataka,13.1367,78.1292,21.8,16.08,30.15,0.0,62.8
2025-01-02,Ludhiana,Punjab,30.901,75.8573,13.76,8.81,18.68,0.0,59.2
2025-01-02,Agra,Uttar Pradesh,27.1767,78.0081,19.59,12.43,27.91,1.95,47.6
2025-01-03,Nashik,Maharashtra,19.9975,73.7898,20.13,15.9,28.15,0.0,63.8
2025-01-03,Pune,Maharashtra,18.5204,73.8567,19.27,11.86,25.57,0.0,66.2
2025-01-03,Hubballi,Karnataka,15.3647,75.124,25.54,18.45,31.31,0.0,65.2
2025-01-03,Kolar,Karnataka,13.1367,78.1292,19.48,12.01,24.47,0.0,59.6
2025-01-03,Ludhiana,Punjab,30.901,75.8573,15.57,8.64,22.48,0.0,48.0
2025-01-03,Agra,Uttar Pradesh,27.1767,78.0081,19.12,11.75,25.03,0.0,57.4
2025-01-04,Nashik,Maharashtra,19.9975,73.7898,20.33,14.38,26.98,0.0,62.9
2025-01-04,Pune,Maharashtra,18.5204,73.8567,20.47,13.25,26.96,0.0,65.1
2025-01-04,Hubballi,Karnataka,15.3647,75.124,24.04,18.64,30.69,0.0,60.6
2025-01-04,Kolar,Karnataka,13.1367,78.1292,19.36,14.33,23.39,0.0,59.1
2025-01-04,Ludhiana,Punjab,30.901,75.8573,13.92,9.37,19.58,0.0,48.5
2025-01-04,Agra,Uttar Pradesh,27.1767,78.0081,16.12,9.76,22.69,0.0,49.5
2025-01-05,Nashik,Maharashtra,19.9975,73.7898,21.09,15.92,26.17,0.0,63.8
2025-01-05,Pune,Maharashtra,18.5204,73.8567,21.06,16.75,27.2,0.0,67.2
2025-01-05,Hubballi,Karnataka,15.3647,75.124,25.19,21.14,33.46,0.0,51.5
2025-01-05,Kolar,Karnataka,13.1367,78.1292,18.85,12.41,26.66,0.0,62.0
2025-01-05,Ludhiana,Punjab,30.901,75.8573,14.62,9.27,20.96,0.0,56.5
2025-01-05,Agra,Uttar Pradesh,27.1767,78.0081,15.06,10.43,22.91,0.0,50.3
2025-01-06,Nashik,Maharashtra,19.9975,73.7898,19.56,15.17,26.73,0.0,70.5
2025-01-06,Pune,Maharashtra,18.5204,73.8567,18.97,12.93,25.24,0.0,58.6
2025-01-06,Hubballi,Karnataka,15.3647,75.124,25.0,19.42,32.66,0.0,65.8
2025-01-06,Kolar,Karnataka,13.1367,78.1292,21.85,15.11,29.95,0.0,65.1
2025-01-06,Ludhiana,Punjab,30.901,75.8573,16.69,12.32,22.15,0.0,59.7
2025-01-06,Agra,Uttar Pradesh,27.1767,78.0081,19.8,15.44,26.02,0.0,50.6
2025-01-07,Nashik,Maharashtra,19.9975,73.7898,21.0,15.82,29.49,0.0,62.0
2025-01-07,Pune,Maharashtra,18.5204,73.8567,20.06,13.3,24.74,0.0,59.7
2025-01-07,Hubballi,Karnataka,15.3647,75.124,22.92,17.07,30.64,0.0,57.0
2025-01-07,Kolar,Karnataka,13.1367,78.1292,19.86,13.65,23.95,0.0,69.6
2025-01-07,Ludhiana,Punjab,30.901,75.8573,15.59,10.91,20.92,0.0,56.3
2025-01-07,Agra,Uttar Pradesh,27.1767,78.0081,17.62,13.37,22.96,0.0,49.0
2025-01-08,Nashik,Maharashtra,19.9975,73.7898,20.75,16.28,25.94,0.61,51.8
2025-01-08,Pune,Maharashtra,18.5204,73.8567,19.0,11.86,24.79,0.0,71.5
2025-01-08,Hubballi,Karnataka,15.3647,75.124,24.65,18.83,29.3,0.0,61.9
2025-01-08,Kolar,Karnataka,13.1367,78.1292,19.38,14.96,27.55,0.0,68.4
2025-01-08,Ludhiana,Punjab,30.901,75.8573,17.3,11.11,22.59,0.0,57.3
2025-01-08,Agra,Uttar Pradesh,27.1767,78.0081,19.42,13.8,27.61,0.0,45.9
2025-01-09,Nashik,Maharashtra,19.9975,73.7898,20.36,15.51,24.95,2.05,60.7
2025-01-09,Pune,Maharashtra,18.5204,73.8567,18.45,13.69,22.53,0.0,67.3
2025-01-09,Hubballi,Karnataka,15.3647,75.124,22.82,16.83,27.49,0.0,67.1
2025-01-09,Kolar,Karnataka,13.1367,78.1292,22.36,15.67,28.5,0.0,63.0
2025-01-09,Ludhiana,Punjab,30.901,75.8573,14.92,8.34,23.32,0.0,54.8
2025-01-09,Agra,Uttar Pradesh,27.1767,78.0081,18.66,12.6,26.63,0.0,55.7
2025-01-10,Nashik,Maharashtra,19.9975,73.7898,21.22,13.84,26.2,0.0,64.0
2025-01-10,Pune,Maharashtra,18.5204,73.8567,20.93,15.98,28.14,0.0,67.9
2025-01-10,Hubballi,Karnataka,15.3647,75.124,21.87,15.45,29.19,0.0,58.9
2025-01-10,Kolar,Karnataka,13.1367,78.1292,19.16,12.95,23.41,0.0,60.2
2025-01-10,Ludhiana,Punjab,30.901,75.8573,13.79,8.3,20.73,0.0,52.0
2025-01-10,Agra,Uttar Pradesh,27.1767,78.0081,18.35,11.45,25.76,0.03,50.2
2025-01-11,Nashik,Maharashtra,19.9975,73.7898,21.59,15.97,28.32,0.0,57.8
2025-01-11,Pune,Maharashtra,18.5204,73.8567,21.87,16.02,27.23,0.0,62.8
2025-01-11,Hubballi,Karnataka,15.3647,75.124,23.72,17.54,30.72,0.0,60.1
2025-01-11,Kolar,Karnataka,13.1367,78.1292,22.36,16.67,29.84,0.0,61.0
2025-01-11,Ludhiana,Punjab,30.901,75.8573,15.7,9.29,22.69,0.0,49.6
2025-01-11,Agra,Uttar Pradesh,27.1767,78.0081,18.2,11.42,22.38,0.0,43.4
2025-01-12,Nashik,Maharashtra,19.9975,73.7898,20.61,16.61,28.45,0.0,59.2
2025-01-12,Pune,Maharashtra,18.5204,73.8567,18.73,14.7,23.15,0.0,64.2
2025-01-12,Hubballi,Karnataka,15.3647,75.124,23.5,18.46,30.5,0.0,68.2
2025-01-12,Kolar,Karnataka,13.1367,78.1292,21.28,16.67,26.72,0.0,60.1
2025-01-12,Ludhiana,Punjab,30.901,75.8573,16.66,10.31,23.01,0.0,61.8
2025-01-12,Agra,Uttar Pradesh,27.1767,78.0081,19.27,15.1,26.0,0.0,46.3
2025-01-13,Nashik,Maharashtra,19.9975,73.7898,19.63,13.64,26.58,0.0,65.6
2025-01-13,Pune,Maharashtra,18.5204,73.8567,18.97,14.93,25.94,0.0,69.4
2025-01-13,Hubballi,Karnataka,15.3647,75.124,23.95,19.56,30.4,0.0,62.2
2025-01-13,Kolar,Karnataka,13.1367,78.1292,20.33,14.91,27.56,0.0,64.6
2025-01-13,Ludhiana,Punjab,30.901,75.8573,14.62,10.18,21.32,0.0,63.8
2025-01-13,Agra,Uttar Pradesh,27.1767,78.0081,18.79,12.85,26.72,0.0,51.4
2025-01-14,Nashik,Maharashtra,19.9975,73.7898,21.23,14.14,26.36,0.0,60.2
2025-01-14,Pune,Maharashtra,18.5204,73.8567,21.17,15.6,28.82,0.0,60.3
2025-01-14,Hubballi,Karnataka,15.3647,75.124,24.28,17.76,30.48,0.0,54.5
2025-01-14,Kolar,Karnataka,13.1367,78.1292,20.01,15.85,27.98,0.0,60.0
2025-01-14,Ludhiana,Punjab,30.901,75.8573,16.43,9.48,22.27,0.0,57.2
2025-01-14,Agra,Uttar Pradesh,27.1767,78.0081,19.61,12.34,24.77,0.0,54.3
2025-01-15,Nashik,Maharashtra,19.9975,73.7898,23.32,16.97,28.76,0.0,62.7
2025-01-15,Pune,Maharashtra,18.5204,73.8567,21.61,15.44,26.59,0.0,65.8
2025-01-15,Hubballi,Karnataka,15.3647,75.124,23.13,17.27,29.08,0.0,61.4
2025-01-15,Kolar,Karnataka,13.1367,78.1292,19.87,15.65,26.38,0.0,63.3
2025-01-15,Ludhiana,Punjab,30.901,75.8573,16.75,12.54,23.22,0.0,54.9
2025-01-15,Agra,Uttar Pradesh,27.1767,78.0081,14.44,9.46,19.37,0.0,51.0
2025-01-16,Nashik,Maharashtra,19.9975,73.7898,20.4,15.65,27.76,0.0,69.3
2025-01-16,Pune,Maharashtra,18.5204,73.8567,20.94,14.63,25.03,0.0,66.2
2025-01-16,Hubballi,Karnataka,15.3647,75.124,24.77,18.98,30.44,0.0,56.2
2025-01-16,Kolar,Karnataka,13.1367,78.1292,20.03,13.78,24.17,0.0,66.3
2025-01-16,Ludhiana,Punjab,30.901,75.8573,15.52,10.58,23.6,0.0,48.0
2025-01-16,Agra,Uttar Pradesh,27.1767,78.0081,16.08,10.18,21.59,0.0,62.0
2025-01-17,Nashik,Maharashtra,19.9975,73.7898,22.06,16.88,26.98,0.0,61.2
2025-01-17,Pune,Maharashtra,18.5204,73.8567,18.35,13.82,25.06,0.0,64.5
2025-01-17,Hubballi,Karnataka,15.3647,75.124,23.22,16.62,27.35,0.0,57.2
2025-01-17,Kolar,Karnataka,13.1367,78.1292,20.1,14.08,25.98,0.0,59.5
2025-01-17,Ludhiana,Punjab,30.901,75.8573,15.83,10.57,21.72,0.0,56.8
2025-01-17,Agra,Uttar Pradesh,27.1767,78.0081,17.86,13.43,21.88,0.0,45.2
2025-01-18,Nashik,Maharashtra,19.9975,73.7898,19.25,14.96,23.53,0.0,64.5
2025-01-18,Pune,Maharashtra,18.5204,73.8567,20.55,15.07,25.7,0.0,61.9
2025-01-18,Hubballi,Karnataka,15.3647,75.124,22.92,17.33,29.54,0.0,56.3
2025-01-18,Kolar,Karnataka,13.1367,78.1292,20.4,15.8,24.63,0.0,59.3
2025-01-18,Ludhiana,Punjab,30.901,75.8573,14.61,10.3,20.32,0.0,49.4
2025-01-18,Agra,Uttar Pradesh,27.1767,78.0081,19.27,12.4,23.33,0.0,40.4
2025-01-19,Nashik,Maharashtra,19.9975,73.7898,20.54,14.78,26.06,0.0,62.2
2025-01-19,Pune,Maharashtra,18.5204,73.8567,19.96,15.16,27.43,0.0,70.6
2025-01-19,Hubballi,Karnataka,15.3647,75.124,24.04,19.89,31.18,0.0,59.8
2025-01-19,Kolar,Karnataka,13.1367,78.1292,21.58,16.05,29.8,0.0,54.9
2025-01-19,Ludhiana,Punjab,30.901,75.8573,14.69,9.08,23.02,0.0,63.5
2025-01-19,Agra,Uttar Pradesh,27.1767,78.0081,20.79,14.74,25.14,0.0,53.5
2025-01-20,Nashik,Maharashtra,19.9975,73.7898,21.72,17.0,28.99,0.0,61.7
2025-01-20,Pune,Maharashtra,18.5204,73.8567,20.27,16.2,26.19,0.0,61.8
2025-01-20,Hubballi,Karnataka,15.3647,75.124,23.06,15.71,29.26,0.0,57.6
2025-01-20,Kolar,Karnataka,13.1367,78.1292,23.29,17.95,29.78,0.0,62.9
2025-01-20,Ludhiana,Punjab,30.901,75.8573,18.57,11.85,23.51,0.0,55.9
2025-01-20,Agra,Uttar Pradesh,27.1767,78.0081,19.77,13.36,26.94,0.0,52.8
2025-01-21,Nashik,Maharashtra,19.9975,73.7898,22.21,15.02,29.63,0.0,60.7
2025-01-21,Pune,Maharashtra,18.5204,73.8567,19.84,14.9,26.85,0.0,61.3
2025-01-21,Hubballi,Karnataka,15.3647,75.124,25.32,18.4,30.31,0.0,62.6
2025-01-21,Kolar,Karnataka,13.1367,78.1292,22.21,14.89,29.23,0.0,69.0
2025-01-21,Ludhiana,Punjab,30.901,75.8573,15.95,11.43,20.75,0.0,56.5
2025-01-21,Agra,Uttar Pradesh,27.1767,78.0081,18.63,11.65,26.56,0.0,62.5
2025-01-22,Nashik,Maharashtra,19.9975,73.7898,22.76,16.58,29.67,0.0,63.7
2025-01-22,Pune,Maharashtra,18.5204,73.8567,20.58,15.07,28.77,0.0,76.0
2025-01-22,Hubballi,Karnataka,15.3647,75.124,22.62,17.39,29.5,0.0,62.1
2025-01-22,Kolar,Karnataka,13.1367,78.1292,20.31,13.55,24.78,0.0,67.6
2025-01-22,Ludhiana,Punjab,30.901,75.8573,15.41,10.72,22.1,0.0,49.7
2025-01-22,Agra,Uttar Pradesh,27.1767,78.0081,20.73,16.06,28.55,0.0,49.2
2025-01-23,Nashik,Maharashtra,19.9975,73.7898,20.44,15.53,27.53,0.0,59.1
2025-01-23,Pune,Maharashtra,18.5204,73.8567,19.36,12.41,23.67,0.0,65.4
2025-01-23,Hubballi,Karnataka,15.3647,75.124,24.64,18.19,31.41,0.0,55.7
2025-01-23,Kolar,Karnataka,13.1367,78.1292,20.51,16.5,27.92,0.0,55.0
2025-01-23,Ludhiana,Punjab,30.901,75.8573,16.45,10.92,21.9,0.0,51.8
2025-01-23,Agra,Uttar Pradesh,27.1767,78.0081,19.49,12.33,25.35,0.0,50.0
2025-01-24,Nashik,Maharashtra,19.9975,73.7898,21.97,16.49,29.49,0.0,63.6
2025-01-24,Pune,Maharashtra,18.5204,73.8567,20.49,15.14,24.9,0.0,60.2
2025-01-24,Hubballi,Karnataka,15.3647,75.124,22.57,15.62,29.88,0.0,64.1
2025-01-24,Kolar,Karnataka,13.1367,78.1292,22.81,16.99,28.43,0.0,63.2
2025-01-24,Ludhiana,Punjab,30.901,75.8573,16.58,10.17,25.05,0.0,46.5
2025-01-24,Agra,Uttar Pradesh,27.1767,78.0081,21.36,15.35,27.62,0.0,53.1
2025-01-25,Nashik,Maharashtra,19.9975,73.7898,21.79,14.42,27.91,0.0,60.8
2025-01-25,Pune,Maharashtra,18.5204,73.8567,21.52,16.18,26.21,0.0,67.6
2025-01-25,Hubballi,Karnataka,15.3647,75.124,24.99,18.92,31.82,0.0,61.9
2025-01-25,Kolar,Karnataka,13.1367,78.1292,21.73,17.3,26.45,0.0,63.6
2025-01-25,Ludhiana,Punjab,30.901,75.8573,17.76,11.38,23.66,0.58,52.9
2025-01-25,Agra,Uttar Pradesh,27.1767,78.0081,17.98,10.49,23.52,15.67,46.5
2025-01-26,Nashik,Maharashtra,19.9975,73.7898,22.01,15.72,28.63,0.0,63.3
2025-01-26,Pune,Maharashtra,18.5204,73.8567,21.51,14.28,27.89,0.0,65.9
2025-01-26,Hubballi,Karnataka,15.3647,75.124,21.99,15.0,27.29,0.0,58.0
2025-01-26,Kolar,Karnataka,13.1367,78.1292,22.12,17.87,28.91,0.0,56.5
2025-01-26,Ludhiana,Punjab,30.901,75.8573,17.22,11.01,22.48,0.0,53.4
2025-01-26,Agra,Uttar Pradesh,27.1767,78.0081,19.5,15.35,26.93,0.0,51.7
2025-01-27,Nashik,Maharashtra,19.9975,73.7898,21.83,14.87,28.88,0.0,65.5
2025-01-27,Pune,Maharashtra,18.5204,73.8567,21.05,13.73,27.28,1.67,62.7
2025-01-27,Hubballi,Karnataka,15.3647,75.124,22.57,16.0,28.14,11.43,62.8
2025-01-27,Kolar,Karnataka,13.1367,78.1292,20.29,13.82,25.29,0.0,66.7
2025-01-27,Ludhiana,Punjab,30.901,75.8573,15.71,9.31,20.55,0.0,59.1
2025-01-27,Agra,Uttar Pradesh,27.1767,78.0081,19.48,14.09,26.66,0.0,45.8
2025-01-28,Nashik,Maharashtra,19.9975,73.7898,18.57,13.59,25.52,0.0,72.3
2025-01-28,Pune,Maharashtra,18.5204,73.8567,20.93,13.89,29.32,0.0,67.5
2025-01-28,Hubballi,Karnataka,15.3647,75.124,23.61,16.2,31.2,0.0,63.7
2025-01-28,Kolar,Karnataka,13.1367,78.1292,20.06,15.25,24.87,0.0,64.1
2025-01-28,Ludhiana,Punjab,30.901,75.8573,18.62,13.1,24.33,0.0,57.0
2025-01-28,Agra,Uttar Pradesh,27.1767,78.0081,19.84,14.69,24.17,0.0,54.0
2025-01-29,Nashik,Maharashtra,19.9975,73.7898,21.89,15.11,27.18,0.0,65.4
2025-01-29,Pune,Maharashtra,18.5204,73.8567,21.5,15.14,26.74,0.0,64.0
2025-01-29,Hubballi,Karnataka,15.3647,75.124,24.36,19.61,29.25,0.0,56.4
2025-01-29,Kolar,Karnataka,13.1367,78.1292,20.78,14.92,29.11,0.0,65.2
2025-01-29,Ludhiana,Punjab,30.901,75.8573,19.27,13.59,25.05,0.0,46.9
2025-01-29,Agra,Uttar Pradesh,27.1767,78.0081,21.14,14.23,25.94,0.0,50.3
2025-01-30,Nashik,Maharashtra,19.9975,73.7898,22.79,15.56,29.15,0.0,55.5
2025-01-30,Pune,Maharashtra,18.5204,73.8567,23.37,16.82,27.9,0.0,67.8
2025-01-30,Hubballi,Karnataka,15.3647,75.124,23.27,18.15,28.5,0.0,60.2
2025-01-30,Kolar,Karnataka,13.1367,78.1292,22.36,17.1,29.51,0.0,63.8
2025-01-30,Ludhiana,Punjab,30.901,75.8573,18.45,11.21,23.58,0.0,65.3
2025-01-30,Agra,Uttar Pradesh,27.1767,78.0081,19.77,14.15,24.62,0.0,54.6
2025-01-31,Nashik,Maharashtra,19.9975,73.7898,20.6,16.33,25.07,0.0,60.0
2025-01-31,Pune,Maharashtra,18.5204,73.8567,21.74,15.73,26.3,0.0,64.7
2025-01-31,Hubballi,Karnataka,15.3647,75.124,24.51,18.14,31.79,0.0,46.4
2025-01-31,Kolar,Karnataka,13.1367,78.1292,22.6,16.0,30.73,0.0,56.9
2025-01-31,Ludhiana,Punjab,30.901,75.8573,17.52,10.27,25.12,0.0,57.9
2025-01-31,Agra,Uttar Pradesh,27.1767,78.0081,21.27,15.63,27.16,0.0,47.8
2025-02-01,Nashik,Maharashtra,19.9975,73.7898,21.08,15.69,29.22,0.0,56.2
2025-02-01,Pune,Maharashtra,18.5204,73.8567,20.84,13.49,27.64,0.0,68.1
2025-02-01,Hubballi,Karnataka,15.3647,75.124,24.19,19.11,29.98,0.0,61.2
2025-02-01,Kolar,Karnataka,13.1367,78.1292,21.76,16.14,29.8,0.0,67.1
2025-02-01,Ludhiana,Punjab,30.901,75.8573,18.9,12.71,26.96,0.0,53.5
2025-02-01,Agra,Uttar Pradesh,27.1767,78.0081,17.98,13.05,25.56,1.07,57.5
2025-02-02,Nashik,Maharashtra,19.9975,73.7898,21.93,17.86,29.03,0.0,59.5
2025-02-02,Pune,Maharashtra,18.5204,73.8567,20.66,16.1,24.86,0.0,68.4
2025-02-02,Hubballi,Karnataka,15.3647,75.124,24.43,19.19,28.57,0.0,54.2
2025-02-02,Kolar,Karnataka,13.1367,78.1292,20.11,14.96,25.91,0.0,68.9
2025-02-02,Ludhiana,Punjab,30.901,75.8573,16.06,8.67,22.65,0.0,50.6
2025-02-02,Agra,Uttar Pradesh,27.1767,78.0081,21.98,15.43,28.93,0.0,53.3
2025-02-03,Nashik,Maharashtra,19.9975,73.7898,22.67,15.64,28.49,0.0,60.8
2025-02-03,Pune,Maharashtra,18.5204,73.8567,22.13,16.84,28.09,0.0,64.6
2025-02-03,Hubballi,Karnataka,15.3647,75.124,25.85,21.8,32.93,0.0,59.6
2025-02-03,Kolar,Karnataka,13.1367,78.1292,21.3,16.91,25.96,1.54,66.4
2025-02-03,Ludhiana,Punjab,30.901,75.8573,16.33,10.27,22.7,0.0,53.3
2025-02-03,Agra,Uttar Pradesh,27.1767,78.0081,21.28,13.88,25.3,0.0,55.6
2025-02-04,Nashik,Maharashtra,19.9975,73.7898,18.83,11.99,27.33,0.0,60.0
2025-02-04,Pune,Maharashtra,18.5204,73.8567,21.56,16.62,26.81,6.88,67.0
2025-02-04,Hubballi,Karnataka,15.3647,75.124,24.75,19.02,29.83,1.09,64.0
2025-02-04,Kolar,Karnataka,13.1367,78.1292,20.3,15.0,25.27,0.0,63.9
2025-02-04,Ludhiana,Punjab,30.901,75.8573,18.8,13.27,23.4,0.0,56.6
2025-02-04,Agra,Uttar Pradesh,27.1767,78.0081,19.7,13.82,23.77,0.0,49.2
2025-02-05,Nashik,Maharashtra,19.9975,73.7898,22.07,17.47,28.64,0.0,64.4
2025-02-05,Pune,Maharashtra,18.5204,73.8567,20.64,16.28,28.76,0.0,65.3
2025-02-05,Hubballi,Karnataka,15.3647,75.124,24.76,19.45,32.92,0.0,54.5
2025-02-05,Kolar,Karnataka,13.1367,78.1292,21.09,14.37,28.45,0.0,66.7
2025-02-05,Ludhiana,Punjab,30.901,75.8573,19.47,14.79,26.27,0.0,53.2
2025-02-05,Agra,Uttar Pradesh,27.1767,78.0081,16.67,10.31,23.37,0.0,55.4
2025-02-06,Nashik,Maharashtra,19.9975,73.7898,22.46,15.72,30.51,0.0,57.4
2025-02-06,Pune,Maharashtra,18.5204,73.8567,24.23,18.16,28.38,0.0,65.1
2025-02-06,Hubballi,Karnataka,15.3647,75.124,26.95,20.0,33.68,0.0,60.2
2025-02-06,Kolar,Karnataka,13.1367,78.1292,22.76,16.53,29.16,0.0,71.7
2025-02-06,Ludhiana,Punjab,30.901,75.8573,18.43,11.38,25.41,0.0,54.9
2025-02-06,Agra,Uttar Pradesh,27.1767,78.0081,21.36,15.62,29.2,0.0,54.5
2025-02-07,Nashik,Maharashtra,19.9975,73.7898,22.9,15.52,30.16,5.93,55.8
2025-02-07,Pune,Maharashtra,18.5204,73.8567,22.14,15.68,28.67,0.0,59.4
2025-02-07,Hubballi,Karnataka,15.3647,75.124,23.35,17.44,27.62,0.0,60.3
2025-02-07,Kolar,Karnataka,13.1367,78.1292,20.51,15.04,26.72,0.0,67.1
2025-02-07,Ludhiana,Punjab,30.901,75.8573,18.46,13.38,23.45,0.0,48.7
2025-02-07,Agra,Uttar Pradesh,27.1767,78.0081,19.59,13.5,25.28,0.0,44.6
2025-02-08,Nashik,Maharashtra,19.9975,73.7898,22.94,18.26,31.11,0.0,66.3
2025-02-08,Pune,Maharashtra,18.5204,73.8567,19.61,13.67,26.65,0.0,66.7
2025-02-08,Hubballi,Karnataka,15.3647,75.124,22.84,16.23,27.98,0.0,57.8
2025-02-08,Kolar,Karnataka,13.1367,78.1292,21.66,14.72,28.69,0.0,64.1
2025-02-08,Ludhiana,Punjab,30.901,75.8573,18.65,13.2,24.32,0.0,52.1
2025-02-08,Agra,Uttar Pradesh,27.1767,78.0081,21.71,16.19,29.85,0.0,45.5
2025-02-09,Nashik,Maharashtra,19.9975,73.7898,22.92,15.49,28.73,0.0,61.2
2025-02-09,Pune,Maharashtra,18.5204,73.8567,24.47,19.36,31.91,0.0,68.8
2025-02-09,Hubballi,Karnataka,15.3647,75.124,26.55,21.69,32.96,0.0,61.3
2025-02-09,Kolar,Karnataka,13.1367,78.1292,20.65,15.5,25.63,0.0,64.6
2025-02-09,Ludhiana,Punjab,30.901,75.8573,19.47,13.75,24.03,0.0,53.0
2025-02-09,Agra,Uttar Pradesh,27.1767,78.0081,19.43,12.48,25.43,0.0,50.1
2025-02-10,Nashik,Maharashtra,19.9975,73.7898,21.83,14.8,28.74,0.0,59.8
2025-02-10,Pune,Maharashtra,18.5204,73.8567,22.66,16.33,27.59,0.0,67.2
2025-02-10,Hubballi,Karnataka,15.3647,75.124,22.17,16.32,30.12,0.0,65.1
2025-02-10,Kolar,Karnataka,13.1367,78.1292,23.22,17.95,31.56,0.0,61.0
2025-02-10,Ludhiana,Punjab,30.901,75.8573,19.81,14.59,25.92,0.0,53.2
2025-02-10,Agra,Uttar Pradesh,27.1767,78.0081,20.38,13.41,26.85,0.0,51.9
2025-02-11,Nashik,Maharashtra,19.9975,73.7898,20.25,14.9,25.42,0.0,63.3
2025-02-11,Pune,Maharashtra,18.5204,73.8567,22.58,15.54,29.81,0.0,63.8
2025-02-11,Hubballi,Karnataka,15.3647,75.124,26.09,18.68,32.15,0.0,62.5
2025-02-11,Kolar,Karnataka,13.1367,78.1292,21.47,14.79,27.87,0.0,61.4
2025-02-11,Ludhiana,Punjab,30.901,75.8573,18.64,14.51,26.03,0.0,51.3
2025-02-11,Agra,Uttar Pradesh,27.1767,78.0081,23.2,16.23,30.24,0.0,55.8
2025-02-12,Nashik,Maharashtra,19.9975,73.7898,22.55,18.52,26.82,0.0,65.2
2025-02-12,Pune,Maharashtra,18.5204,73.8567,22.53,15.09,29.26,0.0,68.5
2025-02-12,Hubballi,Karnataka,15.3647,75.124,26.26,20.35,31.0,0.0,57.3
2025-02-12,Kolar,Karnataka,13.1367,78.1292,23.05,16.21,28.28,0.0,63.9
2025-02-12,Ludhiana,Punjab,30.901,75.8573,18.82,14.34,25.68,0.0,59.6
2025-02-12,Agra,Uttar Pradesh,27.1767,78.0081,23.49,17.48,30.28,0.0,50.1
2025-02-13,Nashik,Maharashtra,19.9975,73.7898,22.25,18.02,30.1,0.0,55.5
2025-02-13,Pune,Maharashtra,18.5204,73.8567,23.41,17.15,28.7,0.0,64.0
2025-02-13,Hubballi,Karnataka,15.3647,75.124,24.78,19.41,30.09,0.71,53.5
2025-02-13,Kolar,Karnataka,13.1367,78.1292,21.22,15.7,26.48,0.0,57.1
2025-02-13,Ludhiana,Punjab,30.901,75.8573,20.11,14.84,24.13,0.0,62.1
2025-02-13,Agra,Uttar Pradesh,27.1767,78.0081,22.83,16.51,27.97,0.0,48.2
2025-02-14,Nashik,Maharashtra,19.9975,73.7898,23.21,16.51,28.91,0.0,66.5
2025-02-14,Pune,Maharashtra,18.5204,73.8567,22.44,15.65,29.52,0.0,72.6
2025-02-14,Hubballi,Karnataka,15.3647,75.124,24.91,20.91,31.62,0.0,64.8
2025-02-14,Kolar,Karnataka,13.1367,78.1292,19.85,14.25,26.13,0.0,64.8
2025-02-14,Ludhiana,Punjab,30.901,75.8573,18.21,11.34,22.42,0.0,55.9
2025-02-14,Agra,Uttar Pradesh,27.1767,78.0081,23.76,17.56,31.33,0.0,57.5
2025-02-15,Nashik,Maharashtra,19.9975,73.7898,22.95,17.25,30.61,0.0,53.8
2025-02-15,Pune,Maharashtra,18.5204,73.8567,24.01,17.95,29.48,0.0,59.3
2025-02-15,Hubballi,Karnataka,15.3647,75.124,25.69,20.25,31.25,0.0,53.3
2025-02-15,Kolar,Karnataka,13.1367,78.1292,21.9,14.97,26.14,0.0,69.7
2025-02-15,Ludhiana,Punjab,30.901,75.8573,20.85,13.51,27.07,0.0,50.2
2025-02-15,Agra,Uttar Pradesh,27.1767,78.0081,20.31,14.42,26.1,0.0,49.8
2025-02-16,Nashik,Maharashtra,19.9975,73.7898,21.96,17.5,26.33,0.0,61.2
2025-02-16,Pune,Maharashtra,18.5204,73.8567,22.45,15.98,27.72,0.0,67.0
2025-02-16,Hubballi,Karnataka,15.3647,75.124,24.52,19.7,30.07,0.0,56.2
2025-02-16,Kolar,Karnataka,13.1367,78.1292,20.48,14.59,26.28,0.0,60.4
2025-02-16,Ludhiana,Punjab,30.901,75.8573,19.59,14.7,26.89,0.0,54.7
2025-02-16,Agra,Uttar Pradesh,27.1767,78.0081,22.72,15.54,28.43,0.0,50.6
2025-02-17,Nashik,Maharashtra,19.9975,73.7898,23.84,19.34,30.35,0.0,67.8
2025-02-17,Pune,Maharashtra,18.5204,73.8567,21.03,15.2,27.64,0.0,58.1
2025-02-17,Hubballi,Karnataka,15.3647,75.124,24.63,17.22,28.82,0.0,57.5
2025-02-17,Kolar,Karnataka,13.1367,78.1292,20.41,15.72,28.86,0.0,63.8
2025-02-17,Ludhiana,Punjab,30.901,75.8573,19.79,15.09,27.53,0.0,60.3
2025-02-17,Agra,Uttar Pradesh,27.1767,78.0081,21.54,17.35,29.68,0.0,57.9
2025-02-18,Nashik,Maharashtra,19.9975,73.7898,21.88,17.4,29.71,0.0,68.4
2025-02-18,Pune,Maharashtra,18.5204,73.8567,23.57,18.36,31.13,0.0,63.7
2025-02-18,Hubballi,Karnataka,15.3647,75.124,25.12,18.29,29.89,0.0,53.7
2025-02-18,Kolar,Karnataka,13.1367,78.1292,22.82,18.15,28.38,0.0,66.7
2025-02-18,Ludhiana,Punjab,30.901,75.8573,21.51,14.49,26.89,0.0,56.3
2025-02-18,Agra,Uttar Pradesh,27.1767,78.0081,20.94,16.54,28.34,0.0,47.7
2025-02-19,Nashik,Maharashtra,19.9975,73.7898,24.23,17.8,32.2,0.0,61.5
2025-02-19,Pune,Maharashtra,18.5204,73.8567,22.01,15.36,28.23,0.0,62.9
2025-02-19,Hubballi,Karnataka,15.3647,75.124,26.08,21.81,30.51,0.0,57.4
2025-02-19,Kolar,Karnataka,13.1367,78.1292,22.53,15.22,27.31,0.0,66.1
2025-02-19,Ludhiana,Punjab,30.901,75.8573,20.44,15.64,26.88,0.35,49.9
2025-02-19,Agra,Uttar Pradesh,27.1767,78.0081,21.67,15.01,29.78,1.76,50.3
2025-02-20,Nashik,Maharashtra,19.9975,73.7898,23.9,19.9,27.96,0.0,65.2
2025-02-20,Pune,Maharashtra,18.5204,73.8567,24.36,19.03,32.33,0.0,60.4
2025-02-20,Hubballi,Karnataka,15.3647,75.124,25.48,18.27,33.48,0.0,63.7
2025-02-20,Kolar,Karnataka,13.1367,78.1292,22.99,18.1,27.49,0.0,67.0
2025-02-20,Ludhiana,Punjab,30.901,75.8573,20.64,16.52,26.71,0.0,60.2
2025-02-20,Agra,Uttar Pradesh,27.1767,78.0081,21.55,14.75,25.66,0.0,47.0
2025-02-21,Nashik,Maharashtra,19.9975,73.7898,21.79,15.75,26.41,0.0,64.8
2025-02-21,Pune,Maharashtra,18.5204,73.8567,22.19,15.39,26.22,0.0,67.0
2025-02-21,Hubballi,Karnataka,15.3647,75.124,24.2,18.8,32.49,0.0,55.8
2025-02-21,Kolar,Karnataka,13.1367,78.1292,21.78,16.42,29.26,0.0,61.8
2025-02-21,Ludhiana,Punjab,30.901,75.8573,18.68,11.59,23.15,0.0,57.9
2025-02-21,Agra,Uttar Pradesh,27.1767,78.0081,23.37,16.89,31.7,0.0,53.4
2025-02-22,Nashik,Maharashtra,19.9975,73.7898,20.68,13.45,25.16,0.0,54.2
2025-02-22,Pune,Maharashtra,18.5204,73.8567,22.95,18.76,30.0,0.0,64.8
2025-02-22,Hubballi,Karnataka,15.3647,75.124,25.15,19.81,30.23,0.0,65.2
2025-02-22,Kolar,Karnataka,13.1367,78.1292,22.87,18.19,28.69,0.0,57.0
2025-02-22,Ludhiana,Punjab,30.901,75.8573,18.89,14.52,26.53,0.0,49.1
2025-02-22,Agra,Uttar Pradesh,27.1767,78.0081,21.97,14.49,30.26,0.0,46.0
2025-02-23,Nashik,Maharashtra,19.9975,73.7898,23.12,15.77,27.13,0.0,58.4
2025-02-23,Pune,Maharashtra,18.5204,73.8567,22.64,18.47,30.77,0.0,62.3
2025-02-23,Hubballi,Karnataka,15.3647,75.124,23.71,19.53,28.56,0.0,62.4
2025-02-23,Kolar,Karnataka,13.1367,78.1292,21.1,17.03,25.56,0.0,66.1
2025-02-23,Ludhiana,Punjab,30.901,75.8573,21.47,16.24,28.9,0.0,52.8
2025-02-23,Agra,Uttar Pradesh,27.1767,78.0081,22.13,18.02,30.33,0.0,52.7
2025-02-24,Nashik,Maharashtra,19.9975,73.7898,22.86,18.37,28.76,0.0,62.6
2025-02-24,Pune,Maharashtra,18.5204,73.8567,23.37,16.89,30.37,0.0,67.7
2025-02-24,Hubballi,Karnataka,15.3647,75.124,25.34,18.57,33.12,0.0,65.4
2025-02-24,Kolar,Karnataka,13.1367,78.1292,24.15,16.76,30.47,0.0,60.7
2025-02-24,Ludhiana,Punjab,30.901,75.8573,20.1,13.08,24.22,0.0,61.0
2025-02-24,Agra,Uttar Pradesh,27.1767,78.0081,23.27,16.1,31.37,0.0,57.3
2025-02-25,Nashik,Maharashtra,19.9975,73.7898,24.08,19.34,30.27,0.0,64.7
2025-02-25,Pune,Maharashtra,18.5204,73.8567,24.64,18.26,31.2,0.0,58.6
2025-02-25,Hubballi,Karnataka,15.3647,75.124,25.5,19.23,33.23,0.0,63.1
2025-02-25,Kolar,Karnataka,13.1367,78.1292,24.67,17.61,32.91,0.0,60.6
2025-02-25,Ludhiana,Punjab,30.901,75.8573,19.32,15.0,27.65,0.0,59.3
2025-02-25,Agra,Uttar Pradesh,27.1767,78.0081,23.94,17.41,32.22,0.0,58.2
2025-02-26,Nashik,Maharashtra,19.9975,73.7898,23.84,16.96,30.72,0.0,61.7
2025-02-26,Pune,Maharashtra,18.5204,73.8567,23.36,16.69,29.87,0.0,65.0
2025-02-26,Hubballi,Karnataka,15.3647,75.124,25.68,21.2,32.1,0.0,65.0
2025-02-26,Kolar,Karnataka,13.1367,78.1292,22.79,18.62,29.06,0.0,66.7
2025-02-26,Ludhiana,Punjab,30.901,75.8573,22.92,15.78,30.9,0.0,54.0
2025-02-26,Agra,Uttar Pradesh,27.1767,78.0081,21.97,15.06,30.19,0.0,54.4
2025-02-27,Nashik,Maharashtra,19.9975,73.7898,24.43,18.93,32.38,0.0,62.1
2025-02-27,Pune,Maharashtra,18.5204,73.8567,24.06,16.59,29.06,0.0,63.9
2025-02-27,Hubballi,Karnataka,15.3647,75.124,26.88,22.1,33.11,0.0,54.2
2025-02-27,Kolar,Karnataka,13.1367,78.1292,23.6,17.65,31.36,0.0,59.3
2025-02-27,Ludhiana,Punjab,30.901,75.8573,22.4,15.88,27.17,0.0,57.2
2025-02-27,Agra,Uttar Pradesh,27.1767,78.0081,23.2,16.09,30.45,0.0,51.5
2025-02-28,Nashik,Maharashtra,19.9975,73.7898,24.79,20.37,33.11,0.0,63.2
2025-02-28,Pune,Maharashtra,18.5204,73.8567,25.24,17.93,30.39,0.0,66.3
2025-02-28,Hubballi,Karnataka,15.3647,75.124,24.62,19.07,30.64,0.0,51.9
2025-02-28,Kolar,Karnataka,13.1367,78.1292,22.52,17.51,29.12,0.0,59.6
2025-02-28,Ludhiana,Punjab,30.901,75.8573,20.54,13.84,27.57,0.0,52.1
2025-02-28,Agra,Uttar Pradesh,27.1767,78.0081,25.18,18.17,30.41,0.0,48.0
2025-03-01,Nashik,Maharashtra,19.9975,73.7898,25.06,20.76,33.11,0.0,53.7
2025-03-01,Pune,Maharashtra,18.5204,73.8567,21.88,16.12,29.79,15.11,50.3
2025-03-01,Hubballi,Karnataka,15.3647,75.124,21.81,17.03,29.75,0.0,55.9
2025-03-01,Kolar,Karnataka,13.1367,78.1292,21.22,16.66,26.68,0.0,60.6
2025-03-01,Ludhiana,Punjab,30.901,75.8573,21.79,16.11,30.24,0.0,46.3
2025-03-01,Agra,Uttar Pradesh,27.1767,78.0081,23.52,16.76,30.72,7.64,48.2
2025-03-02,Nashik,Maharashtra,19.9975,73.7898,24.17,18.14,30.44,0.0,49.9
2025-03-02,Pune,Maharashtra,18.5204,73.8567,23.52,18.55,29.06,0.0,52.3
2025-03-02,Hubballi,Karnataka,15.3647,75.124,26.74,20.68,33.78,0.0,51.5
2025-03-02,Kolar,Karnataka,13.1367,78.1292,23.89,17.34,28.04,0.0,52.7
2025-03-02,Ludhiana,Punjab,30.901,75.8573,21.32,17.24,29.21,0.0,41.8
2025-03-02,Agra,Uttar Pradesh,27.1767,78.0081,25.35,18.57,32.01,0.0,41.2
2025-03-03,Nashik,Maharashtra,19.9975,73.7898,23.76,19.3,29.08,0.0,54.2
2025-03-03,Pune,Maharashtra,18.5204,73.8567,22.58,16.83,28.87,0.0,54.2
2025-03-03,Hubballi,Karnataka,15.3647,75.124,25.88,20.21,33.29,0.0,49.7
2025-03-03,Kolar,Karnataka,13.1367,78.1292,23.27,16.18,28.98,0.61,53.8
2025-03-03,Ludhiana,Punjab,30.901,75.8573,22.14,15.91,28.13,0.0,46.9
2025-03-03,Agra,Uttar Pradesh,27.1767,78.0081,24.9,18.22,33.08,0.0,45.1
2025-03-04,Nashik,Maharashtra,19.9975,73.7898,26.96,19.8,34.59,0.0,49.1
2025-03-04,Pune,Maharashtra,18.5204,73.8567,27.27,21.6,31.8,0.0,48.2
2025-03-04,Hubballi,Karnataka,15.3647,75.124,25.25,18.11,32.96,0.0,54.1
2025-03-04,Kolar,Karnataka,13.1367,78.1292,22.0,15.45,28.82,13.64,46.4
2025-03-04,Ludhiana,Punjab,30.901,75.8573,22.25,18.24,27.52,0.0,46.3
2025-03-04,Agra,Uttar Pradesh,27.1767,78.0081,24.07,18.45,32.41,0.0,46.5
2025-03-05,Nashik,Maharashtra,19.9975,73.7898,24.37,18.84,31.63,0.0,51.2
2025-03-05,Pune,Maharashtra,18.5204,73.8567,24.34,17.24,30.23,0.0,50.0
2025-03-05,Hubballi,Karnataka,15.3647,75.124,27.43,21.75,33.57,0.0,46.8
2025-03-05,Kolar,Karnataka,13.1367,78.1292,22.88,17.11,30.32,0.0,57.8
2025-03-05,Ludhiana,Punjab,30.901,75.8573,23.7,17.53,28.03,0.0,47.8
2025-03-05,Agra,Uttar Pradesh,27.1767,78.0081,25.37,20.17,29.79,0.0,37.6
2025-03-06,Nashik,Maharashtra,19.9975,73.7898,24.26,19.15,28.72,0.0,64.1
2025-03-06,Pune,Maharashtra,18.5204,73.8567,23.44,18.48,31.04,0.0,52.7
2025-03-06,Hubballi,Karnataka,15.3647,75.124,26.48,21.76,31.08,0.0,47.8
2025-03-06,Kolar,Karnataka,13.1367,78.1292,23.41,18.34,29.52,0.0,50.1
2025-03-06,Ludhiana,Punjab,30.901,75.8573,22.35,14.94,30.11,0.0,42.9
2025-03-06,Agra,Uttar Pradesh,27.1767,78.0081,23.33,18.35,30.66,0.0,40.0
2025-03-07,Nashik,Maharashtra,19.9975,73.7898,25.22,17.81,32.12,0.0,48.6
2025-03-07,Pune,Maharashtra,18.5204,73.8567,26.53,21.42,32.77,0.0,65.9
2025-03-07,Hubballi,Karnataka,15.3647,75.124,27.54,21.17,32.52,0.0,57.1
2025-03-07,Kolar,Karnataka,13.1367,78.1292,22.28,16.27,27.1,0.0,55.4
2025-03-07,Ludhiana,Punjab,30.901,75.8573,24.2,17.68,28.56,0.0,48.8
2025-03-07,Agra,Uttar Pradesh,27.1767,78.0081,25.67,18.45,30.05,0.0,41.8
2025-03-08,Nashik,Maharashtra,19.9975,73.7898,25.4,18.57,31.69,0.0,51.0
2025-03-08,Pune,Maharashtra,18.5204,73.8567,24.46,18.19,29.24,0.0,55.3
2025-03-08,Hubballi,Karnataka,15.3647,75.124,25.86,20.94,33.05,0.0,50.2
2025-03-08,Kolar,Karnataka,13.1367,78.1292,24.98,18.32,30.25,0.0,52.6
2025-03-08,Ludhiana,Punjab,30.901,75.8573,23.66,16.53,29.05,0.0,40.9
2025-03-08,Agra,Uttar Pradesh,27.1767,78.0081,23.91,19.09,31.43,0.0,46.7
2025-03-09,Nashik,Maharashtra,19.9975,73.7898,25.43,18.89,32.78,0.0,57.5
2025-03-09,Pune,Maharashtra,18.5204,73.8567,26.03,20.92,34.15,0.0,58.4
2025-03-09,Hubballi,Karnataka,15.3647,75.124,26.88,22.05,32.23,0.0,52.8
2025-03-09,Kolar,Karnataka,13.1367,78.1292,25.02,18.92,33.43,0.0,60.4
2025-03-09,Ludhiana,Punjab,30.901,75.8573,23.29,17.06,29.77,0.0,44.0
2025-03-09,Agra,Uttar Pradesh,27.1767,78.0081,24.56,20.1,30.32,0.0,38.5
2025-03-10,Nashik,Maharashtra,19.9975,73.7898,25.0,20.81,32.38,0.0,53.0
2025-03-10,Pune,Maharashtra,18.5204,73.8567,25.49,19.79,30.89,0.0,60.5
2025-03-10,Hubballi,Karnataka,15.3647,75.124,26.8,20.89,33.34,0.0,40.5
2025-03-10,Kolar,Karnataka,13.1367,78.1292,24.44,18.04,29.26,0.0,57.0
2025-03-10,Ludhiana,Punjab,30.901,75.8573,23.34,18.51,29.1,0.0,42.4
2025-03-10,Agra,Uttar Pradesh,27.1767,78.0081,24.23,17.75,29.24,0.0,36.8
2025-03-11,Nashik,Maharashtra,19.9975,73.7898,25.43,19.58,31.26,0.0,49.0
2025-03-11,Pune,Maharashtra,18.5204,73.8567,23.99,16.99,30.06,0.0,53.3
2025-03-11,Hubballi,Karnataka,15.3647,75.124,25.89,18.99,32.22,0.0,46.6
2025-03-11,Kolar,Karnataka,13.1367,78.1292,26.02,19.83,31.56,0.0,49.5
2025-03-11,Ludhiana,Punjab,30.901,75.8573,22.81,15.75,27.27,0.0,49.2
2025-03-11,Agra,Uttar Pradesh,27.1767,78.0081,28.07,21.14,34.63,0.0,33.5
2025-03-12,Nashik,Maharashtra,19.9975,73.7898,26.32,21.66,30.66,0.0,56.8
2025-03-12,Pune,Maharashtra,18.5204,73.8567,24.88,18.64,32.11,0.0,51.1
2025-03-12,Hubballi,Karnataka,15.3647,75.124,23.81,19.06,29.23,0.0,42.6
2025-03-12,Kolar,Karnataka,13.1367,78.1292,24.87,20.72,32.94,0.0,52.7
2025-03-12,Ludhiana,Punjab,30.901,75.8573,22.08,16.02,26.68,0.0,41.3
2025-03-12,Agra,Uttar Pradesh,27.1767,78.0081,24.39,18.51,31.52,0.0,42.4
2025-03-13,Nashik,Maharashtra,19.9975,73.7898,25.31,20.94,30.59,0.0,62.6
2025-03-13,Pune,Maharashtra,18.5204,73.8567,25.48,19.24,29.74,0.0,55.2
2025-03-13,Hubballi,Karnataka,15.3647,75.124,25.47,21.1,30.06,0.0,48.7
2025-03-13,Kolar,Karnataka,13.1367,78.1292,23.07,17.91,28.1,0.0,53.9
2025-03-13,Ludhiana,Punjab,30.901,75.8573,22.76,18.61,31.24,0.0,42.0
2025-03-13,Agra,Uttar Pradesh,27.1767,78.0081,24.3,19.67,29.59,0.0,50.9
2025-03-14,Nashik,Maharashtra,19.9975,73.7898,26.44,19.51,33.82,0.0,50.6
2025-03-14,Pune,Maharashtra,18.5204,73.8567,26.5,20.24,31.9,0.0,58.3
2025-03-14,Hubballi,Karnataka,15.3647,75.124,28.5,22.41,32.74,0.0,53.6
2025-03-14,Kolar,Karnataka,13.1367,78.1292,25.73,18.55,33.01,0.0,57.2
2025-03-14,Ludhiana,Punjab,30.901,75.8573,23.05,16.85,29.48,0.0,39.1
2025-03-14,Agra,Uttar Pradesh,27.1767,78.0081,25.93,20.75,34.35,0.0,47.3
2025-03-15,Nashik,Maharashtra,19.9975,73.7898,25.79,19.39,31.02,0.0,56.7
2025-03-15,Pune,Maharashtra,18.5204,73.8567,24.2,20.03,29.78,0.0,56.4
2025-03-15,Hubballi,Karnataka,15.3647,75.124,28.81,23.93,34.96,0.0,48.0
2025-03-15,Kolar,Karnataka,13.1367,78.1292,24.49,17.56,28.85,0.0,51.3
2025-03-15,Ludhiana,Punjab,30.901,75.8573,24.63,19.88,30.48,0.0,43.4
2025-03-15,Agra,Uttar Pradesh,27.1767,78.0081,27.64,20.87,33.82,0.0,41.8
2025-03-16,Nashik,Maharashtra,19.9975,73.7898,26.76,21.82,34.51,0.0,56.3
2025-03-16,Pune,Maharashtra,18.5204,73.8567,26.96,21.59,34.35,0.0,54.2
2025-03-16,Hubballi,Karnataka,15.3647,75.124,29.94,22.65,37.57,0.0,44.8
2025-03-16,Kolar,Karnataka,13.1367,78.1292,24.34,19.96,30.15,0.0,51.7
2025-03-16,Ludhiana,Punjab,30.901,75.8573,23.44,18.54,30.11,0.0,49.2
2025-03-16,Agra,Uttar Pradesh,27.1767,78.0081,23.73,17.85,28.63,0.0,36.6
2025-03-17,Nashik,Maharashtra,19.9975,73.7898,25.78,18.88,32.12,0.0,59.6
2025-03-17,Pune,Maharashtra,18.5204,73.8567,25.9,18.65,32.0,0.0,48.9
2025-03-17,Hubballi,Karnataka,15.3647,75.124,28.04,23.83,35.67,0.0,48.8
2025-03-17,Kolar,Karnataka,13.1367,78.1292,24.22,20.19,31.33,0.0,54.3
2025-03-17,Ludhiana,Punjab,30.901,75.8573,24.44,19.68,29.13,0.0,44.0
2025-03-17,Agra,Uttar Pradesh,27.1767,78.0081,26.97,21.68,32.03,0.0,40.9
2025-03-18,Nashik,Maharashtra,19.9975,73.7898,25.79,21.65,31.9,0.0,55.2
2025-03-18,Pune,Maharashtra,18.5204,73.8567,26.15,19.97,32.08,0.0,54.6
2025-03-18,Hubballi,Karnataka,15.3647,75.124,26.16,21.66,31.04,0.0,48.3
2025-03-18,Kolar,Karnataka,13.1367,78.1292,24.22,19.33,28.26,0.0,52.2
2025-03-18,Ludhiana,Punjab,30.901,75.8573,22.52,17.95,27.61,0.0,40.1
2025-03-18,Agra,Uttar Pradesh,27.1767,78.0081,24.77,19.12,33.25,0.0,42.3
2025-03-19,Nashik,Maharashtra,19.9975,73.7898,27.12,21.98,35.22,0.0,54.8
2025-03-19,Pune,Maharashtra,18.5204,73.8567,26.62,20.35,33.03,0.0,49.8
2025-03-19,Hubballi,Karnataka,15.3647,75.124,26.38,20.7,32.02,0.0,54.9
2025-03-19,Kolar,Karnataka,13.1367,78.1292,24.02,17.67,31.46,0.0,51.5
2025-03-19,Ludhiana,Punjab,30.901,75.8573,24.09,19.62,31.58,0.0,35.3
2025-03-19,Agra,Uttar Pradesh,27.1767,78.0081,24.48,17.71,29.3,0.0,39.0
2025-03-20,Nashik,Maharashtra,19.9975,73.7898,25.41,20.71,32.35,0.0,51.4
2025-03-20,Pune,Maharashtra,18.5204,73.8567,24.94,20.7,31.12,0.0,46.7
2025-03-20,Hubballi,Karnataka,15.3647,75.124,26.64,21.68,34.61,0.0,49.8
2025-03-20,Kolar,Karnataka,13.1367,78.1292,24.59,17.55,28.89,0.0,54.8
2025-03-20,Ludhiana,Punjab,30.901,75.8573,22.53,16.14,27.51,0.0,45.0
2025-03-20,Agra,Uttar Pradesh,27.1767,78.0081,23.94,19.88,29.93,0.0,37.2
2025-03-21,Nashik,Maharashtra,19.9975,73.7898,24.67,18.94,31.59,0.0,44.3
2025-03-21,Pune,Maharashtra,18.5204,73.8567,25.67,18.31,33.12,0.0,59.7
2025-03-21,Hubballi,Karnataka,15.3647,75.124,27.11,21.03,33.33,0.0,50.6
2025-03-21,Kolar,Karnataka,13.1367,78.1292,24.27,19.13,32.69,1.01,53.4
2025-03-21,Ludhiana,Punjab,30.901,75.8573,23.18,18.97,30.59,0.0,39.6
2025-03-21,Agra,Uttar Pradesh,27.1767,78.0081,27.87,21.47,35.32,0.0,43.7
2025-03-22,Nashik,Maharashtra,19.9975,73.7898,27.48,22.47,32.78,0.0,47.0
2025-03-22,Pune,Maharashtra,18.5204,73.8567,27.22,21.77,33.25,0.0,54.7
2025-03-22,Hubballi,Karnataka,15.3647,75.124,28.47,24.1,36.24,0.0,51.4
2025-03-22,Kolar,Karnataka,13.1367,78.1292,24.96,18.74,32.79,0.0,44.0
2025-03-22,Ludhiana,Punjab,30.901,75.8573,25.81,20.41,34.13,0.0,40.1
2025-03-22,Agra,Uttar Pradesh,27.1767,78.0081,26.79,19.5,30.86,0.0,39.6
2025-03-23,Nashik,Maharashtra,19.9975,73.7898,28.04,22.79,34.23,0.0,46.6
2025-03-23,Pune,Maharashtra,18.5204,73.8567,25.13,20.62,31.17,0.0,59.2
2025-03-23,Hubballi,Karnataka,15.3647,75.124,27.25,22.83,32.0,0.0,54.1
2025-03-23,Kolar,Karnataka,13.1367,78.1292,25.67,20.89,30.0,0.0,58.0
2025-03-23,Ludhiana,Punjab,30.901,75.8573,25.72,19.5,33.55,0.48,47.4
2025-03-23,Agra,Uttar Pradesh,27.1767,78.0081,25.58,19.61,33.43,0.0,41.0
2025-03-24,Nashik,Maharashtra,19.9975,73.7898,24.83,17.61,29.57,0.0,49.7
2025-03-24,Pune,Maharashtra,18.5204,73.8567,26.07,21.88,33.27,0.0,56.9
2025-03-24,Hubballi,Karnataka,15.3647,75.124,24.38,17.65,32.06,0.0,56.7
2025-03-24,Kolar,Karnataka,13.1367,78.1292,26.55,19.48,31.29,0.0,48.7
2025-03-24,Ludhiana,Punjab,30.901,75.8573,26.23,19.45,30.9,0.0,42.0
2025-03-24,Agra,Uttar Pradesh,27.1767,78.0081,25.69,19.65,34.15,0.0,40.9
2025-03-25,Nashik,Maharashtra,19.9975,73.7898,25.21,19.59,30.11,6.16,49.8
2025-03-25,Pune,Maharashtra,18.5204,73.8567,28.7,21.31,35.9,0.0,61.2
2025-03-25,Hubballi,Karnataka,15.3647,75.124,28.13,21.51,33.36,0.0,47.5
2025-03-25,Kolar,Karnataka,13.1367,78.1292,26.06,20.38,30.19,0.0,58.8
2025-03-25,Ludhiana,Punjab,30.901,75.8573,22.39,14.92,27.89,0.0,47.9
2025-03-25,Agra,Uttar Pradesh,27.1767,78.0081,27.68,22.69,32.13,0.0,44.3
2025-03-26,Nashik,Maharashtra,19.9975,73.7898,29.22,24.59,36.65,0.0,54.4
2025-03-26,Pune,Maharashtra,18.5204,73.8567,26.07,19.76,33.03,0.0,53.0
2025-03-26,Hubballi,Karnataka,15.3647,75.124,29.1,24.65,36.68,0.47,51.0
2025-03-26,Kolar,Karnataka,13.1367,78.1292,25.99,20.45,34.02,1.84,51.0
2025-03-26,Ludhiana,Punjab,30.901,75.8573,24.73,19.66,30.72,0.0,49.2
2025-03-26,Agra,Uttar Pradesh,27.1767,78.0081,28.74,21.83,37.1,15.69,45.4
2025-03-27,Nashik,Maharashtra,19.9975,73.7898,26.78,20.83,31.81,0.0,48.5
2025-03-27,Pune,Maharashtra,18.5204,73.8567,27.74,22.46,32.48,0.0,50.7
2025-03-27,Hubballi,Karnataka,15.3647,75.124,28.52,23.76,35.0,0.0,50.7
2025-03-27,Kolar,Karnataka,13.1367,78.1292,24.72,20.66,30.37,0.0,49.0
2025-03-27,Ludhiana,Punjab,30.901,75.8573,24.92,20.42,32.33,0.0,44.7
2025-03-27,Agra,Uttar Pradesh,27.1767,78.0081,24.46,19.62,32.45,0.0,40.7
2025-03-28,Nashik,Maharashtra,19.9975,73.7898,29.2,23.28,35.95,0.0,55.4
2025-03-28,Pune,Maharashtra,18.5204,73.8567,26.31,21.05,33.69,0.0,52.0
2025-03-28,Hubballi,Karnataka,15.3647,75.124,25.72,18.27,32.33,0.0,49.0
2025-03-28,Kolar,Karnataka,13.1367,78.1292,22.88,16.03,29.99,0.0,51.3
2025-03-28,Ludhiana,Punjab,30.901,75.8573,26.8,22.08,34.52,0.0,46.6
2025-03-28,Agra,Uttar Pradesh,27.1767,78.0081,27.26,20.29,34.5,0.0,46.5
2025-03-29,Nashik,Maharashtra,19.9975,73.7898,27.62,22.76,32.84,0.0,52.6
2025-03-29,Pune,Maharashtra,18.5204,73.8567,25.98,19.24,32.0,0.0,54.2
2025-03-29,Hubballi,Karnataka,15.3647,75.124,27.17,20.23,34.66,0.0,51.1
2025-03-29,Kolar,Karnataka,13.1367,78.1292,26.25,20.97,33.05,0.98,53.6
2025-03-29,Ludhiana,Punjab,30.901,75.8573,27.2,23.03,31.99,0.0,45.1
2025-03-29,Agra,Uttar Pradesh,27.1767,78.0081,26.92,22.76,33.69,0.0,38.5
2025-03-30,Nashik,Maharashtra,19.9975,73.7898,28.82,24.1,33.4,0.0,47.7
2025-03-30,Pune,Maharashtra,18.5204,73.8567,29.57,22.47,35.23,0.0,52.4
2025-03-30,Hubballi,Karnataka,15.3647,75.124,29.73,23.42,34.75,0.0,44.9
2025-03-30,Kolar,Karnataka,13.1367,78.1292,26.53,19.34,33.71,6.95,49.9
2025-03-30,Ludhiana,Punjab,30.901,75.8573,25.85,20.53,33.2,0.0,40.1
2025-03-30,Agra,Uttar Pradesh,27.1767,78.0081,28.22,24.12,36.53,0.0,41.7
2025-03-31,Nashik,Maharashtra,19.9975,73.7898,26.88,21.3,34.82,0.0,57.9
2025-03-31,Pune,Maharashtra,18.5204,73.8567,27.3,21.79,35.51,0.0,60.0
2025-03-31,Hubballi,Karnataka,15.3647,75.124,29.65,24.5,37.88,0.0,48.1
2025-03-31,Kolar,Karnataka,13.1367,78.1292,25.26,18.79,29.87,0.0,54.5
2025-03-31,Ludhiana,Punjab,30.901,75.8573,25.85,21.49,32.9,0.0,45.2
2025-03-31,Agra,Uttar Pradesh,27.1767,78.0081,26.75,22.7,34.55,0.0,39.9
2025-04-01,Nashik,Maharashtra,19.9975,73.7898,27.67,23.1,32.46,0.0,53.1
2025-04-01,Pune,Maharashtra,18.5204,73.8567,23.8,17.01,29.42,0.17,53.5
2025-04-01,Hubballi,Karnataka,15.3647,75.124,29.01,21.53,35.26,0.0,49.0
2025-04-01,Kolar,Karnataka,13.1367,78.1292,25.91,20.68,32.23,0.0,48.8
2025-04-01,Ludhiana,Punjab,30.901,75.8573,25.81,19.99,33.51,0.0,41.4
2025-04-01,Agra,Uttar Pradesh,27.1767,78.0081,28.31,23.8,32.95,0.0,43.0
2025-04-02,Nashik,Maharashtra,19.9975,73.7898,27.46,20.39,32.9,0.0,59.2
2025-04-02,Pune,Maharashtra,18.5204,73.8567,25.45,21.02,31.78,0.0,54.7
2025-04-02,Hubballi,Karnataka,15.3647,75.124,29.53,22.9,36.81,0.0,49.1
2025-04-02,Kolar,Karnataka,13.1367,78.1292,24.45,17.24,28.92,0.0,44.0
2025-04-02,Ludhiana,Punjab,30.901,75.8573,25.23,20.44,30.15,0.0,42.7
2025-04-02,Agra,Uttar Pradesh,27.1767,78.0081,26.6,21.11,31.8,0.0,39.2
2025-04-03,Nashik,Maharashtra,19.9975,73.7898,26.59,20.04,35.04,0.0,51.0
2025-04-03,Pune,Maharashtra,18.5204,73.8567,27.86,23.18,32.67,0.0,57.5
2025-04-03,Hubballi,Karnataka,15.3647,75.124,27.31,22.59,31.58,0.0,54.4
2025-04-03,Kolar,Karnataka,13.1367,78.1292,27.15,22.79,34.94,0.0,55.6
2025-04-03,Ludhiana,Punjab,30.901,75.8573,28.26,23.31,36.76,0.0,51.6
2025-04-03,Agra,Uttar Pradesh,27.1767,78.0081,28.76,24.29,36.69,0.0,45.8
2025-04-04,Nashik,Maharashtra,19.9975,73.7898,26.46,19.37,31.91,0.0,49.5
2025-04-04,Pune,Maharashtra,18.5204,73.8567,27.19,21.26,34.58,0.0,50.2
2025-04-04,Hubballi,Karnataka,15.3647,75.124,29.76,23.31,36.35,0.0,52.6
2025-04-04,Kolar,Karnataka,13.1367,78.1292,25.27,20.0,31.4,0.0,45.5
2025-04-04,Ludhiana,Punjab,30.901,75.8573,26.5,19.67,30.78,0.0,45.9
2025-04-04,Agra,Uttar Pradesh,27.1767,78.0081,29.06,24.39,37.51,0.0,43.9
2025-04-05,Nashik,Maharashtra,19.9975,73.7898,29.72,24.09,33.95,0.0,54.8
2025-04-05,Pune,Maharashtra,18.5204,73.8567,29.06,24.56,37.33,0.0,52.8
2025-04-05,Hubballi,Karnataka,15.3647,75.124,26.8,21.52,34.66,0.0,49.1
2025-04-05,Kolar,Karnataka,13.1367,78.1292,26.17,21.64,32.89,0.0,48.5
2025-04-05,Ludhiana,Punjab,30.901,75.8573,30.19,23.01,36.85,0.0,42.7
2025-04-05,Agra,Uttar Pradesh,27.1767,78.0081,30.34,24.78,35.74,0.0,39.9
2025-04-06,Nashik,Maharashtra,19.9975,73.7898,28.54,21.17,34.54,0.0,48.0
2025-04-06,Pune,Maharashtra,18.5204,73.8567,27.72,23.54,32.18,0.0,51.6
2025-04-06,Hubballi,Karnataka,15.3647,75.124,27.84,23.49,32.81,0.0,49.9
2025-04-06,Kolar,Karnataka,13.1367,78.1292,27.65,21.24,36.15,0.0,56.3
2025-04-06,Ludhiana,Punjab,30.901,75.8573,28.67,22.75,33.66,0.0,41.0
2025-04-06,Agra,Uttar Pradesh,27.1767,78.0081,28.6,22.12,32.95,0.0,40.6
2025-04-07,Nashik,Maharashtra,19.9975,73.7898,28.53,23.53,33.39,0.0,42.8
2025-04-07,Pune,Maharashtra,18.5204,73.8567,28.83,23.99,34.92,0.0,57.3
2025-04-07,Hubballi,Karnataka,15.3647,75.124,27.29,22.19,35.64,3.76,44.3
2025-04-07,Kolar,Karnataka,13.1367,78.1292,25.66,19.61,33.18,0.0,62.2
2025-04-07,Ludhiana,Punjab,30.901,75.8573,27.88,22.94,35.54,0.0,44.8
2025-04-07,Agra,Uttar Pradesh,27.1767,78.0081,30.38,25.28,37.77,0.0,41.7
2025-04-08,Nashik,Maharashtra,19.9975,73.7898,26.93,20.61,32.56,0.0,52.2
2025-04-08,Pune,Maharashtra,18.5204,73.8567,26.62,20.04,33.26,0.0,59.7
2025-04-08,Hubballi,Karnataka,15.3647,75.124,29.1,23.68,34.22,0.0,50.9
2025-04-08,Kolar,Karnataka,13.1367,78.1292,25.32,18.75,30.84,0.0,51.9
2025-04-08,Ludhiana,Punjab,30.901,75.8573,26.97,20.67,34.01,0.0,48.4
2025-04-08,Agra,Uttar Pradesh,27.1767,78.0081,28.54,21.8,33.61,0.0,35.1
2025-04-09,Nashik,Maharashtra,19.9975,73.7898,27.27,22.04,35.5,0.0,61.4
2025-04-09,Pune,Maharashtra,18.5204,73.8567,28.28,23.42,33.59,0.0,50.3
2025-04-09,Hubballi,Karnataka,15.3647,75.124,28.56,22.91,33.87,0.0,48.5
2025-04-09,Kolar,Karnataka,13.1367,78.1292,26.67,21.08,33.8,0.0,52.9
2025-04-09,Ludhiana,Punjab,30.901,75.8573,27.22,20.39,32.55,0.0,40.0
2025-04-09,Agra,Uttar Pradesh,27.1767,78.0081,27.28,22.58,32.37,0.0,36.5
2025-04-10,Nashik,Maharashtra,19.9975,73.7898,25.87,18.65,30.87,0.0,55.3
2025-04-10,Pune,Maharashtra,18.5204,73.8567,26.84,19.77,32.72,0.0,54.1
2025-04-10,Hubballi,Karnataka,15.3647,75.124,28.87,22.66,33.22,0.0,42.7
2025-04-10,Kolar,Karnataka,13.1367,78.1292,28.96,22.02,35.2,0.0,54.8
2025-04-10,Ludhiana,Punjab,30.901,75.8573,25.65,20.16,32.37,1.14,43.3
2025-04-10,Agra,Uttar Pradesh,27.1767,78.0081,29.1,23.63,37.2,0.0,46.7
2025-04-11,Nashik,Maharashtra,19.9975,73.7898,28.34,23.15,36.25,0.0,54.8
2025-04-11,Pune,Maharashtra,18.5204,73.8567,28.65,24.44,33.87,0.0,55.6
2025-04-11,Hubballi,Karnataka,15.3647,75.124,28.32,22.78,35.28,0.0,53.1
2025-04-11,Kolar,Karnataka,13.1367,78.1292,25.22,18.51,32.57,0.8,52.8
2025-04-11,Ludhiana,Punjab,30.901,75.8573,28.68,24.38,34.21,0.0,43.8
2025-04-11,Agra,Uttar Pradesh,27.1767,78.0081,29.27,25.19,35.85,0.0,36.4
2025-04-12,Nashik,Maharashtra,19.9975,73.7898,29.63,24.47,35.8,0.0,59.1
2025-04-12,Pune,Maharashtra,18.5204,73.8567,29.16,23.9,33.67,0.0,53.9
2025-04-12,Hubballi,Karnataka,15.3647,75.124,27.77,22.5,32.16,0.0,52.2
2025-04-12,Kolar,Karnataka,13.1367,78.1292,29.17,23.79,33.42,0.0,54.9
2025-04-12,Ludhiana,Punjab,30.901,75.8573,28.74,23.77,33.11,0.0,51.7
2025-04-12,Agra,Uttar Pradesh,27.1767,78.0081,29.82,23.07,34.13,0.0,39.8
2025-04-13,Nashik,Maharashtra,19.9975,73.7898,28.73,22.98,33.75,0.0,55.1
2025-04-13,Pune,Maharashtra,18.5204,73.8567,27.77,21.11,34.15,2.94,55.3
2025-04-13,Hubballi,Karnataka,15.3647,75.124,29.13,23.81,37.14,0.0,52.3
2025-04-13,Kolar,Karnataka,13.1367,78.1292,26.53,20.6,32.36,0.0,57.0
2025-04-13,Ludhiana,Punjab,30.901,75.8573,26.82,19.52,31.3,0.0,50.0
2025-04-13,Agra,Uttar Pradesh,27.1767,78.0081,31.17,26.44,35.66,1.32,39.9
2025-04-14,Nashik,Maharashtra,19.9975,73.7898,28.9,24.85,36.6,0.0,48.4
2025-04-14,Pune,Maharashtra,18.5204,73.8567,28.07,22.79,33.23,0.0,51.2
2025-04-14,Hubballi,Karnataka,15.3647,75.124,28.62,22.81,34.29,0.0,59.5
2025-04-14,Kolar,Karnataka,13.1367,78.1292,26.48,20.55,31.0,0.0,52.9
2025-04-14,Ludhiana,Punjab,30.901,75.8573,28.01,21.19,35.17,0.0,43.8
2025-04-14,Agra,Uttar Pradesh,27.1767,78.0081,30.71,23.41,37.28,0.0,42.5
2025-04-15,Nashik,Maharashtra,19.9975,73.7898,26.94,21.79,31.43,0.0,52.1
2025-04-15,Pune,Maharashtra,18.5204,73.8567,27.69,21.28,33.79,0.0,52.6
2025-04-15,Hubballi,Karnataka,15.3647,75.124,29.03,22.4,37.01,0.0,53.5
2025-04-15,Kolar,Karnataka,13.1367,78.1292,28.61,22.11,34.87,0.0,51.9
2025-04-15,Ludhiana,Punjab,30.901,75.8573,29.9,25.36,35.46,0.0,41.8
2025-04-15,Agra,Uttar Pradesh,27.1767,78.0081,30.63,26.01,37.17,0.0,46.1
2025-04-16,Nashik,Maharashtra,19.9975,73.7898,28.55,21.08,35.16,0.0,54.8
2025-04-16,Pune,Maharashtra,18.5204,73.8567,29.36,23.69,34.68,0.81,53.0
2025-04-16,Hubballi,Karnataka,15.3647,75.124,31.37,25.92,35.99,0.0,50.9
2025-04-16,Kolar,Karnataka,13.1367,78.1292,27.97,23.83,34.99,0.0,58.7
2025-04-16,Ludhiana,Punjab,30.901,75.8573,28.28,22.22,36.66,1.03,46.3
2025-04-16,Agra,Uttar Pradesh,27.1767,78.0081,30.85,25.66,38.73,0.0,44.8
2025-04-17,Nashik,Maharashtra,19.9975,73.7898,28.95,22.5,34.65,0.0,50.3
2025-04-17,Pune,Maharashtra,18.5204,73.8567,30.08,25.42,36.82,0.0,49.9
2025-04-17,Hubballi,Karnataka,15.3647,75.124,29.97,25.5,38.41,16.3,48.8
2025-04-17,Kolar,Karnataka,13.1367,78.1292,26.15,20.91,31.98,0.0,52.1
2025-04-17,Ludhiana,Punjab,30.901,75.8573,28.5,21.75,35.18,0.0,41.4
2025-04-17,Agra,Uttar Pradesh,27.1767,78.0081,31.52,25.86,39.82,3.65,45.5
2025-04-18,Nashik,Maharashtra,19.9975,73.7898,27.51,22.49,35.27,0.0,49.6
2025-04-18,Pune,Maharashtra,18.5204,73.8567,30.06,25.37,36.38,0.0,51.2
2025-04-18,Hubballi,Karnataka,15.3647,75.124,31.35,23.97,37.89,0.0,52.1
2025-04-18,Kolar,Karnataka,13.1367,78.1292,28.1,21.43,32.46,0.0,58.3
2025-04-18,Ludhiana,Punjab,30.901,75.8573,27.68,22.32,35.44,0.0,47.5
2025-04-18,Agra,Uttar Pradesh,27.1767,78.0081,29.89,23.04,36.69,0.0,42.7
2025-04-19,Nashik,Maharashtra,19.9975,73.7898,26.9,19.86,30.91,0.0,50.8
2025-04-19,Pune,Maharashtra,18.5204,73.8567,30.77,25.4,35.67,0.0,57.9
2025-04-19,Hubballi,Karnataka,15.3647,75.124,30.99,26.95,38.49,0.0,50.9
2025-04-19,Kolar,Karnataka,13.1367,78.1292,26.73,19.85,33.9,0.0,56.0
2025-04-19,Ludhiana,Punjab,30.901,75.8573,30.34,24.49,35.66,0.0,49.5
2025-04-19,Agra,Uttar Pradesh,27.1767,78.0081,31.25,25.96,37.1,0.0,41.7
2025-04-20,Nashik,Maharashtra,19.9975,73.7898,30.57,23.92,34.93,0.0,55.0
2025-04-20,Pune,Maharashtra,18.5204,73.8567,28.39,22.64,33.19,0.0,56.9
2025-04-20,Hubballi,Karnataka,15.3647,75.124,28.87,21.43,32.95,1.07,54.8
2025-04-20,Kolar,Karnataka,13.1367,78.1292,28.08,23.63,34.21,0.0,46.5
2025-04-20,Ludhiana,Punjab,30.901,75.8573,29.93,24.64,37.66,0.0,38.4
2025-04-20,Agra,Uttar Pradesh,27.1767,78.0081,28.58,24.01,36.48,0.0,47.8
2025-04-21,Nashik,Maharashtra,19.9975,73.7898,32.3,26.6,38.59,1.06,54.8
2025-04-21,Pune,Maharashtra,18.5204,73.8567,27.78,22.8,32.31,0.0,56.4
2025-04-21,Hubballi,Karnataka,15.3647,75.124,29.78,25.37,37.94,0.0,48.9
2025-04-21,Kolar,Karnataka,13.1367,78.1292,25.58,20.08,30.76,0.0,54.5
2025-04-21,Ludhiana,Punjab,30.901,75.8573,29.01,23.28,34.96,0.0,40.1
2025-04-21,Agra,Uttar Pradesh,27.1767,78.0081,31.55,25.67,39.64,0.0,44.6
2025-04-22,Nashik,Maharashtra,19.9975,73.7898,28.42,24.33,36.46,0.0,52.3
2025-04-22,Pune,Maharashtra,18.5204,73.8567,28.27,23.84,33.67,0.0,57.4
2025-04-22,Hubballi,Karnataka,15.3647,75.124,30.09,25.4,36.02,0.0,50.2
2025-04-22,Kolar,Karnataka,13.1367,78.1292,28.03,22.44,35.98,0.0,54.3
2025-04-22,Ludhiana,Punjab,30.901,75.8573,29.45,23.33,36.79,0.0,44.9
2025-04-22,Agra,Uttar Pradesh,27.1767,78.0081,29.77,25.26,35.61,0.0,45.2
2025-04-23,Nashik,Maharashtra,19.9975,73.7898,29.94,23.95,35.69,0.0,52.0
2025-04-23,Pune,Maharashtra,18.5204,73.8567,28.97,21.53,35.43,0.0,59.6
2025-04-23,Hubballi,Karnataka,15.3647,75.124,30.96,26.04,39.17,0.0,51.8
2025-04-23,Kolar,Karnataka,13.1367,78.1292,28.2,22.84,33.31,0.0,51.2
2025-04-23,Ludhiana,Punjab,30.901,75.8573,29.59,22.75,34.21,0.0,46.1
2025-04-23,Agra,Uttar Pradesh,27.1767,78.0081,31.25,26.46,36.35,0.0,43.0
2025-04-24,Nashik,Maharashtra,19.9975,73.7898,29.73,23.99,36.36,0.0,48.8
2025-04-24,Pune,Maharashtra,18.5204,73.8567,28.87,24.54,36.53,0.0,56.5
2025-04-24,Hubballi,Karnataka,15.3647,75.124,28.88,23.05,33.34,0.0,40.2
2025-04-24,Kolar,Karnataka,13.1367,78.1292,27.74,21.12,34.13,0.0,52.5
2025-04-24,Ludhiana,Punjab,30.901,75.8573,31.33,24.67,39.79,0.0,45.6
2025-04-24,Agra,Uttar Pradesh,27.1767,78.0081,31.79,27.73,36.81,0.0,41.9
2025-04-25,Nashik,Maharashtra,19.9975,73.7898,28.65,22.93,36.94,0.0,56.1
2025-04-25,Pune,Maharashtra,18.5204,73.8567,29.39,22.49,34.85,0.0,53.3
2025-04-25,Hubballi,Karnataka,15.3647,75.124,29.48,25.43,36.35,0.0,51.2
2025-04-25,Kolar,Karnataka,13.1367,78.1292,27.56,21.59,33.87,0.0,53.3
2025-04-25,Ludhiana,Punjab,30.901,75.8573,30.18,25.77,36.21,0.0,35.6
2025-04-25,Agra,Uttar Pradesh,27.1767,78.0081,31.1,25.18,36.99,0.0,40.7
2025-04-26,Nashik,Maharashtra,19.9975,73.7898,28.95,23.48,34.52,0.0,56.6
2025-04-26,Pune,Maharashtra,18.5204,73.8567,28.45,23.54,33.69,0.0,53.6
2025-04-26,Hubballi,Karnataka,15.3647,75.124,33.32,28.95,41.12,0.0,56.6
2025-04-26,Kolar,Karnataka,13.1367,78.1292,26.04,21.34,34.12,0.0,50.0
2025-04-26,Ludhiana,Punjab,30.901,75.8573,29.1,24.45,35.63,0.0,42.3
2025-04-26,Agra,Uttar Pradesh,27.1767,78.0081,32.07,26.89,39.39,0.0,37.9
2025-04-27,Nashik,Maharashtra,19.9975,73.7898,30.61,26.46,37.6,0.0,48.7
2025-04-27,Pune,Maharashtra,18.5204,73.8567,28.46,24.4,36.37,0.0,56.9
2025-04-27,Hubballi,Karnataka,15.3647,75.124,29.54,22.67,34.73,0.0,52.8
2025-04-27,Kolar,Karnataka,13.1367,78.1292,26.48,20.78,32.08,0.0,48.7
2025-04-27,Ludhiana,Punjab,30.901,75.8573,30.37,25.11,34.5,0.0,44.5
2025-04-27,Agra,Uttar Pradesh,27.1767,78.0081,31.84,24.48,39.95,0.0,40.2
2025-04-28,Nashik,Maharashtra,19.9975,73.7898,29.37,22.49,34.3,0.0,56.9
2025-04-28,Pune,Maharashtra,18.5204,73.8567,29.38,23.22,34.6,0.0,55.0
2025-04-28,Hubballi,Karnataka,15.3647,75.124,29.25,23.95,34.07,0.0,44.8
2025-04-28,Kolar,Karnataka,13.1367,78.1292,26.95,22.32,33.86,1.77,56.5
2025-04-28,Ludhiana,Punjab,30.901,75.8573,30.57,23.25,36.43,0.0,49.3
2025-04-28,Agra,Uttar Pradesh,27.1767,78.0081,30.91,25.37,36.99,0.0,41.0
2025-04-29,Nashik,Maharashtra,19.9975,73.7898,29.88,22.99,34.35,0.0,48.4
2025-04-29,Pune,Maharashtra,18.5204,73.8567,28.55,22.92,34.06,0.0,56.5
2025-04-29,Hubballi,Karnataka,15.3647,75.124,28.2,22.21,34.61,0.0,49.1
2025-04-29,Kolar,Karnataka,13.1367,78.1292,29.31,24.66,36.56,0.0,51.1
2025-04-29,Ludhiana,Punjab,30.901,75.8573,29.14,23.24,35.93,0.0,45.0
2025-04-29,Agra,Uttar Pradesh,27.1767,78.0081,33.74,27.99,41.09,0.0,41.1
2025-04-30,Nashik,Maharashtra,19.9975,73.7898,31.03,23.57,38.14,0.0,54.8
2025-04-30,Pune,Maharashtra,18.5204,73.8567,30.56,24.93,36.62,0.0,58.7
2025-04-30,Hubballi,Karnataka,15.3647,75.124,28.95,22.74,35.5,0.0,50.8
2025-04-30,Kolar,Karnataka,13.1367,78.1292,26.36,20.25,33.74,0.0,54.8
2025-04-30,Ludhiana,Punjab,30.901,75.8573,31.66,26.68,39.46,0.0,45.3
2025-04-30,Agra,Uttar Pradesh,27.1767,78.0081,31.26,24.11,37.47,0.0,43.9
2025-05-01,Nashik,Maharashtra,19.9975,73.7898,29.15,24.6,35.01,0.0,52.7
2025-05-01,Pune,Maharashtra,18.5204,73.8567,29.83,24.13,34.37,0.0,56.2
2025-05-01,Hubballi,Karnataka,15.3647,75.124,29.65,25.62,33.93,0.0,48.9
2025-05-01,Kolar,Karnataka,13.1367,78.1292,27.33,21.37,33.04,0.0,53.8
2025-05-01,Ludhiana,Punjab,30.901,75.8573,31.01,24.71,35.43,0.0,40.1
2025-05-01,Agra,Uttar Pradesh,27.1767,78.0081,30.9,25.81,36.1,0.0,47.0
2025-05-02,Nashik,Maharashtra,19.9975,73.7898,29.99,25.14,38.22,0.0,48.1
2025-05-02,Pune,Maharashtra,18.5204,73.8567,31.0,23.69,35.34,0.0,64.2
2025-05-02,Hubballi,Karnataka,15.3647,75.124,27.71,22.89,32.99,0.0,51.6
2025-05-02,Kolar,Karnataka,13.1367,78.1292,27.34,23.0,34.03,0.0,61.7
2025-05-02,Ludhiana,Punjab,30.901,75.8573,31.36,25.05,38.9,0.0,42.3
2025-05-02,Agra,Uttar Pradesh,27.1767,78.0081,31.08,25.53,38.01,0.0,46.8
2025-05-03,Nashik,Maharashtra,19.9975,73.7898,31.5,27.05,36.01,0.0,59.5
2025-05-03,Pune,Maharashtra,18.5204,73.8567,27.45,22.81,34.4,0.0,51.5
2025-05-03,Hubballi,Karnataka,15.3647,75.124,29.31,24.96,36.14,0.0,54.5
2025-05-03,Kolar,Karnataka,13.1367,78.1292,26.83,19.82,32.16,0.0,54.6
2025-05-03,Ludhiana,Punjab,30.901,75.8573,31.42,25.9,38.78,0.0,42.3
2025-05-03,Agra,Uttar Pradesh,27.1767,78.0081,31.95,27.36,40.42,0.0,45.9
2025-05-04,Nashik,Maharashtra,19.9975,73.7898,29.55,22.47,36.74,9.32,48.4
2025-05-04,Pune,Maharashtra,18.5204,73.8567,29.66,24.0,34.85,0.0,55.2
2025-05-04,Hubballi,Karnataka,15.3647,75.124,28.73,22.18,32.92,0.0,52.7
2025-05-04,Kolar,Karnataka,13.1367,78.1292,28.47,22.54,36.96,0.0,50.2
2025-05-04,Ludhiana,Punjab,30.901,75.8573,30.08,25.62,38.46,0.0,49.2
2025-05-04,Agra,Uttar Pradesh,27.1767,78.0081,32.0,24.83,37.1,0.0,42.4
2025-05-05,Nashik,Maharashtra,19.9975,73.7898,30.24,23.9,37.14,0.0,48.4
2025-05-05,Pune,Maharashtra,18.5204,73.8567,30.13,23.92,35.57,0.0,48.5
2025-05-05,Hubballi,Karnataka,15.3647,75.124,31.12,25.29,38.09,0.0,46.4
2025-05-05,Kolar,Karnataka,13.1367,78.1292,28.58,23.66,32.85,0.0,54.8
2025-05-05,Ludhiana,Punjab,30.901,75.8573,31.89,26.79,40.26,0.0,47.4
2025-05-05,Agra,Uttar Pradesh,27.1767,78.0081,31.12,23.94,37.11,0.0,36.9
2025-05-06,Nashik,Maharashtra,19.9975,73.7898,33.16,27.44,40.73,4.72,54.2
2025-05-06,Pune,Maharashtra,18.5204,73.8567,31.32,24.63,38.32,0.0,53.3
2025-05-06,Hubballi,Karnataka,15.3647,75.124,28.34,22.01,34.45,0.0,47.4
2025-05-06,Kolar,Karnataka,13.1367,78.1292,31.05,26.27,37.32,0.0,45.7
2025-05-06,Ludhiana,Punjab,30.901,75.8573,31.34,24.79,35.72,0.0,54.8
2025-05-06,Agra,Uttar Pradesh,27.1767,78.0081,31.07,25.94,38.85,0.0,36.0
2025-05-07,Nashik,Maharashtra,19.9975,73.7898,30.98,26.59,37.05,0.0,52.7
2025-05-07,Pune,Maharashtra,18.5204,73.8567,30.02,23.55,37.08,0.0,49.4
2025-05-07,Hubballi,Karnataka,15.3647,75.124,30.21,24.37,35.17,0.0,50.2
2025-05-07,Kolar,Karnataka,13.1367,78.1292,28.22,23.41,32.77,0.0,54.3
2025-05-07,Ludhiana,Punjab,30.901,75.8573,29.94,22.67,38.35,0.0,36.8
2025-05-07,Agra,Uttar Pradesh,27.1767,78.0081,34.32,27.72,42.66,0.0,42.9
2025-05-08,Nashik,Maharashtra,19.9975,73.7898,31.59,26.05,35.71,0.0,47.7
2025-05-08,Pune,Maharashtra,18.5204,73.8567,29.84,23.29,36.86,0.0,60.2
2025-05-08,Hubballi,Karnataka,15.3647,75.124,30.07,22.83,37.46,0.0,48.3
2025-05-08,Kolar,Karnataka,13.1367,78.1292,28.69,24.52,35.31,0.0,53.1
2025-05-08,Ludhiana,Punjab,30.901,75.8573,29.62,22.93,35.5,0.0,46.0
2025-05-08,Agra,Uttar Pradesh,27.1767,78.0081,31.76,25.13,40.22,0.0,39.6
2025-05-09,Nashik,Maharashtra,19.9975,73.7898,31.31,24.7,35.96,3.31,49.1
2025-05-09,Pune,Maharashtra,18.5204,73.8567,31.22,25.74,38.92,0.0,56.1
2025-05-09,Hubballi,Karnataka,15.3647,75.124,31.17,26.64,36.9,0.0,54.1
2025-05-09,Kolar,Karnataka,13.1367,78.1292,26.61,19.64,34.12,0.0,53.6
2025-05-09,Ludhiana,Punjab,30.901,75.8573,28.31,22.55,33.06,0.0,45.2
2025-05-09,Agra,Uttar Pradesh,27.1767,78.0081,31.48,24.2,36.71,0.0,41.3
2025-05-10,Nashik,Maharashtra,19.9975,73.7898,31.73,25.69,38.8,0.0,50.1
2025-05-10,Pune,Maharashtra,18.5204,73.8567,29.98,24.65,36.23,0.0,59.5
2025-05-10,Hubballi,Karnataka,15.3647,75.124,29.13,24.94,34.82,0.0,54.1
2025-05-10,Kolar,Karnataka,13.1367,78.1292,28.0,23.4,36.38,0.0,55.1
2025-05-10,Ludhiana,Punjab,30.901,75.8573,32.24,28.2,39.58,0.0,38.8
2025-05-10,Agra,Uttar Pradesh,27.1767,78.0081,32.61,28.47,37.34,0.0,39.6
2025-05-11,Nashik,Maharashtra,19.9975,73.7898,30.91,26.32,35.03,0.0,53.9
2025-05-11,Pune,Maharashtra,18.5204,73.8567,31.34,25.02,36.91,0.0,51.4
2025-05-11,Hubballi,Karnataka,15.3647,75.124,30.56,25.71,35.24,0.0,50.9
2025-05-11,Kolar,Karnataka,13.1367,78.1292,26.24,20.72,32.81,0.0,52.5
2025-05-11,Ludhiana,Punjab,30.901,75.8573,31.6,24.73,37.47,0.0,44.1
2025-05-11,Agra,Uttar Pradesh,27.1767,78.0081,31.91,26.96,39.49,0.0,39.9
2025-05-12,Nashik,Maharashtra,19.9975,73.7898,30.81,24.83,37.42,0.0,50.0
2025-05-12,Pune,Maharashtra,18.5204,73.8567,29.5,24.18,34.1,0.0,56.1
2025-05-12,Hubballi,Karnataka,15.3647,75.124,29.61,25.31,35.87,0.0,56.1
2025-05-12,Kolar,Karnataka,13.1367,78.1292,26.88,20.49,33.82,0.0,56.0
2025-05-12,Ludhiana,Punjab,30.901,75.8573,30.17,22.87,37.99,0.0,42.3
2025-05-12,Agra,Uttar Pradesh,27.1767,78.0081,34.27,27.15,40.39,0.0,44.0
2025-05-13,Nashik,Maharashtra,19.9975,73.7898,30.32,25.04,38.25,0.0,55.5
2025-05-13,Pune,Maharashtra,18.5204,73.8567,31.93,24.85,39.44,0.0,46.3
2025-05-13,Hubballi,Karnataka,15.3647,75.124,32.51,27.99,40.35,0.0,50.2
2025-05-13,Kolar,Karnataka,13.1367,78.1292,28.51,21.23,33.57,0.0,50.0
2025-05-13,Ludhiana,Punjab,30.901,75.8573,31.15,26.73,37.42,0.0,40.6
2025-05-13,Agra,Uttar Pradesh,27.1767,78.0081,33.9,27.02,38.99,0.0,37.3
2025-05-14,Nashik,Maharashtra,19.9975,73.7898,31.3,27.06,36.88,0.0,51.7
2025-05-14,Pune,Maharashtra,18.5204,73.8567,29.23,24.83,33.34,0.0,52.3
2025-05-14,Hubballi,Karnataka,15.3647,75.124,29.81,22.79,37.33,0.0,48.1
2025-05-14,Kolar,Karnataka,13.1367,78.1292,28.99,23.91,33.36,3.28,54.7
2025-05-14,Ludhiana,Punjab,30.901,75.8573,31.76,25.76,38.95,0.0,48.5
2025-05-14,Agra,Uttar Pradesh,27.1767,78.0081,33.44,26.37,40.67,0.0,40.6
2025-05-15,Nashik,Maharashtra,19.9975,73.7898,31.35,26.36,38.68,11.79,52.7
2025-05-15,Pune,Maharashtra,18.5204,73.8567,30.41,23.47,37.82,0.0,54.8
2025-05-15,Hubballi,Karnataka,15.3647,75.124,30.52,23.34,36.65,0.0,44.6
2025-05-15,Kolar,Karnataka,13.1367,78.1292,28.68,22.13,34.03,0.0,56.1
2025-05-15,Ludhiana,Punjab,30.901,75.8573,31.26,27.18,39.1,0.0,46.9
2025-05-15,Agra,Uttar Pradesh,27.1767,78.0081,32.69,25.67,40.45,0.0,38.5
2025-05-16,Nashik,Maharashtra,19.9975,73.7898,30.42,24.66,35.48,0.0,48.0
2025-05-16,Pune,Maharashtra,18.5204,73.8567,29.42,21.93,36.51,0.0,58.2
2025-05-16,Hubballi,Karnataka,15.3647,75.124,29.93,23.79,35.12,0.0,49.2
2025-05-16,Kolar,Karnataka,13.1367,78.1292,29.15,23.98,37.6,0.0,54.5
2025-05-16,Ludhiana,Punjab,30.901,75.8573,31.98,24.48,36.62,0.0,45.5
2025-05-16,Agra,Uttar Pradesh,27.1767,78.0081,34.12,28.76,41.03,0.0,39.2
2025-05-17,Nashik,Maharashtra,19.9975,73.7898,31.49,24.37,39.89,3.05,50.7
2025-05-17,Pune,Maharashtra,18.5204,73.8567,28.86,24.82,35.35,0.0,57.7
2025-05-17,Hubballi,Karnataka,15.3647,75.124,31.22,24.6,38.48,0.0,41.7
2025-05-17,Kolar,Karnataka,13.1367,78.1292,27.33,23.06,35.16,4.03,47.1
2025-05-17,Ludhiana,Punjab,30.901,75.8573,31.65,25.26,35.75,0.0,41.9
2025-05-17,Agra,Uttar Pradesh,27.1767,78.0081,33.65,26.5,38.04,0.0,40.3
2025-05-18,Nashik,Maharashtra,19.9975,73.7898,29.68,23.8,35.99,0.0,56.0
2025-05-18,Pune,Maharashtra,18.5204,73.8567,30.76,25.64,35.76,0.0,53.0
2025-05-18,Hubballi,Karnataka,15.3647,75.124,31.15,26.35,38.39,0.0,48.4
2025-05-18,Kolar,Karnataka,13.1367,78.1292,29.09,24.93,34.39,0.0,44.0
2025-05-18,Ludhiana,Punjab,30.901,75.8573,33.7,26.78,40.67,0.0,43.9
2025-05-18,Agra,Uttar Pradesh,27.1767,78.0081,33.44,27.62,40.22,0.0,41.4
2025-05-19,Nashik,Maharashtra,19.9975,73.7898,30.23,25.62,35.93,7.61,54.1
2025-05-19,Pune,Maharashtra,18.5204,73.8567,30.68,25.93,37.32,0.0,50.9
2025-05-19,Hubballi,Karnataka,15.3647,75.124,32.35,26.64,38.54,0.0,48.9
2025-05-19,Kolar,Karnataka,13.1367,78.1292,26.89,20.9,32.78,0.0,57.8
2025-05-19,Ludhiana,Punjab,30.901,75.8573,32.37,27.43,36.83,0.0,47.7
2025-05-19,Agra,Uttar Pradesh,27.1767,78.0081,33.16,26.96,41.4,0.0,43.2
2025-05-20,Nashik,Maharashtra,19.9975,73.7898,29.66,25.09,35.61,0.0,52.4
2025-05-20,Pune,Maharashtra,18.5204,73.8567,31.45,27.12,38.09,0.0,49.8
2025-05-20,Hubballi,Karnataka,15.3647,75.124,31.28,24.7,35.72,0.0,49.0
2025-05-20,Kolar,Karnataka,13.1367,78.1292,29.19,22.39,36.83,0.0,50.1
2025-05-20,Ludhiana,Punjab,30.901,75.8573,30.9,24.32,38.81,0.0,49.1
2025-05-20,Agra,Uttar Pradesh,27.1767,78.0081,34.86,30.58,41.98,0.0,38.6
2025-05-21,Nashik,Maharashtra,19.9975,73.7898,32.71,28.36,40.56,0.0,45.9
2025-05-21,Pune,Maharashtra,18.5204,73.8567,28.82,21.74,33.68,0.0,47.9
2025-05-21,Hubballi,Karnataka,15.3647,75.124,31.5,24.44,39.27,0.0,55.9
2025-05-21,Kolar,Karnataka,13.1367,78.1292,30.77,26.45,36.03,0.0,59.9
2025-05-21,Ludhiana,Punjab,30.901,75.8573,32.11,27.94,36.23,0.0,49.6
2025-05-21,Agra,Uttar Pradesh,27.1767,78.0081,33.93,27.29,40.56,0.0,45.9
2025-05-22,Nashik,Maharashtra,19.9975,73.7898,29.9,23.62,36.89,0.0,51.4
2025-05-22,Pune,Maharashtra,18.5204,73.8567,30.42,23.03,38.33,0.0,54.4
2025-05-22,Hubballi,Karnataka,15.3647,75.124,33.06,25.58,41.51,0.0,50.9
2025-05-22,Kolar,Karnataka,13.1367,78.1292,28.84,22.69,33.4,0.0,48.0
2025-05-22,Ludhiana,Punjab,30.901,75.8573,32.85,27.06,37.74,0.0,39.1
2025-05-22,Agra,Uttar Pradesh,27.1767,78.0081,35.34,30.67,41.36,0.0,44.7
2025-05-23,Nashik,Maharashtra,19.9975,73.7898,31.09,24.33,36.07,0.0,53.0
2025-05-23,Pune,Maharashtra,18.5204,73.8567,28.97,24.36,34.67,0.0,51.2
2025-05-23,Hubballi,Karnataka,15.3647,75.124,29.36,23.93,34.27,13.86,52.3
2025-05-23,Kolar,Karnataka,13.1367,78.1292,27.52,23.2,33.46,0.0,53.4
2025-05-23,Ludhiana,Punjab,30.901,75.8573,31.81,25.63,39.32,0.0,44.6
2025-05-23,Agra,Uttar Pradesh,27.1767,78.0081,33.62,29.26,39.73,0.0,41.7
2025-05-24,Nashik,Maharashtra,19.9975,73.7898,31.67,27.35,36.19,0.0,49.5
2025-05-24,Pune,Maharashtra,18.5204,73.8567,31.19,25.54,36.32,0.0,50.4
2025-05-24,Hubballi,Karnataka,15.3647,75.124,31.0,26.92,35.15,0.0,50.0
2025-05-24,Kolar,Karnataka,13.1367,78.1292,30.01,22.81,35.69,0.0,55.6
2025-05-24,Ludhiana,Punjab,30.901,75.8573,32.84,28.38,37.88,0.0,40.1
2025-05-24,Agra,Uttar Pradesh,27.1767,78.0081,35.86,30.09,41.0,0.0,41.9
2025-05-25,Nashik,Maharashtra,19.9975,73.7898,28.95,22.8,33.93,0.0,52.1
2025-05-25,Pune,Maharashtra,18.5204,73.8567,31.6,25.97,38.85,0.0,57.6
2025-05-25,Hubballi,Karnataka,15.3647,75.124,29.63,24.15,37.91,0.0,53.1
2025-05-25,Kolar,Karnataka,13.1367,78.1292,28.93,23.29,36.18,0.0,61.2
2025-05-25,Ludhiana,Punjab,30.901,75.8573,31.49,27.31,37.61,7.97,43.7
2025-05-25,Agra,Uttar Pradesh,27.1767,78.0081,35.46,29.49,43.41,0.0,44.7
2025-05-26,Nashik,Maharashtra,19.9975,73.7898,33.07,28.19,41.21,0.0,57.6
2025-05-26,Pune,Maharashtra,18.5204,73.8567,31.0,25.26,38.66,0.0,55.9
2025-05-26,Hubballi,Karnataka,15.3647,75.124,30.85,24.67,37.15,0.0,46.4
2025-05-26,Kolar,Karnataka,13.1367,78.1292,30.55,25.31,35.62,0.0,48.3
2025-05-26,Ludhiana,Punjab,30.901,75.8573,33.34,29.03,38.74,0.0,43.3
2025-05-26,Agra,Uttar Pradesh,27.1767,78.0081,34.2,28.55,41.94,0.0,44.1
2025-05-27,Nashik,Maharashtra,19.9975,73.7898,31.69,25.64,39.96,0.0,49.3
2025-05-27,Pune,Maharashtra,18.5204,73.8567,31.13,26.12,39.54,0.0,62.2
2025-05-27,Hubballi,Karnataka,15.3647,75.124,32.09,27.92,40.3,0.0,48.9
2025-05-27,Kolar,Karnataka,13.1367,78.1292,28.05,21.44,32.39,0.0,56.5
2025-05-27,Ludhiana,Punjab,30.901,75.8573,30.21,25.21,36.07,0.0,49.4
2025-05-27,Agra,Uttar Pradesh,27.1767,78.0081,35.75,30.71,42.19,0.0,40.6
2025-05-28,Nashik,Maharashtra,19.9975,73.7898,31.48,25.89,37.68,0.0,53.3
2025-05-28,Pune,Maharashtra,18.5204,73.8567,31.84,27.44,39.18,0.0,63.5
2025-05-28,Hubballi,Karnataka,15.3647,75.124,29.49,23.95,34.83,0.0,53.5
2025-05-28,Kolar,Karnataka,13.1367,78.1292,28.82,22.04,34.09,0.0,53.6
2025-05-28,Ludhiana,Punjab,30.901,75.8573,32.4,27.53,37.71,0.0,44.0
2025-05-28,Agra,Uttar Pradesh,27.1767,78.0081,34.12,28.46,41.35,0.0,37.7
2025-05-29,Nashik,Maharashtra,19.9975,73.7898,33.55,28.7,41.26,0.0,48.4
2025-05-29,Pune,Maharashtra,18.5204,73.8567,28.94,22.5,35.38,0.0,55.3
2025-05-29,Hubballi,Karnataka,15.3647,75.124,31.02,23.64,38.45,0.0,51.3
2025-05-29,Kolar,Karnataka,13.1367,78.1292,26.63,19.85,34.8,0.0,44.6
2025-05-29,Ludhiana,Punjab,30.901,75.8573,32.69,27.16,40.46,0.0,48.2
2025-05-29,Agra,Uttar Pradesh,27.1767,78.0081,33.08,28.25,38.05,0.0,43.6
2025-05-30,Nashik,Maharashtra,19.9975,73.7898,31.31,26.64,37.76,3.44,55.3
2025-05-30,Pune,Maharashtra,18.5204,73.8567,30.34,25.42,35.49,0.0,50.9
2025-05-30,Hubballi,Karnataka,15.3647,75.124,31.54,25.42,40.03,0.73,53.6
2025-05-30,Kolar,Karnataka,13.1367,78.1292,28.25,22.1,34.54,0.0,54.3
2025-05-30,Ludhiana,Punjab,30.901,75.8573,30.9,24.05,35.02,0.0,42.5
2025-05-30,Agra,Uttar Pradesh,27.1767,78.0081,33.71,28.87,39.62,0.0,44.8
2025-05-31,Nashik,Maharashtra,19.9975,73.7898,31.09,24.33,36.95,0.0,52.8
2025-05-31,Pune,Maharashtra,18.5204,73.8567,30.91,24.09,39.05,0.0,51.2
2025-05-31,Hubballi,Karnataka,15.3647,75.124,31.41,26.11,36.79,0.0,46.7
2025-05-31,Kolar,Karnataka,13.1367,78.1292,28.03,23.85,34.99,0.0,44.1
2025-05-31,Ludhiana,Punjab,30.901,75.8573,32.9,27.69,38.5,0.0,40.9
2025-05-31,Agra,Uttar Pradesh,27.1767,78.0081,34.75,29.9,38.95,0.0,32.9
2025-06-01,Nashik,Maharashtra,19.9975,73.7898,30.64,24.94,35.41,4.33,78.2
2025-06-01,Pune,Maharashtra,18.5204,73.8567,32.0,26.97,38.63,15.51,93.0
2025-06-01,Hubballi,Karnataka,15.3647,75.124,30.66,24.0,35.11,19.24,72.0
2025-06-01,Kolar,Karnataka,13.1367,78.1292,29.91,24.17,35.42,0.0,82.0
2025-06-01,Ludhiana,Punjab,30.901,75.8573,30.58,25.22,37.01,20.76,70.4
2025-06-01,Agra,Uttar Pradesh,27.1767,78.0081,35.4,30.48,40.36,11.3,64.4
2025-06-02,Nashik,Maharashtra,19.9975,73.7898,31.57,25.91,39.44,11.03,81.2
2025-06-02,Pune,Maharashtra,18.5204,73.8567,32.02,26.88,37.47,0.0,78.5
2025-06-02,Hubballi,Karnataka,15.3647,75.124,30.85,24.71,37.09,9.16,73.0
2025-06-02,Kolar,Karnataka,13.1367,78.1292,29.8,22.85,35.0,0.0,72.0
2025-06-02,Ludhiana,Punjab,30.901,75.8573,32.7,28.52,37.15,0.0,72.9
2025-06-02,Agra,Uttar Pradesh,27.1767,78.0081,33.54,27.26,40.21,0.0,73.7
2025-06-03,Nashik,Maharashtra,19.9975,73.7898,33.11,25.81,38.7,11.85,78.0
2025-06-03,Pune,Maharashtra,18.5204,73.8567,30.05,22.7,35.99,9.87,83.1
2025-06-03,Hubballi,Karnataka,15.3647,75.124,30.18,23.29,37.97,6.5,79.3
2025-06-03,Kolar,Karnataka,13.1367,78.1292,27.67,22.18,34.03,0.0,86.9
2025-06-03,Ludhiana,Punjab,30.901,75.8573,33.2,25.94,40.21,50.64,73.0
2025-06-03,Agra,Uttar Pradesh,27.1767,78.0081,34.75,30.68,38.99,12.98,67.0
2025-06-04,Nashik,Maharashtra,19.9975,73.7898,32.89,27.12,38.8,8.87,80.5
2025-06-04,Pune,Maharashtra,18.5204,73.8567,29.54,23.76,36.92,20.04,87.6
2025-06-04,Hubballi,Karnataka,15.3647,75.124,30.52,25.6,38.08,0.0,76.7
2025-06-04,Kolar,Karnataka,13.1367,78.1292,29.08,23.75,34.09,0.0,76.0
2025-06-04,Ludhiana,Punjab,30.901,75.8573,30.4,23.34,36.51,27.86,76.4
2025-06-04,Agra,Uttar Pradesh,27.1767,78.0081,35.79,28.94,42.85,0.0,74.8
2025-06-05,Nashik,Maharashtra,19.9975,73.7898,31.73,27.08,36.93,12.89,79.3
2025-06-05,Pune,Maharashtra,18.5204,73.8567,30.83,24.78,38.55,0.0,76.9
2025-06-05,Hubballi,Karnataka,15.3647,75.124,30.91,23.96,35.01,2.85,81.2
2025-06-05,Kolar,Karnataka,13.1367,78.1292,26.57,22.17,33.21,31.68,84.9
2025-06-05,Ludhiana,Punjab,30.901,75.8573,30.44,24.52,36.06,20.39,73.8
2025-06-05,Agra,Uttar Pradesh,27.1767,78.0081,35.02,30.92,41.45,0.0,68.3
2025-06-06,Nashik,Maharashtra,19.9975,73.7898,32.08,26.24,37.78,16.46,79.6
2025-06-06,Pune,Maharashtra,18.5204,73.8567,30.71,24.29,35.88,0.0,81.7
2025-06-06,Hubballi,Karnataka,15.3647,75.124,32.67,25.67,37.63,13.36,79.5
2025-06-06,Kolar,Karnataka,13.1367,78.1292,27.6,22.49,32.51,0.0,80.9
2025-06-06,Ludhiana,Punjab,30.901,75.8573,34.94,29.44,43.0,0.0,78.1
2025-06-06,Agra,Uttar Pradesh,27.1767,78.0081,34.84,27.36,39.06,0.0,71.6
2025-06-07,Nashik,Maharashtra,19.9975,73.7898,31.41,26.44,38.65,9.94,72.6
2025-06-07,Pune,Maharashtra,18.5204,73.8567,31.17,26.1,38.24,1.5,78.5
2025-06-07,Hubballi,Karnataka,15.3647,75.124,32.32,25.32,37.26,0.0,75.4
2025-06-07,Kolar,Karnataka,13.1367,78.1292,29.11,24.74,35.27,28.09,82.4
2025-06-07,Ludhiana,Punjab,30.901,75.8573,32.81,28.27,40.17,25.41,72.2
2025-06-07,Agra,Uttar Pradesh,27.1767,78.0081,33.61,26.75,40.37,0.0,62.9
2025-06-08,Nashik,Maharashtra,19.9975,73.7898,30.33,25.05,34.69,1.61,84.4
2025-06-08,Pune,Maharashtra,18.5204,73.8567,29.88,23.78,34.07,5.77,81.4
2025-06-08,Hubballi,Karnataka,15.3647,75.124,30.42,24.29,38.84,2.28,78.6
2025-06-08,Kolar,Karnataka,13.1367,78.1292,28.89,22.35,35.76,0.44,81.2
2025-06-08,Ludhiana,Punjab,30.901,75.8573,33.94,26.9,42.41,21.83,71.9
2025-06-08,Agra,Uttar Pradesh,27.1767,78.0081,34.16,28.07,42.38,30.97,71.4
2025-06-09,Nashik,Maharashtra,19.9975,73.7898,32.8,28.51,38.88,16.11,76.2
2025-06-09,Pune,Maharashtra,18.5204,73.8567,29.36,24.66,37.66,4.14,82.4
2025-06-09,Hubballi,Karnataka,15.3647,75.124,31.1,24.17,38.09,2.2,68.4
2025-06-09,Kolar,Karnataka,13.1367,78.1292,28.3,23.32,32.58,0.0,81.0
2025-06-09,Ludhiana,Punjab,30.901,75.8573,30.86,25.86,35.68,0.0,79.3
2025-06-09,Agra,Uttar Pradesh,27.1767,78.0081,36.65,29.98,41.28,3.04,74.5
2025-06-10,Nashik,Maharashtra,19.9975,73.7898,30.79,23.53,35.72,0.0,81.5
2025-06-10,Pune,Maharashtra,18.5204,73.8567,30.5,26.01,36.72,0.0,79.7
2025-06-10,Hubballi,Karnataka,15.3647,75.124,31.67,26.36,39.59,0.0,73.1
2025-06-10,Kolar,Karnataka,13.1367,78.1292,29.63,22.79,36.53,12.24,76.5
2025-06-10,Ludhiana,Punjab,30.901,75.8573,32.23,25.76,37.75,21.17,79.0
2025-06-10,Agra,Uttar Pradesh,27.1767,78.0081,35.43,28.97,42.99,15.91,74.5
2025-06-11,Nashik,Maharashtra,19.9975,73.7898,32.03,25.98,36.08,0.0,76.4
2025-06-11,Pune,Maharashtra,18.5204,73.8567,30.5,23.2,36.07,0.0,83.7
2025-06-11,Hubballi,Karnataka,15.3647,75.124,28.89,21.59,33.33,6.25,84.7
2025-06-11,Kolar,Karnataka,13.1367,78.1292,30.07,24.47,35.13,42.34,84.1
2025-06-11,Ludhiana,Punjab,30.901,75.8573,32.33,28.21,39.39,19.36,77.1
2025-06-11,Agra,Uttar Pradesh,27.1767,78.0081,35.35,29.64,40.96,10.74,63.3
2025-06-12,Nashik,Maharashtra,19.9975,73.7898,31.91,26.06,40.14,5.83,76.3
2025-06-12,Pune,Maharashtra,18.5204,73.8567,30.21,25.79,35.93,5.81,81.0
2025-06-12,Hubballi,Karnataka,15.3647,75.124,31.12,25.16,37.37,0.0,74.7
2025-06-12,Kolar,Karnataka,13.1367,78.1292,29.16,21.87,37.07,3.1,71.5
2025-06-12,Ludhiana,Punjab,30.901,75.8573,33.64,28.71,39.72,0.0,75.1
2025-06-12,Agra,Uttar Pradesh,27.1767,78.0081,35.08,30.76,40.25,0.0,70.9
2025-06-13,Nashik,Maharashtra,19.9975,73.7898,29.87,23.34,37.76,25.19,84.0
2025-06-13,Pune,Maharashtra,18.5204,73.8567,31.68,24.57,37.46,38.96,85.9
2025-06-13,Hubballi,Karnataka,15.3647,75.124,30.92,26.78,38.89,0.0,81.5
2025-06-13,Kolar,Karnataka,13.1367,78.1292,28.41,22.0,33.25,2.95,69.4
2025-06-13,Ludhiana,Punjab,30.901,75.8573,32.75,27.17,40.02,47.6,76.6
2025-06-13,Agra,Uttar Pradesh,27.1767,78.0081,32.77,25.55,40.94,26.5,70.0
2025-06-14,Nashik,Maharashtra,19.9975,73.7898,34.06,29.39,38.36,0.0,83.7
2025-06-14,Pune,Maharashtra,18.5204,73.8567,32.09,26.72,38.09,0.1,83.4
2025-06-14,Hubballi,Karnataka,15.3647,75.124,31.12,25.74,38.16,0.6,75.9
2025-06-14,Kolar,Karnataka,13.1367,78.1292,29.77,25.7,38.12,25.34,73.5
2025-06-14,Ludhiana,Punjab,30.901,75.8573,34.09,28.09,41.25,0.0,71.5
2025-06-14,Agra,Uttar Pradesh,27.1767,78.0081,35.62,29.69,43.84,41.37,67.4
2025-06-15,Nashik,Maharashtra,19.9975,73.7898,32.54,25.67,39.6,61.88,70.4
2025-06-15,Pune,Maharashtra,18.5204,73.8567,32.4,28.2,38.17,0.0,90.7
2025-06-15,Hubballi,Karnataka,15.3647,75.124,32.93,26.68,39.17,0.0,72.0
2025-06-15,Kolar,Karnataka,13.1367,78.1292,27.9,20.47,33.59,10.58,79.8
2025-06-15,Ludhiana,Punjab,30.901,75.8573,33.21,28.34,39.23,14.41,67.8
2025-06-15,Agra,Uttar Pradesh,27.1767,78.0081,34.55,28.43,40.17,11.97,67.5
2025-06-16,Nashik,Maharashtra,19.9975,73.7898,33.11,26.4,39.62,10.95,80.7
2025-06-16,Pune,Maharashtra,18.5204,73.8567,30.04,23.55,34.17,9.34,80.3
2025-06-16,Hubballi,Karnataka,15.3647,75.124,29.16,22.86,33.36,0.0,78.3
2025-06-16,Kolar,Karnataka,13.1367,78.1292,26.53,21.13,31.4,0.0,74.9
2025-06-16,Ludhiana,Punjab,30.901,75.8573,33.41,28.66,39.77,2.35,82.6
2025-06-16,Agra,Uttar Pradesh,27.1767,78.0081,32.27,28.11,38.18,5.83,67.1
2025-06-17,Nashik,Maharashtra,19.9975,73.7898,32.43,27.31,36.83,2.01,87.1
2025-06-17,Pune,Maharashtra,18.5204,73.8567,32.11,25.02,37.93,82.85,84.9
2025-06-17,Hubballi,Karnataka,15.3647,75.124,31.44,25.82,35.75,0.0,76.4
2025-06-17,Kolar,Karnataka,13.1367,78.1292,25.72,21.66,32.47,20.06,80.5
2025-06-17,Ludhiana,Punjab,30.901,75.8573,32.09,27.98,36.95,0.0,80.3
2025-06-17,Agra,Uttar Pradesh,27.1767,78.0081,33.49,28.16,38.66,5.47,74.0
2025-06-18,Nashik,Maharashtra,19.9975,73.7898,32.88,27.5,37.52,0.0,79.5
2025-06-18,Pune,Maharashtra,18.5204,73.8567,31.44,26.0,36.93,20.77,78.6
2025-06-18,Hubballi,Karnataka,15.3647,75.124,30.05,24.97,37.48,0.0,74.8
2025-06-18,Kolar,Karnataka,13.1367,78.1292,29.02,22.51,33.96,6.14,81.7
2025-06-18,Ludhiana,Punjab,30.901,75.8573,31.98,24.9,39.6,0.0,75.3
2025-06-18,Agra,Uttar Pradesh,27.1767,78.0081,35.93,29.08,43.3,33.48,69.7
2025-06-19,Nashik,Maharashtra,19.9975,73.7898,32.85,28.05,38.06,11.73,79.7
2025-06-19,Pune,Maharashtra,18.5204,73.8567,33.38,28.89,39.21,31.19,77.2
2025-06-19,Hubballi,Karnataka,15.3647,75.124,30.36,25.28,38.51,10.6,75.1
2025-06-19,Kolar,Karnataka,13.1367,78.1292,29.22,21.76,33.77,23.38,79.3
2025-06-19,Ludhiana,Punjab,30.901,75.8573,32.86,28.08,37.52,0.0,77.3
2025-06-19,Agra,Uttar Pradesh,27.1767,78.0081,32.87,26.27,40.54,0.0,73.8
2025-06-20,Nashik,Maharashtra,19.9975,73.7898,32.82,27.52,38.45,0.0,78.5
2025-06-20,Pune,Maharashtra,18.5204,73.8567,33.5,26.4,41.34,0.0,81.2
2025-06-20,Hubballi,Karnataka,15.3647,75.124,31.21,26.42,37.86,30.62,77.3
2025-06-20,Kolar,Karnataka,13.1367,78.1292,29.6,24.62,35.14,13.25,87.0
2025-06-20,Ludhiana,Punjab,30.901,75.8573,36.48,31.99,42.59,0.0,65.4
2025-06-20,Agra,Uttar Pradesh,27.1767,78.0081,36.01,31.06,41.28,5.48,73.3
2025-06-21,Nashik,Maharashtra,19.9975,73.7898,34.85,30.62,41.84,0.0,80.7
2025-06-21,Pune,Maharashtra,18.5204,73.8567,30.9,24.98,36.33,0.0,81.5
2025-06-21,Hubballi,Karnataka,15.3647,75.124,31.73,27.22,36.28,0.0,78.6
2025-06-21,Kolar,Karnataka,13.1367,78.1292,27.73,22.32,32.17,0.0,78.7
2025-06-21,Ludhiana,Punjab,30.901,75.8573,30.73,26.39,35.24,6.26,71.9
2025-06-21,Agra,Uttar Pradesh,27.1767,78.0081,33.86,26.6,40.88,16.14,74.0
2025-06-22,Nashik,Maharashtra,19.9975,73.7898,33.99,29.52,40.78,26.71,79.0
2025-06-22,Pune,Maharashtra,18.5204,73.8567,33.45,28.28,38.98,2.18,85.4
2025-06-22,Hubballi,Karnataka,15.3647,75.124,31.78,26.27,37.19,1.49,76.3
2025-06-22,Kolar,Karnataka,13.1367,78.1292,29.52,22.1,37.93,11.71,81.4
2025-06-22,Ludhiana,Punjab,30.901,75.8573,31.15,23.95,35.27,18.27,75.3
2025-06-22,Agra,Uttar Pradesh,27.1767,78.0081,35.54,29.92,40.09,0.0,66.6
2025-06-23,Nashik,Maharashtra,19.9975,73.7898,30.97,24.63,36.9,0.0,79.7
2025-06-23,Pune,Maharashtra,18.5204,73.8567,30.82,23.41,38.04,1.21,78.2
2025-06-23,Hubballi,Karnataka,15.3647,75.124,32.59,25.79,40.45,17.96,76.1
2025-06-23,Kolar,Karnataka,13.1367,78.1292,30.02,25.37,34.94,14.24,81.4
2025-06-23,Ludhiana,Punjab,30.901,75.8573,32.52,25.18,39.85,0.0,73.8
2025-06-23,Agra,Uttar Pradesh,27.1767,78.0081,34.54,29.17,38.95,0.0,63.9
2025-06-24,Nashik,Maharashtra,19.9975,73.7898,32.0,27.77,38.05,0.0,80.1
2025-06-24,Pune,Maharashtra,18.5204,73.8567,30.35,23.49,36.88,41.14,84.6
2025-06-24,Hubballi,Karnataka,15.3647,75.124,28.76,24.49,35.61,0.0,74.6
2025-06-24,Kolar,Karnataka,13.1367,78.1292,29.56,23.03,34.97,29.17,76.6
2025-06-24,Ludhiana,Punjab,30.901,75.8573,32.0,24.64,40.14,0.0,71.4
2025-06-24,Agra,Uttar Pradesh,27.1767,78.0081,34.75,28.01,39.81,0.0,69.8
2025-06-25,Nashik,Maharashtra,19.9975,73.7898,30.39,24.3,36.15,0.0,75.0
2025-06-25,Pune,Maharashtra,18.5204,73.8567,29.94,23.26,36.71,38.87,78.9
2025-06-25,Hubballi,Karnataka,15.3647,75.124,30.6,25.68,36.17,0.0,79.6
2025-06-25,Kolar,Karnataka,13.1367,78.1292,29.29,24.15,34.14,3.09,82.8
2025-06-25,Ludhiana,Punjab,30.901,75.8573,35.18,30.6,40.52,15.99,75.8
2025-06-25,Agra,Uttar Pradesh,27.1767,78.0081,34.55,29.83,39.2,7.78,66.7
2025-06-26,Nashik,Maharashtra,19.9975,73.7898,31.57,26.86,39.42,0.0,82.5
2025-06-26,Pune,Maharashtra,18.5204,73.8567,30.0,22.81,34.5,0.0,77.6
2025-06-26,Hubballi,Karnataka,15.3647,75.124,30.0,25.35,38.02,24.84,80.7
2025-06-26,Kolar,Karnataka,13.1367,78.1292,28.77,21.39,33.22,1.02,84.9
2025-06-26,Ludhiana,Punjab,30.901,75.8573,34.41,29.3,40.97,26.42,71.6
2025-06-26,Agra,Uttar Pradesh,27.1767,78.0081,35.39,30.78,42.98,5.63,68.3
2025-06-27,Nashik,Maharashtra,19.9975,73.7898,31.48,24.85,35.89,83.15,77.9
2025-06-27,Pune,Maharashtra,18.5204,73.8567,31.69,25.27,35.91,0.0,85.4
2025-06-27,Hubballi,Karnataka,15.3647,75.124,30.02,22.78,35.89,14.5,78.6
2025-06-27,Kolar,Karnataka,13.1367,78.1292,28.21,23.58,34.23,32.54,84.3
2025-06-27,Ludhiana,Punjab,30.901,75.8573,34.16,29.53,41.27,5.15,74.4
2025-06-27,Agra,Uttar Pradesh,27.1767,78.0081,34.28,29.69,42.32,0.0,65.4
2025-06-28,Nashik,Maharashtra,19.9975,73.7898,33.71,26.67,40.99,7.17,80.8
2025-06-28,Pune,Maharashtra,18.5204,73.8567,31.6,26.49,37.52,23.06,79.9
2025-06-28,Hubballi,Karnataka,15.3647,75.124,30.23,24.11,36.94,65.61,80.2
2025-06-28,Kolar,Karnataka,13.1367,78.1292,28.58,23.51,35.93,0.0,82.4
2025-06-28,Ludhiana,Punjab,30.901,75.8573,31.68,25.95,38.76,0.0,73.0
2025-06-28,Agra,Uttar Pradesh,27.1767,78.0081,35.52,28.82,42.62,40.8,70.1
2025-06-29,Nashik,Maharashtra,19.9975,73.7898,32.68,28.63,36.73,0.0,82.6
2025-06-29,Pune,Maharashtra,18.5204,73.8567,29.88,23.94,36.25,0.0,77.9
2025-06-29,Hubballi,Karnataka,15.3647,75.124,33.22,28.55,39.35,3.64,73.5
2025-06-29,Kolar,Karnataka,13.1367,78.1292,30.72,25.85,35.83,1.14,84.6
2025-06-29,Ludhiana,Punjab,30.901,75.8573,34.23,28.87,40.13,6.88,63.6
2025-06-29,Agra,Uttar Pradesh,27.1767,78.0081,34.75,27.57,39.01,38.63,72.9
2025-06-30,Nashik,Maharashtra,19.9975,73.7898,32.66,25.68,36.95,0.0,76.0
2025-06-30,Pune,Maharashtra,18.5204,73.8567,32.98,25.77,40.7,1.61,81.7
2025-06-30,Hubballi,Karnataka,15.3647,75.124,32.53,26.46,40.14,26.56,78.4
2025-06-30,Kolar,Karnataka,13.1367,78.1292,30.17,24.37,36.29,0.0,82.7
2025-06-30,Ludhiana,Punjab,30.901,75.8573,33.56,29.56,39.7,44.85,67.2
2025-06-30,Agra,Uttar Pradesh,27.1767,78.0081,34.06,27.44,42.5,0.59,72.2
2025-07-01,Nashik,Maharashtra,19.9975,73.7898,32.09,27.32,39.27,0.0,84.7
2025-07-01,Pune,Maharashtra,18.5204,73.8567,31.77,26.24,38.0,25.6,86.5
2025-07-01,Hubballi,Karnataka,15.3647,75.124,30.87,26.21,36.7,42.79,86.0
2025-07-01,Kolar,Karnataka,13.1367,78.1292,28.4,22.68,34.71,10.68,89.8
2025-07-01,Ludhiana,Punjab,30.901,75.8573,32.17,27.41,38.22,20.57,72.9
2025-07-01,Agra,Uttar Pradesh,27.1767,78.0081,34.46,28.25,38.56,13.97,79.2
2025-07-02,Nashik,Maharashtra,19.9975,73.7898,30.53,25.9,37.91,0.0,88.6
2025-07-02,Pune,Maharashtra,18.5204,73.8567,31.38,24.3,37.77,31.69,81.9
2025-07-02,Hubballi,Karnataka,15.3647,75.124,31.31,24.11,38.96,53.25,85.2
2025-07-02,Kolar,Karnataka,13.1367,78.1292,28.21,20.97,33.55,0.0,87.7
2025-07-02,Ludhiana,Punjab,30.901,75.8573,31.19,24.51,37.23,0.0,77.9
2025-07-02,Agra,Uttar Pradesh,27.1767,78.0081,33.62,26.8,39.41,0.45,79.2
2025-07-03,Nashik,Maharashtra,19.9975,73.7898,29.48,23.63,34.7,0.0,83.3
2025-07-03,Pune,Maharashtra,18.5204,73.8567,31.94,24.79,37.63,0.0,91.8
2025-07-03,Hubballi,Karnataka,15.3647,75.124,29.77,24.77,36.84,0.0,82.7
2025-07-03,Kolar,Karnataka,13.1367,78.1292,28.27,21.98,35.67,31.32,93.0
2025-07-03,Ludhiana,Punjab,30.901,75.8573,31.25,25.65,37.8,25.33,77.7
2025-07-03,Agra,Uttar Pradesh,27.1767,78.0081,35.37,28.37,39.77,0.0,79.3
2025-07-04,Nashik,Maharashtra,19.9975,73.7898,33.9,26.62,38.91,0.0,91.8
2025-07-04,Pune,Maharashtra,18.5204,73.8567,29.61,23.86,37.99,1.87,94.3
2025-07-04,Hubballi,Karnataka,15.3647,75.124,30.43,24.48,37.22,4.74,87.2
2025-07-04,Kolar,Karnataka,13.1367,78.1292,27.64,21.52,35.89,1.78,87.7
2025-07-04,Ludhiana,Punjab,30.901,75.8573,32.27,25.82,40.08,2.33,80.2
2025-07-04,Agra,Uttar Pradesh,27.1767,78.0081,32.93,26.59,38.64,23.98,69.8
2025-07-05,Nashik,Maharashtra,19.9975,73.7898,31.39,25.12,37.15,4.1,92.5
2025-07-05,Pune,Maharashtra,18.5204,73.8567,32.4,25.98,40.47,14.59,86.2
2025-07-05,Hubballi,Karnataka,15.3647,75.124,31.07,26.27,38.22,1.52,82.1
2025-07-05,Kolar,Karnataka,13.1367,78.1292,29.62,24.73,33.84,0.0,94.4
2025-07-05,Ludhiana,Punjab,30.901,75.8573,31.52,25.7,38.3,12.21,71.9
2025-07-05,Agra,Uttar Pradesh,27.1767,78.0081,35.17,28.49,41.09,18.72,76.1
2025-07-06,Nashik,Maharashtra,19.9975,73.7898,31.16,27.15,37.18,37.66,82.6
2025-07-06,Pune,Maharashtra,18.5204,73.8567,31.67,26.25,36.09,37.28,87.4
2025-07-06,Hubballi,Karnataka,15.3647,75.124,30.64,26.03,39.05,18.5,80.1
2025-07-06,Kolar,Karnataka,13.1367,78.1292,27.51,22.96,33.66,15.36,86.7
2025-07-06,Ludhiana,Punjab,30.901,75.8573,30.67,24.51,36.12,19.45,78.3
2025-07-06,Agra,Uttar Pradesh,27.1767,78.0081,33.43,28.58,38.51,23.28,72.3
2025-07-07,Nashik,Maharashtra,19.9975,73.7898,30.64,23.48,38.47,0.0,86.7
2025-07-07,Pune,Maharashtra,18.5204,73.8567,30.2,26.1,36.64,13.4,92.1
2025-07-07,Hubballi,Karnataka,15.3647,75.124,30.23,24.95,38.69,0.0,79.3
2025-07-07,Kolar,Karnataka,13.1367,78.1292,27.64,21.62,32.94,48.65,83.5
2025-07-07,Ludhiana,Punjab,30.901,75.8573,34.85,27.76,43.23,1.89,76.6
2025-07-07,Agra,Uttar Pradesh,27.1767,78.0081,33.88,28.72,40.18,26.1,79.4
2025-07-08,Nashik,Maharashtra,19.9975,73.7898,31.61,26.82,36.25,0.0,82.2
2025-07-08,Pune,Maharashtra,18.5204,73.8567,30.12,23.49,34.24,6.75,82.5
2025-07-08,Hubballi,Karnataka,15.3647,75.124,31.75,25.69,35.76,55.95,78.3
2025-07-08,Kolar,Karnataka,13.1367,78.1292,28.55,23.75,34.72,0.0,88.4
2025-07-08,Ludhiana,Punjab,30.901,75.8573,32.25,27.72,37.18,8.22,83.2
2025-07-08,Agra,Uttar Pradesh,27.1767,78.0081,34.39,30.31,42.05,0.46,76.5
2025-07-09,Nashik,Maharashtra,19.9975,73.7898,33.73,29.73,41.05,27.86,82.6
2025-07-09,Pune,Maharashtra,18.5204,73.8567,29.55,23.84,37.08,2.58,90.9
2025-07-09,Hubballi,Karnataka,15.3647,75.124,31.57,26.19,36.72,17.73,86.3
2025-07-09,Kolar,Karnataka,13.1367,78.1292,28.41,23.63,33.84,41.27,92.6
2025-07-09,Ludhiana,Punjab,30.901,75.8573,33.59,26.24,41.52,18.81,80.7
2025-07-09,Agra,Uttar Pradesh,27.1767,78.0081,34.99,28.42,41.17,13.28,77.2
2025-07-10,Nashik,Maharashtra,19.9975,73.7898,31.14,26.94,36.61,27.44,84.9
2025-07-10,Pune,Maharashtra,18.5204,73.8567,29.67,24.94,33.73,35.22,85.7
2025-07-10,Hubballi,Karnataka,15.3647,75.124,30.97,24.0,35.9,7.36,82.4
2025-07-10,Kolar,Karnataka,13.1367,78.1292,29.63,25.09,37.69,3.25,89.7
2025-07-10,Ludhiana,Punjab,30.901,75.8573,31.31,25.21,35.71,0.0,82.2
2025-07-10,Agra,Uttar Pradesh,27.1767,78.0081,34.76,28.11,38.77,6.14,75.4
2025-07-11,Nashik,Maharashtra,19.9975,73.7898,32.49,27.06,38.35,12.3,82.0
2025-07-11,Pune,Maharashtra,18.5204,73.8567,31.16,25.76,38.88,0.0,93.9
2025-07-11,Hubballi,Karnataka,15.3647,75.124,31.07,24.12,37.15,7.54,81.3
2025-07-11,Kolar,Karnataka,13.1367,78.1292,27.4,20.25,35.78,0.0,89.7
2025-07-11,Ludhiana,Punjab,30.901,75.8573,33.27,27.93,37.65,19.82,82.5
2025-07-11,Agra,Uttar Pradesh,27.1767,78.0081,34.75,29.77,43.01,0.0,70.9
2025-07-12,Nashik,Maharashtra,19.9975,73.7898,31.76,25.0,38.33,18.6,86.3
2025-07-12,Pune,Maharashtra,18.5204,73.8567,30.51,24.07,38.75,1.28,92.6
2025-07-12,Hubballi,Karnataka,15.3647,75.124,32.49,26.73,40.25,7.21,87.7
2025-07-12,Kolar,Karnataka,13.1367,78.1292,30.22,23.69,36.27,1.47,86.2
2025-07-12,Ludhiana,Punjab,30.901,75.8573,32.32,25.39,36.5,0.0,77.8
2025-07-12,Agra,Uttar Pradesh,27.1767,78.0081,36.09,29.92,42.0,0.0,69.3
2025-07-13,Nashik,Maharashtra,19.9975,73.7898,32.18,27.69,37.66,45.72,89.7
2025-07-13,Pune,Maharashtra,18.5204,73.8567,30.46,25.95,37.17,0.0,97.4
2025-07-13,Hubballi,Karnataka,15.3647,75.124,31.74,25.16,36.94,0.0,85.5
2025-07-13,Kolar,Karnataka,13.1367,78.1292,30.25,23.31,36.6,15.05,87.5
2025-07-13,Ludhiana,Punjab,30.901,75.8573,30.52,24.54,37.4,7.26,83.2
2025-07-13,Agra,Uttar Pradesh,27.1767,78.0081,34.32,29.52,40.01,0.0,83.3
2025-07-14,Nashik,Maharashtra,19.9975,73.7898,31.39,24.14,36.61,3.13,87.7
2025-07-14,Pune,Maharashtra,18.5204,73.8567,30.5,25.39,34.64,3.74,94.7
2025-07-14,Hubballi,Karnataka,15.3647,75.124,33.46,29.24,39.14,32.14,87.2
2025-07-14,Kolar,Karnataka,13.1367,78.1292,29.45,24.31,36.54,0.0,86.4
2025-07-14,Ludhiana,Punjab,30.901,75.8573,33.44,25.99,41.81,5.79,75.2
2025-07-14,Agra,Uttar Pradesh,27.1767,78.0081,34.49,29.82,38.75,4.47,80.3
2025-07-15,Nashik,Maharashtra,19.9975,73.7898,29.74,23.79,35.44,0.0,84.3
2025-07-15,Pune,Maharashtra,18.5204,73.8567,30.54,23.44,36.51,0.0,91.0
2025-07-15,Hubballi,Karnataka,15.3647,75.124,30.78,26.28,35.82,2.38,80.5
2025-07-15,Kolar,Karnataka,13.1367,78.1292,27.59,22.35,33.15,21.39,88.8
2025-07-15,Ludhiana,Punjab,30.901,75.8573,29.2,25.01,35.37,3.46,84.2
2025-07-15,Agra,Uttar Pradesh,27.1767,78.0081,33.21,27.28,38.28,10.87,73.1
2025-07-16,Nashik,Maharashtra,19.9975,73.7898,31.46,25.37,35.9,52.03,91.2
2025-07-16,Pune,Maharashtra,18.5204,73.8567,31.38,26.92,39.27,52.05,93.4
2025-07-16,Hubballi,Karnataka,15.3647,75.124,28.84,23.85,36.71,51.34,77.6
2025-07-16,Kolar,Karnataka,13.1367,78.1292,27.12,21.69,31.23,3.74,88.7
2025-07-16,Ludhiana,Punjab,30.901,75.8573,30.55,24.35,36.97,0.0,76.2
2025-07-16,Agra,Uttar Pradesh,27.1767,78.0081,33.2,26.86,39.21,9.9,73.6
2025-07-17,Nashik,Maharashtra,19.9975,73.7898,30.81,24.95,39.26,35.33,91.6
2025-07-17,Pune,Maharashtra,18.5204,73.8567,29.72,24.2,38.06,21.83,90.0
2025-07-17,Hubballi,Karnataka,15.3647,75.124,30.15,24.48,37.24,20.88,85.3
2025-07-17,Kolar,Karnataka,13.1367,78.1292,28.01,23.78,33.85,33.84,90.4
2025-07-17,Ludhiana,Punjab,30.901,75.8573,32.21,26.58,37.32,1.66,75.4
2025-07-17,Agra,Uttar Pradesh,27.1767,78.0081,32.23,28.04,39.01,7.16,77.8
2025-07-18,Nashik,Maharashtra,19.9975,73.7898,32.02,26.4,39.22,48.33,78.2
2025-07-18,Pune,Maharashtra,18.5204,73.8567,29.74,25.03,36.44,19.35,94.7
2025-07-18,Hubballi,Karnataka,15.3647,75.124,30.88,26.64,36.68,21.64,88.3
2025-07-18,Kolar,Karnataka,13.1367,78.1292,27.64,21.02,34.36,1.95,84.9
2025-07-18,Ludhiana,Punjab,30.901,75.8573,31.97,27.48,39.57,9.8,83.0
2025-07-18,Agra,Uttar Pradesh,27.1767,78.0081,32.52,25.77,37.95,0.0,77.4
2025-07-19,Nashik,Maharashtra,19.9975,73.7898,30.05,23.19,36.16,6.11,82.8
2025-07-19,Pune,Maharashtra,18.5204,73.8567,30.34,23.28,36.49,21.81,92.0
2025-07-19,Hubballi,Karnataka,15.3647,75.124,31.27,24.18,35.65,46.18,87.6
2025-07-19,Kolar,Karnataka,13.1367,78.1292,27.37,20.26,31.76,15.8,87.2
2025-07-19,Ludhiana,Punjab,30.901,75.8573,32.42,28.08,38.8,11.56,73.6
2025-07-19,Agra,Uttar Pradesh,27.1767,78.0081,33.32,27.66,40.34,14.58,69.9
2025-07-20,Nashik,Maharashtra,19.9975,73.7898,30.07,25.14,36.8,13.67,86.6
2025-07-20,Pune,Maharashtra,18.5204,73.8567,31.92,26.88,39.31,13.52,91.2
2025-07-20,Hubballi,Karnataka,15.3647,75.124,30.39,25.18,38.87,27.08,86.3
2025-07-20,Kolar,Karnataka,13.1367,78.1292,30.2,23.52,37.02,25.72,85.4
2025-07-20,Ludhiana,Punjab,30.901,75.8573,30.56,24.53,36.96,9.72,81.2
2025-07-20,Agra,Uttar Pradesh,27.1767,78.0081,35.2,29.25,40.07,0.69,83.4
2025-07-21,Nashik,Maharashtra,19.9975,73.7898,33.03,27.93,39.65,46.34,80.8
2025-07-21,Pune,Maharashtra,18.5204,73.8567,31.2,26.16,38.69,0.0,89.9
2025-07-21,Hubballi,Karnataka,15.3647,75.124,30.54,25.29,38.49,0.0,82.7
2025-07-21,Kolar,Karnataka,13.1367,78.1292,27.3,20.87,35.76,2.03,87.4
2025-07-21,Ludhiana,Punjab,30.901,75.8573,30.2,23.98,37.63,12.51,88.6
2025-07-21,Agra,Uttar Pradesh,27.1767,78.0081,32.77,25.34,39.06,6.39,72.4
2025-07-22,Nashik,Maharashtra,19.9975,73.7898,32.18,26.51,39.73,0.0,88.0
2025-07-22,Pune,Maharashtra,18.5204,73.8567,29.78,23.2,37.35,8.46,95.3
2025-07-22,Hubballi,Karnataka,15.3647,75.124,31.12,25.89,35.62,24.48,92.6
2025-07-22,Kolar,Karnataka,13.1367,78.1292,30.03,22.85,34.16,1.19,84.8
2025-07-22,Ludhiana,Punjab,30.901,75.8573,28.79,24.64,32.94,1.98,74.7
2025-07-22,Agra,Uttar Pradesh,27.1767,78.0081,33.68,26.81,37.88,38.49,73.8
2025-07-23,Nashik,Maharashtra,19.9975,73.7898,31.36,25.52,35.82,0.66,89.3
2025-07-23,Pune,Maharashtra,18.5204,73.8567,32.4,26.99,37.9,12.24,91.0
2025-07-23,Hubballi,Karnataka,15.3647,75.124,32.87,25.84,39.09,42.61,83.9
2025-07-23,Kolar,Karnataka,13.1367,78.1292,29.09,25.04,35.53,33.6,84.4
2025-07-23,Ludhiana,Punjab,30.901,75.8573,31.23,25.28,37.6,0.0,82.4
2025-07-23,Agra,Uttar Pradesh,27.1767,78.0081,35.28,28.31,40.48,15.34,78.6
2025-07-24,Nashik,Maharashtra,19.9975,73.7898,28.55,22.4,34.69,51.61,85.4
2025-07-24,Pune,Maharashtra,18.5204,73.8567,29.44,22.61,36.15,2.31,94.8
2025-07-24,Hubballi,Karnataka,15.3647,75.124,28.46,21.87,35.36,0.0,76.7
2025-07-24,Kolar,Karnataka,13.1367,78.1292,28.0,20.54,34.37,33.38,86.9
2025-07-24,Ludhiana,Punjab,30.901,75.8573,29.83,24.25,34.81,29.09,77.7
2025-07-24,Agra,Uttar Pradesh,27.1767,78.0081,32.38,25.09,37.7,3.51,78.8
2025-07-25,Nashik,Maharashtra,19.9975,73.7898,29.77,23.64,37.94,56.74,87.2
2025-07-25,Pune,Maharashtra,18.5204,73.8567,30.19,23.65,35.4,14.29,82.9
2025-07-25,Hubballi,Karnataka,15.3647,75.124,32.06,27.21,36.63,0.0,80.9
2025-07-25,Kolar,Karnataka,13.1367,78.1292,28.09,23.09,34.43,0.0,90.8
2025-07-25,Ludhiana,Punjab,30.901,75.8573,32.65,27.63,39.5,1.4,77.8
2025-07-25,Agra,Uttar Pradesh,27.1767,78.0081,31.35,26.08,38.93,9.93,87.2
2025-07-26,Nashik,Maharashtra,19.9975,73.7898,28.86,22.87,34.15,6.84,90.9
2025-07-26,Pune,Maharashtra,18.5204,73.8567,30.32,23.16,35.12,28.15,90.3
2025-07-26,Hubballi,Karnataka,15.3647,75.124,28.88,24.0,35.87,6.08,79.8
2025-07-26,Kolar,Karnataka,13.1367,78.1292,29.79,25.61,34.14,12.28,81.5
2025-07-26,Ludhiana,Punjab,30.901,75.8573,31.5,24.11,37.62,49.98,82.6
2025-07-26,Agra,Uttar Pradesh,27.1767,78.0081,31.18,26.11,39.06,0.64,78.5
2025-07-27,Nashik,Maharashtra,19.9975,73.7898,29.58,23.69,33.62,0.0,79.8
2025-07-27,Pune,Maharashtra,18.5204,73.8567,29.21,24.28,33.61,8.85,89.6
2025-07-27,Hubballi,Karnataka,15.3647,75.124,28.56,24.25,35.14,83.08,85.8
2025-07-27,Kolar,Karnataka,13.1367,78.1292,26.8,20.02,34.95,10.7,87.5
2025-07-27,Ludhiana,Punjab,30.901,75.8573,30.35,25.38,38.21,0.0,84.0
2025-07-27,Agra,Uttar Pradesh,27.1767,78.0081,32.69,27.1,39.92,46.25,76.7
2025-07-28,Nashik,Maharashtra,19.9975,73.7898,32.19,26.86,37.96,10.93,87.8
2025-07-28,Pune,Maharashtra,18.5204,73.8567,29.94,25.01,34.02,0.0,88.6
2025-07-28,Hubballi,Karnataka,15.3647,75.124,31.35,24.63,35.66,1.61,90.6
2025-07-28,Kolar,Karnataka,13.1367,78.1292,28.01,23.2,35.51,0.0,86.1
2025-07-28,Ludhiana,Punjab,30.901,75.8573,31.04,23.7,39.23,12.53,86.4
2025-07-28,Agra,Uttar Pradesh,27.1767,78.0081,32.25,26.4,38.0,0.0,81.8
2025-07-29,Nashik,Maharashtra,19.9975,73.7898,30.66,24.94,35.25,8.98,81.4
2025-07-29,Pune,Maharashtra,18.5204,73.8567,30.25,24.91,35.47,11.07,86.9
2025-07-29,Hubballi,Karnataka,15.3647,75.124,29.43,22.73,35.46,25.38,89.5
2025-07-29,Kolar,Karnataka,13.1367,78.1292,29.43,22.48,34.92,0.0,83.8
2025-07-29,Ludhiana,Punjab,30.901,75.8573,30.47,25.36,35.7,24.09,75.8
2025-07-29,Agra,Uttar Pradesh,27.1767,78.0081,33.11,27.04,37.13,51.76,72.4
2025-07-30,Nashik,Maharashtra,19.9975,73.7898,31.05,26.03,37.69,0.38,82.5
2025-07-30,Pune,Maharashtra,18.5204,73.8567,29.2,25.0,34.88,52.92,90.4
2025-07-30,Hubballi,Karnataka,15.3647,75.124,31.78,25.05,36.16,41.08,85.8
2025-07-30,Kolar,Karnataka,13.1367,78.1292,26.2,20.49,33.51,3.44,83.8
2025-07-30,Ludhiana,Punjab,30.901,75.8573,30.98,25.97,35.66,43.38,85.6
2025-07-30,Agra,Uttar Pradesh,27.1767,78.0081,30.34,23.56,35.65,1.38,82.9
2025-07-31,Nashik,Maharashtra,19.9975,73.7898,31.44,25.53,36.72,0.65,82.0
2025-07-31,Pune,Maharashtra,18.5204,73.8567,29.15,21.73,34.96,0.0,90.2
2025-07-31,Hubballi,Karnataka,15.3647,75.124,30.04,25.04,34.58,0.0,88.3
2025-07-31,Kolar,Karnataka,13.1367,78.1292,28.39,24.04,36.09,6.4,98.0
2025-07-31,Ludhiana,Punjab,30.901,75.8573,30.49,25.03,35.88,3.27,88.3
2025-07-31,Agra,Uttar Pradesh,27.1767,78.0081,31.57,25.62,36.65,29.89,77.7
2025-08-01,Nashik,Maharashtra,19.9975,73.7898,29.84,22.98,35.24,9.06,71.5
2025-08-01,Pune,Maharashtra,18.5204,73.8567,31.43,25.98,36.71,0.0,86.9
2025-08-01,Hubballi,Karnataka,15.3647,75.124,29.19,23.12,34.73,4.42,68.9
2025-08-01,Kolar,Karnataka,13.1367,78.1292,27.88,22.77,35.67,49.74,79.4
2025-08-01,Ludhiana,Punjab,30.901,75.8573,30.65,26.46,35.44,9.27,79.5
2025-08-01,Agra,Uttar Pradesh,27.1767,78.0081,32.53,27.98,39.72,8.59,65.7
2025-08-02,Nashik,Maharashtra,19.9975,73.7898,32.18,25.19,37.87,29.5,74.2
2025-08-02,Pune,Maharashtra,18.5204,73.8567,29.0,23.84,35.08,2.33,74.7
2025-08-02,Hubballi,Karnataka,15.3647,75.124,29.02,24.22,36.94,5.1,80.0
2025-08-02,Kolar,Karnataka,13.1367,78.1292,26.39,18.9,32.29,0.0,76.0
2025-08-02,Ludhiana,Punjab,30.901,75.8573,30.07,25.88,36.98,0.0,70.1
2025-08-02,Agra,Uttar Pradesh,27.1767,78.0081,31.56,26.64,35.97,6.88,64.7
2025-08-03,Nashik,Maharashtra,19.9975,73.7898,31.53,26.92,36.59,1.75,75.0
2025-08-03,Pune,Maharashtra,18.5204,73.8567,30.2,24.34,38.34,0.0,83.5
2025-08-03,Hubballi,Karnataka,15.3647,75.124,30.15,23.56,36.8,0.0,75.3
2025-08-03,Kolar,Karnataka,13.1367,78.1292,27.64,23.08,35.16,16.01,85.6
2025-08-03,Ludhiana,Punjab,30.901,75.8573,32.39,27.49,40.26,0.0,76.9
2025-08-03,Agra,Uttar Pradesh,27.1767,78.0081,30.55,26.24,35.58,0.0,67.8
2025-08-04,Nashik,Maharashtra,19.9975,73.7898,32.76,27.24,40.04,0.0,76.7
2025-08-04,Pune,Maharashtra,18.5204,73.8567,31.0,26.58,36.68,25.04,82.2
2025-08-04,Hubballi,Karnataka,15.3647,75.124,29.35,23.48,35.38,13.52,74.1
2025-08-04,Kolar,Karnataka,13.1367,78.1292,28.62,24.14,36.5,7.32,82.3
2025-08-04,Ludhiana,Punjab,30.901,75.8573,29.77,22.34,34.56,2.16,72.0
2025-08-04,Agra,Uttar Pradesh,27.1767,78.0081,32.39,28.26,38.65,8.75,67.9
2025-08-05,Nashik,Maharashtra,19.9975,73.7898,32.67,26.44,40.38,0.0,73.5
2025-08-05,Pune,Maharashtra,18.5204,73.8567,29.88,23.7,34.54,7.09,78.8
2025-08-05,Hubballi,Karnataka,15.3647,75.124,30.08,23.33,35.36,16.8,84.3
2025-08-05,Kolar,Karnataka,13.1367,78.1292,28.21,20.9,33.03,5.63,72.8
2025-08-05,Ludhiana,Punjab,30.901,75.8573,29.04,24.81,33.55,0.0,70.9
2025-08-05,Agra,Uttar Pradesh,27.1767,78.0081,32.54,26.99,38.92,31.5,74.6
2025-08-06,Nashik,Maharashtra,19.9975,73.7898,30.23,25.46,34.35,0.0,75.8
2025-08-06,Pune,Maharashtra,18.5204,73.8567,27.55,23.18,34.86,0.0,79.2
2025-08-06,Hubballi,Karnataka,15.3647,75.124,28.79,22.76,35.19,18.16,70.4
2025-08-06,Kolar,Karnataka,13.1367,78.1292,28.84,23.52,33.15,0.35,81.6
2025-08-06,Ludhiana,Punjab,30.901,75.8573,29.32,21.85,35.6,13.36,73.0
2025-08-06,Agra,Uttar Pradesh,27.1767,78.0081,31.96,24.61,39.33,1.15,64.2
2025-08-07,Nashik,Maharashtra,19.9975,73.7898,29.97,23.62,35.24,18.14,84.5
2025-08-07,Pune,Maharashtra,18.5204,73.8567,29.19,22.36,36.37,25.47,84.0
2025-08-07,Hubballi,Karnataka,15.3647,75.124,27.3,21.38,34.67,0.0,80.7
2025-08-07,Kolar,Karnataka,13.1367,78.1292,25.8,21.7,32.29,2.42,78.0
2025-08-07,Ludhiana,Punjab,30.901,75.8573,29.27,23.6,36.11,9.62,77.8
2025-08-07,Agra,Uttar Pradesh,27.1767,78.0081,30.65,25.13,35.28,15.77,69.6
2025-08-08,Nashik,Maharashtra,19.9975,73.7898,29.71,22.6,37.0,18.4,71.0
2025-08-08,Pune,Maharashtra,18.5204,73.8567,28.45,23.1,35.93,40.47,85.7
2025-08-08,Hubballi,Karnataka,15.3647,75.124,29.96,23.18,36.22,0.0,73.5
2025-08-08,Kolar,Karnataka,13.1367,78.1292,24.44,17.89,28.66,17.27,82.4
2025-08-08,Ludhiana,Punjab,30.901,75.8573,28.0,20.57,34.64,39.03,67.9
2025-08-08,Agra,Uttar Pradesh,27.1767,78.0081,30.69,25.38,37.29,0.0,64.4
2025-08-09,Nashik,Maharashtra,19.9975,73.7898,29.27,25.02,37.72,0.0,81.8
2025-08-09,Pune,Maharashtra,18.5204,73.8567,29.71,24.74,34.64,26.49,85.8
2025-08-09,Hubballi,Karnataka,15.3647,75.124,29.57,23.4,33.71,1.42,74.1
2025-08-09,Kolar,Karnataka,13.1367,78.1292,30.19,25.54,36.3,0.0,81.8
2025-08-09,Ludhiana,Punjab,30.901,75.8573,29.43,25.42,34.18,0.0,75.4
2025-08-09,Agra,Uttar Pradesh,27.1767,78.0081,31.71,26.9,37.94,6.8,68.7
2025-08-10,Nashik,Maharashtra,19.9975,73.7898,28.28,20.86,36.28,10.89,83.1
2025-08-10,Pune,Maharashtra,18.5204,73.8567,30.42,23.73,37.95,19.0,86.9
2025-08-10,Hubballi,Karnataka,15.3647,75.124,29.73,22.86,36.59,5.4,80.9
2025-08-10,Kolar,Karnataka,13.1367,78.1292,28.05,23.62,34.4,0.0,82.6
2025-08-10,Ludhiana,Punjab,30.901,75.8573,27.91,20.6,34.2,32.87,76.2
2025-08-10,Agra,Uttar Pradesh,27.1767,78.0081,30.12,25.16,37.12,0.0,66.4
2025-08-11,Nashik,Maharashtra,19.9975,73.7898,29.69,25.46,34.18,75.18,84.6
2025-08-11,Pune,Maharashtra,18.5204,73.8567,29.99,24.65,37.46,30.76,91.3
2025-08-11,Hubballi,Karnataka,15.3647,75.124,31.71,27.57,37.15,0.0,77.8
2025-08-11,Kolar,Karnataka,13.1367,78.1292,27.74,22.27,31.9,0.0,79.9
2025-08-11,Ludhiana,Punjab,30.901,75.8573,28.94,22.58,35.07,0.0,74.2
2025-08-11,Agra,Uttar Pradesh,27.1767,78.0081,31.17,25.95,38.42,10.89,64.5
2025-08-12,Nashik,Maharashtra,19.9975,73.7898,29.13,24.88,36.25,6.73,77.3
2025-08-12,Pune,Maharashtra,18.5204,73.8567,27.45,21.49,35.6,14.94,93.2
2025-08-12,Hubballi,Karnataka,15.3647,75.124,27.49,21.66,35.09,0.0,74.2
2025-08-12,Kolar,Karnataka,13.1367,78.1292,27.22,20.13,33.76,46.14,82.4
2025-08-12,Ludhiana,Punjab,30.901,75.8573,30.21,24.12,35.75,15.5,71.8
2025-08-12,Agra,Uttar Pradesh,27.1767,78.0081,30.25,26.03,34.55,53.69,66.6
2025-08-13,Nashik,Maharashtra,19.9975,73.7898,30.14,23.64,34.38,40.2,72.8
2025-08-13,Pune,Maharashtra,18.5204,73.8567,26.8,20.57,32.26,0.0,85.2
2025-08-13,Hubballi,Karnataka,15.3647,75.124,28.53,22.62,35.45,0.0,77.3
2025-08-13,Kolar,Karnataka,13.1367,78.1292,26.68,20.57,35.13,24.56,88.2
2025-08-13,Ludhiana,Punjab,30.901,75.8573,28.57,21.15,35.97,0.0,75.3
2025-08-13,Agra,Uttar Pradesh,27.1767,78.0081,31.14,24.25,38.71,0.0,74.3
2025-08-14,Nashik,Maharashtra,19.9975,73.7898,29.98,24.25,36.07,21.43,74.6
2025-08-14,Pune,Maharashtra,18.5204,73.8567,29.54,25.01,33.64,45.51,88.8
2025-08-14,Hubballi,Karnataka,15.3647,75.124,29.05,23.81,33.38,0.0,81.4
2025-08-14,Kolar,Karnataka,13.1367,78.1292,27.33,22.96,34.73,9.11,84.0
2025-08-14,Ludhiana,Punjab,30.901,75.8573,28.44,23.45,33.17,8.85,66.7
2025-08-14,Agra,Uttar Pradesh,27.1767,78.0081,29.95,23.02,34.91,0.42,67.0
2025-08-15,Nashik,Maharashtra,19.9975,73.7898,29.55,25.48,34.19,37.46,81.3
2025-08-15,Pune,Maharashtra,18.5204,73.8567,29.37,22.68,37.32,0.0,82.1
2025-08-15,Hubballi,Karnataka,15.3647,75.124,28.45,20.98,32.8,2.66,84.6
2025-08-15,Kolar,Karnataka,13.1367,78.1292,27.85,21.83,32.35,0.0,75.0
2025-08-15,Ludhiana,Punjab,30.901,75.8573,29.76,24.04,37.41,24.87,77.9
2025-08-15,Agra,Uttar Pradesh,27.1767,78.0081,33.4,26.47,41.67,0.0,67.7
2025-08-16,Nashik,Maharashtra,19.9975,73.7898,28.14,22.73,34.24,23.75,81.3
2025-08-16,Pune,Maharashtra,18.5204,73.8567,29.35,24.5,36.44,1.71,84.0
2025-08-16,Hubballi,Karnataka,15.3647,75.124,29.67,25.21,37.44,6.89,72.6
2025-08-16,Kolar,Karnataka,13.1367,78.1292,25.34,19.16,33.31,7.26,85.5
2025-08-16,Ludhiana,Punjab,30.901,75.8573,29.3,24.21,37.52,28.26,79.1
2025-08-16,Agra,Uttar Pradesh,27.1767,78.0081,28.73,22.56,36.09,0.0,69.0
2025-08-17,Nashik,Maharashtra,19.9975,73.7898,29.91,23.8,38.16,0.0,86.2
2025-08-17,Pune,Maharashtra,18.5204,73.8567,27.32,20.55,34.81,1.73,80.1
2025-08-17,Hubballi,Karnataka,15.3647,75.124,28.49,22.66,36.4,0.0,76.0
2025-08-17,Kolar,Karnataka,13.1367,78.1292,25.95,20.45,31.69,0.0,78.7
2025-08-17,Ludhiana,Punjab,30.901,75.8573,29.28,23.79,35.03,1.13,69.2
2025-08-17,Agra,Uttar Pradesh,27.1767,78.0081,29.5,25.3,37.04,0.0,70.0
2025-08-18,Nashik,Maharashtra,19.9975,73.7898,27.67,23.54,32.76,21.44,81.1
2025-08-18,Pune,Maharashtra,18.5204,73.8567,28.33,21.3,32.71,0.0,85.2
2025-08-18,Hubballi,Karnataka,15.3647,75.124,27.77,21.64,32.41,50.66,84.3
2025-08-18,Kolar,Karnataka,13.1367,78.1292,26.49,20.18,34.2,1.97,77.1
2025-08-18,Ludhiana,Punjab,30.901,75.8573,28.95,22.13,36.4,0.11,64.4
2025-08-18,Agra,Uttar Pradesh,27.1767,78.0081,28.32,21.16,36.35,18.29,70.5
2025-08-19,Nashik,Maharashtra,19.9975,73.7898,29.06,24.94,34.25,14.8,77.6
2025-08-19,Pune,Maharashtra,18.5204,73.8567,30.77,24.85,36.8,5.47,80.2
2025-08-19,Hubballi,Karnataka,15.3647,75.124,29.56,22.16,34.84,4.58,73.2
2025-08-19,Kolar,Karnataka,13.1367,78.1292,26.83,21.22,32.9,58.66,83.5
2025-08-19,Ludhiana,Punjab,30.901,75.8573,26.76,20.14,33.13,10.32,71.0
2025-08-19,Agra,Uttar Pradesh,27.1767,78.0081,29.73,25.21,35.94,6.18,70.6
2025-08-20,Nashik,Maharashtra,19.9975,73.7898,30.57,26.06,37.21,18.63,80.0
2025-08-20,Pune,Maharashtra,18.5204,73.8567,27.43,22.58,32.63,1.62,82.5
2025-08-20,Hubballi,Karnataka,15.3647,75.124,28.88,23.49,33.42,14.57,87.0
2025-08-20,Kolar,Karnataka,13.1367,78.1292,24.86,18.17,30.21,69.25,80.3
2025-08-20,Ludhiana,Punjab,30.901,75.8573,29.19,23.58,36.83,74.61,72.0
2025-08-20,Agra,Uttar Pradesh,27.1767,78.0081,30.87,24.19,38.13,0.0,69.4
2025-08-21,Nashik,Maharashtra,19.9975,73.7898,30.08,25.17,36.93,3.12,82.1
2025-08-21,Pune,Maharashtra,18.5204,73.8567,26.2,21.48,34.26,6.01,81.1
2025-08-21,Hubballi,Karnataka,15.3647,75.124,28.7,22.82,35.25,17.74,79.1
2025-08-21,Kolar,Karnataka,13.1367,78.1292,28.22,23.87,32.34,0.99,77.0
2025-08-21,Ludhiana,Punjab,30.901,75.8573,28.98,23.94,34.16,0.0,62.8
2025-08-21,Agra,Uttar Pradesh,27.1767,78.0081,27.81,22.67,36.14,21.62,66.2
2025-08-22,Nashik,Maharashtra,19.9975,73.7898,27.64,23.11,33.81,23.0,83.1
2025-08-22,Pune,Maharashtra,18.5204,73.8567,28.73,22.42,33.71,0.0,80.8
2025-08-22,Hubballi,Karnataka,15.3647,75.124,28.0,21.9,32.15,29.92,79.9
2025-08-22,Kolar,Karnataka,13.1367,78.1292,26.57,19.44,33.62,13.06,80.8
2025-08-22,Ludhiana,Punjab,30.901,75.8573,27.15,19.91,34.7,0.0,60.2
2025-08-22,Agra,Uttar Pradesh,27.1767,78.0081,27.95,20.76,36.2,26.38,70.2
2025-08-23,Nashik,Maharashtra,19.9975,73.7898,28.2,21.92,36.35,0.0,83.9
2025-08-23,Pune,Maharashtra,18.5204,73.8567,27.42,20.72,34.58,0.0,78.8
2025-08-23,Hubballi,Karnataka,15.3647,75.124,30.07,25.63,36.66,10.2,76.6
2025-08-23,Kolar,Karnataka,13.1367,78.1292,26.33,19.66,33.98,0.0,81.8
2025-08-23,Ludhiana,Punjab,30.901,75.8573,28.26,22.79,35.23,0.0,72.5
2025-08-23,Agra,Uttar Pradesh,27.1767,78.0081,28.33,21.5,34.83,25.44,79.3
2025-08-24,Nashik,Maharashtra,19.9975,73.7898,30.7,24.5,36.04,10.19,82.6
2025-08-24,Pune,Maharashtra,18.5204,73.8567,28.79,22.53,32.91,8.97,74.4
2025-08-24,Hubballi,Karnataka,15.3647,75.124,28.29,21.74,32.29,0.0,68.7
2025-08-24,Kolar,Karnataka,13.1367,78.1292,27.52,20.54,34.26,52.71,77.2
2025-08-24,Ludhiana,Punjab,30.901,75.8573,25.79,18.34,30.0,18.26,74.6
2025-08-24,Agra,Uttar Pradesh,27.1767,78.0081,29.43,23.46,35.34,0.53,75.2
2025-08-25,Nashik,Maharashtra,19.9975,73.7898,28.25,23.55,35.33,6.13,82.7
2025-08-25,Pune,Maharashtra,18.5204,73.8567,29.61,22.58,37.46,1.29,81.4
2025-08-25,Hubballi,Karnataka,15.3647,75.124,26.97,20.36,32.39,83.84,78.5
2025-08-25,Kolar,Karnataka,13.1367,78.1292,25.28,18.49,32.13,0.0,76.3
2025-08-25,Ludhiana,Punjab,30.901,75.8573,26.87,21.3,33.43,67.11,72.5
2025-08-25,Agra,Uttar Pradesh,27.1767,78.0081,29.56,22.23,37.91,24.07,61.8
2025-08-26,Nashik,Maharashtra,19.9975,73.7898,30.39,26.31,37.64,65.24,83.7
2025-08-26,Pune,Maharashtra,18.5204,73.8567,27.59,22.5,31.71,16.63,78.3
2025-08-26,Hubballi,Karnataka,15.3647,75.124,28.52,24.34,33.08,0.0,72.9
2025-08-26,Kolar,Karnataka,13.1367,78.1292,25.74,19.47,33.47,0.0,86.4
2025-08-26,Ludhiana,Punjab,30.901,75.8573,27.31,22.98,35.44,44.68,75.0
2025-08-26,Agra,Uttar Pradesh,27.1767,78.0081,27.22,22.16,31.61,0.0,72.9
2025-08-27,Nashik,Maharashtra,19.9975,73.7898,29.7,22.68,35.45,3.6,81.6
2025-08-27,Pune,Maharashtra,18.5204,73.8567,29.54,23.48,36.25,13.22,85.2
2025-08-27,Hubballi,Karnataka,15.3647,75.124,27.55,23.15,35.06,0.0,73.0
2025-08-27,Kolar,Karnataka,13.1367,78.1292,24.39,17.86,30.93,68.95,79.2
2025-08-27,Ludhiana,Punjab,30.901,75.8573,26.32,20.07,30.8,0.0,70.5
2025-08-27,Agra,Uttar Pradesh,27.1767,78.0081,29.03,23.59,36.59,8.96,75.0
2025-08-28,Nashik,Maharashtra,19.9975,73.7898,27.29,20.26,34.62,25.52,77.8
2025-08-28,Pune,Maharashtra,18.5204,73.8567,28.41,21.84,34.03,20.61,87.9
2025-08-28,Hubballi,Karnataka,15.3647,75.124,29.99,24.73,34.25,0.0,74.5
2025-08-28,Kolar,Karnataka,13.1367,78.1292,25.53,20.64,32.79,17.94,79.5
2025-08-28,Ludhiana,Punjab,30.901,75.8573,26.09,19.87,30.91,13.54,72.8
2025-08-28,Agra,Uttar Pradesh,27.1767,78.0081,27.01,20.84,32.19,42.63,69.0
2025-08-29,Nashik,Maharashtra,19.9975,73.7898,26.89,22.71,35.01,0.0,73.8
2025-08-29,Pune,Maharashtra,18.5204,73.8567,28.89,22.14,37.3,2.98,80.8
2025-08-29,Hubballi,Karnataka,15.3647,75.124,27.76,23.0,34.5,0.0,81.5
2025-08-29,Kolar,Karnataka,13.1367,78.1292,25.1,18.96,30.36,8.9,84.8
2025-08-29,Ludhiana,Punjab,30.901,75.8573,26.31,20.81,30.98,70.29,74.1
2025-08-29,Agra,Uttar Pradesh,27.1767,78.0081,29.82,24.45,35.4,0.0,70.8
2025-08-30,Nashik,Maharashtra,19.9975,73.7898,29.36,23.25,36.03,9.38,81.8
2025-08-30,Pune,Maharashtra,18.5204,73.8567,25.89,21.25,30.19,3.26,86.0
2025-08-30,Hubballi,Karnataka,15.3647,75.124,26.87,22.63,32.12,0.0,77.4
2025-08-30,Kolar,Karnataka,13.1367,78.1292,25.72,18.98,30.83,1.26,78.5
2025-08-30,Ludhiana,Punjab,30.901,75.8573,25.79,20.8,30.2,6.13,69.0
2025-08-30,Agra,Uttar Pradesh,27.1767,78.0081,29.65,25.3,38.05,0.42,65.9
2025-08-31,Nashik,Maharashtra,19.9975,73.7898,27.69,20.46,32.65,8.21,80.4
2025-08-31,Pune,Maharashtra,18.5204,73.8567,28.8,22.76,33.22,2.42,84.3
2025-08-31,Hubballi,Karnataka,15.3647,75.124,28.06,23.36,36.3,5.6,80.3
2025-08-31,Kolar,Karnataka,13.1367,78.1292,27.61,20.16,34.13,0.87,74.3
2025-08-31,Ludhiana,Punjab,30.901,75.8573,26.37,21.5,31.66,4.58,71.1
2025-08-31,Agra,Uttar Pradesh,27.1767,78.0081,29.09,24.71,33.34,11.85,72.4
2025-09-01,Nashik,Maharashtra,19.9975,73.7898,27.61,22.08,34.44,37.04,69.4
2025-09-01,Pune,Maharashtra,18.5204,73.8567,25.59,21.4,33.75,0.0,72.8
2025-09-01,Hubballi,Karnataka,15.3647,75.124,28.77,24.02,36.4,0.0,53.3
2025-09-01,Kolar,Karnataka,13.1367,78.1292,26.05,20.79,33.64,0.0,63.8
2025-09-01,Ludhiana,Punjab,30.901,75.8573,27.84,21.31,36.13,0.0,61.0
2025-09-01,Agra,Uttar Pradesh,27.1767,78.0081,28.61,21.22,32.94,0.0,56.5
2025-09-02,Nashik,Maharashtra,19.9975,73.7898,25.77,18.73,33.04,0.0,62.0
2025-09-02,Pune,Maharashtra,18.5204,73.8567,26.37,20.59,32.83,0.0,60.0
2025-09-02,Hubballi,Karnataka,15.3647,75.124,30.34,24.73,35.5,0.0,63.3
2025-09-02,Kolar,Karnataka,13.1367,78.1292,26.72,21.64,31.49,10.06,68.9
2025-09-02,Ludhiana,Punjab,30.901,75.8573,25.84,21.21,32.6,0.0,55.1
2025-09-02,Agra,Uttar Pradesh,27.1767,78.0081,27.31,22.38,32.12,6.32,53.4
2025-09-03,Nashik,Maharashtra,19.9975,73.7898,28.21,22.19,35.82,69.3,71.8
2025-09-03,Pune,Maharashtra,18.5204,73.8567,25.1,20.11,30.65,0.0,62.7
2025-09-03,Hubballi,Karnataka,15.3647,75.124,29.18,25.13,36.54,35.52,63.9
2025-09-03,Kolar,Karnataka,13.1367,78.1292,25.47,20.17,30.59,0.0,63.6
2025-09-03,Ludhiana,Punjab,30.901,75.8573,26.27,20.24,32.79,29.71,51.4
2025-09-03,Agra,Uttar Pradesh,27.1767,78.0081,29.97,24.53,35.76,4.51,53.5
2025-09-04,Nashik,Maharashtra,19.9975,73.7898,27.23,21.17,34.84,0.0,63.5
2025-09-04,Pune,Maharashtra,18.5204,73.8567,27.11,19.91,35.59,0.0,64.2
2025-09-04,Hubballi,Karnataka,15.3647,75.124,29.03,24.65,36.04,0.0,57.1
2025-09-04,Kolar,Karnataka,13.1367,78.1292,26.77,22.6,33.76,3.22,57.5
2025-09-04,Ludhiana,Punjab,30.901,75.8573,26.11,20.41,31.77,0.0,60.6
2025-09-04,Agra,Uttar Pradesh,27.1767,78.0081,27.21,22.83,32.93,5.3,51.0
2025-09-05,Nashik,Maharashtra,19.9975,73.7898,26.58,20.9,33.85,16.78,58.5
2025-09-05,Pune,Maharashtra,18.5204,73.8567,26.83,19.78,34.13,0.0,66.9
2025-09-05,Hubballi,Karnataka,15.3647,75.124,29.37,23.52,36.01,0.0,54.0
2025-09-05,Kolar,Karnataka,13.1367,78.1292,25.4,20.19,31.15,0.0,67.1
2025-09-05,Ludhiana,Punjab,30.901,75.8573,27.23,20.84,33.44,13.04,51.1
2025-09-05,Agra,Uttar Pradesh,27.1767,78.0081,27.05,22.18,32.14,0.0,50.8
2025-09-06,Nashik,Maharashtra,19.9975,73.7898,28.15,23.86,34.88,9.83,62.3
2025-09-06,Pune,Maharashtra,18.5204,73.8567,25.68,21.39,32.83,0.0,64.3
2025-09-06,Hubballi,Karnataka,15.3647,75.124,27.99,21.75,35.74,0.0,61.0
2025-09-06,Kolar,Karnataka,13.1367,78.1292,25.58,19.05,33.47,0.0,59.0
2025-09-06,Ludhiana,Punjab,30.901,75.8573,25.32,20.77,32.51,0.0,55.9
2025-09-06,Agra,Uttar Pradesh,27.1767,78.0081,28.6,23.77,34.38,3.28,62.5
2025-09-07,Nashik,Maharashtra,19.9975,73.7898,25.67,18.82,31.6,0.0,64.6
2025-09-07,Pune,Maharashtra,18.5204,73.8567,26.69,22.55,32.31,0.0,66.1
2025-09-07,Hubballi,Karnataka,15.3647,75.124,28.87,21.75,35.5,6.04,57.3
2025-09-07,Kolar,Karnataka,13.1367,78.1292,26.1,20.29,31.17,0.0,61.9
2025-09-07,Ludhiana,Punjab,30.901,75.8573,24.64,20.31,31.16,0.0,48.0
2025-09-07,Agra,Uttar Pradesh,27.1767,78.0081,28.81,21.66,34.04,0.0,49.2
2025-09-08,Nashik,Maharashtra,19.9975,73.7898,26.47,21.93,31.14,0.0,64.8
2025-09-08,Pune,Maharashtra,18.5204,73.8567,27.3,20.84,33.22,2.49,65.3
2025-09-08,Hubballi,Karnataka,15.3647,75.124,28.57,21.66,33.4,14.45,55.5
2025-09-08,Kolar,Karnataka,13.1367,78.1292,22.03,15.76,26.51,0.0,66.2
2025-09-08,Ludhiana,Punjab,30.901,75.8573,23.47,19.24,29.04,0.0,52.5
2025-09-08,Agra,Uttar Pradesh,27.1767,78.0081,26.58,19.75,32.77,0.0,55.1
2025-09-09,Nashik,Maharashtra,19.9975,73.7898,26.44,20.18,34.74,0.0,70.5
2025-09-09,Pune,Maharashtra,18.5204,73.8567,25.81,21.1,32.04,0.0,66.1
2025-09-09,Hubballi,Karnataka,15.3647,75.124,28.51,22.86,35.24,0.0,58.7
2025-09-09,Kolar,Karnataka,13.1367,78.1292,23.8,18.9,31.59,0.0,62.6
2025-09-09,Ludhiana,Punjab,30.901,75.8573,24.18,17.29,30.37,0.0,62.3
2025-09-09,Agra,Uttar Pradesh,27.1767,78.0081,27.13,21.92,32.73,0.0,50.1
2025-09-10,Nashik,Maharashtra,19.9975,73.7898,26.27,21.0,32.7,0.0,68.7
2025-09-10,Pune,Maharashtra,18.5204,73.8567,27.23,22.34,33.48,2.62,67.6
2025-09-10,Hubballi,Karnataka,15.3647,75.124,26.24,20.69,31.12,0.55,56.9
2025-09-10,Kolar,Karnataka,13.1367,78.1292,24.06,18.91,31.5,0.0,62.1
2025-09-10,Ludhiana,Punjab,30.901,75.8573,22.33,15.65,29.67,0.0,56.4
2025-09-10,Agra,Uttar Pradesh,27.1767,78.0081,25.0,17.58,31.69,9.64,50.2
2025-09-11,Nashik,Maharashtra,19.9975,73.7898,26.38,20.1,34.7,1.26,54.0
2025-09-11,Pune,Maharashtra,18.5204,73.8567,25.73,20.25,33.4,21.62,64.1
2025-09-11,Hubballi,Karnataka,15.3647,75.124,26.68,22.44,32.44,0.0,57.8
2025-09-11,Kolar,Karnataka,13.1367,78.1292,27.18,21.37,34.39,0.0,58.5
2025-09-11,Ludhiana,Punjab,30.901,75.8573,24.79,17.85,29.97,1.23,56.6
2025-09-11,Agra,Uttar Pradesh,27.1767,78.0081,26.7,20.16,34.89,0.0,56.2
2025-09-12,Nashik,Maharashtra,19.9975,73.7898,27.48,23.15,33.48,0.0,57.9
2025-09-12,Pune,Maharashtra,18.5204,73.8567,25.19,19.53,29.58,0.0,70.7
2025-09-12,Hubballi,Karnataka,15.3647,75.124,28.71,21.41,32.84,32.98,58.8
2025-09-12,Kolar,Karnataka,13.1367,78.1292,25.8,20.95,34.12,46.18,64.0
2025-09-12,Ludhiana,Punjab,30.901,75.8573,22.81,16.78,30.5,19.21,52.5
2025-09-12,Agra,Uttar Pradesh,27.1767,78.0081,25.02,18.93,32.94,35.38,49.0
2025-09-13,Nashik,Maharashtra,19.9975,73.7898,26.19,20.82,33.85,0.0,62.0
2025-09-13,Pune,Maharashtra,18.5204,73.8567,27.61,22.08,31.66,78.52,62.4
2025-09-13,Hubballi,Karnataka,15.3647,75.124,26.02,22.01,34.0,0.0,61.4
2025-09-13,Kolar,Karnataka,13.1367,78.1292,22.12,18.02,26.62,0.0,64.8
2025-09-13,Ludhiana,Punjab,30.901,75.8573,24.19,17.03,29.17,0.0,53.0
2025-09-13,Agra,Uttar Pradesh,27.1767,78.0081,26.0,21.37,33.32,0.0,54.3
2025-09-14,Nashik,Maharashtra,19.9975,73.7898,26.94,21.64,32.05,49.66,55.9
2025-09-14,Pune,Maharashtra,18.5204,73.8567,24.99,20.74,31.16,0.0,66.2
2025-09-14,Hubballi,Karnataka,15.3647,75.124,29.61,24.48,34.63,47.03,58.2
2025-09-14,Kolar,Karnataka,13.1367,78.1292,26.62,20.65,32.17,53.92,63.0
2025-09-14,Ludhiana,Punjab,30.901,75.8573,24.68,19.19,30.48,0.0,56.2
2025-09-14,Agra,Uttar Pradesh,27.1767,78.0081,28.49,21.61,33.72,7.92,55.0
2025-09-15,Nashik,Maharashtra,19.9975,73.7898,27.4,20.63,32.01,0.0,61.2
2025-09-15,Pune,Maharashtra,18.5204,73.8567,24.64,19.93,31.5,0.0,67.3
2025-09-15,Hubballi,Karnataka,15.3647,75.124,26.56,21.13,31.59,1.62,59.2
2025-09-15,Kolar,Karnataka,13.1367,78.1292,22.28,15.85,30.24,0.0,65.2
2025-09-15,Ludhiana,Punjab,30.901,75.8573,24.67,18.14,32.21,0.0,50.7
2025-09-15,Agra,Uttar Pradesh,27.1767,78.0081,25.83,19.9,31.99,0.85,55.9
2025-09-16,Nashik,Maharashtra,19.9975,73.7898,24.99,18.13,31.88,0.0,66.2
2025-09-16,Pune,Maharashtra,18.5204,73.8567,25.44,19.1,33.88,0.0,64.9
2025-09-16,Hubballi,Karnataka,15.3647,75.124,26.83,20.49,33.16,0.0,57.7
2025-09-16,Kolar,Karnataka,13.1367,78.1292,22.72,15.38,30.0,0.0,59.6
2025-09-16,Ludhiana,Punjab,30.901,75.8573,27.03,20.31,32.01,2.67,55.4
2025-09-16,Agra,Uttar Pradesh,27.1767,78.0081,25.59,19.71,32.57,4.17,52.7
2025-09-17,Nashik,Maharashtra,19.9975,73.7898,26.6,19.48,32.5,12.9,59.3
2025-09-17,Pune,Maharashtra,18.5204,73.8567,24.94,20.3,29.83,0.0,62.7
2025-09-17,Hubballi,Karnataka,15.3647,75.124,26.0,20.6,31.77,0.0,57.9
2025-09-17,Kolar,Karnataka,13.1367,78.1292,26.16,19.49,32.42,57.33,67.5
2025-09-17,Ludhiana,Punjab,30.901,75.8573,25.21,20.83,32.39,0.0,51.8
2025-09-17,Agra,Uttar Pradesh,27.1767,78.0081,26.74,21.24,31.31,0.0,52.4
2025-09-18,Nashik,Maharashtra,19.9975,73.7898,25.07,18.86,31.4,18.62,60.2
2025-09-18,Pune,Maharashtra,18.5204,73.8567,25.45,20.87,30.78,1.09,62.9
2025-09-18,Hubballi,Karnataka,15.3647,75.124,25.35,19.59,30.48,0.0,65.9
2025-09-18,Kolar,Karnataka,13.1367,78.1292,24.75,20.39,29.88,20.04,61.1
2025-09-18,Ludhiana,Punjab,30.901,75.8573,23.43,18.37,28.13,0.0,51.1
2025-09-18,Agra,Uttar Pradesh,27.1767,78.0081,27.62,20.98,33.02,0.0,56.2
2025-09-19,Nashik,Maharashtra,19.9975,73.7898,25.52,18.23,31.48,14.99,60.3
2025-09-19,Pune,Maharashtra,18.5204,73.8567,25.18,18.31,30.4,14.8,63.0
2025-09-19,Hubballi,Karnataka,15.3647,75.124,23.91,17.15,30.87,13.74,58.5
2025-09-19,Kolar,Karnataka,13.1367,78.1292,21.22,16.3,26.08,0.0,62.8
2025-09-19,Ludhiana,Punjab,30.901,75.8573,24.79,18.01,28.88,3.33,51.4
2025-09-19,Agra,Uttar Pradesh,27.1767,78.0081,24.63,20.27,28.98,0.0,52.7
2025-09-20,Nashik,Maharashtra,19.9975,73.7898,24.98,18.16,32.77,0.0,56.8
2025-09-20,Pune,Maharashtra,18.5204,73.8567,25.17,20.82,30.94,134.81,70.7
2025-09-20,Hubballi,Karnataka,15.3647,75.124,26.08,20.61,32.68,0.0,55.6
2025-09-20,Kolar,Karnataka,13.1367,78.1292,22.21,15.17,29.68,1.05,67.1
2025-09-20,Ludhiana,Punjab,30.901,75.8573,23.1,17.09,28.43,0.0,53.5
2025-09-20,Agra,Uttar Pradesh,27.1767,78.0081,23.37,16.26,28.75,0.0,48.6
2025-09-21,Nashik,Maharashtra,19.9975,73.7898,25.84,21.62,31.81,0.0,64.1
2025-09-21,Pune,Maharashtra,18.5204,73.8567,25.22,19.39,32.37,0.0,60.9
2025-09-21,Hubballi,Karnataka,15.3647,75.124,26.97,19.84,33.93,13.19,62.6
2025-09-21,Kolar,Karnataka,13.1367,78.1292,23.75,16.67,31.87,0.0,63.2
2025-09-21,Ludhiana,Punjab,30.901,75.8573,21.44,15.11,29.13,68.19,48.8
2025-09-21,Agra,Uttar Pradesh,27.1767,78.0081,24.77,19.76,32.09,0.0,63.0
2025-09-22,Nashik,Maharashtra,19.9975,73.7898,28.09,21.28,35.42,0.0,57.8
2025-09-22,Pune,Maharashtra,18.5204,73.8567,23.48,19.28,30.7,0.0,71.1
2025-09-22,Hubballi,Karnataka,15.3647,75.124,25.33,21.27,29.35,23.18,60.3
2025-09-22,Kolar,Karnataka,13.1367,78.1292,23.31,17.1,30.13,20.27,55.1
2025-09-22,Ludhiana,Punjab,30.901,75.8573,23.9,18.61,30.55,20.0,59.9
2025-09-22,Agra,Uttar Pradesh,27.1767,78.0081,23.29,18.8,27.71,0.0,54.4
2025-09-23,Nashik,Maharashtra,19.9975,73.7898,25.96,20.88,34.25,0.0,63.4
2025-09-23,Pune,Maharashtra,18.5204,73.8567,23.09,18.21,30.68,28.31,66.1
2025-09-23,Hubballi,Karnataka,15.3647,75.124,27.4,21.1,35.73,0.0,60.7
2025-09-23,Kolar,Karnataka,13.1367,78.1292,23.89,16.81,29.71,13.15,64.0
2025-09-23,Ludhiana,Punjab,30.901,75.8573,23.43,18.66,30.5,0.0,52.4
2025-09-23,Agra,Uttar Pradesh,27.1767,78.0081,25.68,20.46,33.18,23.81,52.0
2025-09-24,Nashik,Maharashtra,19.9975,73.7898,23.78,19.24,31.56,6.47,63.7
2025-09-24,Pune,Maharashtra,18.5204,73.8567,25.27,19.74,30.34,0.0,65.9
2025-09-24,Hubballi,Karnataka,15.3647,75.124,23.32,16.25,31.75,56.34,63.8
2025-09-24,Kolar,Karnataka,13.1367,78.1292,23.05,17.64,30.18,17.75,60.0
2025-09-24,Ludhiana,Punjab,30.901,75.8573,23.41,16.43,30.28,0.0,50.3
2025-09-24,Agra,Uttar Pradesh,27.1767,78.0081,26.12,21.19,33.97,1.31,47.3
2025-09-25,Nashik,Maharashtra,19.9975,73.7898,25.02,19.81,32.43,0.0,53.6
2025-09-25,Pune,Maharashtra,18.5204,73.8567,25.28,17.82,32.54,0.0,62.3
2025-09-25,Hubballi,Karnataka,15.3647,75.124,25.95,19.27,31.06,10.68,54.1
2025-09-25,Kolar,Karnataka,13.1367,78.1292,25.53,19.39,32.03,0.0,66.1
2025-09-25,Ludhiana,Punjab,30.901,75.8573,22.03,17.42,29.25,2.17,49.7
2025-09-25,Agra,Uttar Pradesh,27.1767,78.0081,26.28,21.62,31.97,0.0,51.7
2025-09-26,Nashik,Maharashtra,19.9975,73.7898,23.7,19.07,30.4,0.0,60.7
2025-09-26,Pune,Maharashtra,18.5204,73.8567,25.4,19.38,32.69,7.54,64.6
2025-09-26,Hubballi,Karnataka,15.3647,75.124,25.66,18.81,33.88,0.0,57.3
2025-09-26,Kolar,Karnataka,13.1367,78.1292,24.67,19.84,31.63,0.0,66.4
2025-09-26,Ludhiana,Punjab,30.901,75.8573,24.17,16.84,32.24,0.0,57.7
2025-09-26,Agra,Uttar Pradesh,27.1767,78.0081,24.33,20.16,29.43,10.48,50.6
2025-09-27,Nashik,Maharashtra,19.9975,73.7898,24.98,20.95,31.92,28.8,66.3
2025-09-27,Pune,Maharashtra,18.5204,73.8567,26.82,21.25,33.14,7.17,66.1
2025-09-27,Hubballi,Karnataka,15.3647,75.124,26.12,20.66,31.62,0.06,65.9
2025-09-27,Kolar,Karnataka,13.1367,78.1292,24.58,20.44,30.97,10.06,58.5
2025-09-27,Ludhiana,Punjab,30.901,75.8573,20.31,15.32,28.22,0.0,57.4
2025-09-27,Agra,Uttar Pradesh,27.1767,78.0081,24.91,20.43,32.16,0.0,50.2
2025-09-28,Nashik,Maharashtra,19.9975,73.7898,22.83,16.22,31.11,72.12,63.5
2025-09-28,Pune,Maharashtra,18.5204,73.8567,26.37,19.79,32.99,0.0,63.8
2025-09-28,Hubballi,Karnataka,15.3647,75.124,24.19,19.31,29.12,3.56,70.2
2025-09-28,Kolar,Karnataka,13.1367,78.1292,20.83,13.66,27.14,31.26,66.4
2025-09-28,Ludhiana,Punjab,30.901,75.8573,22.28,16.96,30.5,0.0,59.5
2025-09-28,Agra,Uttar Pradesh,27.1767,78.0081,24.45,19.95,30.93,46.84,48.3
2025-09-29,Nashik,Maharashtra,19.9975,73.7898,25.14,18.31,32.07,0.0,58.8
2025-09-29,Pune,Maharashtra,18.5204,73.8567,25.07,20.14,33.45,0.0,63.7
2025-09-29,Hubballi,Karnataka,15.3647,75.124,27.83,22.65,31.9,17.2,59.3
2025-09-29,Kolar,Karnataka,13.1367,78.1292,23.03,15.56,29.32,6.32,59.3
2025-09-29,Ludhiana,Punjab,30.901,75.8573,21.95,17.56,29.39,2.48,58.3
2025-09-29,Agra,Uttar Pradesh,27.1767,78.0081,24.37,17.29,32.35,0.0,50.1
2025-09-30,Nashik,Maharashtra,19.9975,73.7898,24.16,18.15,31.1,12.17,69.6
2025-09-30,Pune,Maharashtra,18.5204,73.8567,26.39,21.64,33.04,0.0,62.6
2025-09-30,Hubballi,Karnataka,15.3647,75.124,25.85,19.59,31.95,0.0,58.4
2025-09-30,Kolar,Karnataka,13.1367,78.1292,22.39,15.84,27.32,0.0,67.4
2025-09-30,Ludhiana,Punjab,30.901,75.8573,22.67,16.35,30.58,0.0,60.3
2025-09-30,Agra,Uttar Pradesh,27.1767,78.0081,25.47,19.96,29.8,2.62,44.7
2025-10-01,Nashik,Maharashtra,19.9975,73.7898,25.52,20.85,32.0,0.0,60.9
2025-10-01,Pune,Maharashtra,18.5204,73.8567,23.67,18.5,31.77,0.0,74.7
2025-10-01,Hubballi,Karnataka,15.3647,75.124,26.96,20.4,31.36,0.0,61.5
2025-10-01,Kolar,Karnataka,13.1367,78.1292,24.42,18.56,31.97,0.0,59.5
2025-10-01,Ludhiana,Punjab,30.901,75.8573,19.98,12.92,27.51,5.65,58.9
2025-10-01,Agra,Uttar Pradesh,27.1767,78.0081,22.22,15.33,27.81,0.0,55.8
2025-10-02,Nashik,Maharashtra,19.9975,73.7898,23.15,15.73,28.73,0.0,62.7
2025-10-02,Pune,Maharashtra,18.5204,73.8567,24.0,17.46,28.94,0.0,66.7
2025-10-02,Hubballi,Karnataka,15.3647,75.124,24.31,17.07,32.08,0.0,56.9
2025-10-02,Kolar,Karnataka,13.1367,78.1292,25.57,20.17,31.96,0.0,65.4
2025-10-02,Ludhiana,Punjab,30.901,75.8573,19.42,13.89,25.74,1.02,56.5
2025-10-02,Agra,Uttar Pradesh,27.1767,78.0081,23.29,16.79,28.51,0.0,49.1
2025-10-03,Nashik,Maharashtra,19.9975,73.7898,23.7,18.05,28.55,0.0,64.5
2025-10-03,Pune,Maharashtra,18.5204,73.8567,24.93,20.77,29.06,0.0,62.4
2025-10-03,Hubballi,Karnataka,15.3647,75.124,25.56,20.0,30.38,0.0,65.4
2025-10-03,Kolar,Karnataka,13.1367,78.1292,22.71,17.7,27.73,0.0,59.4
2025-10-03,Ludhiana,Punjab,30.901,75.8573,23.88,17.78,31.39,0.0,59.4
2025-10-03,Agra,Uttar Pradesh,27.1767,78.0081,24.69,18.0,32.68,0.0,56.5
2025-10-04,Nashik,Maharashtra,19.9975,73.7898,23.96,17.57,29.28,0.0,59.3
2025-10-04,Pune,Maharashtra,18.5204,73.8567,21.96,16.19,26.09,0.0,69.4
2025-10-04,Hubballi,Karnataka,15.3647,75.124,26.96,21.01,32.37,0.0,62.9
2025-10-04,Kolar,Karnataka,13.1367,78.1292,22.94,16.15,29.48,0.0,62.1
2025-10-04,Ludhiana,Punjab,30.901,75.8573,21.45,16.35,28.55,0.0,47.7
2025-10-04,Agra,Uttar Pradesh,27.1767,78.0081,24.88,18.99,32.25,0.0,48.7
2025-10-05,Nashik,Maharashtra,19.9975,73.7898,24.81,18.64,32.55,0.0,67.6
2025-10-05,Pune,Maharashtra,18.5204,73.8567,25.18,20.74,33.1,0.0,68.0
2025-10-05,Hubballi,Karnataka,15.3647,75.124,23.2,16.25,28.83,0.0,57.2
2025-10-05,Kolar,Karnataka,13.1367,78.1292,23.32,16.71,28.75,0.0,60.4
2025-10-05,Ludhiana,Punjab,30.901,75.8573,22.11,17.05,28.63,0.0,51.9
2025-10-05,Agra,Uttar Pradesh,27.1767,78.0081,25.16,19.21,31.75,0.0,59.0
2025-10-06,Nashik,Maharashtra,19.9975,73.7898,25.71,18.37,32.92,0.0,65.2
2025-10-06,Pune,Maharashtra,18.5204,73.8567,24.49,19.24,31.24,0.0,59.2
2025-10-06,Hubballi,Karnataka,15.3647,75.124,24.94,18.63,30.28,0.0,55.7
2025-10-06,Kolar,Karnataka,13.1367,78.1292,23.87,19.5,30.94,0.0,57.7
2025-10-06,Ludhiana,Punjab,30.901,75.8573,18.83,11.48,27.26,0.0,56.0
2025-10-06,Agra,Uttar Pradesh,27.1767,78.0081,23.69,17.9,31.32,2.27,54.2
2025-10-07,Nashik,Maharashtra,19.9975,73.7898,23.8,17.68,29.79,0.0,65.1
2025-10-07,Pune,Maharashtra,18.5204,73.8567,23.69,16.19,30.85,0.0,67.2
2025-10-07,Hubballi,Karnataka,15.3647,75.124,25.26,19.79,32.07,0.0,57.2
2025-10-07,Kolar,Karnataka,13.1367,78.1292,24.86,17.49,29.19,0.0,63.4
2025-10-07,Ludhiana,Punjab,30.901,75.8573,22.4,16.21,27.32,0.0,51.5
2025-10-07,Agra,Uttar Pradesh,27.1767,78.0081,24.05,18.36,30.02,0.0,50.6
2025-10-08,Nashik,Maharashtra,19.9975,73.7898,20.92,15.84,26.48,0.0,65.9
2025-10-08,Pune,Maharashtra,18.5204,73.8567,21.68,14.38,28.84,0.0,67.2
2025-10-08,Hubballi,Karnataka,15.3647,75.124,25.98,20.2,31.0,0.0,56.5
2025-10-08,Kolar,Karnataka,13.1367,78.1292,23.6,17.77,31.48,0.0,58.3
2025-10-08,Ludhiana,Punjab,30.901,75.8573,19.43,15.43,26.31,0.0,48.2
2025-10-08,Agra,Uttar Pradesh,27.1767,78.0081,22.78,17.74,31.24,0.0,55.0
2025-10-09,Nashik,Maharashtra,19.9975,73.7898,23.01,15.62,30.85,0.0,60.9
2025-10-09,Pune,Maharashtra,18.5204,73.8567,23.62,18.93,30.78,0.0,69.9
2025-10-09,Hubballi,Karnataka,15.3647,75.124,25.07,20.98,31.38,6.16,58.5
2025-10-09,Kolar,Karnataka,13.1367,78.1292,21.95,16.92,28.04,0.0,63.3
2025-10-09,Ludhiana,Punjab,30.901,75.8573,19.98,13.63,28.15,0.0,54.3
2025-10-09,Agra,Uttar Pradesh,27.1767,78.0081,22.84,16.96,29.22,0.0,49.4
2025-10-10,Nashik,Maharashtra,19.9975,73.7898,26.12,21.22,34.38,0.0,63.4
2025-10-10,Pune,Maharashtra,18.5204,73.8567,24.21,17.92,30.33,0.0,62.1
2025-10-10,Hubballi,Karnataka,15.3647,75.124,25.85,18.6,30.14,0.0,56.3
2025-10-10,Kolar,Karnataka,13.1367,78.1292,22.67,15.89,27.59,0.0,64.9
2025-10-10,Ludhiana,Punjab,30.901,75.8573,18.56,11.99,24.73,0.0,52.2
2025-10-10,Agra,Uttar Pradesh,27.1767,78.0081,24.25,17.77,31.35,0.0,53.7
2025-10-11,Nashik,Maharashtra,19.9975,73.7898,24.65,20.17,32.87,0.0,59.8
2025-10-11,Pune,Maharashtra,18.5204,73.8567,22.64,17.3,29.75,0.0,55.5
2025-10-11,Hubballi,Karnataka,15.3647,75.124,24.91,18.4,32.15,0.0,57.9
2025-10-11,Kolar,Karnataka,13.1367,78.1292,21.54,14.36,29.32,0.0,62.8
2025-10-11,Ludhiana,Punjab,30.901,75.8573,19.89,15.3,26.44,0.0,57.6
2025-10-11,Agra,Uttar Pradesh,27.1767,78.0081,22.72,15.46,28.63,0.0,52.5
2025-10-12,Nashik,Maharashtra,19.9975,73.7898,22.99,17.84,27.86,0.0,60.9
2025-10-12,Pune,Maharashtra,18.5204,73.8567,22.38,17.2,27.79,0.0,59.3
2025-10-12,Hubballi,Karnataka,15.3647,75.124,24.89,19.89,29.83,0.0,58.0
2025-10-12,Kolar,Karnataka,13.1367,78.1292,24.03,18.56,28.97,0.0,67.0
2025-10-12,Ludhiana,Punjab,30.901,75.8573,19.9,15.88,24.3,0.0,58.7
2025-10-12,Agra,Uttar Pradesh,27.1767,78.0081,24.08,19.18,30.81,0.0,53.8
2025-10-13,Nashik,Maharashtra,19.9975,73.7898,23.13,16.64,29.21,14.21,67.9
2025-10-13,Pune,Maharashtra,18.5204,73.8567,22.03,15.44,26.99,0.0,63.7
2025-10-13,Hubballi,Karnataka,15.3647,75.124,27.45,21.6,34.04,0.0,61.9
2025-10-13,Kolar,Karnataka,13.1367,78.1292,20.75,15.22,25.63,0.0,61.4
2025-10-13,Ludhiana,Punjab,30.901,75.8573,20.1,13.14,25.94,0.0,58.4
2025-10-13,Agra,Uttar Pradesh,27.1767,78.0081,22.8,18.17,31.25,0.0,54.5
2025-10-14,Nashik,Maharashtra,19.9975,73.7898,23.8,18.69,31.12,0.0,57.4
2025-10-14,Pune,Maharashtra,18.5204,73.8567,24.68,18.42,32.78,0.0,63.8
2025-10-14,Hubballi,Karnataka,15.3647,75.124,26.28,20.99,33.63,0.0,67.5
2025-10-14,Kolar,Karnataka,13.1367,78.1292,24.24,18.19,29.73,0.0,68.7
2025-10-14,Ludhiana,Punjab,30.901,75.8573,23.48,17.07,28.55,0.0,59.2
2025-10-14,Agra,Uttar Pradesh,27.1767,78.0081,23.83,18.94,29.57,0.0,49.8
2025-10-15,Nashik,Maharashtra,19.9975,73.7898,20.36,13.71,24.71,0.0,62.7
2025-10-15,Pune,Maharashtra,18.5204,73.8567,23.41,16.41,28.55,0.0,66.1
2025-10-15,Hubballi,Karnataka,15.3647,75.124,26.35,22.27,31.81,0.0,61.6
2025-10-15,Kolar,Karnataka,13.1367,78.1292,21.75,14.99,30.23,0.0,63.7
2025-10-15,Ludhiana,Punjab,30.901,75.8573,18.42,11.12,25.39,0.0,52.1
2025-10-15,Agra,Uttar Pradesh,27.1767,78.0081,21.6,17.11,27.67,0.0,46.9
2025-10-16,Nashik,Maharashtra,19.9975,73.7898,22.14,15.49,30.3,0.0,61.0
2025-10-16,Pune,Maharashtra,18.5204,73.8567,21.89,17.73,27.94,0.0,58.5
2025-10-16,Hubballi,Karnataka,15.3647,75.124,22.88,17.1,30.08,0.0,55.4
2025-10-16,Kolar,Karnataka,13.1367,78.1292,20.34,14.56,28.3,0.0,62.5
2025-10-16,Ludhiana,Punjab,30.901,75.8573,20.78,14.64,28.59,0.0,55.1
2025-10-16,Agra,Uttar Pradesh,27.1767,78.0081,22.45,16.21,27.28,0.0,54.5
2025-10-17,Nashik,Maharashtra,19.9975,73.7898,23.96,19.53,31.65,0.0,65.7
2025-10-17,Pune,Maharashtra,18.5204,73.8567,19.76,14.91,24.09,0.0,64.6
2025-10-17,Hubballi,Karnataka,15.3647,75.124,24.13,19.71,29.05,0.0,58.4
2025-10-17,Kolar,Karnataka,13.1367,78.1292,19.09,13.5,25.56,0.0,59.5
2025-10-17,Ludhiana,Punjab,30.901,75.8573,18.97,14.34,24.45,0.0,52.9
2025-10-17,Agra,Uttar Pradesh,27.1767,78.0081,19.97,14.33,25.94,0.0,52.5
2025-10-18,Nashik,Maharashtra,19.9975,73.7898,21.87,15.03,28.35,0.0,61.1
2025-10-18,Pune,Maharashtra,18.5204,73.8567,21.76,16.99,27.17,0.0,62.3
2025-10-18,Hubballi,Karnataka,15.3647,75.124,25.12,18.65,33.05,0.0,60.3
2025-10-18,Kolar,Karnataka,13.1367,78.1292,21.6,16.98,29.49,0.0,62.7
2025-10-18,Ludhiana,Punjab,30.901,75.8573,18.98,13.25,25.08,0.0,54.2
2025-10-18,Agra,Uttar Pradesh,27.1767,78.0081,21.59,17.43,29.47,0.0,53.9
2025-10-19,Nashik,Maharashtra,19.9975,73.7898,21.94,14.68,30.13,0.0,58.9
2025-10-19,Pune,Maharashtra,18.5204,73.8567,23.54,17.47,30.38,0.0,66.9
2025-10-19,Hubballi,Karnataka,15.3647,75.124,25.12,18.52,32.54,0.0,63.5
2025-10-19,Kolar,Karnataka,13.1367,78.1292,21.41,14.39,28.17,4.82,63.7
2025-10-19,Ludhiana,Punjab,30.901,75.8573,19.31,13.91,27.01,0.0,56.9
2025-10-19,Agra,Uttar Pradesh,27.1767,78.0081,20.02,14.41,25.29,0.0,51.7
2025-10-20,Nashik,Maharashtra,19.9975,73.7898,21.91,16.98,29.5,7.83,57.1
2025-10-20,Pune,Maharashtra,18.5204,73.8567,21.36,13.97,28.46,0.0,64.8
2025-10-20,Hubballi,Karnataka,15.3647,75.124,25.07,18.12,31.63,0.0,52.5
2025-10-20,Kolar,Karnataka,13.1367,78.1292,20.18,14.96,27.48,0.0,61.1
2025-10-20,Ludhiana,Punjab,30.901,75.8573,17.78,12.48,23.71,0.0,50.3
2025-10-20,Agra,Uttar Pradesh,27.1767,78.0081,22.92,15.8,29.85,0.0,52.9
2025-10-21,Nashik,Maharashtra,19.9975,73.7898,22.47,18.0,28.1,0.0,61.4
2025-10-21,Pune,Maharashtra,18.5204,73.8567,22.63,18.42,28.6,0.0,63.5
2025-10-21,Hubballi,Karnataka,15.3647,75.124,24.14,19.9,31.13,0.0,48.4
2025-10-21,Kolar,Karnataka,13.1367,78.1292,22.6,15.32,27.61,0.0,58.8
2025-10-21,Ludhiana,Punjab,30.901,75.8573,20.7,13.98,27.86,0.0,56.0
2025-10-21,Agra,Uttar Pradesh,27.1767,78.0081,20.97,15.4,27.01,0.0,57.8
2025-10-22,Nashik,Maharashtra,19.9975,73.7898,24.27,18.7,32.04,2.75,58.0
2025-10-22,Pune,Maharashtra,18.5204,73.8567,23.62,16.57,31.08,0.0,67.5
2025-10-22,Hubballi,Karnataka,15.3647,75.124,24.68,18.09,31.39,0.0,62.1
2025-10-22,Kolar,Karnataka,13.1367,78.1292,20.9,13.61,27.74,0.0,61.8
2025-10-22,Ludhiana,Punjab,30.901,75.8573,16.23,10.04,24.22,0.0,66.3
2025-10-22,Agra,Uttar Pradesh,27.1767,78.0081,20.76,16.3,24.78,0.0,49.2
2025-10-23,Nashik,Maharashtra,19.9975,73.7898,21.51,16.1,26.54,0.0,56.0
2025-10-23,Pune,Maharashtra,18.5204,73.8567,22.03,15.73,29.67,0.0,68.1
2025-10-23,Hubballi,Karnataka,15.3647,75.124,25.28,21.05,33.03,0.0,56.0
2025-10-23,Kolar,Karnataka,13.1367,78.1292,21.05,15.09,25.19,0.0,72.9
2025-10-23,Ludhiana,Punjab,30.901,75.8573,17.95,11.3,24.43,0.0,53.5
2025-10-23,Agra,Uttar Pradesh,27.1767,78.0081,20.71,14.78,25.85,0.0,56.0
2025-10-24,Nashik,Maharashtra,19.9975,73.7898,23.6,17.78,30.6,0.0,64.7
2025-10-24,Pune,Maharashtra,18.5204,73.8567,20.99,13.91,25.01,0.0,64.1
2025-10-24,Hubballi,Karnataka,15.3647,75.124,26.4,21.24,31.9,0.0,59.9
2025-10-24,Kolar,Karnataka,13.1367,78.1292,19.35,14.92,24.67,0.0,65.4
2025-10-24,Ludhiana,Punjab,30.901,75.8573,16.88,9.93,23.53,0.0,50.1
2025-10-24,Agra,Uttar Pradesh,27.1767,78.0081,21.53,14.03,29.86,0.0,50.0
2025-10-25,Nashik,Maharashtra,19.9975,73.7898,24.56,20.11,29.07,0.0,60.5
2025-10-25,Pune,Maharashtra,18.5204,73.8567,21.87,16.41,30.34,0.0,67.6
2025-10-25,Hubballi,Karnataka,15.3647,75.124,24.03,18.88,29.85,0.0,59.8
2025-10-25,Kolar,Karnataka,13.1367,78.1292,22.64,15.5,29.22,0.0,64.3
2025-10-25,Ludhiana,Punjab,30.901,75.8573,18.04,11.79,23.14,0.0,54.8
2025-10-25,Agra,Uttar Pradesh,27.1767,78.0081,20.56,14.07,27.17,0.0,48.0
2025-10-26,Nashik,Maharashtra,19.9975,73.7898,22.17,18.05,27.5,0.0,61.2
2025-10-26,Pune,Maharashtra,18.5204,73.8567,21.41,17.23,26.31,0.0,65.0
2025-10-26,Hubballi,Karnataka,15.3647,75.124,23.0,18.41,31.21,0.0,54.4
2025-10-26,Kolar,Karnataka,13.1367,78.1292,21.63,16.19,27.36,0.0,58.8
2025-10-26,Ludhiana,Punjab,30.901,75.8573,19.47,14.75,26.26,0.0,54.8
2025-10-26,Agra,Uttar Pradesh,27.1767,78.0081,19.48,14.56,27.31,0.0,55.3
2025-10-27,Nashik,Maharashtra,19.9975,73.7898,20.63,16.58,28.91,0.0,63.7
2025-10-27,Pune,Maharashtra,18.5204,73.8567,20.62,14.59,25.71,0.0,64.5
2025-10-27,Hubballi,Karnataka,15.3647,75.124,21.88,15.87,27.19,0.0,50.5
2025-10-27,Kolar,Karnataka,13.1367,78.1292,18.69,13.17,26.93,0.0,63.7
2025-10-27,Ludhiana,Punjab,30.901,75.8573,16.72,12.72,22.54,0.0,62.6
2025-10-27,Agra,Uttar Pradesh,27.1767,78.0081,19.23,12.16,23.57,0.0,56.5
2025-10-28,Nashik,Maharashtra,19.9975,73.7898,21.18,16.84,26.44,0.0,68.2
2025-10-28,Pune,Maharashtra,18.5204,73.8567,20.37,13.26,25.37,0.0,65.2
2025-10-28,Hubballi,Karnataka,15.3647,75.124,25.74,18.4,33.65,0.0,58.0
2025-10-28,Kolar,Karnataka,13.1367,78.1292,23.62,18.57,28.52,0.0,60.7
2025-10-28,Ludhiana,Punjab,30.901,75.8573,16.83,12.77,24.71,0.0,51.0
2025-10-28,Agra,Uttar Pradesh,27.1767,78.0081,21.67,14.97,28.65,0.0,54.0
2025-10-29,Nashik,Maharashtra,19.9975,73.7898,22.13,15.67,30.4,0.0,59.3
2025-10-29,Pune,Maharashtra,18.5204,73.8567,24.06,18.81,29.41,0.0,68.8
2025-10-29,Hubballi,Karnataka,15.3647,75.124,23.58,18.76,31.61,0.0,52.2
2025-10-29,Kolar,Karnataka,13.1367,78.1292,21.42,15.55,28.61,0.0,66.6
2025-10-29,Ludhiana,Punjab,30.901,75.8573,18.4,12.85,24.8,0.0,53.0
2025-10-29,Agra,Uttar Pradesh,27.1767,78.0081,20.14,15.35,26.29,0.0,58.8
2025-10-30,Nashik,Maharashtra,19.9975,73.7898,23.91,18.09,29.7,0.0,65.9
2025-10-30,Pune,Maharashtra,18.5204,73.8567,24.07,16.82,30.02,0.0,63.6
2025-10-30,Hubballi,Karnataka,15.3647,75.124,24.45,20.12,30.54,4.39,60.0
2025-10-30,Kolar,Karnataka,13.1367,78.1292,21.65,16.32,29.26,0.0,69.8
2025-10-30,Ludhiana,Punjab,30.901,75.8573,14.18,8.65,22.39,0.0,56.2
2025-10-30,Agra,Uttar Pradesh,27.1767,78.0081,18.84,11.76,27.19,0.0,47.3
2025-10-31,Nashik,Maharashtra,19.9975,73.7898,20.55,14.96,27.57,0.0,62.7
2025-10-31,Pune,Maharashtra,18.5204,73.8567,20.98,16.05,28.17,0.0,65.5
2025-10-31,Hubballi,Karnataka,15.3647,75.124,23.44,19.14,31.02,0.0,62.7
2025-10-31,Kolar,Karnataka,13.1367,78.1292,22.31,18.2,30.72,0.0,60.7
2025-10-31,Ludhiana,Punjab,30.901,75.8573,14.57,9.39,22.1,0.0,52.3
2025-10-31,Agra,Uttar Pradesh,27.1767,78.0081,19.63,13.25,24.43,0.0,45.9
2025-11-01,Nashik,Maharashtra,19.9975,73.7898,21.42,16.52,26.66,0.0,63.7
2025-11-01,Pune,Maharashtra,18.5204,73.8567,20.75,14.96,25.79,0.0,66.5
2025-11-01,Hubballi,Karnataka,15.3647,75.124,22.33,15.71,29.54,0.0,58.1
2025-11-01,Kolar,Karnataka,13.1367,78.1292,20.25,15.11,28.22,0.0,72.7
2025-11-01,Ludhiana,Punjab,30.901,75.8573,16.43,11.31,22.26,0.0,52.9
2025-11-01,Agra,Uttar Pradesh,27.1767,78.0081,20.09,12.88,24.64,0.0,54.8
2025-11-02,Nashik,Maharashtra,19.9975,73.7898,21.92,16.69,29.53,0.0,54.6
2025-11-02,Pune,Maharashtra,18.5204,73.8567,20.85,16.42,27.08,0.0,68.0
2025-11-02,Hubballi,Karnataka,15.3647,75.124,24.6,17.33,30.49,0.0,61.7
2025-11-02,Kolar,Karnataka,13.1367,78.1292,20.23,14.02,28.15,0.0,66.5
2025-11-02,Ludhiana,Punjab,30.901,75.8573,18.85,11.59,24.6,0.0,50.5
2025-11-02,Agra,Uttar Pradesh,27.1767,78.0081,19.65,14.53,24.61,0.0,50.0
2025-11-03,Nashik,Maharashtra,19.9975,73.7898,22.41,15.83,27.09,0.0,61.0
2025-11-03,Pune,Maharashtra,18.5204,73.8567,20.22,15.93,26.55,0.0,67.4
2025-11-03,Hubballi,Karnataka,15.3647,75.124,25.36,19.97,30.78,0.0,62.4
2025-11-03,Kolar,Karnataka,13.1367,78.1292,20.21,13.57,28.11,0.0,59.7
2025-11-03,Ludhiana,Punjab,30.901,75.8573,18.43,11.69,23.12,0.0,50.9
2025-11-03,Agra,Uttar Pradesh,27.1767,78.0081,18.67,11.29,26.62,0.0,45.2
2025-11-04,Nashik,Maharashtra,19.9975,73.7898,23.37,19.28,30.6,0.0,56.7
2025-11-04,Pune,Maharashtra,18.5204,73.8567,20.48,14.59,25.3,0.0,69.6
2025-11-04,Hubballi,Karnataka,15.3647,75.124,24.0,16.71,28.13,0.0,62.5
2025-11-04,Kolar,Karnataka,13.1367,78.1292,20.36,15.67,25.5,0.0,67.1
2025-11-04,Ludhiana,Punjab,30.901,75.8573,19.06,14.74,26.0,0.0,52.6
2025-11-04,Agra,Uttar Pradesh,27.1767,78.0081,19.6,13.78,25.41,0.0,55.8
2025-11-05,Nashik,Maharashtra,19.9975,73.7898,19.91,15.12,25.7,0.0,65.1
2025-11-05,Pune,Maharashtra,18.5204,73.8567,19.94,13.07,26.46,0.0,63.6
2025-11-05,Hubballi,Karnataka,15.3647,75.124,24.75,18.3,30.97,0.0,58.6
2025-11-05,Kolar,Karnataka,13.1367,78.1292,19.2,14.43,26.38,0.0,63.9
2025-11-05,Ludhiana,Punjab,30.901,75.8573,17.59,12.9,23.11,0.0,57.8
2025-11-05,Agra,Uttar Pradesh,27.1767,78.0081,18.19,13.28,22.91,0.0,50.6
2025-11-06,Nashik,Maharashtra,19.9975,73.7898,20.72,15.92,27.61,0.0,65.0
2025-11-06,Pune,Maharashtra,18.5204,73.8567,22.34,18.25,28.22,0.0,61.5
2025-11-06,Hubballi,Karnataka,15.3647,75.124,24.36,20.31,30.7,0.0,63.1
2025-11-06,Kolar,Karnataka,13.1367,78.1292,23.79,16.48,30.6,0.0,66.3
2025-11-06,Ludhiana,Punjab,30.901,75.8573,17.32,12.46,23.6,0.0,45.7
2025-11-06,Agra,Uttar Pradesh,27.1767,78.0081,20.48,16.42,25.44,0.0,48.8
2025-11-07,Nashik,Maharashtra,19.9975,73.7898,20.91,14.98,27.54,0.0,64.7
2025-11-07,Pune,Maharashtra,18.5204,73.8567,19.75,13.8,25.48,0.0,60.5
2025-11-07,Hubballi,Karnataka,15.3647,75.124,23.43,18.37,28.29,0.0,54.0
2025-11-07,Kolar,Karnataka,13.1367,78.1292,18.92,12.51,25.85,6.02,54.5
2025-11-07,Ludhiana,Punjab,30.901,75.8573,18.29,13.3,25.64,0.0,57.7
2025-11-07,Agra,Uttar Pradesh,27.1767,78.0081,18.49,14.39,26.01,0.0,50.8
2025-11-08,Nashik,Maharashtra,19.9975,73.7898,20.14,13.18,26.72,0.0,60.2
2025-11-08,Pune,Maharashtra,18.5204,73.8567,19.29,13.44,26.29,0.0,59.8
2025-11-08,Hubballi,Karnataka,15.3647,75.124,22.8,17.95,29.35,0.0,55.0
2025-11-08,Kolar,Karnataka,13.1367,78.1292,22.21,14.98,26.9,0.0,55.5
2025-11-08,Ludhiana,Punjab,30.901,75.8573,17.87,13.36,23.99,0.0,58.7
2025-11-08,Agra,Uttar Pradesh,27.1767,78.0081,20.95,16.88,26.23,0.0,52.8
2025-11-09,Nashik,Maharashtra,19.9975,73.7898,20.25,13.16,26.46,0.0,62.1
2025-11-09,Pune,Maharashtra,18.5204,73.8567,20.13,13.01,27.12,0.0,68.3
2025-11-09,Hubballi,Karnataka,15.3647,75.124,24.51,18.52,30.65,4.47,62.3
2025-11-09,Kolar,Karnataka,13.1367,78.1292,20.99,16.59,28.3,0.0,64.8
2025-11-09,Ludhiana,Punjab,30.901,75.8573,16.53,10.73,24.77,0.0,55.0
2025-11-09,Agra,Uttar Pradesh,27.1767,78.0081,20.9,14.18,27.18,0.0,49.5
2025-11-10,Nashik,Maharashtra,19.9975,73.7898,19.39,12.8,24.58,0.0,63.2
2025-11-10,Pune,Maharashtra,18.5204,73.8567,21.62,16.46,27.52,0.0,66.4
2025-11-10,Hubballi,Karnataka,15.3647,75.124,24.41,18.45,30.88,0.0,60.6
2025-11-10,Kolar,Karnataka,13.1367,78.1292,19.9,15.9,23.97,0.0,67.1
2025-11-10,Ludhiana,Punjab,30.901,75.8573,16.03,11.23,22.98,0.0,59.0
2025-11-10,Agra,Uttar Pradesh,27.1767,78.0081,18.82,12.29,26.49,0.0,47.7
2025-11-11,Nashik,Maharashtra,19.9975,73.7898,22.34,17.49,29.74,0.0,69.0
2025-11-11,Pune,Maharashtra,18.5204,73.8567,22.25,16.38,29.15,0.0,66.7
2025-11-11,Hubballi,Karnataka,15.3647,75.124,25.2,20.93,31.93,0.0,59.0
2025-11-11,Kolar,Karnataka,13.1367,78.1292,19.15,14.35,24.98,0.0,66.4
2025-11-11,Ludhiana,Punjab,30.901,75.8573,17.51,10.2,25.73,0.0,52.1
2025-11-11,Agra,Uttar Pradesh,27.1767,78.0081,20.8,16.18,25.65,0.0,48.1
2025-11-12,Nashik,Maharashtra,19.9975,73.7898,21.18,16.57,29.45,0.0,65.1
2025-11-12,Pune,Maharashtra,18.5204,73.8567,20.54,16.32,28.24,0.0,69.8
2025-11-12,Hubballi,Karnataka,15.3647,75.124,22.19,16.84,29.16,0.0,62.5
2025-11-12,Kolar,Karnataka,13.1367,78.1292,21.21,14.64,28.96,0.0,67.2
2025-11-12,Ludhiana,Punjab,30.901,75.8573,15.89,8.54,20.25,0.0,48.8
2025-11-12,Agra,Uttar Pradesh,27.1767,78.0081,17.82,13.68,25.32,13.09,46.1
2025-11-13,Nashik,Maharashtra,19.9975,73.7898,22.92,18.13,31.34,0.0,62.3
2025-11-13,Pune,Maharashtra,18.5204,73.8567,21.36,14.52,28.24,0.0,60.9
2025-11-13,Hubballi,Karnataka,15.3647,75.124,22.26,17.08,30.11,0.0,61.4
2025-11-13,Kolar,Karnataka,13.1367,78.1292,20.39,15.06,28.62,0.0,62.0
2025-11-13,Ludhiana,Punjab,30.901,75.8573,17.0,11.18,22.33,0.0,53.8
2025-11-13,Agra,Uttar Pradesh,27.1767,78.0081,18.37,12.4,23.22,0.0,48.8
2025-11-14,Nashik,Maharashtra,19.9975,73.7898,21.62,16.28,28.75,0.0,65.9
2025-11-14,Pune,Maharashtra,18.5204,73.8567,21.33,14.08,25.7,0.0,67.9
2025-11-14,Hubballi,Karnataka,15.3647,75.124,23.53,16.68,27.83,0.0,62.2
2025-11-14,Kolar,Karnataka,13.1367,78.1292,19.88,12.9,28.32,0.0,72.8
2025-11-14,Ludhiana,Punjab,30.901,75.8573,17.1,10.98,21.89,0.0,62.3
2025-11-14,Agra,Uttar Pradesh,27.1767,78.0081,17.36,12.03,24.84,0.0,65.7
2025-11-15,Nashik,Maharashtra,19.9975,73.7898,19.42,12.2,27.88,0.0,67.6
2025-11-15,Pune,Maharashtra,18.5204,73.8567,18.41,13.18,23.83,0.0,66.5
2025-11-15,Hubballi,Karnataka,15.3647,75.124,22.35,16.16,28.54,0.0,60.1
2025-11-15,Kolar,Karnataka,13.1367,78.1292,22.32,18.04,28.44,0.0,57.1
2025-11-15,Ludhiana,Punjab,30.901,75.8573,15.28,9.96,21.53,0.0,52.7
2025-11-15,Agra,Uttar Pradesh,27.1767,78.0081,18.53,13.92,26.03,0.0,51.3
2025-11-16,Nashik,Maharashtra,19.9975,73.7898,19.82,12.84,27.16,0.0,65.1
2025-11-16,Pune,Maharashtra,18.5204,73.8567,20.52,16.47,27.53,0.0,65.8
2025-11-16,Hubballi,Karnataka,15.3647,75.124,25.5,21.35,32.56,0.0,58.7
2025-11-16,Kolar,Karnataka,13.1367,78.1292,21.49,15.65,25.79,0.0,62.9
2025-11-16,Ludhiana,Punjab,30.901,75.8573,17.99,11.63,24.62,0.0,53.4
2025-11-16,Agra,Uttar Pradesh,27.1767,78.0081,17.32,12.61,24.6,0.0,51.7
2025-11-17,Nashik,Maharashtra,19.9975,73.7898,21.61,15.1,28.18,0.0,65.9
2025-11-17,Pune,Maharashtra,18.5204,73.8567,20.25,14.29,25.22,0.0,62.3
2025-11-17,Hubballi,Karnataka,15.3647,75.124,23.31,17.13,29.89,0.0,63.6
2025-11-17,Kolar,Karnataka,13.1367,78.1292,21.86,15.19,27.73,0.0,56.7
2025-11-17,Ludhiana,Punjab,30.901,75.8573,15.65,11.39,21.46,0.0,51.8
2025-11-17,Agra,Uttar Pradesh,27.1767,78.0081,18.73,13.08,25.73,0.0,47.2
2025-11-18,Nashik,Maharashtra,19.9975,73.7898,19.86,14.53,24.68,0.0,55.4
2025-11-18,Pune,Maharashtra,18.5204,73.8567,18.96,14.06,26.77,0.0,62.9
2025-11-18,Hubballi,Karnataka,15.3647,75.124,21.29,17.02,26.2,0.0,65.5
2025-11-18,Kolar,Karnataka,13.1367,78.1292,21.27,13.88,27.44,0.0,67.2
2025-11-18,Ludhiana,Punjab,30.901,75.8573,15.59,10.54,21.52,0.0,52.4
2025-11-18,Agra,Uttar Pradesh,27.1767,78.0081,18.48,13.41,23.5,0.0,56.1
2025-11-19,Nashik,Maharashtra,19.9975,73.7898,20.69,13.22,28.84,0.0,64.2
2025-11-19,Pune,Maharashtra,18.5204,73.8567,17.79,11.91,22.49,0.0,64.8
2025-11-19,Hubballi,Karnataka,15.3647,75.124,24.75,20.69,32.43,0.0,59.2
2025-11-19,Kolar,Karnataka,13.1367,78.1292,21.64,16.71,26.38,0.0,57.3
2025-11-19,Ludhiana,Punjab,30.901,75.8573,16.31,10.97,20.73,0.0,58.1
2025-11-19,Agra,Uttar Pradesh,27.1767,78.0081,17.1,12.56,24.02,0.0,48.7
2025-11-20,Nashik,Maharashtra,19.9975,73.7898,19.11,14.4,25.56,0.0,59.4
2025-11-20,Pune,Maharashtra,18.5204,73.8567,21.66,14.33,26.72,0.0,70.2
2025-11-20,Hubballi,Karnataka,15.3647,75.124,25.73,20.57,33.48,0.0,59.7
2025-11-20,Kolar,Karnataka,13.1367,78.1292,22.36,14.97,29.84,0.0,62.2
2025-11-20,Ludhiana,Punjab,30.901,75.8573,15.84,10.43,21.43,0.0,65.4
2025-11-20,Agra,Uttar Pradesh,27.1767,78.0081,18.81,11.76,23.76,0.0,51.5
2025-11-21,Nashik,Maharashtra,19.9975,73.7898,20.39,15.29,27.33,0.0,64.8
2025-11-21,Pune,Maharashtra,18.5204,73.8567,21.82,15.01,26.56,0.0,69.6
2025-11-21,Hubballi,Karnataka,15.3647,75.124,24.23,18.05,30.98,0.0,69.3
2025-11-21,Kolar,Karnataka,13.1367,78.1292,21.5,16.55,26.15,0.0,61.5
2025-11-21,Ludhiana,Punjab,30.901,75.8573,14.88,8.25,23.36,0.0,56.4
2025-11-21,Agra,Uttar Pradesh,27.1767,78.0081,17.33,10.37,23.94,0.0,48.6
2025-11-22,Nashik,Maharashtra,19.9975,73.7898,20.59,15.21,29.03,0.0,62.1
2025-11-22,Pune,Maharashtra,18.5204,73.8567,22.07,17.42,26.63,0.0,62.7
2025-11-22,Hubballi,Karnataka,15.3647,75.124,20.47,15.66,27.29,0.0,60.2
2025-11-22,Kolar,Karnataka,13.1367,78.1292,20.08,15.13,28.08,0.0,62.9
2025-11-22,Ludhiana,Punjab,30.901,75.8573,16.66,9.68,22.02,0.0,56.7
2025-11-22,Agra,Uttar Pradesh,27.1767,78.0081,18.88,12.42,26.93,0.0,47.6
2025-11-23,Nashik,Maharashtra,19.9975,73.7898,21.02,15.98,27.57,0.0,66.9
2025-11-23,Pune,Maharashtra,18.5204,73.8567,20.44,15.66,25.12,0.0,64.3
2025-11-23,Hubballi,Karnataka,15.3647,75.124,23.14,16.26,27.57,0.0,52.4
2025-11-23,Kolar,Karnataka,13.1367,78.1292,20.75,14.17,25.49,0.0,57.9
2025-11-23,Ludhiana,Punjab,30.901,75.8573,16.53,9.55,24.83,0.0,57.1
2025-11-23,Agra,Uttar Pradesh,27.1767,78.0081,19.71,14.4,24.85,1.89,47.3
2025-11-24,Nashik,Maharashtra,19.9975,73.7898,19.26,14.94,26.06,0.0,62.4
2025-11-24,Pune,Maharashtra,18.5204,73.8567,18.6,12.48,23.95,0.0,62.7
2025-11-24,Hubballi,Karnataka,15.3647,75.124,24.26,19.78,32.55,0.0,57.0
2025-11-24,Kolar,Karnataka,13.1367,78.1292,21.46,15.09,28.19,0.0,62.6
2025-11-24,Ludhiana,Punjab,30.901,75.8573,16.86,12.41,24.57,0.0,57.9
2025-11-24,Agra,Uttar Pradesh,27.1767,78.0081,18.62,12.34,26.08,0.0,52.7
2025-11-25,Nashik,Maharashtra,19.9975,73.7898,19.66,13.31,26.03,0.0,60.6
2025-11-25,Pune,Maharashtra,18.5204,73.8567,20.31,14.81,24.46,0.0,65.2
2025-11-25,Hubballi,Karnataka,15.3647,75.124,24.51,18.7,29.28,0.0,57.5
2025-11-25,Kolar,Karnataka,13.1367,78.1292,20.84,15.1,28.53,12.91,65.0
2025-11-25,Ludhiana,Punjab,30.901,75.8573,16.26,9.82,21.65,0.0,56.9
2025-11-25,Agra,Uttar Pradesh,27.1767,78.0081,17.73,10.94,23.18,0.0,49.4
2025-11-26,Nashik,Maharashtra,19.9975,73.7898,20.29,13.45,26.34,0.0,61.3
2025-11-26,Pune,Maharashtra,18.5204,73.8567,21.69,16.0,25.95,0.0,68.2
2025-11-26,Hubballi,Karnataka,15.3647,75.124,23.67,16.65,27.99,0.0,58.8
2025-11-26,Kolar,Karnataka,13.1367,78.1292,22.05,16.43,28.03,0.0,60.7
2025-11-26,Ludhiana,Punjab,30.901,75.8573,15.47,10.41,21.21,0.0,55.0
2025-11-26,Agra,Uttar Pradesh,27.1767,78.0081,16.62,11.17,23.18,0.0,50.0
2025-11-27,Nashik,Maharashtra,19.9975,73.7898,21.14,14.65,25.25,0.0,64.4
2025-11-27,Pune,Maharashtra,18.5204,73.8567,19.8,13.86,24.05,0.0,71.0
2025-11-27,Hubballi,Karnataka,15.3647,75.124,22.07,15.64,26.17,0.0,58.4
2025-11-27,Kolar,Karnataka,13.1367,78.1292,21.34,15.35,28.8,0.0,58.2
2025-11-27,Ludhiana,Punjab,30.901,75.8573,17.23,11.36,24.65,0.0,60.1
2025-11-27,Agra,Uttar Pradesh,27.1767,78.0081,16.96,9.76,21.12,0.0,51.2
2025-11-28,Nashik,Maharashtra,19.9975,73.7898,22.01,17.74,26.81,1.14,59.8
2025-11-28,Pune,Maharashtra,18.5204,73.8567,19.53,12.05,25.5,0.13,65.5
2025-11-28,Hubballi,Karnataka,15.3647,75.124,23.01,15.99,29.9,0.0,47.5
2025-11-28,Kolar,Karnataka,13.1367,78.1292,20.85,15.5,25.44,10.29,57.2
2025-11-28,Ludhiana,Punjab,30.901,75.8573,15.13,10.53,19.8,0.0,50.2
2025-11-28,Agra,Uttar Pradesh,27.1767,78.0081,19.49,14.3,26.01,0.0,57.5
2025-11-29,Nashik,Maharashtra,19.9975,73.7898,17.79,11.51,23.05,0.0,65.5
2025-11-29,Pune,Maharashtra,18.5204,73.8567,18.71,13.55,22.9,0.0,66.7
2025-11-29,Hubballi,Karnataka,15.3647,75.124,22.25,14.89,26.29,0.0,57.1
2025-11-29,Kolar,Karnataka,13.1367,78.1292,20.39,13.89,25.0,0.0,65.8
2025-11-29,Ludhiana,Punjab,30.901,75.8573,16.23,10.06,21.66,0.0,49.0
2025-11-29,Agra,Uttar Pradesh,27.1767,78.0081,16.43,10.49,20.55,0.0,49.2
2025-11-30,Nashik,Maharashtra,19.9975,73.7898,20.65,13.65,25.86,0.0,57.8
2025-11-30,Pune,Maharashtra,18.5204,73.8567,19.94,13.21,27.04,0.0,63.4
2025-11-30,Hubballi,Karnataka,15.3647,75.124,24.51,17.7,30.46,0.0,65.6
2025-11-30,Kolar,Karnataka,13.1367,78.1292,20.24,14.63,25.87,0.0,64.7
2025-11-30,Ludhiana,Punjab,30.901,75.8573,16.18,11.4,22.41,0.0,50.2
2025-11-30,Agra,Uttar Pradesh,27.1767,78.0081,17.56,11.0,22.75,0.0,54.3
2025-12-01,Nashik,Maharashtra,19.9975,73.7898,20.82,16.66,27.37,0.0,59.6
2025-12-01,Pune,Maharashtra,18.5204,73.8567,18.87,14.68,26.03,0.0,64.5
2025-12-01,Hubballi,Karnataka,15.3647,75.124,23.52,18.53,29.89,0.0,58.0
2025-12-01,Kolar,Karnataka,13.1367,78.1292,20.25,14.56,25.96,0.0,66.7
2025-12-01,Ludhiana,Punjab,30.901,75.8573,15.76,8.98,20.88,0.0,50.7
2025-12-01,Agra,Uttar Pradesh,27.1767,78.0081,19.26,12.9,26.42,0.0,54.4
2025-12-02,Nashik,Maharashtra,19.9975,73.7898,19.22,14.99,23.28,0.0,58.9
2025-12-02,Pune,Maharashtra,18.5204,73.8567,20.69,14.58,28.06,0.0,64.6
2025-12-02,Hubballi,Karnataka,15.3647,75.124,24.25,19.41,31.65,0.0,65.0
2025-12-02,Kolar,Karnataka,13.1367,78.1292,18.96,11.47,26.76,0.0,67.6
2025-12-02,Ludhiana,Punjab,30.901,75.8573,13.65,9.46,18.36,0.0,59.1
2025-12-02,Agra,Uttar Pradesh,27.1767,78.0081,16.85,11.46,21.71,0.0,44.9
2025-12-03,Nashik,Maharashtra,19.9975,73.7898,21.18,16.44,29.65,0.0,60.2
2025-12-03,Pune,Maharashtra,18.5204,73.8567,19.67,13.57,24.67,0.0,70.3
2025-12-03,Hubballi,Karnataka,15.3647,75.124,23.09,17.61,30.98,0.0,59.6
2025-12-03,Kolar,Karnataka,13.1367,78.1292,20.54,13.2,27.49,0.0,64.0
2025-12-03,Ludhiana,Punjab,30.901,75.8573,13.63,8.12,20.26,0.0,55.7
2025-12-03,Agra,Uttar Pradesh,27.1767,78.0081,18.45,12.47,24.75,0.0,56.7
2025-12-04,Nashik,Maharashtra,19.9975,73.7898,19.86,12.72,25.33,0.0,60.5
2025-12-04,Pune,Maharashtra,18.5204,73.8567,19.26,14.8,26.96,0.0,65.1
2025-12-04,Hubballi,Karnataka,15.3647,75.124,24.14,18.76,32.26,0.0,54.2
2025-12-04,Kolar,Karnataka,13.1367,78.1292,19.26,11.89,24.77,0.0,60.9
2025-12-04,Ludhiana,Punjab,30.901,75.8573,17.53,10.17,22.21,0.0,54.8
2025-12-04,Agra,Uttar Pradesh,27.1767,78.0081,18.76,12.76,22.94,0.0,53.6
2025-12-05,Nashik,Maharashtra,19.9975,73.7898,19.08,15.01,26.34,0.0,68.1
2025-12-05,Pune,Maharashtra,18.5204,73.8567,19.06,11.61,26.62,0.0,63.6
2025-12-05,Hubballi,Karnataka,15.3647,75.124,22.99,16.13,29.27,0.0,57.4
2025-12-05,Kolar,Karnataka,13.1367,78.1292,19.44,12.25,26.16,0.0,68.9
2025-12-05,Ludhiana,Punjab,30.901,75.8573,15.66,9.33,20.36,14.59,56.4
2025-12-05,Agra,Uttar Pradesh,27.1767,78.0081,16.89,9.75,21.95,0.0,49.6
2025-12-06,Nashik,Maharashtra,19.9975,73.7898,17.55,11.07,22.14,0.0,69.3
2025-12-06,Pune,Maharashtra,18.5204,73.8567,19.4,12.03,27.45,0.0,58.4
2025-12-06,Hubballi,Karnataka,15.3647,75.124,22.25,16.23,30.1,0.0,57.8
2025-12-06,Kolar,Karnataka,13.1367,78.1292,18.26,12.38,25.4,0.0,58.2
2025-12-06,Ludhiana,Punjab,30.901,75.8573,15.99,11.98,22.51,0.0,50.5
2025-12-06,Agra,Uttar Pradesh,27.1767,78.0081,16.84,10.41,25.28,0.0,53.4
2025-12-07,Nashik,Maharashtra,19.9975,73.7898,21.01,16.37,27.82,0.0,66.3
2025-12-07,Pune,Maharashtra,18.5204,73.8567,18.87,12.92,23.73,0.0,60.2
2025-12-07,Hubballi,Karnataka,15.3647,75.124,23.02,17.45,30.71,0.0,64.0
2025-12-07,Kolar,Karnataka,13.1367,78.1292,20.98,16.08,28.3,0.0,65.0
2025-12-07,Ludhiana,Punjab,30.901,75.8573,15.29,7.82,23.36,0.0,57.4
2025-12-07,Agra,Uttar Pradesh,27.1767,78.0081,17.27,11.65,21.97,0.0,57.6
2025-12-08,Nashik,Maharashtra,19.9975,73.7898,19.28,13.34,24.75,0.0,64.6
2025-12-08,Pune,Maharashtra,18.5204,73.8567,20.51,13.32,28.32,0.0,63.1
2025-12-08,Hubballi,Karnataka,15.3647,75.124,22.66,15.84,27.75,0.0,63.2
2025-12-08,Kolar,Karnataka,13.1367,78.1292,22.43,15.08,29.84,0.0,59.0
2025-12-08,Ludhiana,Punjab,30.901,75.8573,17.73,12.28,22.37,0.0,46.2
2025-12-08,Agra,Uttar Pradesh,27.1767,78.0081,16.38,11.22,23.78,0.0,49.7
2025-12-09,Nashik,Maharashtra,19.9975,73.7898,19.49,15.31,24.76,0.0,57.5
2025-12-09,Pune,Maharashtra,18.5204,73.8567,18.53,11.24,24.04,0.0,65.0
2025-12-09,Hubballi,Karnataka,15.3647,75.124,22.33,15.84,29.81,0.0,62.5
2025-12-09,Kolar,Karnataka,13.1367,78.1292,18.86,11.82,26.61,0.0,61.9
2025-12-09,Ludhiana,Punjab,30.901,75.8573,14.94,8.83,20.57,0.0,58.7
2025-12-09,Agra,Uttar Pradesh,27.1767,78.0081,15.75,8.92,21.01,0.0,51.9
2025-12-10,Nashik,Maharashtra,19.9975,73.7898,19.21,14.34,26.84,0.0,60.0
2025-12-10,Pune,Maharashtra,18.5204,73.8567,20.45,14.33,25.94,0.27,64.6
2025-12-10,Hubballi,Karnataka,15.3647,75.124,22.65,17.58,27.4,0.0,60.6
2025-12-10,Kolar,Karnataka,13.1367,78.1292,17.85,13.6,25.89,0.0,59.4
2025-12-10,Ludhiana,Punjab,30.901,75.8573,14.8,10.16,23.04,0.13,51.4
2025-12-10,Agra,Uttar Pradesh,27.1767,78.0081,14.73,7.83,19.89,0.0,56.3
2025-12-11,Nashik,Maharashtra,19.9975,73.7898,19.25,14.78,27.5,0.0,62.4
2025-12-11,Pune,Maharashtra,18.5204,73.8567,18.73,14.64,26.62,0.0,60.8
2025-12-11,Hubballi,Karnataka,15.3647,75.124,23.91,16.8,30.09,0.0,53.8
2025-12-11,Kolar,Karnataka,13.1367,78.1292,20.4,15.97,28.79,0.0,65.0
2025-12-11,Ludhiana,Punjab,30.901,75.8573,16.55,9.09,24.07,0.0,53.0
2025-12-11,Agra,Uttar Pradesh,27.1767,78.0081,20.33,15.7,28.46,0.6,47.4
2025-12-12,Nashik,Maharashtra,19.9975,73.7898,19.53,13.83,23.81,3.22,62.8
2025-12-12,Pune,Maharashtra,18.5204,73.8567,18.16,13.9,23.44,0.0,66.6
2025-12-12,Hubballi,Karnataka,15.3647,75.124,24.31,18.31,30.47,0.0,60.1
2025-12-12,Kolar,Karnataka,13.1367,78.1292,20.54,13.61,26.22,0.0,68.0
2025-12-12,Ludhiana,Punjab,30.901,75.8573,15.19,8.39,22.92,0.0,47.7
2025-12-12,Agra,Uttar Pradesh,27.1767,78.0081,18.17,12.2,24.25,0.0,52.2
2025-12-13,Nashik,Maharashtra,19.9975,73.7898,19.41,11.99,26.94,0.0,62.6
2025-12-13,Pune,Maharashtra,18.5204,73.8567,19.9,15.89,25.34,0.0,67.8
2025-12-13,Hubballi,Karnataka,15.3647,75.124,22.99,18.23,27.89,2.33,60.6
2025-12-13,Kolar,Karnataka,13.1367,78.1292,20.48,13.89,27.26,0.0,55.9
2025-12-13,Ludhiana,Punjab,30.901,75.8573,15.39,10.22,20.94,0.0,61.8
2025-12-13,Agra,Uttar Pradesh,27.1767,78.0081,16.66,10.82,21.13,0.0,55.0
2025-12-14,Nashik,Maharashtra,19.9975,73.7898,19.38,12.12,25.97,0.0,66.9
2025-12-14,Pune,Maharashtra,18.5204,73.8567,21.3,16.93,25.36,0.0,59.6
2025-12-14,Hubballi,Karnataka,15.3647,75.124,22.09,15.34,29.38,0.0,61.9
2025-12-14,Kolar,Karnataka,13.1367,78.1292,20.36,14.72,28.27,0.0,60.5
2025-12-14,Ludhiana,Punjab,30.901,75.8573,16.45,12.29,23.43,0.0,55.2
2025-12-14,Agra,Uttar Pradesh,27.1767,78.0081,15.05,8.12,19.78,0.0,50.7
2025-12-15,Nashik,Maharashtra,19.9975,73.7898,19.63,12.55,27.36,0.0,58.2
2025-12-15,Pune,Maharashtra,18.5204,73.8567,17.51,12.16,23.87,0.0,64.9
2025-12-15,Hubballi,Karnataka,15.3647,75.124,21.78,16.23,25.85,0.0,63.7
2025-12-15,Kolar,Karnataka,13.1367,78.1292,20.74,15.46,26.46,0.0,66.4
2025-12-15,Ludhiana,Punjab,30.901,75.8573,18.55,11.65,26.28,0.0,53.8
2025-12-15,Agra,Uttar Pradesh,27.1767,78.0081,17.16,11.02,24.5,0.0,53.3
2025-12-16,Nashik,Maharashtra,19.9975,73.7898,18.3,13.36,24.0,0.0,64.5
2025-12-16,Pune,Maharashtra,18.5204,73.8567,19.83,14.02,27.46,0.0,62.7
2025-12-16,Hubballi,Karnataka,15.3647,75.124,23.98,19.73,28.47,0.0,59.0
2025-12-16,Kolar,Karnataka,13.1367,78.1292,20.18,15.84,27.97,0.0,61.4
2025-12-16,Ludhiana,Punjab,30.901,75.8573,13.98,7.33,18.04,0.0,57.8
2025-12-16,Agra,Uttar Pradesh,27.1767,78.0081,17.38,10.53,23.21,3.0,56.3
2025-12-17,Nashik,Maharashtra,19.9975,73.7898,20.36,15.35,27.71,0.0,57.9
2025-12-17,Pune,Maharashtra,18.5204,73.8567,20.62,15.32,25.94,0.0,65.0
2025-12-17,Hubballi,Karnataka,15.3647,75.124,24.57,19.1,29.98,0.0,57.5
2025-12-17,Kolar,Karnataka,13.1367,78.1292,19.19,12.14,27.15,0.0,66.7
2025-12-17,Ludhiana,Punjab,30.901,75.8573,14.91,9.83,23.2,1.19,60.4
2025-12-17,Agra,Uttar Pradesh,27.1767,78.0081,17.52,11.15,24.18,0.0,51.0
2025-12-18,Nashik,Maharashtra,19.9975,73.7898,21.03,15.19,27.56,0.0,62.4
2025-12-18,Pune,Maharashtra,18.5204,73.8567,19.17,14.71,24.96,0.0,67.6
2025-12-18,Hubballi,Karnataka,15.3647,75.124,20.88,13.93,27.56,0.0,63.4
2025-12-18,Kolar,Karnataka,13.1367,78.1292,22.49,15.7,26.85,0.0,66.8
2025-12-18,Ludhiana,Punjab,30.901,75.8573,15.38,9.94,21.8,0.0,53.6
2025-12-18,Agra,Uttar Pradesh,27.1767,78.0081,16.26,9.36,23.94,0.0,50.0
2025-12-19,Nashik,Maharashtra,19.9975,73.7898,20.43,12.95,26.31,0.0,59.9
2025-12-19,Pune,Maharashtra,18.5204,73.8567,18.35,12.85,24.02,0.0,60.4
2025-12-19,Hubballi,Karnataka,15.3647,75.124,23.53,16.43,28.02,0.0,65.2
2025-12-19,Kolar,Karnataka,13.1367,78.1292,20.59,15.34,24.67,0.0,61.4
2025-12-19,Ludhiana,Punjab,30.901,75.8573,15.18,7.82,22.49,0.0,54.9
2025-12-19,Agra,Uttar Pradesh,27.1767,78.0081,17.35,10.72,24.84,0.0,43.1
2025-12-20,Nashik,Maharashtra,19.9975,73.7898,20.35,13.79,26.69,0.0,63.0
2025-12-20,Pune,Maharashtra,18.5204,73.8567,18.82,14.28,26.74,0.0,61.3
2025-12-20,Hubballi,Karnataka,15.3647,75.124,21.94,17.55,29.35,0.0,61.8
2025-12-20,Kolar,Karnataka,13.1367,78.1292,18.4,13.3,24.61,0.0,63.1
2025-12-20,Ludhiana,Punjab,30.901,75.8573,14.96,9.06,20.27,0.0,57.3
2025-12-20,Agra,Uttar Pradesh,27.1767,78.0081,17.17,11.15,22.72,0.0,51.7
2025-12-21,Nashik,Maharashtra,19.9975,73.7898,21.71,14.76,27.7,0.0,59.0
2025-12-21,Pune,Maharashtra,18.5204,73.8567,18.68,12.41,24.3,0.0,57.8
2025-12-21,Hubballi,Karnataka,15.3647,75.124,24.2,19.7,31.8,0.0,59.9
2025-12-21,Kolar,Karnataka,13.1367,78.1292,17.62,11.53,22.47,0.0,61.6
2025-12-21,Ludhiana,Punjab,30.901,75.8573,16.38,9.21,22.09,0.0,58.5
2025-12-21,Agra,Uttar Pradesh,27.1767,78.0081,16.15,10.37,21.47,0.0,55.9
2025-12-22,Nashik,Maharashtra,19.9975,73.7898,20.01,12.63,28.21,0.0,63.6
2025-12-22,Pune,Maharashtra,18.5204,73.8567,19.57,13.82,27.2,0.0,70.2
2025-12-22,Hubballi,Karnataka,15.3647,75.124,22.91,16.56,30.85,0.0,53.4
2025-12-22,Kolar,Karnataka,13.1367,78.1292,19.17,14.47,26.59,0.0,65.8
2025-12-22,Ludhiana,Punjab,30.901,75.8573,14.63,8.21,21.86,0.0,59.6
2025-12-22,Agra,Uttar Pradesh,27.1767,78.0081,18.88,12.34,26.11,0.0,47.4
2025-12-23,Nashik,Maharashtra,19.9975,73.7898,22.79,18.7,30.57,0.0,62.4
2025-12-23,Pune,Maharashtra,18.5204,73.8567,20.99,15.93,29.47,0.0,62.2
2025-12-23,Hubballi,Karnataka,15.3647,75.124,23.21,18.15,28.38,0.0,58.0
2025-12-23,Kolar,Karnataka,13.1367,78.1292,19.81,14.43,24.68,0.0,67.3
2025-12-23,Ludhiana,Punjab,30.901,75.8573,13.84,7.55,19.38,0.0,55.0
2025-12-23,Agra,Uttar Pradesh,27.1767,78.0081,18.05,13.54,26.27,0.0,52.5
2025-12-24,Nashik,Maharashtra,19.9975,73.7898,19.17,14.27,23.45,0.0,54.3
2025-12-24,Pune,Maharashtra,18.5204,73.8567,20.18,16.1,27.22,0.0,60.6
2025-12-24,Hubballi,Karnataka,15.3647,75.124,23.87,18.35,32.03,0.0,64.8
2025-12-24,Kolar,Karnataka,13.1367,78.1292,19.18,13.28,27.21,0.0,60.4
2025-12-24,Ludhiana,Punjab,30.901,75.8573,16.62,9.71,23.62,0.0,57.2
2025-12-24,Agra,Uttar Pradesh,27.1767,78.0081,16.99,12.15,21.84,0.0,55.9
2025-12-25,Nashik,Maharashtra,19.9975,73.7898,20.11,13.59,24.93,0.0,64.9
2025-12-25,Pune,Maharashtra,18.5204,73.8567,18.19,12.66,22.87,0.0,68.1
2025-12-25,Hubballi,Karnataka,15.3647,75.124,23.42,18.87,31.12,0.0,66.4
2025-12-25,Kolar,Karnataka,13.1367,78.1292,21.14,16.87,25.97,0.0,62.1
2025-12-25,Ludhiana,Punjab,30.901,75.8573,16.18,11.96,23.1,0.0,57.2
2025-12-25,Agra,Uttar Pradesh,27.1767,78.0081,18.44,11.97,25.71,1.07,51.4
2025-12-26,Nashik,Maharashtra,19.9975,73.7898,20.47,15.03,28.78,0.0,63.3
2025-12-26,Pune,Maharashtra,18.5204,73.8567,20.17,16.02,24.99,0.0,57.8
2025-12-26,Hubballi,Karnataka,15.3647,75.124,24.05,17.53,30.3,0.08,64.3
2025-12-26,Kolar,Karnataka,13.1367,78.1292,19.36,14.34,26.83,0.0,66.5
2025-12-26,Ludhiana,Punjab,30.901,75.8573,14.48,9.0,22.59,0.0,58.4
2025-12-26,Agra,Uttar Pradesh,27.1767,78.0081,15.91,11.88,23.58,0.0,49.2
2025-12-27,Nashik,Maharashtra,19.9975,73.7898,19.19,13.09,24.47,0.0,58.7
2025-12-27,Pune,Maharashtra,18.5204,73.8567,20.43,14.41,25.02,0.0,66.2
2025-12-27,Hubballi,Karnataka,15.3647,75.124,22.73,16.98,31.16,0.0,60.9
2025-12-27,Kolar,Karnataka,13.1367,78.1292,21.32,14.39,26.14,0.0,61.0
2025-12-27,Ludhiana,Punjab,30.901,75.8573,13.1,8.95,19.78,2.86,51.4
2025-12-27,Agra,Uttar Pradesh,27.1767,78.0081,18.95,13.68,23.39,0.0,45.9
2025-12-28,Nashik,Maharashtra,19.9975,73.7898,20.45,14.11,28.62,0.0,60.8
2025-12-28,Pune,Maharashtra,18.5204,73.8567,19.19,14.77,25.04,0.0,64.3
2025-12-28,Hubballi,Karnataka,15.3647,75.124,25.69,21.22,31.59,0.1,63.7
2025-12-28,Kolar,Karnataka,13.1367,78.1292,21.0,15.66,26.03,0.0,59.6
2025-12-28,Ludhiana,Punjab,30.901,75.8573,16.0,9.86,24.15,0.0,51.5
2025-12-28,Agra,Uttar Pradesh,27.1767,78.0081,16.85,10.69,24.41,0.0,54.2
2025-12-29,Nashik,Maharashtra,19.9975,73.7898,21.95,16.1,29.16,0.0,63.7
2025-12-29,Pune,Maharashtra,18.5204,73.8567,21.77,17.16,29.05,0.0,66.4
2025-12-29,Hubballi,Karnataka,15.3647,75.124,24.31,19.96,30.53,0.0,58.1
2025-12-29,Kolar,Karnataka,13.1367,78.1292,20.93,15.12,25.67,0.0,63.4
2025-12-29,Ludhiana,Punjab,30.901,75.8573,14.26,9.97,20.33,0.0,61.9
2025-12-29,Agra,Uttar Pradesh,27.1767,78.0081,17.91,12.99,25.09,1.59,55.2
2025-12-30,Nashik,Maharashtra,19.9975,73.7898,19.68,15.45,25.39,0.0,58.7
2025-12-30,Pune,Maharashtra,18.5204,73.8567,19.34,12.16,24.38,0.0,60.6
2025-12-30,Hubballi,Karnataka,15.3647,75.124,22.52,17.0,29.24,2.67,60.2
2025-12-30,Kolar,Karnataka,13.1367,78.1292,20.28,15.39,27.38,0.0,62.1
2025-12-30,Ludhiana,Punjab,30.901,75.8573,14.8,7.95,19.94,1.86,50.0
2025-12-30,Agra,Uttar Pradesh,27.1767,78.0081,16.52,12.46,21.42,0.0,53.0
2025-12-31,Nashik,Maharashtra,19.9975,73.7898,19.06,13.43,25.84,0.0,61.6
2025-12-31,Pune,Maharashtra,18.5204,73.8567,18.92,13.26,24.26,0.0,60.7
2025-12-31,Hubballi,Karnataka,15.3647,75.124,22.47,16.53,30.66,0.0,60.1
2025-12-31,Kolar,Karnataka,13.1367,78.1292,18.97,12.48,25.19,0.0,62.4
2025-12-31,Ludhiana,Punjab,30.901,75.8573,14.99,7.52,21.51,0.0,53.2
2025-12-31,Agra,Uttar Pradesh,27.1767,78.0081,17.99,13.18,25.74,0.0,55.8
