order_id,product_id,seller_id,buyer_id,commodity,district,state,quantity_kg,unit,listed_unit_price,negotiated_unit_price,final_unit_price,order_date,status,fulfillment_days,delivery_outcome,dataset_nature
ORD-DEMO-1001,PROD-TOM-101,SELLER-FARMER-2,BUYER-RETAIL-2,Tomato,Hubballi,Karnataka,406.6,KG,29.55,28.11,28.11,2025-01-02,DELIVERED,2,DELIVERED_ON_TIME,SYNTHETIC / DEMO DATA — NOT REAL OBSERVATIONS
ORD-DEMO-1002,PROD-ONI-102,SELLER-FARMER-3,BUYER-RETAIL-3,Onion,Nashik,Maharashtra,182.8,KG,33.14,33.14,33.14,2025-01-03,DELIVERED,3,DELIVERED_ON_TIME,SYNTHETIC / DEMO DATA — NOT REAL OBSERVATIONS
ORD-DEMO-1003,PROD-POT-103,SELLER-FARMER-4,BUYER-RETAIL-4,Potato,Pune,Maharashtra,356.3,KG,24.38,22.61,22.61,2025-01-04,DELIVERED,2,DELIVERED_ON_TIME,SYNTHETIC / DEMO DATA — NOT REAL OBSERVATIONS
ORD-DEMO-1004,PROD-RIC-104,SELLER-FARMER-5,BUYER-RETAIL-5,Rice,Hubballi,Karnataka,361.0,KG,52.62,52.62,52.62,2025-01-05,DELIVERED,3,DELIVERED_ON_TIME,SYNTHETIC / DEMO DATA — NOT REAL OBSERVATIONS
ORD-DEMO-1005,PROD-WHE-105,SELLER-FARMER-6,BUYER-RETAIL-6,Wheat,Nashik,Maharashtra,386.2,KG,25.07,24.07,24.07,2025-01-06,DELIVERED,2,DELIVERED_ON_TIME,SYNTHETIC / DEMO DATA — NOT REAL OBSERVATIONS
ORD-DEMO-1006,PROD-TOM-106,SELLER-FARMER-7,BUYER-RETAIL-7,Tomato,Hubballi,Karnataka,220.9,KG,28.18,28.18,28.18,2025-01-07,DELIVERED,4,DELIVERED_SLIGHT_DELAY,SYNTHETIC / DEMO DATA — NOT REAL OBSERVATIONS
ORD-DEMO-1007,PROD-ONI-107,SELLER-FARMER-8,BUYER-RETAIL-8,Onion,Nashik,Maharashtra,63.6,KG,33.97,33.97,33.97,2025-01-08,DELIVERED,3,DELIVERED_ON_TIME,SYNTHETIC / DEMO DATA — NOT REAL OBSERVATIONS
ORD-DEMO-1008,PROD-POT-108,SELLER-FARMER-9,BUYER-RETAIL-9,Potato,Pune,Maharashtra,487.3,KG,22.16,22.16,22.16,2025-01-09,DELIVERED,2,DELIVERED_ON_TIME,SYNTHETIC / DEMO DATA — NOT REAL OBSERVATIONS
ORD-DEMO-1009,PROD-RIC-109,SELLER-FARMER-10,BUYER-RETAIL-10,Rice,Hubballi,Karnataka,118.3,KG,61.5,59.2,59.2,2025-01-10,DELIVERED,4,DELIVERED_SLIGHT_DELAY,SYNTHETIC / DEMO DATA — NOT REAL OBSERVATIONS
ORD-DEMO-1010,PROD-WHE-110,SELLER-FARMER-11,BUYER-RETAIL-11,Wheat,Nashik,Maharashtra,470.5,KG,27.47,27.47,27.47,2025-01-11,DELIVERED,2,DELIVERED_ON_TIME,SYNTHETIC / DEMO DATA — NOT REAL OBSERVATIONS
ORD-DEMO-1011,PROD-TOM-111,SELLER-FARMER-12,BUYER-RETAIL-12,Tomato,Hubballi,Karnataka,216.8,KG,28.7,28.7,28.7,2025-01-12,DELIVERED,5,DELIVERED_SLIGHT_DELAY,SYNTHETIC / DEMO DATA — NOT REAL OBSERVATIONS
ORD-DEMO-1012,PROD-ONI-112,SELLER-FARMER-13,BUYER-RETAIL-13,Onion,Nashik,Maharashtra,414.0,KG,31.6,31.6,31.6,2025-01-13,DELIVERED,3,DELIVERED_ON_TIME,SYNTHETIC / DEMO DATA — NOT REAL OBSERVATIONS
ORD-DEMO-1013,PROD-POT-113,SELLER-FARMER-14,BUYER-RETAIL-14,Potato,Pune,Maharashtra,499.6,KG,23.02,23.02,23.02,2025-01-14,DELIVERED,4,DELIVERED_SLIGHT_DELAY,SYNTHETIC / DEMO DATA — NOT REAL OBSERVATIONS
ORD-DEMO-1014,PROD-RIC-114,SELLER-FARMER-15,BUYER-RETAIL-15,Rice,Hubballi,Karnataka,149.2,KG,54.02,54.02,54.02,2025-01-15,DELIVERED,4,DELIVERED_SLIGHT_DELAY,SYNTHETIC / DEMO DATA — NOT REAL OBSERVATIONS
ORD-DEMO-1015,PROD-WHE-115,SELLER-FARMER-1,BUYER-RETAIL-16,Wheat,Nashik,Maharashtra,459.7,KG,24.3,24.3,24.3,2025-01-16,DELIVERED,3,DELIVERED_ON_TIME,SYNTHETIC / DEMO DATA — NOT REAL OBSERVATIONS
ORD-DEMO-1016,PROD-TOM-116,SELLER-FARMER-2,BUYER-RETAIL-17,Tomato,Hubballi,Karnataka,34.9,KG,30.66,30.66,30.66,2025-01-17,DELIVERED,5,DELIVERED_SLIGHT_DELAY,SYNTHETIC / DEMO DATA — NOT REAL OBSERVATIONS
ORD-DEMO-1017,PROD-ONI-117,SELLER-FARMER-3,BUYER-RETAIL-18,Onion,Nashik,Maharashtra,377.6,KG,31.66,31.66,31.66,2025-01-18,DELIVERED,4,DELIVERED_SLIGHT_DELAY,SYNTHETIC / DEMO DATA — NOT REAL OBSERVATIONS
ORD-DEMO-1018,PROD-POT-118,SELLER-FARMER-4,BUYER-RETAIL-19,Potato,Pune,Maharashtra,238.3,KG,24.52,24.52,24.52,2025-01-19,DELIVERED,3,DELIVERED_ON_TIME,SYNTHETIC / DEMO DATA — NOT REAL OBSERVATIONS
ORD-DEMO-1019,PROD-RIC-119,SELLER-FARMER-5,BUYER-RETAIL-20,Rice,Hubballi,Karnataka,304.8,KG,56.91,56.91,56.91,2025-01-20,DELIVERED,3,DELIVERED_ON_TIME,SYNTHETIC / DEMO DATA — NOT REAL OBSERVATIONS
ORD-DEMO-1020,PROD-WHE-100,SELLER-FARMER-6,BUYER-RETAIL-21,Wheat,Nashik,Maharashtra,299.2,KG,25.97,23.42,23.42,2025-01-21,DELIVERED,4,DELIVERED_SLIGHT_DELAY,SYNTHETIC / DEMO DATA — NOT REAL OBSERVATIONS
ORD-DEMO-1021,PROD-TOM-101,SELLER-FARMER-7,BUYER-RETAIL-22,Tomato,Hubballi,Karnataka,176.8,KG,28.7,27.74,27.74,2025-01-22,DELIVERED,2,DELIVERED_ON_TIME,SYNTHETIC / DEMO DATA — NOT REAL OBSERVATIONS
ORD-DEMO-1022,PROD-ONI-102,SELLER-FARMER-8,BUYER-RETAIL-23,Onion,Nashik,Maharashtra,485.6,KG,34.86,34.86,34.86,2025-01-23,DELIVERED,3,DELIVERED_ON_TIME,SYNTHETIC / DEMO DATA — NOT REAL OBSERVATIONS
ORD-DEMO-1023,PROD-POT-103,SELLER-FARMER-9,BUYER-RETAIL-24,Potato,Pune,Maharashtra,361.7,KG,22.05,22.05,22.05,2025-01-24,DELIVERED,3,DELIVERED_ON_TIME,SYNTHETIC / DEMO DATA — NOT REAL OBSERVATIONS
ORD-DEMO-1024,PROD-RIC-104,SELLER-FARMER-10,BUYER-RETAIL-25,Rice,Hubballi,Karnataka,422.1,KG,56.18,56.18,56.18,2025-01-25,DELIVERED,2,DELIVERED_ON_TIME,SYNTHETIC / DEMO DATA — NOT REAL OBSERVATIONS
ORD-DEMO-1025,PROD-WHE-105,SELLER-FARMER-11,BUYER-RETAIL-1,Wheat,Nashik,Maharashtra,436.9,KG,25.45,25.45,25.45,2025-01-26,DELIVERED,3,DELIVERED_ON_TIME,SYNTHETIC / DEMO DATA — NOT REAL OBSERVATIONS
ORD-DEMO-1026,PROD-TOM-106,SELLER-FARMER-12,BUYER-RETAIL-2,Tomato,Hubballi,Karnataka,123.7,KG,29.33,29.33,29.33,2025-01-27,DELIVERED,4,DELIVERED_SLIGHT_DELAY,SYNTHETIC / DEMO DATA — NOT REAL OBSERVATIONS
ORD-DEMO-1027,PROD-ONI-107,SELLER-FARMER-13,BUYER-RETAIL-3,Onion,Nashik,Maharashtra,404.7,KG,36.51,33.17,33.17,2025-01-28,DELIVERED,3,DELIVERED_ON_TIME,SYNTHETIC / DEMO DATA — NOT REAL OBSERVATIONS
ORD-DEMO-1028,PROD-POT-108,SELLER-FARMER-14,BUYER-RETAIL-4,Potato,Pune,Maharashtra,202.8,KG,23.77,23.77,23.77,2025-01-29,DELIVERED,3,DELIVERED_ON_TIME,SYNTHETIC / DEMO DATA — NOT REAL OBSERVATIONS
ORD-DEMO-1029,PROD-RIC-109,SELLER-FARMER-15,BUYER-RETAIL-5,Rice,Hubballi,Karnataka,341.3,KG,62.74,59.98,59.98,2025-01-30,DELIVERED,3,DELIVERED_ON_TIME,SYNTHETIC / DEMO DATA — NOT REAL OBSERVATIONS
ORD-DEMO-1030,PROD-WHE-110,SELLER-FARMER-1,BUYER-RETAIL-6,Wheat,Nashik,Maharashtra,274.1,KG,23.24,23.24,23.24,2025-01-31,DELIVERED,4,DELIVERED_SLIGHT_DELAY,SYNTHETIC / DEMO DATA — NOT REAL OBSERVATIONS
ORD-DEMO-1031,PROD-TOM-111,SELLER-FARMER-2,BUYER-RETAIL-7,Tomato,Hubballi,Karnataka,182.5,KG,32.03,28.97,28.97,2025-02-01,DELIVERED,2,DELIVERED_ON_TIME,SYNTHETIC / DEMO DATA — NOT REAL OBSERVATIONS
ORD-DEMO-1032,PROD-ONI-112,SELLER-FARMER-3,BUYER-RETAIL-8,Onion,Nashik,Maharashtra,395.4,KG,34.01,31.92,31.92,2025-02-02,DELIVERED,3,DELIVERED_ON_TIME,SYNTHETIC / DEMO DATA — NOT REAL OBSERVATIONS
ORD-DEMO-1033,PROD-POT-113,SELLER-FARMER-4,BUYER-RETAIL-9,Potato,Pune,Maharashtra,468.7,KG,23.29,21.37,21.37,2025-02-03,DELIVERED,3,DELIVERED_ON_TIME,SYNTHETIC / DEMO DATA — NOT REAL OBSERVATIONS
ORD-DEMO-1034,PROD-RIC-114,SELLER-FARMER-5,BUYER-RETAIL-10,Rice,Hubballi,Karnataka,261.3,KG,54.08,54.08,54.08,2025-02-04,DELIVERED,3,DELIVERED_ON_TIME,SYNTHETIC / DEMO DATA — NOT REAL OBSERVATIONS
ORD-DEMO-1035,PROD-WHE-115,SELLER-FARMER-6,BUYER-RETAIL-11,Wheat,Nashik,Maharashtra,215.2,KG,26.09,26.09,26.09,2025-02-05,DELIVERED,3,DELIVERED_ON_TIME,SYNTHETIC / DEMO DATA — NOT REAL OBSERVATIONS
ORD-DEMO-1036,PROD-TOM-116,SELLER-FARMER-7,BUYER-RETAIL-12,Tomato,Hubballi,Karnataka,191.9,KG,28.69,26.23,26.23,2025-02-06,DELIVERED,3,DELIVERED_ON_TIME,SYNTHETIC / DEMO DATA — NOT REAL OBSERVATIONS
ORD-DEMO-1037,PROD-ONI-117,SELLER-FARMER-8,BUYER-RETAIL-13,Onion,Nashik,Maharashtra,488.2,KG,30.87,29.8,29.8,2025-02-07,DELIVERED,4,DELIVERED_SLIGHT_DELAY,SYNTHETIC / DEMO DATA — NOT REAL OBSERVATIONS
ORD-DEMO-1038,PROD-POT-118,SELLER-FARMER-9,BUYER-RETAIL-14,Potato,Pune,Maharashtra,490.6,KG,21.83,21.83,21.83,2025-02-08,DELIVERED,2,DELIVERED_ON_TIME,SYNTHETIC / DEMO DATA — NOT REAL OBSERVATIONS
ORD-DEMO-1039,PROD-RIC-119,SELLER-FARMER-10,BUYER-RETAIL-15,Rice,Hubballi,Karnataka,356.6,KG,62.31,62.31,62.31,2025-02-09,DELIVERED,3,DELIVERED_ON_TIME,SYNTHETIC / DEMO DATA — NOT REAL OBSERVATIONS
ORD-DEMO-1040,PROD-WHE-100,SELLER-FARMER-11,BUYER-RETAIL-16,Wheat,Nashik,Maharashtra,392.0,KG,26.75,26.75,26.75,2025-02-10,DELIVERED,2,DELIVERED_ON_TIME,SYNTHETIC / DEMO DATA — NOT REAL OBSERVATIONS
ORD-DEMO-1041,PROD-TOM-101,SELLER-FARMER-12,BUYER-RETAIL-17,Tomato,Hubballi,Karnataka,116.0,KG,30.99,30.99,30.99,2025-02-11,DELIVERED,3,DELIVERED_ON_TIME,SYNTHETIC / DEMO DATA — NOT REAL OBSERVATIONS
ORD-DEMO-1042,PROD-ONI-102,SELLER-FARMER-13,BUYER-RETAIL-18,Onion,Nashik,Maharashtra,25.8,KG,34.2,34.2,34.2,2025-02-12,DELIVERED,3,DELIVERED_ON_TIME,SYNTHETIC / DEMO DATA — NOT REAL OBSERVATIONS
ORD-DEMO-1043,PROD-POT-103,SELLER-FARMER-14,BUYER-RETAIL-19,Potato,Pune,Maharashtra,337.5,KG,23.17,23.17,23.17,2025-02-13,DELIVERED,4,DELIVERED_SLIGHT_DELAY,SYNTHETIC / DEMO DATA — NOT REAL OBSERVATIONS
ORD-DEMO-1044,PROD-RIC-104,SELLER-FARMER-15,BUYER-RETAIL-20,Rice,Hubballi,Karnataka,214.5,KG,62.08,58.57,58.57,2025-02-14,DELIVERED,3,DELIVERED_ON_TIME,SYNTHETIC / DEMO DATA — NOT REAL OBSERVATIONS
ORD-DEMO-1045,PROD-WHE-105,SELLER-FARMER-1,BUYER-RETAIL-21,Wheat,Nashik,Maharashtra,276.3,KG,25.14,25.14,25.14,2025-02-15,DELIVERED,3,DELIVERED_ON_TIME,SYNTHETIC / DEMO DATA — NOT REAL OBSERVATIONS
ORD-DEMO-1046,PROD-TOM-106,SELLER-FARMER-2,BUYER-RETAIL-22,Tomato,Hubballi,Karnataka,169.0,KG,27.83,27.83,27.83,2025-02-16,DELIVERED,3,DELIVERED_ON_TIME,SYNTHETIC / DEMO DATA — NOT REAL OBSERVATIONS
ORD-DEMO-1047,PROD-ONI-107,SELLER-FARMER-3,BUYER-RETAIL-23,Onion,Nashik,Maharashtra,431.5,KG,30.78,28.94,28.94,2025-02-17,DELIVERED,3,DELIVERED_ON_TIME,SYNTHETIC / DEMO DATA — NOT REAL OBSERVATIONS
ORD-DEMO-1048,PROD-POT-108,SELLER-FARMER-4,BUYER-RETAIL-24,Potato,Pune,Maharashtra,378.7,KG,21.36,21.36,21.36,2025-02-18,DELIVERED,3,DELIVERED_ON_TIME,SYNTHETIC / DEMO DATA — NOT REAL OBSERVATIONS
ORD-DEMO-1049,PROD-RIC-109,SELLER-FARMER-5,BUYER-RETAIL-25,Rice,Hubballi,Karnataka,44.6,KG,53.17,53.17,53.17,2025-02-19,DELIVERED,4,DELIVERED_SLIGHT_DELAY,SYNTHETIC / DEMO DATA — NOT REAL OBSERVATIONS
ORD-DEMO-1050,PROD-WHE-110,SELLER-FARMER-6,BUYER-RETAIL-1,Wheat,Nashik,Maharashtra,161.2,KG,24.24,22.36,22.36,2025-02-20,DELIVERED,2,DELIVERED_ON_TIME,SYNTHETIC / DEMO DATA — NOT REAL OBSERVATIONS
ORD-DEMO-1051,PROD-TOM-111,SELLER-FARMER-7,BUYER-RETAIL-2,Tomato,Hubballi,Karnataka,282.0,KG,26.63,26.63,26.63,2025-02-21,DELIVERED,4,DELIVERED_SLIGHT_DELAY,SYNTHETIC / DEMO DATA — NOT REAL OBSERVATIONS
ORD-DEMO-1052,PROD-ONI-112,SELLER-FARMER-8,BUYER-RETAIL-3,Onion,Nashik,Maharashtra,76.2,KG,32.1,30.33,30.33,2025-02-22,DELIVERED,5,DELIVERED_SLIGHT_DELAY,SYNTHETIC / DEMO DATA — NOT REAL OBSERVATIONS
ORD-DEMO-1053,PROD-POT-113,SELLER-FARMER-9,BUYER-RETAIL-4,Potato,Pune,Maharashtra,115.9,KG,25.02,25.02,25.02,2025-02-23,DELIVERED,3,DELIVERED_ON_TIME,SYNTHETIC / DEMO DATA — NOT REAL OBSERVATIONS
ORD-DEMO-1054,PROD-RIC-114,SELLER-FARMER-10,BUYER-RETAIL-5,Rice,Hubballi,Karnataka,394.5,KG,56.03,54.15,54.15,2025-02-24,DELIVERED,2,DELIVERED_ON_TIME,SYNTHETIC / DEMO DATA — NOT REAL OBSERVATIONS
ORD-DEMO-1055,PROD-WHE-115,SELLER-FARMER-11,BUYER-RETAIL-6,Wheat,Nashik,Maharashtra,94.1,KG,23.95,22.07,22.07,2025-02-25,DELIVERED,3,DELIVERED_ON_TIME,SYNTHETIC / DEMO DATA — NOT REAL OBSERVATIONS
ORD-DEMO-1056,PROD-TOM-116,SELLER-FARMER-12,BUYER-RETAIL-7,Tomato,Hubballi,Karnataka,414.3,KG,28.37,28.37,28.37,2025-02-26,DELIVERED,2,DELIVERED_ON_TIME,SYNTHETIC / DEMO DATA — NOT REAL OBSERVATIONS
ORD-DEMO-1057,PROD-ONI-117,SELLER-FARMER-13,BUYER-RETAIL-8,Onion,Nashik,Maharashtra,300.2,KG,34.19,34.19,34.19,2025-02-27,DELIVERED,3,DELIVERED_ON_TIME,SYNTHETIC / DEMO DATA — NOT REAL OBSERVATIONS
ORD-DEMO-1058,PROD-POT-118,SELLER-FARMER-14,BUYER-RETAIL-9,Potato,Pune,Maharashtra,449.2,KG,21.79,20.2,20.2,2025-02-28,DELIVERED,3,DELIVERED_ON_TIME,SYNTHETIC / DEMO DATA — NOT REAL OBSERVATIONS
ORD-DEMO-1059,PROD-RIC-119,SELLER-FARMER-15,BUYER-RETAIL-10,Rice,Hubballi,Karnataka,372.2,KG,61.26,61.26,61.26,2025-03-01,DELIVERED,2,DELIVERED_ON_TIME,SYNTHETIC / DEMO DATA — NOT REAL OBSERVATIONS
ORD-DEMO-1060,PROD-WHE-100,SELLER-FARMER-1,BUYER-RETAIL-11,Wheat,Nashik,Maharashtra,260.1,KG,27.55,27.55,27.55,2025-03-02,DELIVERED,4,DELIVERED_SLIGHT_DELAY,SYNTHETIC / DEMO DATA — NOT REAL OBSERVATIONS
ORD-DEMO-1061,PROD-TOM-101,SELLER-FARMER-2,BUYER-RETAIL-12,Tomato,Hubballi,Karnataka,267.2,KG,29.25,27.75,27.75,2025-03-03,DELIVERED,2,DELIVERED_ON_TIME,SYNTHETIC / DEMO DATA — NOT REAL OBSERVATIONS
ORD-DEMO-1062,PROD-ONI-102,SELLER-FARMER-3,BUYER-RETAIL-13,Onion,Nashik,Maharashtra,224.8,KG,30.82,30.82,30.82,2025-03-04,DELIVERED,4,DELIVERED_SLIGHT_DELAY,SYNTHETIC / DEMO DATA — NOT REAL OBSERVATIONS
ORD-DEMO-1063,PROD-POT-103,SELLER-FARMER-4,BUYER-RETAIL-14,Potato,Pune,Maharashtra,349.7,KG,21.15,21.15,21.15,2025-03-05,DELIVERED,4,DELIVERED_SLIGHT_DELAY,SYNTHETIC / DEMO DATA — NOT REAL OBSERVATIONS
ORD-DEMO-1064,PROD-RIC-104,SELLER-FARMER-5,BUYER-RETAIL-15,Rice,Hubballi,Karnataka,490.3,KG,58.86,57.36,57.36,2025-03-06,DELIVERED,3,DELIVERED_ON_TIME,SYNTHETIC / DEMO DATA — NOT REAL OBSERVATIONS
ORD-DEMO-1065,PROD-WHE-105,SELLER-FARMER-6,BUYER-RETAIL-16,Wheat,Nashik,Maharashtra,198.6,KG,24.18,24.18,24.18,2025-03-07,DELIVERED,3,DELIVERED_ON_TIME,SYNTHETIC / DEMO DATA — NOT REAL OBSERVATIONS
ORD-DEMO-1066,PROD-TOM-106,SELLER-FARMER-7,BUYER-RETAIL-17,Tomato,Hubballi,Karnataka,471.9,KG,27.06,27.06,27.06,2025-03-08,DELIVERED,3,DELIVERED_ON_TIME,SYNTHETIC / DEMO DATA — NOT REAL OBSERVATIONS
ORD-DEMO-1067,PROD-ONI-107,SELLER-FARMER-8,BUYER-RETAIL-18,Onion,Nashik,Maharashtra,110.6,KG,34.93,32.89,32.89,2025-03-09,DELIVERED,4,DELIVERED_SLIGHT_DELAY,SYNTHETIC / DEMO DATA — NOT REAL OBSERVATIONS
ORD-DEMO-1068,PROD-POT-108,SELLER-FARMER-9,BUYER-RETAIL-19,Potato,Pune,Maharashtra,401.7,KG,21.0,19.64,19.64,2025-03-10,DELIVERED,3,DELIVERED_ON_TIME,SYNTHETIC / DEMO DATA — NOT REAL OBSERVATIONS
ORD-DEMO-1069,PROD-RIC-109,SELLER-FARMER-10,BUYER-RETAIL-20,Rice,Hubballi,Karnataka,198.3,KG,56.64,51.53,51.53,2025-03-11,DELIVERED,4,DELIVERED_SLIGHT_DELAY,SYNTHETIC / DEMO DATA — NOT REAL OBSERVATIONS
ORD-DEMO-1070,PROD-WHE-110,SELLER-FARMER-11,BUYER-RETAIL-21,Wheat,Nashik,Maharashtra,463.6,KG,25.1,23.31,23.31,2025-03-12,DELIVERED,3,DELIVERED_ON_TIME,SYNTHETIC / DEMO DATA — NOT REAL OBSERVATIONS
ORD-DEMO-1071,PROD-TOM-111,SELLER-FARMER-12,BUYER-RETAIL-22,Tomato,Hubballi,Karnataka,446.8,KG,31.6,29.2,29.2,2025-03-13,DELIVERED,3,DELIVERED_ON_TIME,SYNTHETIC / DEMO DATA — NOT REAL OBSERVATIONS
ORD-DEMO-1072,PROD-ONI-112,SELLER-FARMER-13,BUYER-RETAIL-23,Onion,Nashik,Maharashtra,197.6,KG,33.6,33.6,33.6,2025-03-14,DELIVERED,5,DELIVERED_SLIGHT_DELAY,SYNTHETIC / DEMO DATA — NOT REAL OBSERVATIONS
ORD-DEMO-1073,PROD-POT-113,SELLER-FARMER-14,BUYER-RETAIL-24,Potato,Pune,Maharashtra,129.6,KG,23.93,22.65,22.65,2025-03-15,DELIVERED,3,DELIVERED_ON_TIME,SYNTHETIC / DEMO DATA — NOT REAL OBSERVATIONS
ORD-DEMO-1074,PROD-RIC-114,SELLER-FARMER-15,BUYER-RETAIL-25,Rice,Hubballi,Karnataka,290.9,KG,61.05,55.22,55.22,2025-03-16,DELIVERED,3,DELIVERED_ON_TIME,SYNTHETIC / DEMO DATA — NOT REAL OBSERVATIONS
ORD-DEMO-1075,PROD-WHE-115,SELLER-FARMER-1,BUYER-RETAIL-1,Wheat,Nashik,Maharashtra,457.3,KG,24.3,22.84,22.84,2025-03-17,DELIVERED,2,DELIVERED_ON_TIME,SYNTHETIC / DEMO DATA — NOT REAL OBSERVATIONS
ORD-DEMO-1076,PROD-TOM-116,SELLER-FARMER-2,BUYER-RETAIL-2,Tomato,Hubballi,Karnataka,181.8,KG,27.61,24.87,24.87,2025-03-18,DELIVERED,5,DELIVERED_SLIGHT_DELAY,SYNTHETIC / DEMO DATA — NOT REAL OBSERVATIONS
ORD-DEMO-1077,PROD-ONI-117,SELLER-FARMER-3,BUYER-RETAIL-3,Onion,Nashik,Maharashtra,368.3,KG,32.88,32.88,32.88,2025-03-19,DELIVERED,3,DELIVERED_ON_TIME,SYNTHETIC / DEMO DATA — NOT REAL OBSERVATIONS
ORD-DEMO-1078,PROD-POT-118,SELLER-FARMER-4,BUYER-RETAIL-4,Potato,Pune,Maharashtra,66.7,KG,24.54,22.89,22.89,2025-03-20,DELIVERED,2,DELIVERED_ON_TIME,SYNTHETIC / DEMO DATA — NOT REAL OBSERVATIONS
ORD-DEMO-1079,PROD-RIC-119,SELLER-FARMER-5,BUYER-RETAIL-5,Rice,Hubballi,Karnataka,203.3,KG,60.5,54.54,54.54,2025-03-21,DELIVERED,3,DELIVERED_ON_TIME,SYNTHETIC / DEMO DATA — NOT REAL OBSERVATIONS
ORD-DEMO-1080,PROD-WHE-100,SELLER-FARMER-6,BUYER-RETAIL-6,Wheat,Nashik,Maharashtra,461.5,KG,24.85,24.85,24.85,2025-03-22,DELIVERED,2,DELIVERED_ON_TIME,SYNTHETIC / DEMO DATA — NOT REAL OBSERVATIONS
ORD-DEMO-1081,PROD-TOM-101,SELLER-FARMER-7,BUYER-RETAIL-7,Tomato,Hubballi,Karnataka,374.0,KG,29.99,29.99,29.99,2025-03-23,DELIVERED,4,DELIVERED_SLIGHT_DELAY,SYNTHETIC / DEMO DATA — NOT REAL OBSERVATIONS
ORD-DEMO-1082,PROD-ONI-102,SELLER-FARMER-8,BUYER-RETAIL-8,Onion,Nashik,Maharashtra,68.9,KG,31.79,28.84,28.84,2025-03-24,DELIVERED,3,DELIVERED_ON_TIME,SYNTHETIC / DEMO DATA — NOT REAL OBSERVATIONS
ORD-DEMO-1083,PROD-POT-103,SELLER-FARMER-9,BUYER-RETAIL-9,Potato,Pune,Maharashtra,60.8,KG,24.2,24.2,24.2,2025-03-25,DELIVERED,4,DELIVERED_SLIGHT_DELAY,SYNTHETIC / DEMO DATA — NOT REAL OBSERVATIONS
ORD-DEMO-1084,PROD-RIC-104,SELLER-FARMER-10,BUYER-RETAIL-10,Rice,Hubballi,Karnataka,462.6,KG,57.64,57.64,57.64,2025-03-26,DELIVERED,2,DELIVERED_ON_TIME,SYNTHETIC / DEMO DATA — NOT REAL OBSERVATIONS
ORD-DEMO-1085,PROD-WHE-105,SELLER-FARMER-11,BUYER-RETAIL-11,Wheat,Nashik,Maharashtra,397.8,KG,24.52,24.52,24.52,2025-03-27,DELIVERED,3,DELIVERED_ON_TIME,SYNTHETIC / DEMO DATA — NOT REAL OBSERVATIONS
ORD-DEMO-1086,PROD-TOM-106,SELLER-FARMER-12,BUYER-RETAIL-12,Tomato,Hubballi,Karnataka,334.4,KG,28.09,28.09,28.09,2025-03-28,DELIVERED,4,DELIVERED_SLIGHT_DELAY,SYNTHETIC / DEMO DATA — NOT REAL OBSERVATIONS
ORD-DEMO-1087,PROD-ONI-107,SELLER-FARMER-13,BUYER-RETAIL-13,Onion,Nashik,Maharashtra,395.6,KG,32.6,29.82,29.82,2025-03-29,DELIVERED,2,DELIVERED_ON_TIME,SYNTHETIC / DEMO DATA — NOT REAL OBSERVATIONS
ORD-DEMO-1088,PROD-POT-108,SELLER-FARMER-14,BUYER-RETAIL-14,Potato,Pune,Maharashtra,144.1,KG,25.23,23.14,23.14,2025-03-30,DELIVERED,4,DELIVERED_SLIGHT_DELAY,SYNTHETIC / DEMO DATA — NOT REAL OBSERVATIONS
ORD-DEMO-1089,PROD-RIC-109,SELLER-FARMER-15,BUYER-RETAIL-15,Rice,Hubballi,Karnataka,255.6,KG,56.34,56.34,56.34,2025-03-31,DELIVERED,3,DELIVERED_ON_TIME,SYNTHETIC / DEMO DATA — NOT REAL OBSERVATIONS
ORD-DEMO-1090,PROD-WHE-110,SELLER-FARMER-1,BUYER-RETAIL-16,Wheat,Nashik,Maharashtra,334.9,KG,24.23,24.23,24.23,2025-04-01,DELIVERED,3,DELIVERED_ON_TIME,SYNTHETIC / DEMO DATA — NOT REAL OBSERVATIONS
ORD-DEMO-1091,PROD-TOM-111,SELLER-FARMER-2,BUYER-RETAIL-17,Tomato,Hubballi,Karnataka,30.5,KG,27.95,27.95,27.95,2025-04-02,DELIVERED,2,DELIVERED_ON_TIME,SYNTHETIC / DEMO DATA — NOT REAL OBSERVATIONS
ORD-DEMO-1092,PROD-ONI-112,SELLER-FARMER-3,BUYER-RETAIL-18,Onion,Nashik,Maharashtra,390.7,KG,35.04,32.91,32.91,2025-04-03,DELIVERED,3,DELIVERED_ON_TIME,SYNTHETIC / DEMO DATA — NOT REAL OBSERVATIONS
ORD-DEMO-1093,PROD-POT-113,SELLER-FARMER-4,BUYER-RETAIL-19,Potato,Pune,Maharashtra,390.6,KG,20.9,20.9,20.9,2025-04-04,DELIVERED,3,DELIVERED_ON_TIME,SYNTHETIC / DEMO DATA — NOT REAL OBSERVATIONS
ORD-DEMO-1094,PROD-RIC-114,SELLER-FARMER-5,BUYER-RETAIL-20,Rice,Hubballi,Karnataka,290.1,KG,58.27,54.41,54.41,2025-04-05,DELIVERED,2,DELIVERED_ON_TIME,SYNTHETIC / DEMO DATA — NOT REAL OBSERVATIONS
ORD-DEMO-1095,PROD-WHE-115,SELLER-FARMER-6,BUYER-RETAIL-21,Wheat,Nashik,Maharashtra,25.7,KG,24.45,22.63,22.63,2025-04-06,DELIVERED,5,DELIVERED_SLIGHT_DELAY,SYNTHETIC / DEMO DATA — NOT REAL OBSERVATIONS
ORD-DEMO-1096,PROD-TOM-116,SELLER-FARMER-7,BUYER-RETAIL-22,Tomato,Hubballi,Karnataka,304.3,KG,28.35,27.57,27.57,2025-04-07,DELIVERED,3,DELIVERED_ON_TIME,SYNTHETIC / DEMO DATA — NOT REAL OBSERVATIONS
ORD-DEMO-1097,PROD-ONI-117,SELLER-FARMER-8,BUYER-RETAIL-23,Onion,Nashik,Maharashtra,105.1,KG,34.4,34.4,34.4,2025-04-08,DELIVERED,2,DELIVERED_ON_TIME,SYNTHETIC / DEMO DATA — NOT REAL OBSERVATIONS
ORD-DEMO-1098,PROD-POT-118,SELLER-FARMER-9,BUYER-RETAIL-24,Potato,Pune,Maharashtra,232.5,KG,21.43,21.43,21.43,2025-04-09,DELIVERED,4,DELIVERED_SLIGHT_DELAY,SYNTHETIC / DEMO DATA — NOT REAL OBSERVATIONS
ORD-DEMO-1099,PROD-RIC-119,SELLER-FARMER-10,BUYER-RETAIL-25,Rice,Hubballi,Karnataka,283.6,KG,57.75,57.75,57.75,2025-04-10,DELIVERED,3,DELIVERED_ON_TIME,SYNTHETIC / DEMO DATA — NOT REAL OBSERVATIONS
ORD-DEMO-1100,PROD-WHE-100,SELLER-FARMER-11,BUYER-RETAIL-1,Wheat,Nashik,Maharashtra,392.1,KG,25.25,24.03,24.03,2025-04-11,DELIVERED,3,DELIVERED_ON_TIME,SYNTHETIC / DEMO DATA — NOT REAL OBSERVATIONS
ORD-DEMO-1101,PROD-TOM-101,SELLER-FARMER-12,BUYER-RETAIL-2,Tomato,Hubballi,Karnataka,372.2,KG,28.58,28.58,28.58,2025-04-12,DELIVERED,3,DELIVERED_ON_TIME,SYNTHETIC / DEMO DATA — NOT REAL OBSERVATIONS
ORD-DEMO-1102,PROD-ONI-102,SELLER-FARMER-13,BUYER-RETAIL-3,Onion,Nashik,Maharashtra,447.6,KG,34.88,32.92,32.92,2025-04-13,DELIVERED,3,DELIVERED_ON_TIME,SYNTHETIC / DEMO DATA — NOT REAL OBSERVATIONS
ORD-DEMO-1103,PROD-POT-103,SELLER-FARMER-14,BUYER-RETAIL-4,Potato,Pune,Maharashtra,391.9,KG,21.47,19.93,19.93,2025-04-14,DELIVERED,2,DELIVERED_ON_TIME,SYNTHETIC / DEMO DATA — NOT REAL OBSERVATIONS
ORD-DEMO-1104,PROD-RIC-104,SELLER-FARMER-15,BUYER-RETAIL-5,Rice,Hubballi,Karnataka,422.6,KG,53.55,53.55,53.55,2025-04-15,DELIVERED,2,DELIVERED_ON_TIME,SYNTHETIC / DEMO DATA — NOT REAL OBSERVATIONS
ORD-DEMO-1105,PROD-WHE-105,SELLER-FARMER-1,BUYER-RETAIL-6,Wheat,Nashik,Maharashtra,425.8,KG,27.23,27.23,27.23,2025-04-16,DELIVERED,3,DELIVERED_ON_TIME,SYNTHETIC / DEMO DATA — NOT REAL OBSERVATIONS
ORD-DEMO-1106,PROD-TOM-106,SELLER-FARMER-2,BUYER-RETAIL-7,Tomato,Hubballi,Karnataka,150.0,KG,29.51,29.51,29.51,2025-04-17,DELIVERED,2,DELIVERED_ON_TIME,SYNTHETIC / DEMO DATA — NOT REAL OBSERVATIONS
ORD-DEMO-1107,PROD-ONI-107,SELLER-FARMER-3,BUYER-RETAIL-8,Onion,Nashik,Maharashtra,431.7,KG,33.51,33.51,33.51,2025-04-18,DELIVERED,2,DELIVERED_ON_TIME,SYNTHETIC / DEMO DATA — NOT REAL OBSERVATIONS
ORD-DEMO-1108,PROD-POT-108,SELLER-FARMER-4,BUYER-RETAIL-9,Potato,Pune,Maharashtra,182.3,KG,23.39,22.55,22.55,2025-04-19,DELIVERED,5,DELIVERED_SLIGHT_DELAY,SYNTHETIC / DEMO DATA — NOT REAL OBSERVATIONS
ORD-DEMO-1109,PROD-RIC-109,SELLER-FARMER-5,BUYER-RETAIL-10,Rice,Hubballi,Karnataka,109.8,KG,59.23,59.23,59.23,2025-04-20,DELIVERED,2,DELIVERED_ON_TIME,SYNTHETIC / DEMO DATA — NOT REAL OBSERVATIONS
ORD-DEMO-1110,PROD-WHE-110,SELLER-FARMER-6,BUYER-RETAIL-11,Wheat,Nashik,Maharashtra,178.4,KG,27.25,25.39,25.39,2025-04-21,DELIVERED,5,DELIVERED_SLIGHT_DELAY,SYNTHETIC / DEMO DATA — NOT REAL OBSERVATIONS
ORD-DEMO-1111,PROD-TOM-111,SELLER-FARMER-7,BUYER-RETAIL-12,Tomato,Hubballi,Karnataka,350.2,KG,28.05,28.05,28.05,2025-04-22,DELIVERED,3,DELIVERED_ON_TIME,SYNTHETIC / DEMO DATA — NOT REAL OBSERVATIONS
ORD-DEMO-1112,PROD-ONI-112,SELLER-FARMER-8,BUYER-RETAIL-13,Onion,Nashik,Maharashtra,350.0,KG,34.31,32.84,32.84,2025-04-23,DELIVERED,3,DELIVERED_ON_TIME,SYNTHETIC / DEMO DATA — NOT REAL OBSERVATIONS
ORD-DEMO-1113,PROD-POT-113,SELLER-FARMER-9,BUYER-RETAIL-14,Potato,Pune,Maharashtra,290.4,KG,25.25,25.25,25.25,2025-04-24,DELIVERED,3,DELIVERED_ON_TIME,SYNTHETIC / DEMO DATA — NOT REAL OBSERVATIONS
ORD-DEMO-1114,PROD-RIC-114,SELLER-FARMER-10,BUYER-RETAIL-15,Rice,Hubballi,Karnataka,332.3,KG,55.82,55.82,55.82,2025-04-25,DELIVERED,3,DELIVERED_ON_TIME,SYNTHETIC / DEMO DATA — NOT REAL OBSERVATIONS
ORD-DEMO-1115,PROD-WHE-115,SELLER-FARMER-11,BUYER-RETAIL-16,Wheat,Nashik,Maharashtra,337.1,KG,27.09,27.09,27.09,2025-04-26,DELIVERED,2,DELIVERED_ON_TIME,SYNTHETIC / DEMO DATA — NOT REAL OBSERVATIONS
ORD-DEMO-1116,PROD-TOM-116,SELLER-FARMER-12,BUYER-RETAIL-17,Tomato,Hubballi,Karnataka,39.8,KG,28.42,28.42,28.42,2025-04-27,DELIVERED,2,DELIVERED_ON_TIME,SYNTHETIC / DEMO DATA — NOT REAL OBSERVATIONS
ORD-DEMO-1117,PROD-ONI-117,SELLER-FARMER-13,BUYER-RETAIL-18,Onion,Nashik,Maharashtra,45.9,KG,30.92,27.91,27.91,2025-04-28,DELIVERED,2,DELIVERED_ON_TIME,SYNTHETIC / DEMO DATA — NOT REAL OBSERVATIONS
ORD-DEMO-1118,PROD-POT-118,SELLER-FARMER-14,BUYER-RETAIL-19,Potato,Pune,Maharashtra,121.2,KG,23.22,23.22,23.22,2025-04-29,DELIVERED,2,DELIVERED_ON_TIME,SYNTHETIC / DEMO DATA — NOT REAL OBSERVATIONS
ORD-DEMO-1119,PROD-RIC-119,SELLER-FARMER-15,BUYER-RETAIL-20,Rice,Hubballi,Karnataka,478.7,KG,57.4,57.4,57.4,2025-04-30,DELIVERED,3,DELIVERED_ON_TIME,SYNTHETIC / DEMO DATA — NOT REAL OBSERVATIONS
ORD-DEMO-1120,PROD-WHE-100,SELLER-FARMER-1,BUYER-RETAIL-21,Wheat,Nashik,Maharashtra,91.9,KG,22.91,22.91,22.91,2025-05-01,DELIVERED,3,DELIVERED_ON_TIME,SYNTHETIC / DEMO DATA — NOT REAL OBSERVATIONS
ORD-DEMO-1121,PROD-TOM-101,SELLER-FARMER-2,BUYER-RETAIL-22,Tomato,Hubballi,Karnataka,173.7,KG,26.89,24.5,24.5,2025-05-02,DELIVERED,3,DELIVERED_ON_TIME,SYNTHETIC / DEMO DATA — NOT REAL OBSERVATIONS
ORD-DEMO-1122,PROD-ONI-102,SELLER-FARMER-3,BUYER-RETAIL-23,Onion,Nashik,Maharashtra,29.6,KG,32.22,31.02,31.02,2025-05-03,DELIVERED,3,DELIVERED_ON_TIME,SYNTHETIC / DEMO DATA — NOT REAL OBSERVATIONS
ORD-DEMO-1123,PROD-POT-103,SELLER-FARMER-4,BUYER-RETAIL-24,Potato,Pune,Maharashtra,81.0,KG,21.11,21.11,21.11,2025-05-04,DELIVERED,2,DELIVERED_ON_TIME,SYNTHETIC / DEMO DATA — NOT REAL OBSERVATIONS
ORD-DEMO-1124,PROD-RIC-104,SELLER-FARMER-5,BUYER-RETAIL-25,Rice,Hubballi,Karnataka,375.1,KG,57.03,57.03,57.03,2025-05-05,DELIVERED,4,DELIVERED_SLIGHT_DELAY,SYNTHETIC / DEMO DATA — NOT REAL OBSERVATIONS
ORD-DEMO-1125,PROD-WHE-105,SELLER-FARMER-6,BUYER-RETAIL-1,Wheat,Nashik,Maharashtra,433.4,KG,25.44,23.79,23.79,2025-05-06,DELIVERED,3,DELIVERED_ON_TIME,SYNTHETIC / DEMO DATA — NOT REAL OBSERVATIONS
ORD-DEMO-1126,PROD-TOM-106,SELLER-FARMER-7,BUYER-RETAIL-2,Tomato,Hubballi,Karnataka,253.4,KG,29.46,29.46,29.46,2025-05-07,DELIVERED,3,DELIVERED_ON_TIME,SYNTHETIC / DEMO DATA — NOT REAL OBSERVATIONS
ORD-DEMO-1127,PROD-ONI-107,SELLER-FARMER-8,BUYER-RETAIL-3,Onion,Nashik,Maharashtra,42.9,KG,32.07,32.07,32.07,2025-05-08,DELIVERED,2,DELIVERED_ON_TIME,SYNTHETIC / DEMO DATA — NOT REAL OBSERVATIONS
ORD-DEMO-1128,PROD-POT-108,SELLER-FARMER-9,BUYER-RETAIL-4,Potato,Pune,Maharashtra,347.4,KG,20.93,20.93,20.93,2025-05-09,DELIVERED,2,DELIVERED_ON_TIME,SYNTHETIC / DEMO DATA — NOT REAL OBSERVATIONS
ORD-DEMO-1129,PROD-RIC-109,SELLER-FARMER-10,BUYER-RETAIL-5,Rice,Hubballi,Karnataka,249.5,KG,53.49,51.89,51.89,2025-05-10,DELIVERED,2,DELIVERED_ON_TIME,SYNTHETIC / DEMO DATA — NOT REAL OBSERVATIONS
ORD-DEMO-1130,PROD-WHE-110,SELLER-FARMER-11,BUYER-RETAIL-6,Wheat,Nashik,Maharashtra,408.0,KG,25.0,22.92,22.92,2025-05-11,DELIVERED,5,DELIVERED_SLIGHT_DELAY,SYNTHETIC / DEMO DATA — NOT REAL OBSERVATIONS
ORD-DEMO-1131,PROD-TOM-111,SELLER-FARMER-12,BUYER-RETAIL-7,Tomato,Hubballi,Karnataka,474.5,KG,26.97,26.97,26.97,2025-05-12,DELIVERED,3,DELIVERED_ON_TIME,SYNTHETIC / DEMO DATA — NOT REAL OBSERVATIONS
ORD-DEMO-1132,PROD-ONI-112,SELLER-FARMER-13,BUYER-RETAIL-8,Onion,Nashik,Maharashtra,275.1,KG,31.28,30.63,30.63,2025-05-13,DELIVERED,5,DELIVERED_SLIGHT_DELAY,SYNTHETIC / DEMO DATA — NOT REAL OBSERVATIONS
ORD-DEMO-1133,PROD-POT-113,SELLER-FARMER-14,BUYER-RETAIL-9,Potato,Pune,Maharashtra,499.2,KG,23.71,21.86,21.86,2025-05-14,DELIVERED,3,DELIVERED_ON_TIME,SYNTHETIC / DEMO DATA — NOT REAL OBSERVATIONS
ORD-DEMO-1134,PROD-RIC-114,SELLER-FARMER-15,BUYER-RETAIL-10,Rice,Hubballi,Karnataka,312.1,KG,54.64,54.64,54.64,2025-05-15,DELIVERED,3,DELIVERED_ON_TIME,SYNTHETIC / DEMO DATA — NOT REAL OBSERVATIONS
ORD-DEMO-1135,PROD-WHE-115,SELLER-FARMER-1,BUYER-RETAIL-11,Wheat,Nashik,Maharashtra,34.6,KG,26.4,26.4,26.4,2025-05-16,DELIVERED,2,DELIVERED_ON_TIME,SYNTHETIC / DEMO DATA — NOT REAL OBSERVATIONS
ORD-DEMO-1136,PROD-TOM-116,SELLER-FARMER-2,BUYER-RETAIL-12,Tomato,Hubballi,Karnataka,79.6,KG,30.02,30.02,30.02,2025-05-17,DELIVERED,3,DELIVERED_ON_TIME,SYNTHETIC / DEMO DATA — NOT REAL OBSERVATIONS
ORD-DEMO-1137,PROD-ONI-117,SELLER-FARMER-3,BUYER-RETAIL-13,Onion,Nashik,Maharashtra,439.5,KG,32.55,32.55,32.55,2025-05-18,DELIVERED,3,DELIVERED_ON_TIME,SYNTHETIC / DEMO DATA — NOT REAL OBSERVATIONS
ORD-DEMO-1138,PROD-POT-118,SELLER-FARMER-4,BUYER-RETAIL-14,Potato,Pune,Maharashtra,247.2,KG,24.03,24.03,24.03,2025-05-19,DELIVERED,3,DELIVERED_ON_TIME,SYNTHETIC / DEMO DATA — NOT REAL OBSERVATIONS
ORD-DEMO-1139,PROD-RIC-119,SELLER-FARMER-5,BUYER-RETAIL-15,Rice,Hubballi,Karnataka,179.1,KG,58.8,54.35,54.35,2025-05-20,DELIVERED,3,DELIVERED_ON_TIME,SYNTHETIC / DEMO DATA — NOT REAL OBSERVATIONS
ORD-DEMO-1140,PROD-WHE-100,SELLER-FARMER-6,BUYER-RETAIL-16,Wheat,Nashik,Maharashtra,422.8,KG,23.05,23.05,23.05,2025-05-21,DELIVERED,2,DELIVERED_ON_TIME,SYNTHETIC / DEMO DATA — NOT REAL OBSERVATIONS
ORD-DEMO-1141,PROD-TOM-101,SELLER-FARMER-7,BUYER-RETAIL-17,Tomato,Hubballi,Karnataka,71.9,KG,28.7,26.15,26.15,2025-05-22,DELIVERED,3,DELIVERED_ON_TIME,SYNTHETIC / DEMO DATA — NOT REAL OBSERVATIONS
ORD-DEMO-1142,PROD-ONI-102,SELLER-FARMER-8,BUYER-RETAIL-18,Onion,Nashik,Maharashtra,367.4,KG,31.05,31.05,31.05,2025-05-23,DELIVERED,2,DELIVERED_ON_TIME,SYNTHETIC / DEMO DATA — NOT REAL OBSERVATIONS
ORD-DEMO-1143,PROD-POT-103,SELLER-FARMER-9,BUYER-RETAIL-19,Potato,Pune,Maharashtra,319.4,KG,24.74,23.86,23.86,2025-05-24,DELIVERED,2,DELIVERED_ON_TIME,SYNTHETIC / DEMO DATA — NOT REAL OBSERVATIONS
ORD-DEMO-1144,PROD-RIC-104,SELLER-FARMER-10,BUYER-RETAIL-20,Rice,Hubballi,Karnataka,327.1,KG,55.22,50.45,50.45,2025-05-25,DELIVERED,4,DELIVERED_SLIGHT_DELAY,SYNTHETIC / DEMO DATA — NOT REAL OBSERVATIONS
ORD-DEMO-1145,PROD-WHE-105,SELLER-FARMER-11,BUYER-RETAIL-21,Wheat,Nashik,Maharashtra,74.4,KG,26.07,26.07,26.07,2025-05-26,DELIVERED,4,DELIVERED_SLIGHT_DELAY,SYNTHETIC / DEMO DATA — NOT REAL OBSERVATIONS
ORD-DEMO-1146,PROD-TOM-106,SELLER-FARMER-12,BUYER-RETAIL-22,Tomato,Hubballi,Karnataka,93.4,KG,31.56,31.56,31.56,2025-05-27,DELIVERED,3,DELIVERED_ON_TIME,SYNTHETIC / DEMO DATA — NOT REAL OBSERVATIONS
ORD-DEMO-1147,PROD-ONI-107,SELLER-FARMER-13,BUYER-RETAIL-23,Onion,Nashik,Maharashtra,258.2,KG,34.64,31.95,31.95,2025-05-28,DELIVERED,3,DELIVERED_ON_TIME,SYNTHETIC / DEMO DATA — NOT REAL OBSERVATIONS
ORD-DEMO-1148,PROD-POT-108,SELLER-FARMER-14,BUYER-RETAIL-24,Potato,Pune,Maharashtra,454.9,KG,21.81,20.23,20.23,2025-05-29,DELIVERED,4,DELIVERED_SLIGHT_DELAY,SYNTHETIC / DEMO DATA — NOT REAL OBSERVATIONS
ORD-DEMO-1149,PROD-RIC-109,SELLER-FARMER-15,BUYER-RETAIL-25,Rice,Hubballi,Karnataka,373.0,KG,62.05,58.69,58.69,2025-05-30,DELIVERED,4,DELIVERED_SLIGHT_DELAY,SYNTHETIC / DEMO DATA — NOT REAL OBSERVATIONS
ORD-DEMO-1150,PROD-WHE-110,SELLER-FARMER-1,BUYER-RETAIL-1,Wheat,Nashik,Maharashtra,410.1,KG,27.27,27.27,27.27,2025-05-31,DELIVERED,3,DELIVERED_ON_TIME,SYNTHETIC / DEMO DATA — NOT REAL OBSERVATIONS
ORD-DEMO-1151,PROD-TOM-111,SELLER-FARMER-2,BUYER-RETAIL-2,Tomato,Hubballi,Karnataka,340.8,KG,31.55,31.55,31.55,2025-06-01,DELIVERED,3,DELIVERED_ON_TIME,SYNTHETIC / DEMO DATA — NOT REAL OBSERVATIONS
ORD-DEMO-1152,PROD-ONI-112,SELLER-FARMER-3,BUYER-RETAIL-3,Onion,Nashik,Maharashtra,361.6,KG,33.58,33.58,33.58,2025-06-02,DELIVERED,3,DELIVERED_ON_TIME,SYNTHETIC / DEMO DATA — NOT REAL OBSERVATIONS
ORD-DEMO-1153,PROD-POT-113,SELLER-FARMER-4,BUYER-RETAIL-4,Potato,Pune,Maharashtra,292.9,KG,21.49,21.49,21.49,2025-06-03,DELIVERED,2,DELIVERED_ON_TIME,SYNTHETIC / DEMO DATA — NOT REAL OBSERVATIONS
ORD-DEMO-1154,PROD-RIC-114,SELLER-FARMER-5,BUYER-RETAIL-5,Rice,Hubballi,Karnataka,214.1,KG,58.51,58.51,58.51,2025-06-04,DELIVERED,4,DELIVERED_SLIGHT_DELAY,SYNTHETIC / DEMO DATA — NOT REAL OBSERVATIONS
ORD-DEMO-1155,PROD-WHE-115,SELLER-FARMER-6,BUYER-RETAIL-6,Wheat,Nashik,Maharashtra,160.9,KG,27.24,27.24,27.24,2025-06-05,DELIVERED,3,DELIVERED_ON_TIME,SYNTHETIC / DEMO DATA — NOT REAL OBSERVATIONS
ORD-DEMO-1156,PROD-TOM-116,SELLER-FARMER-7,BUYER-RETAIL-7,Tomato,Hubballi,Karnataka,67.9,KG,30.74,29.7,29.7,2025-06-06,DELIVERED,2,DELIVERED_ON_TIME,SYNTHETIC / DEMO DATA — NOT REAL OBSERVATIONS
ORD-DEMO-1157,PROD-ONI-117,SELLER-FARMER-8,BUYER-RETAIL-8,Onion,Nashik,Maharashtra,324.0,KG,33.39,33.39,33.39,2025-06-07,DELIVERED,3,DELIVERED_ON_TIME,SYNTHETIC / DEMO DATA — NOT REAL OBSERVATIONS
ORD-DEMO-1158,PROD-POT-118,SELLER-FARMER-9,BUYER-RETAIL-9,Potato,Pune,Maharashtra,389.6,KG,24.25,23.12,23.12,2025-06-08,DELIVERED,3,DELIVERED_ON_TIME,SYNTHETIC / DEMO DATA — NOT REAL OBSERVATIONS
ORD-DEMO-1159,PROD-RIC-119,SELLER-FARMER-10,BUYER-RETAIL-10,Rice,Hubballi,Karnataka,355.7,KG,61.42,61.42,61.42,2025-06-09,DELIVERED,3,DELIVERED_ON_TIME,SYNTHETIC / DEMO DATA — NOT REAL OBSERVATIONS
ORD-DEMO-1160,PROD-WHE-100,SELLER-FARMER-11,BUYER-RETAIL-11,Wheat,Nashik,Maharashtra,105.5,KG,26.45,25.14,25.14,2025-06-10,DELIVERED,2,DELIVERED_ON_TIME,SYNTHETIC / DEMO DATA — NOT REAL OBSERVATIONS
ORD-DEMO-1161,PROD-TOM-101,SELLER-FARMER-12,BUYER-RETAIL-12,Tomato,Hubballi,Karnataka,29.1,KG,28.98,28.16,28.16,2025-06-11,DELIVERED,2,DELIVERED_ON_TIME,SYNTHETIC / DEMO DATA — NOT REAL OBSERVATIONS
ORD-DEMO-1162,PROD-ONI-102,SELLER-FARMER-13,BUYER-RETAIL-13,Onion,Nashik,Maharashtra,235.0,KG,34.47,33.76,33.76,2025-06-12,DELIVERED,2,DELIVERED_ON_TIME,SYNTHETIC / DEMO DATA — NOT REAL OBSERVATIONS
ORD-DEMO-1163,PROD-POT-103,SELLER-FARMER-14,BUYER-RETAIL-14,Potato,Pune,Maharashtra,151.3,KG,23.58,23.58,23.58,2025-06-13,DELIVERED,3,DELIVERED_ON_TIME,SYNTHETIC / DEMO DATA — NOT REAL OBSERVATIONS
ORD-DEMO-1164,PROD-RIC-104,SELLER-FARMER-15,BUYER-RETAIL-15,Rice,Hubballi,Karnataka,304.6,KG,52.66,52.66,52.66,2025-06-14,DELIVERED,4,DELIVERED_SLIGHT_DELAY,SYNTHETIC / DEMO DATA — NOT REAL OBSERVATIONS
ORD-DEMO-1165,PROD-WHE-105,SELLER-FARMER-1,BUYER-RETAIL-16,Wheat,Nashik,Maharashtra,328.8,KG,23.56,22.96,22.96,2025-06-15,DELIVERED,3,DELIVERED_ON_TIME,SYNTHETIC / DEMO DATA — NOT REAL OBSERVATIONS
ORD-DEMO-1166,PROD-TOM-106,SELLER-FARMER-2,BUYER-RETAIL-17,Tomato,Hubballi,Karnataka,372.7,KG,27.03,25.34,25.34,2025-06-16,DELIVERED,3,DELIVERED_ON_TIME,SYNTHETIC / DEMO DATA — NOT REAL OBSERVATIONS
ORD-DEMO-1167,PROD-ONI-107,SELLER-FARMER-3,BUYER-RETAIL-18,Onion,Nashik,Maharashtra,433.3,KG,35.56,35.56,35.56,2025-06-17,DELIVERED,3,DELIVERED_ON_TIME,SYNTHETIC / DEMO DATA — NOT REAL OBSERVATIONS
ORD-DEMO-1168,PROD-POT-108,SELLER-FARMER-4,BUYER-RETAIL-19,Potato,Pune,Maharashtra,294.7,KG,23.35,22.77,22.77,2025-06-18,DELIVERED,4,DELIVERED_SLIGHT_DELAY,SYNTHETIC / DEMO DATA — NOT REAL OBSERVATIONS
ORD-DEMO-1169,PROD-RIC-109,SELLER-FARMER-5,BUYER-RETAIL-20,Rice,Hubballi,Karnataka,52.1,KG,53.14,53.14,53.14,2025-06-19,DELIVERED,3,DELIVERED_ON_TIME,SYNTHETIC / DEMO DATA — NOT REAL OBSERVATIONS
ORD-DEMO-1170,PROD-WHE-110,SELLER-FARMER-6,BUYER-RETAIL-21,Wheat,Nashik,Maharashtra,162.1,KG,23.11,21.19,21.19,2025-06-20,DELIVERED,3,DELIVERED_ON_TIME,SYNTHETIC / DEMO DATA — NOT REAL OBSERVATIONS
ORD-DEMO-1171,PROD-TOM-111,SELLER-FARMER-7,BUYER-RETAIL-22,Tomato,Hubballi,Karnataka,77.1,KG,27.19,27.19,27.19,2025-06-21,DELIVERED,2,DELIVERED_ON_TIME,SYNTHETIC / DEMO DATA — NOT REAL OBSERVATIONS
ORD-DEMO-1172,PROD-ONI-112,SELLER-FARMER-8,BUYER-RETAIL-23,Onion,Nashik,Maharashtra,380.3,KG,33.35,33.35,33.35,2025-06-22,DELIVERED,4,DELIVERED_SLIGHT_DELAY,SYNTHETIC / DEMO DATA — NOT REAL OBSERVATIONS
ORD-DEMO-1173,PROD-POT-113,SELLER-FARMER-9,BUYER-RETAIL-24,Potato,Pune,Maharashtra,216.9,KG,23.25,23.25,23.25,2025-06-23,DELIVERED,2,DELIVERED_ON_TIME,SYNTHETIC / DEMO DATA — NOT REAL OBSERVATIONS
ORD-DEMO-1174,PROD-RIC-114,SELLER-FARMER-10,BUYER-RETAIL-25,Rice,Hubballi,Karnataka,142.9,KG,60.15,60.15,60.15,2025-06-24,DELIVERED,2,DELIVERED_ON_TIME,SYNTHETIC / DEMO DATA — NOT REAL OBSERVATIONS
ORD-DEMO-1175,PROD-WHE-115,SELLER-FARMER-11,BUYER-RETAIL-1,Wheat,Nashik,Maharashtra,430.1,KG,26.35,26.35,26.35,2025-06-25,DELIVERED,5,DELIVERED_SLIGHT_DELAY,SYNTHETIC / DEMO DATA — NOT REAL OBSERVATIONS
ORD-DEMO-1176,PROD-TOM-116,SELLER-FARMER-12,BUYER-RETAIL-2,Tomato,Hubballi,Karnataka,77.1,KG,27.63,26.72,26.72,2025-06-26,DELIVERED,3,DELIVERED_ON_TIME,SYNTHETIC / DEMO DATA — NOT REAL OBSERVATIONS
ORD-DEMO-1177,PROD-ONI-117,SELLER-FARMER-13,BUYER-RETAIL-3,Onion,Nashik,Maharashtra,261.1,KG,33.7,32.78,32.78,2025-06-27,DELIVERED,3,DELIVERED_ON_TIME,SYNTHETIC / DEMO DATA — NOT REAL OBSERVATIONS
ORD-DEMO-1178,PROD-POT-118,SELLER-FARMER-14,BUYER-RETAIL-4,Potato,Pune,Maharashtra,92.3,KG,23.56,23.56,23.56,2025-06-28,DELIVERED,3,DELIVERED_ON_TIME,SYNTHETIC / DEMO DATA — NOT REAL OBSERVATIONS
ORD-DEMO-1179,PROD-RIC-119,SELLER-FARMER-15,BUYER-RETAIL-5,Rice,Hubballi,Karnataka,483.6,KG,57.56,57.56,57.56,2025-06-29,DELIVERED,3,DELIVERED_ON_TIME,SYNTHETIC / DEMO DATA — NOT REAL OBSERVATIONS
ORD-DEMO-1180,PROD-WHE-100,SELLER-FARMER-1,BUYER-RETAIL-6,Wheat,Nashik,Maharashtra,86.8,KG,25.17,25.17,25.17,2025-06-30,DELIVERED,3,DELIVERED_ON_TIME,SYNTHETIC / DEMO DATA — NOT REAL OBSERVATIONS
ORD-DEMO-1181,PROD-TOM-101,SELLER-FARMER-2,BUYER-RETAIL-7,Tomato,Hubballi,Karnataka,210.0,KG,29.97,29.97,29.97,2025-07-01,DELIVERED,2,DELIVERED_ON_TIME,SYNTHETIC / DEMO DATA — NOT REAL OBSERVATIONS
ORD-DEMO-1182,PROD-ONI-102,SELLER-FARMER-3,BUYER-RETAIL-8,Onion,Nashik,Maharashtra,52.9,KG,32.22,32.22,32.22,2025-07-02,DELIVERED,4,DELIVERED_SLIGHT_DELAY,SYNTHETIC / DEMO DATA — NOT REAL OBSERVATIONS
ORD-DEMO-1183,PROD-POT-103,SELLER-FARMER-4,BUYER-RETAIL-9,Potato,Pune,Maharashtra,302.9,KG,24.93,22.49,22.49,2025-07-03,DELIVERED,4,DELIVERED_SLIGHT_DELAY,SYNTHETIC / DEMO DATA — NOT REAL OBSERVATIONS
ORD-DEMO-1184,PROD-RIC-104,SELLER-FARMER-5,BUYER-RETAIL-10,Rice,Hubballi,Karnataka,362.3,KG,53.23,53.23,53.23,2025-07-04,DELIVERED,3,DELIVERED_ON_TIME,SYNTHETIC / DEMO DATA — NOT REAL OBSERVATIONS
ORD-DEMO-1185,PROD-WHE-105,SELLER-FARMER-6,BUYER-RETAIL-11,Wheat,Nashik,Maharashtra,301.7,KG,26.86,24.39,24.39,2025-07-05,DELIVERED,2,DELIVERED_ON_TIME,SYNTHETIC / DEMO DATA — NOT REAL OBSERVATIONS
ORD-DEMO-1186,PROD-TOM-106,SELLER-FARMER-7,BUYER-RETAIL-12,Tomato,Hubballi,Karnataka,389.1,KG,30.44,30.44,30.44,2025-07-06,DELIVERED,3,DELIVERED_ON_TIME,SYNTHETIC / DEMO DATA — NOT REAL OBSERVATIONS
ORD-DEMO-1187,PROD-ONI-107,SELLER-FARMER-8,BUYER-RETAIL-13,Onion,Nashik,Maharashtra,444.7,KG,34.62,34.62,34.62,2025-07-07,DELIVERED,3,DELIVERED_ON_TIME,SYNTHETIC / DEMO DATA — NOT REAL OBSERVATIONS
ORD-DEMO-1188,PROD-POT-108,SELLER-FARMER-9,BUYER-RETAIL-14,Potato,Pune,Maharashtra,474.6,KG,23.84,21.89,21.89,2025-07-08,DELIVERED,3,DELIVERED_ON_TIME,SYNTHETIC / DEMO DATA — NOT REAL OBSERVATIONS
ORD-DEMO-1189,PROD-RIC-109,SELLER-FARMER-10,BUYER-RETAIL-15,Rice,Hubballi,Karnataka,228.0,KG,55.84,55.84,55.84,2025-07-09,DELIVERED,3,DELIVERED_ON_TIME,SYNTHETIC / DEMO DATA — NOT REAL OBSERVATIONS
ORD-DEMO-1190,PROD-WHE-110,SELLER-FARMER-11,BUYER-RETAIL-16,Wheat,Nashik,Maharashtra,246.8,KG,26.47,26.47,26.47,2025-07-10,DELIVERED,2,DELIVERED_ON_TIME,SYNTHETIC / DEMO DATA — NOT REAL OBSERVATIONS
ORD-DEMO-1191,PROD-TOM-111,SELLER-FARMER-12,BUYER-RETAIL-17,Tomato,Hubballi,Karnataka,281.1,KG,29.72,29.72,29.72,2025-07-11,DELIVERED,3,DELIVERED_ON_TIME,SYNTHETIC / DEMO DATA — NOT REAL OBSERVATIONS
ORD-DEMO-1192,PROD-ONI-112,SELLER-FARMER-13,BUYER-RETAIL-18,Onion,Nashik,Maharashtra,490.1,KG,34.7,34.7,34.7,2025-07-12,DELIVERED,3,DELIVERED_ON_TIME,SYNTHETIC / DEMO DATA — NOT REAL OBSERVATIONS
ORD-DEMO-1193,PROD-POT-113,SELLER-FARMER-14,BUYER-RETAIL-19,Potato,Pune,Maharashtra,56.5,KG,24.55,24.55,24.55,2025-07-13,DELIVERED,2,DELIVERED_ON_TIME,SYNTHETIC / DEMO DATA — NOT REAL OBSERVATIONS
ORD-DEMO-1194,PROD-RIC-114,SELLER-FARMER-15,BUYER-RETAIL-20,Rice,Hubballi,Karnataka,339.6,KG,61.94,61.94,61.94,2025-07-14,DELIVERED,3,DELIVERED_ON_TIME,SYNTHETIC / DEMO DATA — NOT REAL OBSERVATIONS
ORD-DEMO-1195,PROD-WHE-115,SELLER-FARMER-1,BUYER-RETAIL-21,Wheat,Nashik,Maharashtra,248.9,KG,26.79,24.58,24.58,2025-07-15,DELIVERED,3,DELIVERED_ON_TIME,SYNTHETIC / DEMO DATA — NOT REAL OBSERVATIONS
ORD-DEMO-1196,PROD-TOM-116,SELLER-FARMER-2,BUYER-RETAIL-22,Tomato,Hubballi,Karnataka,153.4,KG,27.51,27.51,27.51,2025-07-16,DELIVERED,3,DELIVERED_ON_TIME,SYNTHETIC / DEMO DATA — NOT REAL OBSERVATIONS
ORD-DEMO-1197,PROD-ONI-117,SELLER-FARMER-3,BUYER-RETAIL-23,Onion,Nashik,Maharashtra,80.8,KG,36.63,36.63,36.63,2025-07-17,DELIVERED,3,DELIVERED_ON_TIME,SYNTHETIC / DEMO DATA — NOT REAL OBSERVATIONS
ORD-DEMO-1198,PROD-POT-118,SELLER-FARMER-4,BUYER-RETAIL-24,Potato,Pune,Maharashtra,263.5,KG,25.1,25.1,25.1,2025-07-18,DELIVERED,2,DELIVERED_ON_TIME,SYNTHETIC / DEMO DATA — NOT REAL OBSERVATIONS
ORD-DEMO-1199,PROD-RIC-119,SELLER-FARMER-5,BUYER-RETAIL-25,Rice,Hubballi,Karnataka,289.8,KG,56.06,56.06,56.06,2025-07-19,DELIVERED,5,DELIVERED_SLIGHT_DELAY,SYNTHETIC / DEMO DATA — NOT REAL OBSERVATIONS
ORD-DEMO-1200,PROD-WHE-100,SELLER-FARMER-6,BUYER-RETAIL-1,Wheat,Nashik,Maharashtra,300.0,KG,25.82,23.73,23.73,2025-07-20,DELIVERED,3,DELIVERED_ON_TIME,SYNTHETIC / DEMO DATA — NOT REAL OBSERVATIONS
ORD-DEMO-1201,PROD-TOM-101,SELLER-FARMER-7,BUYER-RETAIL-2,Tomato,Hubballi,Karnataka,316.5,KG,30.56,27.84,27.84,2025-07-21,DELIVERED,3,DELIVERED_ON_TIME,SYNTHETIC / DEMO DATA — NOT REAL OBSERVATIONS
ORD-DEMO-1202,PROD-ONI-102,SELLER-FARMER-8,BUYER-RETAIL-3,Onion,Nashik,Maharashtra,270.3,KG,30.84,30.84,30.84,2025-07-22,DELIVERED,2,DELIVERED_ON_TIME,SYNTHETIC / DEMO DATA — NOT REAL OBSERVATIONS
ORD-DEMO-1203,PROD-POT-103,SELLER-FARMER-9,BUYER-RETAIL-4,Potato,Pune,Maharashtra,42.8,KG,23.39,23.39,23.39,2025-07-23,DELIVERED,3,DELIVERED_ON_TIME,SYNTHETIC / DEMO DATA — NOT REAL OBSERVATIONS
ORD-DEMO-1204,PROD-RIC-104,SELLER-FARMER-10,BUYER-RETAIL-5,Rice,Hubballi,Karnataka,341.1,KG,54.41,54.41,54.41,2025-07-24,DELIVERED,3,DELIVERED_ON_TIME,SYNTHETIC / DEMO DATA — NOT REAL OBSERVATIONS
ORD-DEMO-1205,PROD-WHE-105,SELLER-FARMER-11,BUYER-RETAIL-6,Wheat,Nashik,Maharashtra,276.0,KG,25.75,25.75,25.75,2025-07-25,DELIVERED,2,DELIVERED_ON_TIME,SYNTHETIC / DEMO DATA — NOT REAL OBSERVATIONS
ORD-DEMO-1206,PROD-TOM-106,SELLER-FARMER-12,BUYER-RETAIL-7,Tomato,Hubballi,Karnataka,377.8,KG,27.72,25.23,25.23,2025-07-26,DELIVERED,5,DELIVERED_SLIGHT_DELAY,SYNTHETIC / DEMO DATA — NOT REAL OBSERVATIONS
ORD-DEMO-1207,PROD-ONI-107,SELLER-FARMER-13,BUYER-RETAIL-8,Onion,Nashik,Maharashtra,312.1,KG,35.73,35.73,35.73,2025-07-27,DELIVERED,4,DELIVERED_SLIGHT_DELAY,SYNTHETIC / DEMO DATA — NOT REAL OBSERVATIONS
ORD-DEMO-1208,PROD-POT-108,SELLER-FARMER-14,BUYER-RETAIL-9,Potato,Pune,Maharashtra,79.7,KG,22.92,22.92,22.92,2025-07-28,DELIVERED,2,DELIVERED_ON_TIME,SYNTHETIC / DEMO DATA — NOT REAL OBSERVATIONS
ORD-DEMO-1209,PROD-RIC-109,SELLER-FARMER-15,BUYER-RETAIL-10,Rice,Hubballi,Karnataka,323.3,KG,56.51,54.44,54.44,2025-07-29,DELIVERED,2,DELIVERED_ON_TIME,SYNTHETIC / DEMO DATA — NOT REAL OBSERVATIONS
ORD-DEMO-1210,PROD-WHE-110,SELLER-FARMER-1,BUYER-RETAIL-11,Wheat,Nashik,Maharashtra,81.6,KG,27.17,26.21,26.21,2025-07-30,DELIVERED,3,DELIVERED_ON_TIME,SYNTHETIC / DEMO DATA — NOT REAL OBSERVATIONS
ORD-DEMO-1211,PROD-TOM-111,SELLER-FARMER-2,BUYER-RETAIL-12,Tomato,Hubballi,Karnataka,182.5,KG,28.57,28.57,28.57,2025-07-31,DELIVERED,3,DELIVERED_ON_TIME,SYNTHETIC / DEMO DATA — NOT REAL OBSERVATIONS
ORD-DEMO-1212,PROD-ONI-112,SELLER-FARMER-3,BUYER-RETAIL-13,Onion,Nashik,Maharashtra,339.5,KG,35.38,35.38,35.38,2025-08-01,DELIVERED,3,DELIVERED_ON_TIME,SYNTHETIC / DEMO DATA — NOT REAL OBSERVATIONS
ORD-DEMO-1213,PROD-POT-113,SELLER-FARMER-4,BUYER-RETAIL-14,Potato,Pune,Maharashtra,205.3,KG,24.29,22.2,22.2,2025-08-02,DELIVERED,3,DELIVERED_ON_TIME,SYNTHETIC / DEMO DATA — NOT REAL OBSERVATIONS
ORD-DEMO-1214,PROD-RIC-114,SELLER-FARMER-5,BUYER-RETAIL-15,Rice,Hubballi,Karnataka,379.2,KG,52.72,52.72,52.72,2025-08-03,DELIVERED,3,DELIVERED_ON_TIME,SYNTHETIC / DEMO DATA — NOT REAL OBSERVATIONS
ORD-DEMO-1215,PROD-WHE-115,SELLER-FARMER-6,BUYER-RETAIL-16,Wheat,Nashik,Maharashtra,155.9,KG,26.47,25.84,25.84,2025-08-04,DELIVERED,3,DELIVERED_ON_TIME,SYNTHETIC / DEMO DATA — NOT REAL OBSERVATIONS
ORD-DEMO-1216,PROD-TOM-116,SELLER-FARMER-7,BUYER-RETAIL-17,Tomato,Hubballi,Karnataka,463.8,KG,31.33,31.33,31.33,2025-08-05,DELIVERED,2,DELIVERED_ON_TIME,SYNTHETIC / DEMO DATA — NOT REAL OBSERVATIONS
ORD-DEMO-1217,PROD-ONI-117,SELLER-FARMER-8,BUYER-RETAIL-18,Onion,Nashik,Maharashtra,464.6,KG,32.95,32.95,32.95,2025-08-06,DELIVERED,4,DELIVERED_SLIGHT_DELAY,SYNTHETIC / DEMO DATA — NOT REAL OBSERVATIONS
ORD-DEMO-1218,PROD-POT-118,SELLER-FARMER-9,BUYER-RETAIL-19,Potato,Pune,Maharashtra,156.0,KG,22.4,21.48,21.48,2025-08-07,DELIVERED,4,DELIVERED_SLIGHT_DELAY,SYNTHETIC / DEMO DATA — NOT REAL OBSERVATIONS
ORD-DEMO-1219,PROD-RIC-119,SELLER-FARMER-10,BUYER-RETAIL-20,Rice,Hubballi,Karnataka,408.2,KG,61.68,61.68,61.68,2025-08-08,DELIVERED,3,DELIVERED_ON_TIME,SYNTHETIC / DEMO DATA — NOT REAL OBSERVATIONS
ORD-DEMO-1220,PROD-WHE-100,SELLER-FARMER-11,BUYER-RETAIL-21,Wheat,Nashik,Maharashtra,300.7,KG,25.76,25.16,25.16,2025-08-09,DELIVERED,3,DELIVERED_ON_TIME,SYNTHETIC / DEMO DATA — NOT REAL OBSERVATIONS
ORD-DEMO-1221,PROD-TOM-101,SELLER-FARMER-12,BUYER-RETAIL-22,Tomato,Hubballi,Karnataka,241.1,KG,28.47,25.75,25.75,2025-08-10,DELIVERED,3,DELIVERED_ON_TIME,SYNTHETIC / DEMO DATA — NOT REAL OBSERVATIONS
ORD-DEMO-1222,PROD-ONI-102,SELLER-FARMER-13,BUYER-RETAIL-23,Onion,Nashik,Maharashtra,392.0,KG,36.41,36.41,36.41,2025-08-11,DELIVERED,3,DELIVERED_ON_TIME,SYNTHETIC / DEMO DATA — NOT REAL OBSERVATIONS
ORD-DEMO-1223,PROD-POT-103,SELLER-FARMER-14,BUYER-RETAIL-24,Potato,Pune,Maharashtra,70.5,KG,23.63,23.63,23.63,2025-08-12,DELIVERED,3,DELIVERED_ON_TIME,SYNTHETIC / DEMO DATA — NOT REAL OBSERVATIONS
ORD-DEMO-1224,PROD-RIC-104,SELLER-FARMER-15,BUYER-RETAIL-25,Rice,Hubballi,Karnataka,483.3,KG,60.68,60.68,60.68,2025-08-13,DELIVERED,3,DELIVERED_ON_TIME,SYNTHETIC / DEMO DATA — NOT REAL OBSERVATIONS
ORD-DEMO-1225,PROD-WHE-105,SELLER-FARMER-1,BUYER-RETAIL-1,Wheat,Nashik,Maharashtra,457.3,KG,26.96,26.96,26.96,2025-08-14,DELIVERED,4,DELIVERED_SLIGHT_DELAY,SYNTHETIC / DEMO DATA — NOT REAL OBSERVATIONS
ORD-DEMO-1226,PROD-TOM-106,SELLER-FARMER-2,BUYER-RETAIL-2,Tomato,Hubballi,Karnataka,399.0,KG,29.98,29.98,29.98,2025-08-15,DELIVERED,4,DELIVERED_SLIGHT_DELAY,SYNTHETIC / DEMO DATA — NOT REAL OBSERVATIONS
ORD-DEMO-1227,PROD-ONI-107,SELLER-FARMER-3,BUYER-RETAIL-3,Onion,Nashik,Maharashtra,277.1,KG,34.64,34.64,34.64,2025-08-16,DELIVERED,4,DELIVERED_SLIGHT_DELAY,SYNTHETIC / DEMO DATA — NOT REAL OBSERVATIONS
ORD-DEMO-1228,PROD-POT-108,SELLER-FARMER-4,BUYER-RETAIL-4,Potato,Pune,Maharashtra,304.0,KG,24.63,24.63,24.63,2025-08-17,DELIVERED,3,DELIVERED_ON_TIME,SYNTHETIC / DEMO DATA — NOT REAL OBSERVATIONS
ORD-DEMO-1229,PROD-RIC-109,SELLER-FARMER-5,BUYER-RETAIL-5,Rice,Hubballi,Karnataka,191.0,KG,62.3,58.21,58.21,2025-08-18,DELIVERED,3,DELIVERED_ON_TIME,SYNTHETIC / DEMO DATA — NOT REAL OBSERVATIONS
ORD-DEMO-1230,PROD-WHE-110,SELLER-FARMER-6,BUYER-RETAIL-6,Wheat,Nashik,Maharashtra,75.0,KG,26.23,26.23,26.23,2025-08-19,DELIVERED,3,DELIVERED_ON_TIME,SYNTHETIC / DEMO DATA — NOT REAL OBSERVATIONS
ORD-DEMO-1231,PROD-TOM-111,SELLER-FARMER-7,BUYER-RETAIL-7,Tomato,Hubballi,Karnataka,67.7,KG,30.06,28.13,28.13,2025-08-20,DELIVERED,3,DELIVERED_ON_TIME,SYNTHETIC / DEMO DATA — NOT REAL OBSERVATIONS
ORD-DEMO-1232,PROD-ONI-112,SELLER-FARMER-8,BUYER-RETAIL-8,Onion,Nashik,Maharashtra,210.0,KG,31.95,30.81,30.81,2025-08-21,DELIVERED,2,DELIVERED_ON_TIME,SYNTHETIC / DEMO DATA — NOT REAL OBSERVATIONS
ORD-DEMO-1233,PROD-POT-113,SELLER-FARMER-9,BUYER-RETAIL-9,Potato,Pune,Maharashtra,57.1,KG,22.63,22.63,22.63,2025-08-22,DELIVERED,2,DELIVERED_ON_TIME,SYNTHETIC / DEMO DATA — NOT REAL OBSERVATIONS
ORD-DEMO-1234,PROD-RIC-114,SELLER-FARMER-10,BUYER-RETAIL-10,Rice,Hubballi,Karnataka,266.0,KG,59.55,59.55,59.55,2025-08-23,DELIVERED,3,DELIVERED_ON_TIME,SYNTHETIC / DEMO DATA — NOT REAL OBSERVATIONS
ORD-DEMO-1235,PROD-WHE-115,SELLER-FARMER-11,BUYER-RETAIL-11,Wheat,Nashik,Maharashtra,497.0,KG,25.53,25.53,25.53,2025-08-24,DELIVERED,3,DELIVERED_ON_TIME,SYNTHETIC / DEMO DATA — NOT REAL OBSERVATIONS
ORD-DEMO-1236,PROD-TOM-116,SELLER-FARMER-12,BUYER-RETAIL-12,Tomato,Hubballi,Karnataka,475.4,KG,30.92,30.92,30.92,2025-08-25,DELIVERED,2,DELIVERED_ON_TIME,SYNTHETIC / DEMO DATA — NOT REAL OBSERVATIONS
ORD-DEMO-1237,PROD-ONI-117,SELLER-FARMER-13,BUYER-RETAIL-13,Onion,Nashik,Maharashtra,158.0,KG,33.07,33.07,33.07,2025-08-26,DELIVERED,4,DELIVERED_SLIGHT_DELAY,SYNTHETIC / DEMO DATA — NOT REAL OBSERVATIONS
ORD-DEMO-1238,PROD-POT-118,SELLER-FARMER-14,BUYER-RETAIL-14,Potato,Pune,Maharashtra,228.6,KG,23.04,23.04,23.04,2025-08-27,DELIVERED,3,DELIVERED_ON_TIME,SYNTHETIC / DEMO DATA — NOT REAL OBSERVATIONS
ORD-DEMO-1239,PROD-RIC-119,SELLER-FARMER-15,BUYER-RETAIL-15,Rice,Hubballi,Karnataka,69.2,KG,53.27,53.27,53.27,2025-08-28,DELIVERED,3,DELIVERED_ON_TIME,SYNTHETIC / DEMO DATA — NOT REAL OBSERVATIONS
ORD-DEMO-1240,PROD-WHE-100,SELLER-FARMER-1,BUYER-RETAIL-16,Wheat,Nashik,Maharashtra,279.5,KG,26.07,26.07,26.07,2025-08-29,DELIVERED,5,DELIVERED_SLIGHT_DELAY,SYNTHETIC / DEMO DATA — NOT REAL OBSERVATIONS
ORD-DEMO-1241,PROD-TOM-101,SELLER-FARMER-2,BUYER-RETAIL-17,Tomato,Hubballi,Karnataka,152.0,KG,28.06,28.06,28.06,2025-08-30,DELIVERED,4,DELIVERED_SLIGHT_DELAY,SYNTHETIC / DEMO DATA — NOT REAL OBSERVATIONS
ORD-DEMO-1242,PROD-ONI-102,SELLER-FARMER-3,BUYER-RETAIL-18,Onion,Nashik,Maharashtra,55.3,KG,35.57,35.57,35.57,2025-08-31,DELIVERED,4,DELIVERED_SLIGHT_DELAY,SYNTHETIC / DEMO DATA — NOT REAL OBSERVATIONS
ORD-DEMO-1243,PROD-POT-103,SELLER-FARMER-4,BUYER-RETAIL-19,Potato,Pune,Maharashtra,339.4,KG,21.37,21.37,21.37,2025-09-01,DELIVERED,3,DELIVERED_ON_TIME,SYNTHETIC / DEMO DATA — NOT REAL OBSERVATIONS
ORD-DEMO-1244,PROD-RIC-104,SELLER-FARMER-5,BUYER-RETAIL-20,Rice,Hubballi,Karnataka,324.2,KG,57.28,55.77,55.77,2025-09-02,DELIVERED,4,DELIVERED_SLIGHT_DELAY,SYNTHETIC / DEMO DATA — NOT REAL OBSERVATIONS
ORD-DEMO-1245,PROD-WHE-105,SELLER-FARMER-6,BUYER-RETAIL-21,Wheat,Nashik,Maharashtra,391.0,KG,27.3,27.3,27.3,2025-09-03,DELIVERED,2,DELIVERED_ON_TIME,SYNTHETIC / DEMO DATA — NOT REAL OBSERVATIONS
ORD-DEMO-1246,PROD-TOM-106,SELLER-FARMER-7,BUYER-RETAIL-22,Tomato,Hubballi,Karnataka,131.8,KG,30.56,30.56,30.56,2025-09-04,DELIVERED,2,DELIVERED_ON_TIME,SYNTHETIC / DEMO DATA — NOT REAL OBSERVATIONS
ORD-DEMO-1247,PROD-ONI-107,SELLER-FARMER-8,BUYER-RETAIL-23,Onion,Nashik,Maharashtra,245.8,KG,35.3,35.3,35.3,2025-09-05,DELIVERED,2,DELIVERED_ON_TIME,SYNTHETIC / DEMO DATA — NOT REAL OBSERVATIONS
ORD-DEMO-1248,PROD-POT-108,SELLER-FARMER-9,BUYER-RETAIL-24,Potato,Pune,Maharashtra,267.7,KG,24.7,24.7,24.7,2025-09-06,DELIVERED,3,DELIVERED_ON_TIME,SYNTHETIC / DEMO DATA — NOT REAL OBSERVATIONS
ORD-DEMO-1249,PROD-RIC-109,SELLER-FARMER-10,BUYER-RETAIL-25,Rice,Hubballi,Karnataka,265.4,KG,56.79,56.79,56.79,2025-09-07,DELIVERED,2,DELIVERED_ON_TIME,SYNTHETIC / DEMO DATA — NOT REAL OBSERVATIONS
ORD-DEMO-1250,PROD-WHE-110,SELLER-FARMER-11,BUYER-RETAIL-1,Wheat,Nashik,Maharashtra,294.8,KG,24.74,24.74,24.74,2025-09-08,DELIVERED,4,DELIVERED_SLIGHT_DELAY,SYNTHETIC / DEMO DATA — NOT REAL OBSERVATIONS
ORD-DEMO-1251,PROD-TOM-111,SELLER-FARMER-12,BUYER-RETAIL-2,Tomato,Hubballi,Karnataka,271.2,KG,30.64,30.64,30.64,2025-09-09,DELIVERED,3,DELIVERED_ON_TIME,SYNTHETIC / DEMO DATA — NOT REAL OBSERVATIONS
ORD-DEMO-1252,PROD-ONI-112,SELLER-FARMER-13,BUYER-RETAIL-3,Onion,Nashik,Maharashtra,272.4,KG,30.67,27.97,27.97,2025-09-10,DELIVERED,3,DELIVERED_ON_TIME,SYNTHETIC / DEMO DATA — NOT REAL OBSERVATIONS
ORD-DEMO-1253,PROD-POT-113,SELLER-FARMER-14,BUYER-RETAIL-4,Potato,Pune,Maharashtra,408.5,KG,22.69,22.69,22.69,2025-09-11,DELIVERED,3,DELIVERED_ON_TIME,SYNTHETIC / DEMO DATA — NOT REAL OBSERVATIONS
ORD-DEMO-1254,PROD-RIC-114,SELLER-FARMER-15,BUYER-RETAIL-5,Rice,Hubballi,Karnataka,104.4,KG,59.39,53.91,53.91,2025-09-12,DELIVERED,3,DELIVERED_ON_TIME,SYNTHETIC / DEMO DATA — NOT REAL OBSERVATIONS
ORD-DEMO-1255,PROD-WHE-115,SELLER-FARMER-1,BUYER-RETAIL-6,Wheat,Nashik,Maharashtra,361.0,KG,27.09,24.48,24.48,2025-09-13,DELIVERED,2,DELIVERED_ON_TIME,SYNTHETIC / DEMO DATA — NOT REAL OBSERVATIONS
ORD-DEMO-1256,PROD-TOM-116,SELLER-FARMER-2,BUYER-RETAIL-7,Tomato,Hubballi,Karnataka,250.1,KG,27.46,27.46,27.46,2025-09-14,DELIVERED,3,DELIVERED_ON_TIME,SYNTHETIC / DEMO DATA — NOT REAL OBSERVATIONS
ORD-DEMO-1257,PROD-ONI-117,SELLER-FARMER-3,BUYER-RETAIL-8,Onion,Nashik,Maharashtra,300.8,KG,33.49,33.49,33.49,2025-09-15,DELIVERED,3,DELIVERED_ON_TIME,SYNTHETIC / DEMO DATA — NOT REAL OBSERVATIONS
ORD-DEMO-1258,PROD-POT-118,SELLER-FARMER-4,BUYER-RETAIL-9,Potato,Pune,Maharashtra,107.2,KG,21.78,21.78,21.78,2025-09-16,DELIVERED,3,DELIVERED_ON_TIME,SYNTHETIC / DEMO DATA — NOT REAL OBSERVATIONS
ORD-DEMO-1259,PROD-RIC-119,SELLER-FARMER-5,BUYER-RETAIL-10,Rice,Hubballi,Karnataka,346.3,KG,52.41,52.41,52.41,2025-09-17,DELIVERED,3,DELIVERED_ON_TIME,SYNTHETIC / DEMO DATA — NOT REAL OBSERVATIONS
ORD-DEMO-1260,PROD-WHE-100,SELLER-FARMER-6,BUYER-RETAIL-11,Wheat,Nashik,Maharashtra,174.9,KG,27.04,24.73,24.73,2025-09-18,DELIVERED,5,DELIVERED_SLIGHT_DELAY,SYNTHETIC / DEMO DATA — NOT REAL OBSERVATIONS
ORD-DEMO-1261,PROD-TOM-101,SELLER-FARMER-7,BUYER-RETAIL-12,Tomato,Hubballi,Karnataka,65.2,KG,31.48,31.48,31.48,2025-09-19,DELIVERED,2,DELIVERED_ON_TIME,SYNTHETIC / DEMO DATA — NOT REAL OBSERVATIONS
ORD-DEMO-1262,PROD-ONI-102,SELLER-FARMER-8,BUYER-RETAIL-13,Onion,Nashik,Maharashtra,210.3,KG,33.41,33.41,33.41,2025-09-20,DELIVERED,3,DELIVERED_ON_TIME,SYNTHETIC / DEMO DATA — NOT REAL OBSERVATIONS
ORD-DEMO-1263,PROD-POT-103,SELLER-FARMER-9,BUYER-RETAIL-14,Potato,Pune,Maharashtra,54.6,KG,23.84,22.35,22.35,2025-09-21,DELIVERED,3,DELIVERED_ON_TIME,SYNTHETIC / DEMO DATA — NOT REAL OBSERVATIONS
ORD-DEMO-1264,PROD-RIC-104,SELLER-FARMER-10,BUYER-RETAIL-15,Rice,Hubballi,Karnataka,430.2,KG,61.2,57.56,57.56,2025-09-22,DELIVERED,3,DELIVERED_ON_TIME,SYNTHETIC / DEMO DATA — NOT REAL OBSERVATIONS
ORD-DEMO-1265,PROD-WHE-105,SELLER-FARMER-11,BUYER-RETAIL-16,Wheat,Nashik,Maharashtra,209.7,KG,23.78,23.78,23.78,2025-09-23,DELIVERED,2,DELIVERED_ON_TIME,SYNTHETIC / DEMO DATA — NOT REAL OBSERVATIONS
ORD-DEMO-1266,PROD-TOM-106,SELLER-FARMER-12,BUYER-RETAIL-17,Tomato,Hubballi,Karnataka,179.9,KG,28.97,27.94,27.94,2025-09-24,DELIVERED,3,DELIVERED_ON_TIME,SYNTHETIC / DEMO DATA — NOT REAL OBSERVATIONS
ORD-DEMO-1267,PROD-ONI-107,SELLER-FARMER-13,BUYER-RETAIL-18,Onion,Nashik,Maharashtra,201.5,KG,31.34,31.34,31.34,2025-09-25,DELIVERED,3,DELIVERED_ON_TIME,SYNTHETIC / DEMO DATA — NOT REAL OBSERVATIONS
ORD-DEMO-1268,PROD-POT-108,SELLER-FARMER-14,BUYER-RETAIL-19,Potato,Pune,Maharashtra,143.5,KG,21.0,21.0,21.0,2025-09-26,DELIVERED,2,DELIVERED_ON_TIME,SYNTHETIC / DEMO DATA — NOT REAL OBSERVATIONS
ORD-DEMO-1269,PROD-RIC-109,SELLER-FARMER-15,BUYER-RETAIL-20,Rice,Hubballi,Karnataka,474.9,KG,59.36,54.88,54.88,2025-09-27,DELIVERED,4,DELIVERED_SLIGHT_DELAY,SYNTHETIC / DEMO DATA — NOT REAL OBSERVATIONS
ORD-DEMO-1270,PROD-WHE-110,SELLER-FARMER-1,BUYER-RETAIL-21,Wheat,Nashik,Maharashtra,454.1,KG,22.81,22.81,22.81,2025-09-28,DELIVERED,3,DELIVERED_ON_TIME,SYNTHETIC / DEMO DATA — NOT REAL OBSERVATIONS
ORD-DEMO-1271,PROD-TOM-111,SELLER-FARMER-2,BUYER-RETAIL-22,Tomato,Hubballi,Karnataka,442.2,KG,28.23,28.23,28.23,2025-09-29,DELIVERED,2,DELIVERED_ON_TIME,SYNTHETIC / DEMO DATA — NOT REAL OBSERVATIONS
ORD-DEMO-1272,PROD-ONI-112,SELLER-FARMER-3,BUYER-RETAIL-23,Onion,Nashik,Maharashtra,294.8,KG,32.13,32.13,32.13,2025-09-30,DELIVERED,3,DELIVERED_ON_TIME,SYNTHETIC / DEMO DATA — NOT REAL OBSERVATIONS
ORD-DEMO-1273,PROD-POT-113,SELLER-FARMER-4,BUYER-RETAIL-24,Potato,Pune,Maharashtra,306.4,KG,24.79,23.79,23.79,2025-10-01,DELIVERED,4,DELIVERED_SLIGHT_DELAY,SYNTHETIC / DEMO DATA — NOT REAL OBSERVATIONS
ORD-DEMO-1274,PROD-RIC-114,SELLER-FARMER-5,BUYER-RETAIL-25,Rice,Hubballi,Karnataka,288.7,KG,59.51,54.85,54.85,2025-10-02,DELIVERED,3,DELIVERED_ON_TIME,SYNTHETIC / DEMO DATA — NOT REAL OBSERVATIONS
ORD-DEMO-1275,PROD-WHE-115,SELLER-FARMER-6,BUYER-RETAIL-1,Wheat,Nashik,Maharashtra,284.3,KG,25.57,25.57,25.57,2025-10-03,DELIVERED,3,DELIVERED_ON_TIME,SYNTHETIC / DEMO DATA — NOT REAL OBSERVATIONS
ORD-DEMO-1276,PROD-TOM-116,SELLER-FARMER-7,BUYER-RETAIL-2,Tomato,Hubballi,Karnataka,110.0,KG,28.2,26.63,26.63,2025-10-04,DELIVERED,3,DELIVERED_ON_TIME,SYNTHETIC / DEMO DATA — NOT REAL OBSERVATIONS
ORD-DEMO-1277,PROD-ONI-117,SELLER-FARMER-8,BUYER-RETAIL-3,Onion,Nashik,Maharashtra,174.7,KG,35.7,35.7,35.7,2025-10-05,DELIVERED,4,DELIVERED_SLIGHT_DELAY,SYNTHETIC / DEMO DATA — NOT REAL OBSERVATIONS
ORD-DEMO-1278,PROD-POT-118,SELLER-FARMER-9,BUYER-RETAIL-4,Potato,Pune,Maharashtra,64.0,KG,21.27,20.17,20.17,2025-10-06,DELIVERED,3,DELIVERED_ON_TIME,SYNTHETIC / DEMO DATA — NOT REAL OBSERVATIONS
ORD-DEMO-1279,PROD-RIC-119,SELLER-FARMER-10,BUYER-RETAIL-5,Rice,Hubballi,Karnataka,68.0,KG,54.41,49.42,49.42,2025-10-07,DELIVERED,3,DELIVERED_ON_TIME,SYNTHETIC / DEMO DATA — NOT REAL OBSERVATIONS
ORD-DEMO-1280,PROD-WHE-100,SELLER-FARMER-11,BUYER-RETAIL-6,Wheat,Nashik,Maharashtra,94.8,KG,27.27,27.27,27.27,2025-10-08,DELIVERED,3,DELIVERED_ON_TIME,SYNTHETIC / DEMO DATA — NOT REAL OBSERVATIONS
ORD-DEMO-1281,PROD-TOM-101,SELLER-FARMER-12,BUYER-RETAIL-7,Tomato,Hubballi,Karnataka,449.9,KG,27.46,24.92,24.92,2025-10-09,DELIVERED,2,DELIVERED_ON_TIME,SYNTHETIC / DEMO DATA — NOT REAL OBSERVATIONS
ORD-DEMO-1282,PROD-ONI-102,SELLER-FARMER-13,BUYER-RETAIL-8,Onion,Nashik,Maharashtra,143.2,KG,33.92,33.92,33.92,2025-10-10,DELIVERED,3,DELIVERED_ON_TIME,SYNTHETIC / DEMO DATA — NOT REAL OBSERVATIONS
ORD-DEMO-1283,PROD-POT-103,SELLER-FARMER-14,BUYER-RETAIL-9,Potato,Pune,Maharashtra,244.1,KG,21.15,19.06,19.06,2025-10-11,DELIVERED,3,DELIVERED_ON_TIME,SYNTHETIC / DEMO DATA — NOT REAL OBSERVATIONS
ORD-DEMO-1284,PROD-RIC-104,SELLER-FARMER-15,BUYER-RETAIL-10,Rice,Hubballi,Karnataka,66.2,KG,56.59,56.59,56.59,2025-10-12,DELIVERED,2,DELIVERED_ON_TIME,SYNTHETIC / DEMO DATA — NOT REAL OBSERVATIONS
ORD-DEMO-1285,PROD-WHE-105,SELLER-FARMER-1,BUYER-RETAIL-11,Wheat,Nashik,Maharashtra,331.0,KG,24.29,24.29,24.29,2025-10-13,DELIVERED,4,DELIVERED_SLIGHT_DELAY,SYNTHETIC / DEMO DATA — NOT REAL OBSERVATIONS
ORD-DEMO-1286,PROD-TOM-106,SELLER-FARMER-2,BUYER-RETAIL-12,Tomato,Hubballi,Karnataka,29.0,KG,31.43,31.43,31.43,2025-10-14,DELIVERED,3,DELIVERED_ON_TIME,SYNTHETIC / DEMO DATA — NOT REAL OBSERVATIONS
ORD-DEMO-1287,PROD-ONI-107,SELLER-FARMER-3,BUYER-RETAIL-13,Onion,Nashik,Maharashtra,178.3,KG,36.14,33.27,33.27,2025-10-15,DELIVERED,4,DELIVERED_SLIGHT_DELAY,SYNTHETIC / DEMO DATA — NOT REAL OBSERVATIONS
ORD-DEMO-1288,PROD-POT-108,SELLER-FARMER-4,BUYER-RETAIL-14,Potato,Pune,Maharashtra,436.6,KG,23.64,23.64,23.64,2025-10-16,DELIVERED,4,DELIVERED_SLIGHT_DELAY,SYNTHETIC / DEMO DATA — NOT REAL OBSERVATIONS
ORD-DEMO-1289,PROD-RIC-109,SELLER-FARMER-5,BUYER-RETAIL-15,Rice,Hubballi,Karnataka,146.8,KG,52.28,52.28,52.28,2025-10-17,DELIVERED,3,DELIVERED_ON_TIME,SYNTHETIC / DEMO DATA — NOT REAL OBSERVATIONS
ORD-DEMO-1290,PROD-WHE-110,SELLER-FARMER-6,BUYER-RETAIL-16,Wheat,Nashik,Maharashtra,347.7,KG,26.3,26.3,26.3,2025-10-18,DELIVERED,2,DELIVERED_ON_TIME,SYNTHETIC / DEMO DATA — NOT REAL OBSERVATIONS
ORD-DEMO-1291,PROD-TOM-111,SELLER-FARMER-7,BUYER-RETAIL-17,Tomato,Hubballi,Karnataka,58.4,KG,29.75,29.75,29.75,2025-10-19,DELIVERED,2,DELIVERED_ON_TIME,SYNTHETIC / DEMO DATA — NOT REAL OBSERVATIONS
ORD-DEMO-1292,PROD-ONI-112,SELLER-FARMER-8,BUYER-RETAIL-18,Onion,Nashik,Maharashtra,37.3,KG,32.46,32.46,32.46,2025-10-20,DELIVERED,2,DELIVERED_ON_TIME,SYNTHETIC / DEMO DATA — NOT REAL OBSERVATIONS
ORD-DEMO-1293,PROD-POT-113,SELLER-FARMER-9,BUYER-RETAIL-19,Potato,Pune,Maharashtra,155.2,KG,22.47,22.47,22.47,2025-10-21,DELIVERED,4,DELIVERED_SLIGHT_DELAY,SYNTHETIC / DEMO DATA — NOT REAL OBSERVATIONS
ORD-DEMO-1294,PROD-RIC-114,SELLER-FARMER-10,BUYER-RETAIL-20,Rice,Hubballi,Karnataka,385.9,KG,55.16,55.16,55.16,2025-10-22,DELIVERED,3,DELIVERED_ON_TIME,SYNTHETIC / DEMO DATA — NOT REAL OBSERVATIONS
ORD-DEMO-1295,PROD-WHE-115,SELLER-FARMER-11,BUYER-RETAIL-21,Wheat,Nashik,Maharashtra,323.8,KG,26.05,23.75,23.75,2025-10-23,DELIVERED,4,DELIVERED_SLIGHT_DELAY,SYNTHETIC / DEMO DATA — NOT REAL OBSERVATIONS
ORD-DEMO-1296,PROD-TOM-116,SELLER-FARMER-12,BUYER-RETAIL-22,Tomato,Hubballi,Karnataka,75.2,KG,30.7,30.7,30.7,2025-10-24,DELIVERED,4,DELIVERED_SLIGHT_DELAY,SYNTHETIC / DEMO DATA — NOT REAL OBSERVATIONS
ORD-DEMO-1297,PROD-ONI-117,SELLER-FARMER-13,BUYER-RETAIL-23,Onion,Nashik,Maharashtra,383.3,KG,31.04,29.91,29.91,2025-10-25,DELIVERED,3,DELIVERED_ON_TIME,SYNTHETIC / DEMO DATA — NOT REAL OBSERVATIONS
ORD-DEMO-1298,PROD-POT-118,SELLER-FARMER-14,BUYER-RETAIL-24,Potato,Pune,Maharashtra,474.0,KG,20.92,20.92,20.92,2025-10-26,DELIVERED,2,DELIVERED_ON_TIME,SYNTHETIC / DEMO DATA — NOT REAL OBSERVATIONS
ORD-DEMO-1299,PROD-RIC-119,SELLER-FARMER-15,BUYER-RETAIL-25,Rice,Hubballi,Karnataka,482.1,KG,53.81,53.81,53.81,2025-10-27,DELIVERED,3,DELIVERED_ON_TIME,SYNTHETIC / DEMO DATA — NOT REAL OBSERVATIONS
ORD-DEMO-1300,PROD-WHE-100,SELLER-FARMER-1,BUYER-RETAIL-1,Wheat,Nashik,Maharashtra,343.7,KG,23.17,23.17,23.17,2025-10-28,DELIVERED,2,DELIVERED_ON_TIME,SYNTHETIC / DEMO DATA — NOT REAL OBSERVATIONS
ORD-DEMO-1301,PROD-TOM-101,SELLER-FARMER-2,BUYER-RETAIL-2,Tomato,Hubballi,Karnataka,292.5,KG,28.14,25.76,25.76,2025-10-29,DELIVERED,4,DELIVERED_SLIGHT_DELAY,SYNTHETIC / DEMO DATA — NOT REAL OBSERVATIONS
ORD-DEMO-1302,PROD-ONI-102,SELLER-FARMER-3,BUYER-RETAIL-3,Onion,Nashik,Maharashtra,261.1,KG,34.58,34.58,34.58,2025-10-30,DELIVERED,3,DELIVERED_ON_TIME,SYNTHETIC / DEMO DATA — NOT REAL OBSERVATIONS
ORD-DEMO-1303,PROD-POT-103,SELLER-FARMER-4,BUYER-RETAIL-4,Potato,Pune,Maharashtra,443.2,KG,21.27,21.27,21.27,2025-10-31,DELIVERED,2,DELIVERED_ON_TIME,SYNTHETIC / DEMO DATA — NOT REAL OBSERVATIONS
ORD-DEMO-1304,PROD-RIC-104,SELLER-FARMER-5,BUYER-RETAIL-5,Rice,Hubballi,Karnataka,371.0,KG,52.62,50.57,50.57,2025-11-01,DELIVERED,3,DELIVERED_ON_TIME,SYNTHETIC / DEMO DATA — NOT REAL OBSERVATIONS
ORD-DEMO-1305,PROD-WHE-105,SELLER-FARMER-6,BUYER-RETAIL-6,Wheat,Nashik,Maharashtra,269.3,KG,23.52,21.62,21.62,2025-11-02,DELIVERED,3,DELIVERED_ON_TIME,SYNTHETIC / DEMO DATA — NOT REAL OBSERVATIONS
ORD-DEMO-1306,PROD-TOM-106,SELLER-FARMER-7,BUYER-RETAIL-7,Tomato,Hubballi,Karnataka,256.1,KG,29.57,29.57,29.57,2025-11-03,DELIVERED,3,DELIVERED_ON_TIME,SYNTHETIC / DEMO DATA — NOT REAL OBSERVATIONS
ORD-DEMO-1307,PROD-ONI-107,SELLER-FARMER-8,BUYER-RETAIL-8,Onion,Nashik,Maharashtra,353.0,KG,33.1,30.36,30.36,2025-11-04,DELIVERED,3,DELIVERED_ON_TIME,SYNTHETIC / DEMO DATA — NOT REAL OBSERVATIONS
ORD-DEMO-1308,PROD-POT-108,SELLER-FARMER-9,BUYER-RETAIL-9,Potato,Pune,Maharashtra,318.2,KG,23.78,23.78,23.78,2025-11-05,DELIVERED,3,DELIVERED_ON_TIME,SYNTHETIC / DEMO DATA — NOT REAL OBSERVATIONS
ORD-DEMO-1309,PROD-RIC-109,SELLER-FARMER-10,BUYER-RETAIL-10,Rice,Hubballi,Karnataka,171.3,KG,53.97,53.97,53.97,2025-11-06,DELIVERED,3,DELIVERED_ON_TIME,SYNTHETIC / DEMO DATA — NOT REAL OBSERVATIONS
ORD-DEMO-1310,PROD-WHE-110,SELLER-FARMER-11,BUYER-RETAIL-11,Wheat,Nashik,Maharashtra,374.2,KG,27.57,27.57,27.57,2025-11-07,DELIVERED,4,DELIVERED_SLIGHT_DELAY,SYNTHETIC / DEMO DATA — NOT REAL OBSERVATIONS
ORD-DEMO-1311,PROD-TOM-111,SELLER-FARMER-12,BUYER-RETAIL-12,Tomato,Hubballi,Karnataka,110.9,KG,27.18,27.18,27.18,2025-11-08,DELIVERED,3,DELIVERED_ON_TIME,SYNTHETIC / DEMO DATA — NOT REAL OBSERVATIONS
ORD-DEMO-1312,PROD-ONI-112,SELLER-FARMER-13,BUYER-RETAIL-13,Onion,Nashik,Maharashtra,105.0,KG,31.65,31.65,31.65,2025-11-09,DELIVERED,4,DELIVERED_SLIGHT_DELAY,SYNTHETIC / DEMO DATA — NOT REAL OBSERVATIONS
ORD-DEMO-1313,PROD-POT-113,SELLER-FARMER-14,BUYER-RETAIL-14,Potato,Pune,Maharashtra,37.0,KG,20.97,20.97,20.97,2025-11-10,DELIVERED,5,DELIVERED_SLIGHT_DELAY,SYNTHETIC / DEMO DATA — NOT REAL OBSERVATIONS
ORD-DEMO-1314,PROD-RIC-114,SELLER-FARMER-15,BUYER-RETAIL-15,Rice,Hubballi,Karnataka,78.9,KG,55.24,55.24,55.24,2025-11-11,DELIVERED,2,DELIVERED_ON_TIME,SYNTHETIC / DEMO DATA — NOT REAL OBSERVATIONS
ORD-DEMO-1315,PROD-WHE-115,SELLER-FARMER-1,BUYER-RETAIL-16,Wheat,Nashik,Maharashtra,361.6,KG,25.42,25.42,25.42,2025-11-12,DELIVERED,3,DELIVERED_ON_TIME,SYNTHETIC / DEMO DATA — NOT REAL OBSERVATIONS
ORD-DEMO-1316,PROD-TOM-116,SELLER-FARMER-2,BUYER-RETAIL-17,Tomato,Hubballi,Karnataka,221.4,KG,32.09,29.67,29.67,2025-11-13,DELIVERED,3,DELIVERED_ON_TIME,SYNTHETIC / DEMO DATA — NOT REAL OBSERVATIONS
ORD-DEMO-1317,PROD-ONI-117,SELLER-FARMER-3,BUYER-RETAIL-18,Onion,Nashik,Maharashtra,290.8,KG,33.83,33.83,33.83,2025-11-14,DELIVERED,3,DELIVERED_ON_TIME,SYNTHETIC / DEMO DATA — NOT REAL OBSERVATIONS
ORD-DEMO-1318,PROD-POT-118,SELLER-FARMER-4,BUYER-RETAIL-19,Potato,Pune,Maharashtra,203.2,KG,20.92,20.92,20.92,2025-11-15,DELIVERED,4,DELIVERED_SLIGHT_DELAY,SYNTHETIC / DEMO DATA — NOT REAL OBSERVATIONS
ORD-DEMO-1319,PROD-RIC-119,SELLER-FARMER-5,BUYER-RETAIL-20,Rice,Hubballi,Karnataka,339.7,KG,59.14,59.14,59.14,2025-11-16,DELIVERED,3,DELIVERED_ON_TIME,SYNTHETIC / DEMO DATA — NOT REAL OBSERVATIONS
ORD-DEMO-1320,PROD-WHE-100,SELLER-FARMER-6,BUYER-RETAIL-21,Wheat,Nashik,Maharashtra,159.6,KG,24.98,22.48,22.48,2025-11-17,DELIVERED,4,DELIVERED_SLIGHT_DELAY,SYNTHETIC / DEMO DATA — NOT REAL OBSERVATIONS
ORD-DEMO-1321,PROD-TOM-101,SELLER-FARMER-7,BUYER-RETAIL-22,Tomato,Hubballi,Karnataka,49.2,KG,27.12,27.12,27.12,2025-11-18,DELIVERED,3,DELIVERED_ON_TIME,SYNTHETIC / DEMO DATA — NOT REAL OBSERVATIONS
ORD-DEMO-1322,PROD-ONI-102,SELLER-FARMER-8,BUYER-RETAIL-23,Onion,Nashik,Maharashtra,67.0,KG,36.74,36.74,36.74,2025-11-19,DELIVERED,2,DELIVERED_ON_TIME,SYNTHETIC / DEMO DATA — NOT REAL OBSERVATIONS
ORD-DEMO-1323,PROD-POT-103,SELLER-FARMER-9,BUYER-RETAIL-24,Potato,Pune,Maharashtra,104.7,KG,21.12,21.12,21.12,2025-11-20,DELIVERED,3,DELIVERED_ON_TIME,SYNTHETIC / DEMO DATA — NOT REAL OBSERVATIONS
ORD-DEMO-1324,PROD-RIC-104,SELLER-FARMER-10,BUYER-RETAIL-25,Rice,Hubballi,Karnataka,81.4,KG,58.11,58.11,58.11,2025-11-21,DELIVERED,2,DELIVERED_ON_TIME,SYNTHETIC / DEMO DATA — NOT REAL OBSERVATIONS
ORD-DEMO-1325,PROD-WHE-105,SELLER-FARMER-11,BUYER-RETAIL-1,Wheat,Nashik,Maharashtra,250.2,KG,24.95,24.95,24.95,2025-11-22,DELIVERED,3,DELIVERED_ON_TIME,SYNTHETIC / DEMO DATA — NOT REAL OBSERVATIONS
ORD-DEMO-1326,PROD-TOM-106,SELLER-FARMER-12,BUYER-RETAIL-2,Tomato,Hubballi,Karnataka,151.7,KG,27.68,27.68,27.68,2025-11-23,DELIVERED,2,DELIVERED_ON_TIME,SYNTHETIC / DEMO DATA — NOT REAL OBSERVATIONS
ORD-DEMO-1327,PROD-ONI-107,SELLER-FARMER-13,BUYER-RETAIL-3,Onion,Nashik,Maharashtra,499.0,KG,30.77,28.32,28.32,2025-11-24,DELIVERED,3,DELIVERED_ON_TIME,SYNTHETIC / DEMO DATA — NOT REAL OBSERVATIONS
ORD-DEMO-1328,PROD-POT-108,SELLER-FARMER-14,BUYER-RETAIL-4,Potato,Pune,Maharashtra,56.0,KG,23.15,21.35,21.35,2025-11-25,DELIVERED,4,DELIVERED_SLIGHT_DELAY,SYNTHETIC / DEMO DATA — NOT REAL OBSERVATIONS
ORD-DEMO-1329,PROD-RIC-109,SELLER-FARMER-15,BUYER-RETAIL-5,Rice,Hubballi,Karnataka,48.7,KG,52.4,52.4,52.4,2025-11-26,DELIVERED,2,DELIVERED_ON_TIME,SYNTHETIC / DEMO DATA — NOT REAL OBSERVATIONS
ORD-DEMO-1330,PROD-WHE-110,SELLER-FARMER-1,BUYER-RETAIL-6,Wheat,Nashik,Maharashtra,177.4,KG,23.12,23.12,23.12,2025-11-27,DELIVERED,3,DELIVERED_ON_TIME,SYNTHETIC / DEMO DATA — NOT REAL OBSERVATIONS
ORD-DEMO-1331,PROD-TOM-111,SELLER-FARMER-2,BUYER-RETAIL-7,Tomato,Hubballi,Karnataka,468.3,KG,31.37,31.37,31.37,2025-11-28,DELIVERED,2,DELIVERED_ON_TIME,SYNTHETIC / DEMO DATA — NOT REAL OBSERVATIONS
ORD-DEMO-1332,PROD-ONI-112,SELLER-FARMER-3,BUYER-RETAIL-8,Onion,Nashik,Maharashtra,417.9,KG,36.36,36.36,36.36,2025-11-29,DELIVERED,3,DELIVERED_ON_TIME,SYNTHETIC / DEMO DATA — NOT REAL OBSERVATIONS
ORD-DEMO-1333,PROD-POT-113,SELLER-FARMER-4,BUYER-RETAIL-9,Potato,Pune,Maharashtra,274.9,KG,23.59,23.59,23.59,2025-11-30,DELIVERED,3,DELIVERED_ON_TIME,SYNTHETIC / DEMO DATA — NOT REAL OBSERVATIONS
ORD-DEMO-1334,PROD-RIC-114,SELLER-FARMER-5,BUYER-RETAIL-10,Rice,Hubballi,Karnataka,216.6,KG,55.73,55.73,55.73,2025-12-01,DELIVERED,2,DELIVERED_ON_TIME,SYNTHETIC / DEMO DATA — NOT REAL OBSERVATIONS
ORD-DEMO-1335,PROD-WHE-115,SELLER-FARMER-6,BUYER-RETAIL-11,Wheat,Nashik,Maharashtra,463.2,KG,26.42,24.7,24.7,2025-12-02,DELIVERED,2,DELIVERED_ON_TIME,SYNTHETIC / DEMO DATA — NOT REAL OBSERVATIONS
ORD-DEMO-1336,PROD-TOM-116,SELLER-FARMER-7,BUYER-RETAIL-12,Tomato,Hubballi,Karnataka,193.4,KG,27.98,27.98,27.98,2025-12-03,DELIVERED,3,DELIVERED_ON_TIME,SYNTHETIC / DEMO DATA — NOT REAL OBSERVATIONS
ORD-DEMO-1337,PROD-ONI-117,SELLER-FARMER-8,BUYER-RETAIL-13,Onion,Nashik,Maharashtra,70.8,KG,33.56,33.56,33.56,2025-12-04,DELIVERED,3,DELIVERED_ON_TIME,SYNTHETIC / DEMO DATA — NOT REAL OBSERVATIONS
ORD-DEMO-1338,PROD-POT-118,SELLER-FARMER-9,BUYER-RETAIL-14,Potato,Pune,Maharashtra,481.2,KG,22.2,20.31,20.31,2025-12-05,DELIVERED,4,DELIVERED_SLIGHT_DELAY,SYNTHETIC / DEMO DATA — NOT REAL OBSERVATIONS
ORD-DEMO-1339,PROD-RIC-119,SELLER-FARMER-10,BUYER-RETAIL-15,Rice,Hubballi,Karnataka,40.6,KG,62.44,62.44,62.44,2025-12-06,DELIVERED,3,DELIVERED_ON_TIME,SYNTHETIC / DEMO DATA — NOT REAL OBSERVATIONS
ORD-DEMO-1340,PROD-WHE-100,SELLER-FARMER-11,BUYER-RETAIL-16,Wheat,Nashik,Maharashtra,60.4,KG,27.08,27.08,27.08,2025-12-07,DELIVERED,4,DELIVERED_SLIGHT_DELAY,SYNTHETIC / DEMO DATA — NOT REAL OBSERVATIONS
ORD-DEMO-1341,PROD-TOM-101,SELLER-FARMER-12,BUYER-RETAIL-17,Tomato,Hubballi,Karnataka,40.4,KG,32.03,32.03,32.03,2025-12-08,DELIVERED,3,DELIVERED_ON_TIME,SYNTHETIC / DEMO DATA — NOT REAL OBSERVATIONS
ORD-DEMO-1342,PROD-ONI-102,SELLER-FARMER-13,BUYER-RETAIL-18,Onion,Nashik,Maharashtra,304.1,KG,33.71,32.97,32.97,2025-12-09,DELIVERED,3,DELIVERED_ON_TIME,SYNTHETIC / DEMO DATA — NOT REAL OBSERVATIONS
ORD-DEMO-1343,PROD-POT-103,SELLER-FARMER-14,BUYER-RETAIL-19,Potato,Pune,Maharashtra,472.3,KG,21.84,21.84,21.84,2025-12-10,DELIVERED,3,DELIVERED_ON_TIME,SYNTHETIC / DEMO DATA — NOT REAL OBSERVATIONS
ORD-DEMO-1344,PROD-RIC-104,SELLER-FARMER-15,BUYER-RETAIL-20,Rice,Hubballi,Karnataka,137.1,KG,53.79,53.79,53.79,2025-12-11,DELIVERED,4,DELIVERED_SLIGHT_DELAY,SYNTHETIC / DEMO DATA — NOT REAL OBSERVATIONS
ORD-DEMO-1345,PROD-WHE-105,SELLER-FARMER-1,BUYER-RETAIL-21,Wheat,Nashik,Maharashtra,139.1,KG,26.11,24.38,24.38,2025-12-12,DELIVERED,3,DELIVERED_ON_TIME,SYNTHETIC / DEMO DATA — NOT REAL OBSERVATIONS
ORD-DEMO-1346,PROD-TOM-106,SELLER-FARMER-2,BUYER-RETAIL-22,Tomato,Hubballi,Karnataka,77.6,KG,27.05,27.05,27.05,2025-12-13,DELIVERED,3,DELIVERED_ON_TIME,SYNTHETIC / DEMO DATA — NOT REAL OBSERVATIONS
ORD-DEMO-1347,PROD-ONI-107,SELLER-FARMER-3,BUYER-RETAIL-23,Onion,Nashik,Maharashtra,491.6,KG,34.24,34.24,34.24,2025-12-14,DELIVERED,3,DELIVERED_ON_TIME,SYNTHETIC / DEMO DATA — NOT REAL OBSERVATIONS
ORD-DEMO-1348,PROD-POT-108,SELLER-FARMER-4,BUYER-RETAIL-24,Potato,Pune,Maharashtra,173.5,KG,21.72,20.95,20.95,2025-12-15,DELIVERED,3,DELIVERED_ON_TIME,SYNTHETIC / DEMO DATA — NOT REAL OBSERVATIONS
ORD-DEMO-1349,PROD-RIC-109,SELLER-FARMER-5,BUYER-RETAIL-25,Rice,Hubballi,Karnataka,423.4,KG,62.33,62.33,62.33,2025-12-16,DELIVERED,3,DELIVERED_ON_TIME,SYNTHETIC / DEMO DATA — NOT REAL OBSERVATIONS
ORD-DEMO-1350,PROD-WHE-110,SELLER-FARMER-6,BUYER-RETAIL-1,Wheat,Nashik,Maharashtra,41.8,KG,23.95,23.95,23.95,2025-12-17,DELIVERED,3,DELIVERED_ON_TIME,SYNTHETIC / DEMO DATA — NOT REAL OBSERVATIONS
ORD-DEMO-1351,PROD-TOM-111,SELLER-FARMER-7,BUYER-RETAIL-2,Tomato,Hubballi,Karnataka,337.6,KG,27.88,27.88,27.88,2025-12-18,DELIVERED,3,DELIVERED_ON_TIME,SYNTHETIC / DEMO DATA — NOT REAL OBSERVATIONS
ORD-DEMO-1352,PROD-ONI-112,SELLER-FARMER-8,BUYER-RETAIL-3,Onion,Nashik,Maharashtra,337.8,KG,32.43,29.45,29.45,2025-12-19,DELIVERED,4,DELIVERED_SLIGHT_DELAY,SYNTHETIC / DEMO DATA — NOT REAL OBSERVATIONS
ORD-DEMO-1353,PROD-POT-113,SELLER-FARMER-9,BUYER-RETAIL-4,Potato,Pune,Maharashtra,115.5,KG,22.96,22.96,22.96,2025-12-20,DELIVERED,3,DELIVERED_ON_TIME,SYNTHETIC / DEMO DATA — NOT REAL OBSERVATIONS
ORD-DEMO-1354,PROD-RIC-114,SELLER-FARMER-10,BUYER-RETAIL-5,Rice,Hubballi,Karnataka,150.6,KG,52.48,52.48,52.48,2025-12-21,DELIVERED,3,DELIVERED_ON_TIME,SYNTHETIC / DEMO DATA — NOT REAL OBSERVATIONS
ORD-DEMO-1355,PROD-WHE-115,SELLER-FARMER-11,BUYER-RETAIL-6,Wheat,Nashik,Maharashtra,347.5,KG,26.64,25.89,25.89,2025-12-22,DELIVERED,3,DELIVERED_ON_TIME,SYNTHETIC / DEMO DATA — NOT REAL OBSERVATIONS
ORD-DEMO-1356,PROD-TOM-116,SELLER-FARMER-12,BUYER-RETAIL-7,Tomato,Hubballi,Karnataka,298.6,KG,31.43,29.37,29.37,2025-12-23,DELIVERED,2,DELIVERED_ON_TIME,SYNTHETIC / DEMO DATA — NOT REAL OBSERVATIONS
ORD-DEMO-1357,PROD-ONI-117,SELLER-FARMER-13,BUYER-RETAIL-8,Onion,Nashik,Maharashtra,317.1,KG,34.44,34.44,34.44,2025-12-24,DELIVERED,3,DELIVERED_ON_TIME,SYNTHETIC / DEMO DATA — NOT REAL OBSERVATIONS
ORD-DEMO-1358,PROD-POT-118,SELLER-FARMER-14,BUYER-RETAIL-9,Potato,Pune,Maharashtra,366.1,KG,23.21,22.48,22.48,2025-12-25,DELIVERED,3,DELIVERED_ON_TIME,SYNTHETIC / DEMO DATA — NOT REAL OBSERVATIONS
ORD-DEMO-1359,PROD-RIC-119,SELLER-FARMER-15,BUYER-RETAIL-10,Rice,Hubballi,Karnataka,144.4,KG,62.12,57.3,57.3,2025-12-26,DELIVERED,3,DELIVERED_ON_TIME,SYNTHETIC / DEMO DATA — NOT REAL OBSERVATIONS
ORD-DEMO-1360,PROD-WHE-100,SELLER-FARMER-1,BUYER-RETAIL-11,Wheat,Nashik,Maharashtra,132.8,KG,25.22,25.22,25.22,2025-12-27,DELIVERED,4,DELIVERED_SLIGHT_DELAY,SYNTHETIC / DEMO DATA — NOT REAL OBSERVATIONS
ORD-DEMO-1361,PROD-TOM-101,SELLER-FARMER-2,BUYER-RETAIL-12,Tomato,Hubballi,Karnataka,360.4,KG,32.08,32.08,32.08,2025-12-28,DELIVERED,3,DELIVERED_ON_TIME,SYNTHETIC / DEMO DATA — NOT REAL OBSERVATIONS
ORD-DEMO-1362,PROD-ONI-102,SELLER-FARMER-3,BUYER-RETAIL-13,Onion,Nashik,Maharashtra,306.1,KG,32.48,30.58,30.58,2025-12-29,DELIVERED,3,DELIVERED_ON_TIME,SYNTHETIC / DEMO DATA — NOT REAL OBSERVATIONS
ORD-DEMO-1363,PROD-POT-103,SELLER-FARMER-4,BUYER-RETAIL-14,Potato,Pune,Maharashtra,132.8,KG,24.73,24.73,24.73,2025-12-30,DELIVERED,3,DELIVERED_ON_TIME,SYNTHETIC / DEMO DATA — NOT REAL OBSERVATIONS
ORD-DEMO-1364,PROD-RIC-104,SELLER-FARMER-5,BUYER-RETAIL-15,Rice,Hubballi,Karnataka,387.4,KG,58.19,58.19,58.19,2025-12-31,DELIVERED,3,DELIVERED_ON_TIME,SYNTHETIC / DEMO DATA — NOT REAL OBSERVATIONS
ORD-DEMO-1365,PROD-WHE-105,SELLER-FARMER-6,BUYER-RETAIL-16,Wheat,Nashik,Maharashtra,468.2,KG,27.22,26.1,26.1,2025-01-01,DELIVERED,3,DELIVERED_ON_TIME,SYNTHETIC / DEMO DATA — NOT REAL OBSERVATIONS
ORD-DEMO-1366,PROD-TOM-106,SELLER-FARMER-7,BUYER-RETAIL-17,Tomato,Hubballi,Karnataka,66.8,KG,31.48,31.48,31.48,2025-01-02,DELIVERED,3,DELIVERED_ON_TIME,SYNTHETIC / DEMO DATA — NOT REAL OBSERVATIONS
ORD-DEMO-1367,PROD-ONI-107,SELLER-FARMER-8,BUYER-RETAIL-18,Onion,Nashik,Maharashtra,433.5,KG,35.68,35.68,35.68,2025-01-03,DELIVERED,2,DELIVERED_ON_TIME,SYNTHETIC / DEMO DATA — NOT REAL OBSERVATIONS
ORD-DEMO-1368,PROD-POT-108,SELLER-FARMER-9,BUYER-RETAIL-19,Potato,Pune,Maharashtra,345.1,KG,23.78,23.78,23.78,2025-01-04,DELIVERED,3,DELIVERED_ON_TIME,SYNTHETIC / DEMO DATA — NOT REAL OBSERVATIONS
ORD-DEMO-1369,PROD-RIC-109,SELLER-FARMER-10,BUYER-RETAIL-20,Rice,Hubballi,Karnataka,247.0,KG,59.09,59.09,59.09,2025-01-05,DELIVERED,3,DELIVERED_ON_TIME,SYNTHETIC / DEMO DATA — NOT REAL OBSERVATIONS
ORD-DEMO-1370,PROD-WHE-110,SELLER-FARMER-11,BUYER-RETAIL-21,Wheat,Nashik,Maharashtra,320.3,KG,22.98,22.98,22.98,2025-01-06,DELIVERED,2,DELIVERED_ON_TIME,SYNTHETIC / DEMO DATA — NOT REAL OBSERVATIONS
ORD-DEMO-1371,PROD-TOM-111,SELLER-FARMER-12,BUYER-RETAIL-22,Tomato,Hubballi,Karnataka,284.5,KG,26.82,26.82,26.82,2025-01-07,DELIVERED,3,DELIVERED_ON_TIME,SYNTHETIC / DEMO DATA — NOT REAL OBSERVATIONS
ORD-DEMO-1372,PROD-ONI-112,SELLER-FARMER-13,BUYER-RETAIL-23,Onion,Nashik,Maharashtra,367.8,KG,35.33,32.06,32.06,2025-01-08,DELIVERED,4,DELIVERED_SLIGHT_DELAY,SYNTHETIC / DEMO DATA — NOT REAL OBSERVATIONS
ORD-DEMO-1373,PROD-POT-113,SELLER-FARMER-14,BUYER-RETAIL-24,Potato,Pune,Maharashtra,114.8,KG,21.94,19.88,19.88,2025-01-09,DELIVERED,4,DELIVERED_SLIGHT_DELAY,SYNTHETIC / DEMO DATA — NOT REAL OBSERVATIONS
ORD-DEMO-1374,PROD-RIC-114,SELLER-FARMER-15,BUYER-RETAIL-25,Rice,Hubballi,Karnataka,93.6,KG,60.72,60.72,60.72,2025-01-10,DELIVERED,2,DELIVERED_ON_TIME,SYNTHETIC / DEMO DATA — NOT REAL OBSERVATIONS
ORD-DEMO-1375,PROD-WHE-115,SELLER-FARMER-1,BUYER-RETAIL-1,Wheat,Nashik,Maharashtra,495.7,KG,23.67,23.67,23.67,2025-01-11,DELIVERED,4,DELIVERED_SLIGHT_DELAY,SYNTHETIC / DEMO DATA — NOT REAL OBSERVATIONS
ORD-DEMO-1376,PROD-TOM-116,SELLER-FARMER-2,BUYER-RETAIL-2,Tomato,Hubballi,Karnataka,151.3,KG,31.37,28.58,28.58,2025-01-12,DELIVERED,2,DELIVERED_ON_TIME,SYNTHETIC / DEMO DATA — NOT REAL OBSERVATIONS
ORD-DEMO-1377,PROD-ONI-117,SELLER-FARMER-3,BUYER-RETAIL-3,Onion,Nashik,Maharashtra,370.6,KG,34.66,34.66,34.66,2025-01-13,DELIVERED,2,DELIVERED_ON_TIME,SYNTHETIC / DEMO DATA — NOT REAL OBSERVATIONS
ORD-DEMO-1378,PROD-POT-118,SELLER-FARMER-4,BUYER-RETAIL-4,Potato,Pune,Maharashtra,255.3,KG,22.53,22.53,22.53,2025-01-14,DELIVERED,3,DELIVERED_ON_TIME,SYNTHETIC / DEMO DATA — NOT REAL OBSERVATIONS
ORD-DEMO-1379,PROD-RIC-119,SELLER-FARMER-5,BUYER-RETAIL-5,Rice,Hubballi,Karnataka,488.1,KG,53.45,49.88,49.88,2025-01-15,DELIVERED,2,DELIVERED_ON_TIME,SYNTHETIC / DEMO DATA — NOT REAL OBSERVATIONS
ORD-DEMO-1380,PROD-WHE-100,SELLER-FARMER-6,BUYER-RETAIL-6,Wheat,Nashik,Maharashtra,436.5,KG,27.54,27.54,27.54,2025-01-16,DELIVERED,2,DELIVERED_ON_TIME,SYNTHETIC / DEMO DATA — NOT REAL OBSERVATIONS
ORD-DEMO-1381,PROD-TOM-101,SELLER-FARMER-7,BUYER-RETAIL-7,Tomato,Hubballi,Karnataka,353.8,KG,29.01,29.01,29.01,2025-01-17,DELIVERED,4,DELIVERED_SLIGHT_DELAY,SYNTHETIC / DEMO DATA — NOT REAL OBSERVATIONS
ORD-DEMO-1382,PROD-ONI-102,SELLER-FARMER-8,BUYER-RETAIL-8,Onion,Nashik,Maharashtra,271.8,KG,33.23,30.27,30.27,2025-01-18,DELIVERED,3,DELIVERED_ON_TIME,SYNTHETIC / DEMO DATA — NOT REAL OBSERVATIONS
ORD-DEMO-1383,PROD-POT-103,SELLER-FARMER-9,BUYER-RETAIL-9,Potato,Pune,Maharashtra,368.6,KG,24.06,24.06,24.06,2025-01-19,DELIVERED,4,DELIVERED_SLIGHT_DELAY,SYNTHETIC / DEMO DATA — NOT REAL OBSERVATIONS
ORD-DEMO-1384,PROD-RIC-104,SELLER-FARMER-10,BUYER-RETAIL-10,Rice,Hubballi,Karnataka,119.2,KG,53.33,53.33,53.33,2025-01-20,DELIVERED,2,DELIVERED_ON_TIME,SYNTHETIC / DEMO DATA — NOT REAL OBSERVATIONS
ORD-DEMO-1385,PROD-WHE-105,SELLER-FARMER-11,BUYER-RETAIL-11,Wheat,Nashik,Maharashtra,314.8,KG,26.7,26.7,26.7,2025-01-21,DELIVERED,3,DELIVERED_ON_TIME,SYNTHETIC / DEMO DATA — NOT REAL OBSERVATIONS
ORD-DEMO-1386,PROD-TOM-106,SELLER-FARMER-12,BUYER-RETAIL-12,Tomato,Hubballi,Karnataka,59.4,KG,30.56,30.56,30.56,2025-01-22,DELIVERED,3,DELIVERED_ON_TIME,SYNTHETIC / DEMO DATA — NOT REAL OBSERVATIONS
ORD-DEMO-1387,PROD-ONI-107,SELLER-FARMER-13,BUYER-RETAIL-13,Onion,Nashik,Maharashtra,472.7,KG,31.81,31.81,31.81,2025-01-23,DELIVERED,2,DELIVERED_ON_TIME,SYNTHETIC / DEMO DATA — NOT REAL OBSERVATIONS
ORD-DEMO-1388,PROD-POT-108,SELLER-FARMER-14,BUYER-RETAIL-14,Potato,Pune,Maharashtra,219.9,KG,25.1,25.1,25.1,2025-01-24,DELIVERED,3,DELIVERED_ON_TIME,SYNTHETIC / DEMO DATA — NOT REAL OBSERVATIONS
ORD-DEMO-1389,PROD-RIC-109,SELLER-FARMER-15,BUYER-RETAIL-15,Rice,Hubballi,Karnataka,251.5,KG,57.57,57.57,57.57,2025-01-25,DELIVERED,3,DELIVERED_ON_TIME,SYNTHETIC / DEMO DATA — NOT REAL OBSERVATIONS
ORD-DEMO-1390,PROD-WHE-110,SELLER-FARMER-1,BUYER-RETAIL-16,Wheat,Nashik,Maharashtra,491.3,KG,23.09,23.09,23.09,2025-01-26,DELIVERED,3,DELIVERED_ON_TIME,SYNTHETIC / DEMO DATA — NOT REAL OBSERVATIONS
ORD-DEMO-1391,PROD-TOM-111,SELLER-FARMER-2,BUYER-RETAIL-17,Tomato,Hubballi,Karnataka,238.9,KG,29.15,29.15,29.15,2025-01-27,DELIVERED,3,DELIVERED_ON_TIME,SYNTHETIC / DEMO DATA — NOT REAL OBSERVATIONS
ORD-DEMO-1392,PROD-ONI-112,SELLER-FARMER-3,BUYER-RETAIL-18,Onion,Nashik,Maharashtra,219.8,KG,35.06,35.06,35.06,2025-01-28,DELIVERED,2,DELIVERED_ON_TIME,SYNTHETIC / DEMO DATA — NOT REAL OBSERVATIONS
ORD-DEMO-1393,PROD-POT-113,SELLER-FARMER-4,BUYER-RETAIL-19,Potato,Pune,Maharashtra,170.6,KG,23.6,23.6,23.6,2025-01-29,DELIVERED,3,DELIVERED_ON_TIME,SYNTHETIC / DEMO DATA — NOT REAL OBSERVATIONS
ORD-DEMO-1394,PROD-RIC-114,SELLER-FARMER-5,BUYER-RETAIL-20,Rice,Hubballi,Karnataka,313.4,KG,53.91,49.87,49.87,2025-01-30,DELIVERED,3,DELIVERED_ON_TIME,SYNTHETIC / DEMO DATA — NOT REAL OBSERVATIONS
ORD-DEMO-1395,PROD-WHE-115,SELLER-FARMER-6,BUYER-RETAIL-21,Wheat,Nashik,Maharashtra,36.1,KG,24.0,22.83,22.83,2025-01-31,DELIVERED,2,DELIVERED_ON_TIME,SYNTHETIC / DEMO DATA — NOT REAL OBSERVATIONS
ORD-DEMO-1396,PROD-TOM-116,SELLER-FARMER-7,BUYER-RETAIL-22,Tomato,Hubballi,Karnataka,114.0,KG,28.06,26.5,26.5,2025-02-01,DELIVERED,2,DELIVERED_ON_TIME,SYNTHETIC / DEMO DATA — NOT REAL OBSERVATIONS
ORD-DEMO-1397,PROD-ONI-117,SELLER-FARMER-8,BUYER-RETAIL-23,Onion,Nashik,Maharashtra,287.5,KG,34.19,33.03,33.03,2025-02-02,DELIVERED,2,DELIVERED_ON_TIME,SYNTHETIC / DEMO DATA — NOT REAL OBSERVATIONS
ORD-DEMO-1398,PROD-POT-118,SELLER-FARMER-9,BUYER-RETAIL-24,Potato,Pune,Maharashtra,295.2,KG,21.06,21.06,21.06,2025-02-03,DELIVERED,3,DELIVERED_ON_TIME,SYNTHETIC / DEMO DATA — NOT REAL OBSERVATIONS
ORD-DEMO-1399,PROD-RIC-119,SELLER-FARMER-10,BUYER-RETAIL-25,Rice,Hubballi,Karnataka,346.0,KG,63.11,58.08,58.08,2025-02-04,DELIVERED,2,DELIVERED_ON_TIME,SYNTHETIC / DEMO DATA — NOT REAL OBSERVATIONS
ORD-DEMO-1400,PROD-WHE-100,SELLER-FARMER-11,BUYER-RETAIL-1,Wheat,Nashik,Maharashtra,242.7,KG,23.52,22.54,22.54,2025-02-05,DELIVERED,4,DELIVERED_SLIGHT_DELAY,SYNTHETIC / DEMO DATA — NOT REAL OBSERVATIONS
ORD-DEMO-1401,PROD-TOM-101,SELLER-FARMER-12,BUYER-RETAIL-2,Tomato,Hubballi,Karnataka,227.2,KG,27.35,24.68,24.68,2025-02-06,DELIVERED,3,DELIVERED_ON_TIME,SYNTHETIC / DEMO DATA — NOT REAL OBSERVATIONS
ORD-DEMO-1402,PROD-ONI-102,SELLER-FARMER-13,BUYER-RETAIL-3,Onion,Nashik,Maharashtra,169.5,KG,36.4,32.95,32.95,2025-02-07,DELIVERED,4,DELIVERED_SLIGHT_DELAY,SYNTHETIC / DEMO DATA — NOT REAL OBSERVATIONS
ORD-DEMO-1403,PROD-POT-103,SELLER-FARMER-14,BUYER-RETAIL-4,Potato,Pune,Maharashtra,120.8,KG,22.67,22.67,22.67,2025-02-08,DELIVERED,2,DELIVERED_ON_TIME,SYNTHETIC / DEMO DATA — NOT REAL OBSERVATIONS
ORD-DEMO-1404,PROD-RIC-104,SELLER-FARMER-15,BUYER-RETAIL-5,Rice,Hubballi,Karnataka,453.9,KG,53.84,53.84,53.84,2025-02-09,DELIVERED,3,DELIVERED_ON_TIME,SYNTHETIC / DEMO DATA — NOT REAL OBSERVATIONS
ORD-DEMO-1405,PROD-WHE-105,SELLER-FARMER-1,BUYER-RETAIL-6,Wheat,Nashik,Maharashtra,451.1,KG,25.03,24.23,24.23,2025-02-10,DELIVERED,2,DELIVERED_ON_TIME,SYNTHETIC / DEMO DATA — NOT REAL OBSERVATIONS
ORD-DEMO-1406,PROD-TOM-106,SELLER-FARMER-2,BUYER-RETAIL-7,Tomato,Hubballi,Karnataka,359.2,KG,28.14,28.14,28.14,2025-02-11,DELIVERED,4,DELIVERED_SLIGHT_DELAY,SYNTHETIC / DEMO DATA — NOT REAL OBSERVATIONS
ORD-DEMO-1407,PROD-ONI-107,SELLER-FARMER-3,BUYER-RETAIL-8,Onion,Nashik,Maharashtra,34.5,KG,36.75,36.75,36.75,2025-02-12,DELIVERED,3,DELIVERED_ON_TIME,SYNTHETIC / DEMO DATA — NOT REAL OBSERVATIONS
ORD-DEMO-1408,PROD-POT-108,SELLER-FARMER-4,BUYER-RETAIL-9,Potato,Pune,Maharashtra,338.9,KG,22.96,22.96,22.96,2025-02-13,DELIVERED,3,DELIVERED_ON_TIME,SYNTHETIC / DEMO DATA — NOT REAL OBSERVATIONS
ORD-DEMO-1409,PROD-RIC-109,SELLER-FARMER-5,BUYER-RETAIL-10,Rice,Hubballi,Karnataka,354.4,KG,58.91,54.82,54.82,2025-02-14,DELIVERED,5,DELIVERED_SLIGHT_DELAY,SYNTHETIC / DEMO DATA — NOT REAL OBSERVATIONS
ORD-DEMO-1410,PROD-WHE-110,SELLER-FARMER-6,BUYER-RETAIL-11,Wheat,Nashik,Maharashtra,55.6,KG,23.21,20.96,20.96,2025-02-15,DELIVERED,2,DELIVERED_ON_TIME,SYNTHETIC / DEMO DATA — NOT REAL OBSERVATIONS
ORD-DEMO-1411,PROD-TOM-111,SELLER-FARMER-7,BUYER-RETAIL-12,Tomato,Hubballi,Karnataka,197.4,KG,26.7,26.7,26.7,2025-02-16,DELIVERED,3,DELIVERED_ON_TIME,SYNTHETIC / DEMO DATA — NOT REAL OBSERVATIONS
ORD-DEMO-1412,PROD-ONI-112,SELLER-FARMER-8,BUYER-RETAIL-13,Onion,Nashik,Maharashtra,69.5,KG,34.88,34.88,34.88,2025-02-17,DELIVERED,2,DELIVERED_ON_TIME,SYNTHETIC / DEMO DATA — NOT REAL OBSERVATIONS
ORD-DEMO-1413,PROD-POT-113,SELLER-FARMER-9,BUYER-RETAIL-14,Potato,Pune,Maharashtra,391.0,KG,21.81,21.81,21.81,2025-02-18,DELIVERED,3,DELIVERED_ON_TIME,SYNTHETIC / DEMO DATA — NOT REAL OBSERVATIONS
ORD-DEMO-1414,PROD-RIC-114,SELLER-FARMER-10,BUYER-RETAIL-15,Rice,Hubballi,Karnataka,444.7,KG,53.45,53.45,53.45,2025-02-19,DELIVERED,3,DELIVERED_ON_TIME,SYNTHETIC / DEMO DATA — NOT REAL OBSERVATIONS
ORD-DEMO-1415,PROD-WHE-115,SELLER-FARMER-11,BUYER-RETAIL-16,Wheat,Nashik,Maharashtra,435.6,KG,26.06,26.06,26.06,2025-02-20,DELIVERED,3,DELIVERED_ON_TIME,SYNTHETIC / DEMO DATA — NOT REAL OBSERVATIONS
ORD-DEMO-1416,PROD-TOM-116,SELLER-FARMER-12,BUYER-RETAIL-17,Tomato,Hubballi,Karnataka,61.4,KG,29.95,29.95,29.95,2025-02-21,DELIVERED,3,DELIVERED_ON_TIME,SYNTHETIC / DEMO DATA — NOT REAL OBSERVATIONS
ORD-DEMO-1417,PROD-ONI-117,SELLER-FARMER-13,BUYER-RETAIL-18,Onion,Nashik,Maharashtra,342.1,KG,32.27,32.27,32.27,2025-02-22,DELIVERED,4,DELIVERED_SLIGHT_DELAY,SYNTHETIC / DEMO DATA — NOT REAL OBSERVATIONS
ORD-DEMO-1418,PROD-POT-118,SELLER-FARMER-14,BUYER-RETAIL-19,Potato,Pune,Maharashtra,170.2,KG,22.96,21.36,21.36,2025-02-23,DELIVERED,3,DELIVERED_ON_TIME,SYNTHETIC / DEMO DATA — NOT REAL OBSERVATIONS
ORD-DEMO-1419,PROD-RIC-119,SELLER-FARMER-15,BUYER-RETAIL-20,Rice,Hubballi,Karnataka,427.5,KG,62.57,62.57,62.57,2025-02-24,DELIVERED,4,DELIVERED_SLIGHT_DELAY,SYNTHETIC / DEMO DATA — NOT REAL OBSERVATIONS
ORD-DEMO-1420,PROD-WHE-100,SELLER-FARMER-1,BUYER-RETAIL-21,Wheat,Nashik,Maharashtra,300.4,KG,27.22,27.22,27.22,2025-02-25,DELIVERED,5,DELIVERED_SLIGHT_DELAY,SYNTHETIC / DEMO DATA — NOT REAL OBSERVATIONS
ORD-DEMO-1421,PROD-TOM-101,SELLER-FARMER-2,BUYER-RETAIL-22,Tomato,Hubballi,Karnataka,224.8,KG,29.82,29.82,29.82,2025-02-26,DELIVERED,2,DELIVERED_ON_TIME,SYNTHETIC / DEMO DATA — NOT REAL OBSERVATIONS
ORD-DEMO-1422,PROD-ONI-102,SELLER-FARMER-3,BUYER-RETAIL-23,Onion,Nashik,Maharashtra,113.2,KG,32.66,32.66,32.66,2025-02-27,DELIVERED,3,DELIVERED_ON_TIME,SYNTHETIC / DEMO DATA — NOT REAL OBSERVATIONS
ORD-DEMO-1423,PROD-POT-103,SELLER-FARMER-4,BUYER-RETAIL-24,Potato,Pune,Maharashtra,55.5,KG,21.43,21.43,21.43,2025-02-28,DELIVERED,3,DELIVERED_ON_TIME,SYNTHETIC / DEMO DATA — NOT REAL OBSERVATIONS
ORD-DEMO-1424,PROD-RIC-104,SELLER-FARMER-5,BUYER-RETAIL-25,Rice,Hubballi,Karnataka,228.9,KG,53.15,52.07,52.07,2025-03-01,DELIVERED,3,DELIVERED_ON_TIME,SYNTHETIC / DEMO DATA — NOT REAL OBSERVATIONS
ORD-DEMO-1425,PROD-WHE-105,SELLER-FARMER-6,BUYER-RETAIL-1,Wheat,Nashik,Maharashtra,315.2,KG,24.37,24.37,24.37,2025-03-02,DELIVERED,3,DELIVERED_ON_TIME,SYNTHETIC / DEMO DATA — NOT REAL OBSERVATIONS
ORD-DEMO-1426,PROD-TOM-106,SELLER-FARMER-7,BUYER-RETAIL-2,Tomato,Hubballi,Karnataka,452.9,KG,32.11,30.84,30.84,2025-03-03,DELIVERED,3,DELIVERED_ON_TIME,SYNTHETIC / DEMO DATA — NOT REAL OBSERVATIONS
ORD-DEMO-1427,PROD-ONI-107,SELLER-FARMER-8,BUYER-RETAIL-3,Onion,Nashik,Maharashtra,136.4,KG,32.21,32.21,32.21,2025-03-04,DELIVERED,2,DELIVERED_ON_TIME,SYNTHETIC / DEMO DATA — NOT REAL OBSERVATIONS
ORD-DEMO-1428,PROD-POT-108,SELLER-FARMER-9,BUYER-RETAIL-4,Potato,Pune,Maharashtra,155.8,KG,21.65,20.4,20.4,2025-03-05,DELIVERED,3,DELIVERED_ON_TIME,SYNTHETIC / DEMO DATA — NOT REAL OBSERVATIONS
ORD-DEMO-1429,PROD-RIC-109,SELLER-FARMER-10,BUYER-RETAIL-5,Rice,Hubballi,Karnataka,380.1,KG,58.55,58.55,58.55,2025-03-06,DELIVERED,2,DELIVERED_ON_TIME,SYNTHETIC / DEMO DATA — NOT REAL OBSERVATIONS
ORD-DEMO-1430,PROD-WHE-110,SELLER-FARMER-11,BUYER-RETAIL-6,Wheat,Nashik,Maharashtra,414.0,KG,26.09,24.87,24.87,2025-03-07,DELIVERED,5,DELIVERED_SLIGHT_DELAY,SYNTHETIC / DEMO DATA — NOT REAL OBSERVATIONS
ORD-DEMO-1431,PROD-TOM-111,SELLER-FARMER-12,BUYER-RETAIL-7,Tomato,Hubballi,Karnataka,398.6,KG,27.91,27.91,27.91,2025-03-08,DELIVERED,3,DELIVERED_ON_TIME,SYNTHETIC / DEMO DATA — NOT REAL OBSERVATIONS
ORD-DEMO-1432,PROD-ONI-112,SELLER-FARMER-13,BUYER-RETAIL-8,Onion,Nashik,Maharashtra,167.9,KG,34.57,34.57,34.57,2025-03-09,DELIVERED,3,DELIVERED_ON_TIME,SYNTHETIC / DEMO DATA — NOT REAL OBSERVATIONS
ORD-DEMO-1433,PROD-POT-113,SELLER-FARMER-14,BUYER-RETAIL-9,Potato,Pune,Maharashtra,312.0,KG,21.98,21.98,21.98,2025-03-10,DELIVERED,3,DELIVERED_ON_TIME,SYNTHETIC / DEMO DATA — NOT REAL OBSERVATIONS
ORD-DEMO-1434,PROD-RIC-114,SELLER-FARMER-15,BUYER-RETAIL-10,Rice,Hubballi,Karnataka,485.1,KG,61.13,58.96,58.96,2025-03-11,DELIVERED,2,DELIVERED_ON_TIME,SYNTHETIC / DEMO DATA — NOT REAL OBSERVATIONS
ORD-DEMO-1435,PROD-WHE-115,SELLER-FARMER-1,BUYER-RETAIL-11,Wheat,Nashik,Maharashtra,353.5,KG,26.93,26.35,26.35,2025-03-12,DELIVERED,3,DELIVERED_ON_TIME,SYNTHETIC / DEMO DATA — NOT REAL OBSERVATIONS
ORD-DEMO-1436,PROD-TOM-116,SELLER-FARMER-2,BUYER-RETAIL-12,Tomato,Hubballi,Karnataka,301.1,KG,31.53,31.53,31.53,2025-03-13,DELIVERED,3,DELIVERED_ON_TIME,SYNTHETIC / DEMO DATA — NOT REAL OBSERVATIONS
ORD-DEMO-1437,PROD-ONI-117,SELLER-FARMER-3,BUYER-RETAIL-13,Onion,Nashik,Maharashtra,61.6,KG,30.48,29.72,29.72,2025-03-14,DELIVERED,3,DELIVERED_ON_TIME,SYNTHETIC / DEMO DATA — NOT REAL OBSERVATIONS
ORD-DEMO-1438,PROD-POT-118,SELLER-FARMER-4,BUYER-RETAIL-14,Potato,Pune,Maharashtra,163.2,KG,20.9,20.9,20.9,2025-03-15,DELIVERED,3,DELIVERED_ON_TIME,SYNTHETIC / DEMO DATA — NOT REAL OBSERVATIONS
ORD-DEMO-1439,PROD-RIC-119,SELLER-FARMER-5,BUYER-RETAIL-15,Rice,Hubballi,Karnataka,221.3,KG,56.57,56.57,56.57,2025-03-16,DELIVERED,3,DELIVERED_ON_TIME,SYNTHETIC / DEMO DATA — NOT REAL OBSERVATIONS
ORD-DEMO-1440,PROD-WHE-100,SELLER-FARMER-6,BUYER-RETAIL-16,Wheat,Nashik,Maharashtra,455.0,KG,26.79,26.79,26.79,2025-03-17,DELIVERED,3,DELIVERED_ON_TIME,SYNTHETIC / DEMO DATA — NOT REAL OBSERVATIONS
ORD-DEMO-1441,PROD-TOM-101,SELLER-FARMER-7,BUYER-RETAIL-17,Tomato,Hubballi,Karnataka,409.4,KG,31.44,28.5,28.5,2025-03-18,DELIVERED,3,DELIVERED_ON_TIME,SYNTHETIC / DEMO DATA — NOT REAL OBSERVATIONS
ORD-DEMO-1442,PROD-ONI-102,SELLER-FARMER-8,BUYER-RETAIL-18,Onion,Nashik,Maharashtra,312.1,KG,31.1,31.1,31.1,2025-03-19,DELIVERED,4,DELIVERED_SLIGHT_DELAY,SYNTHETIC / DEMO DATA — NOT REAL OBSERVATIONS
ORD-DEMO-1443,PROD-POT-103,SELLER-FARMER-9,BUYER-RETAIL-19,Potato,Pune,Maharashtra,192.6,KG,24.6,24.6,24.6,2025-03-20,DELIVERED,4,DELIVERED_SLIGHT_DELAY,SYNTHETIC / DEMO DATA — NOT REAL OBSERVATIONS
ORD-DEMO-1444,PROD-RIC-104,SELLER-FARMER-10,BUYER-RETAIL-20,Rice,Hubballi,Karnataka,94.3,KG,54.0,51.33,51.33,2025-03-21,DELIVERED,5,DELIVERED_SLIGHT_DELAY,SYNTHETIC / DEMO DATA — NOT REAL OBSERVATIONS
ORD-DEMO-1445,PROD-WHE-105,SELLER-FARMER-11,BUYER-RETAIL-21,Wheat,Nashik,Maharashtra,321.1,KG,25.05,25.05,25.05,2025-03-22,DELIVERED,3,DELIVERED_ON_TIME,SYNTHETIC / DEMO DATA — NOT REAL OBSERVATIONS
ORD-DEMO-1446,PROD-TOM-106,SELLER-FARMER-12,BUYER-RETAIL-22,Tomato,Hubballi,Karnataka,453.3,KG,30.59,28.05,28.05,2025-03-23,DELIVERED,3,DELIVERED_ON_TIME,SYNTHETIC / DEMO DATA — NOT REAL OBSERVATIONS
ORD-DEMO-1447,PROD-ONI-107,SELLER-FARMER-13,BUYER-RETAIL-23,Onion,Nashik,Maharashtra,199.0,KG,34.41,34.41,34.41,2025-03-24,DELIVERED,4,DELIVERED_SLIGHT_DELAY,SYNTHETIC / DEMO DATA — NOT REAL OBSERVATIONS
ORD-DEMO-1448,PROD-POT-108,SELLER-FARMER-14,BUYER-RETAIL-24,Potato,Pune,Maharashtra,347.3,KG,22.76,22.76,22.76,2025-03-25,DELIVERED,2,DELIVERED_ON_TIME,SYNTHETIC / DEMO DATA — NOT REAL OBSERVATIONS
ORD-DEMO-1449,PROD-RIC-109,SELLER-FARMER-15,BUYER-RETAIL-25,Rice,Hubballi,Karnataka,117.9,KG,62.04,56.11,56.11,2025-03-26,DELIVERED,3,DELIVERED_ON_TIME,SYNTHETIC / DEMO DATA — NOT REAL OBSERVATIONS
ORD-DEMO-1450,PROD-WHE-110,SELLER-FARMER-1,BUYER-RETAIL-1,Wheat,Nashik,Maharashtra,369.0,KG,25.13,25.13,25.13,2025-03-27,DELIVERED,4,DELIVERED_SLIGHT_DELAY,SYNTHETIC / DEMO DATA — NOT REAL OBSERVATIONS
ORD-DEMO-1451,PROD-TOM-111,SELLER-FARMER-2,BUYER-RETAIL-2,Tomato,Hubballi,Karnataka,264.7,KG,31.93,30.81,30.81,2025-03-28,DELIVERED,2,DELIVERED_ON_TIME,SYNTHETIC / DEMO DATA — NOT REAL OBSERVATIONS
ORD-DEMO-1452,PROD-ONI-112,SELLER-FARMER-3,BUYER-RETAIL-3,Onion,Nashik,Maharashtra,235.5,KG,36.09,36.09,36.09,2025-03-29,DELIVERED,2,DELIVERED_ON_TIME,SYNTHETIC / DEMO DATA — NOT REAL OBSERVATIONS
ORD-DEMO-1453,PROD-POT-113,SELLER-FARMER-4,BUYER-RETAIL-4,Potato,Pune,Maharashtra,445.8,KG,23.21,23.21,23.21,2025-03-30,DELIVERED,3,DELIVERED_ON_TIME,SYNTHETIC / DEMO DATA — NOT REAL OBSERVATIONS
ORD-DEMO-1454,PROD-RIC-114,SELLER-FARMER-5,BUYER-RETAIL-5,Rice,Hubballi,Karnataka,46.8,KG,54.97,54.97,54.97,2025-03-31,DELIVERED,3,DELIVERED_ON_TIME,SYNTHETIC / DEMO DATA — NOT REAL OBSERVATIONS
ORD-DEMO-1455,PROD-WHE-115,SELLER-FARMER-6,BUYER-RETAIL-6,Wheat,Nashik,Maharashtra,409.6,KG,25.69,25.69,25.69,2025-04-01,DELIVERED,2,DELIVERED_ON_TIME,SYNTHETIC / DEMO DATA — NOT REAL OBSERVATIONS
ORD-DEMO-1456,PROD-TOM-116,SELLER-FARMER-7,BUYER-RETAIL-7,Tomato,Hubballi,Karnataka,494.8,KG,29.69,28.93,28.93,2025-04-02,DELIVERED,2,DELIVERED_ON_TIME,SYNTHETIC / DEMO DATA — NOT REAL OBSERVATIONS
ORD-DEMO-1457,PROD-ONI-117,SELLER-FARMER-8,BUYER-RETAIL-8,Onion,Nashik,Maharashtra,75.9,KG,32.05,32.05,32.05,2025-04-03,DELIVERED,2,DELIVERED_ON_TIME,SYNTHETIC / DEMO DATA — NOT REAL OBSERVATIONS
ORD-DEMO-1458,PROD-POT-118,SELLER-FARMER-9,BUYER-RETAIL-9,Potato,Pune,Maharashtra,130.8,KG,22.45,22.45,22.45,2025-04-04,DELIVERED,3,DELIVERED_ON_TIME,SYNTHETIC / DEMO DATA — NOT REAL OBSERVATIONS
ORD-DEMO-1459,PROD-RIC-119,SELLER-FARMER-10,BUYER-RETAIL-10,Rice,Hubballi,Karnataka,229.3,KG,60.75,60.75,60.75,2025-04-05,DELIVERED,3,DELIVERED_ON_TIME,SYNTHETIC / DEMO DATA — NOT REAL OBSERVATIONS
ORD-DEMO-1460,PROD-WHE-100,SELLER-FARMER-11,BUYER-RETAIL-11,Wheat,Nashik,Maharashtra,355.6,KG,27.38,27.38,27.38,2025-04-06,DELIVERED,4,DELIVERED_SLIGHT_DELAY,SYNTHETIC / DEMO DATA — NOT REAL OBSERVATIONS
ORD-DEMO-1461,PROD-TOM-101,SELLER-FARMER-12,BUYER-RETAIL-12,Tomato,Hubballi,Karnataka,490.6,KG,30.86,30.86,30.86,2025-04-07,DELIVERED,3,DELIVERED_ON_TIME,SYNTHETIC / DEMO DATA — NOT REAL OBSERVATIONS
ORD-DEMO-1462,PROD-ONI-102,SELLER-FARMER-13,BUYER-RETAIL-13,Onion,Nashik,Maharashtra,281.1,KG,32.57,32.57,32.57,2025-04-08,DELIVERED,3,DELIVERED_ON_TIME,SYNTHETIC / DEMO DATA — NOT REAL OBSERVATIONS
ORD-DEMO-1463,PROD-POT-103,SELLER-FARMER-14,BUYER-RETAIL-14,Potato,Pune,Maharashtra,203.5,KG,22.15,21.18,21.18,2025-04-09,DELIVERED,3,DELIVERED_ON_TIME,SYNTHETIC / DEMO DATA — NOT REAL OBSERVATIONS
ORD-DEMO-1464,PROD-RIC-104,SELLER-FARMER-15,BUYER-RETAIL-15,Rice,Hubballi,Karnataka,276.9,KG,58.15,52.59,52.59,2025-04-10,DELIVERED,3,DELIVERED_ON_TIME,SYNTHETIC / DEMO DATA — NOT REAL OBSERVATIONS
ORD-DEMO-1465,PROD-WHE-105,SELLER-FARMER-1,BUYER-RETAIL-16,Wheat,Nashik,Maharashtra,245.0,KG,24.05,21.74,21.74,2025-04-11,DELIVERED,4,DELIVERED_SLIGHT_DELAY,SYNTHETIC / DEMO DATA — NOT REAL OBSERVATIONS
ORD-DEMO-1466,PROD-TOM-106,SELLER-FARMER-2,BUYER-RETAIL-17,Tomato,Hubballi,Karnataka,28.9,KG,28.54,28.54,28.54,2025-04-12,DELIVERED,2,DELIVERED_ON_TIME,SYNTHETIC / DEMO DATA — NOT REAL OBSERVATIONS
ORD-DEMO-1467,PROD-ONI-107,SELLER-FARMER-3,BUYER-RETAIL-18,Onion,Nashik,Maharashtra,238.4,KG,33.14,33.14,33.14,2025-04-13,DELIVERED,5,DELIVERED_SLIGHT_DELAY,SYNTHETIC / DEMO DATA — NOT REAL OBSERVATIONS
ORD-DEMO-1468,PROD-POT-108,SELLER-FARMER-4,BUYER-RETAIL-19,Potato,Pune,Maharashtra,40.0,KG,21.32,21.32,21.32,2025-04-14,DELIVERED,3,DELIVERED_ON_TIME,SYNTHETIC / DEMO DATA — NOT REAL OBSERVATIONS
ORD-DEMO-1469,PROD-RIC-109,SELLER-FARMER-5,BUYER-RETAIL-20,Rice,Hubballi,Karnataka,395.9,KG,58.66,56.33,56.33,2025-04-15,DELIVERED,2,DELIVERED_ON_TIME,SYNTHETIC / DEMO DATA — NOT REAL OBSERVATIONS
ORD-DEMO-1470,PROD-WHE-110,SELLER-FARMER-6,BUYER-RETAIL-21,Wheat,Nashik,Maharashtra,168.8,KG,24.41,23.24,23.24,2025-04-16,DELIVERED,3,DELIVERED_ON_TIME,SYNTHETIC / DEMO DATA — NOT REAL OBSERVATIONS
ORD-DEMO-1471,PROD-TOM-111,SELLER-FARMER-7,BUYER-RETAIL-22,Tomato,Hubballi,Karnataka,281.1,KG,29.21,27.84,27.84,2025-04-17,DELIVERED,4,DELIVERED_SLIGHT_DELAY,SYNTHETIC / DEMO DATA — NOT REAL OBSERVATIONS
ORD-DEMO-1472,PROD-ONI-112,SELLER-FARMER-8,BUYER-RETAIL-23,Onion,Nashik,Maharashtra,109.6,KG,31.44,31.44,31.44,2025-04-18,DELIVERED,3,DELIVERED_ON_TIME,SYNTHETIC / DEMO DATA — NOT REAL OBSERVATIONS
ORD-DEMO-1473,PROD-POT-113,SELLER-FARMER-9,BUYER-RETAIL-24,Potato,Pune,Maharashtra,319.6,KG,23.29,23.29,23.29,2025-04-19,DELIVERED,3,DELIVERED_ON_TIME,SYNTHETIC / DEMO DATA — NOT REAL OBSERVATIONS
ORD-DEMO-1474,PROD-RIC-114,SELLER-FARMER-10,BUYER-RETAIL-25,Rice,Hubballi,Karnataka,374.9,KG,57.19,53.77,53.77,2025-04-20,DELIVERED,4,DELIVERED_SLIGHT_DELAY,SYNTHETIC / DEMO DATA — NOT REAL OBSERVATIONS
ORD-DEMO-1475,PROD-WHE-115,SELLER-FARMER-11,BUYER-RETAIL-1,Wheat,Nashik,Maharashtra,228.1,KG,24.53,23.43,23.43,2025-04-21,DELIVERED,3,DELIVERED_ON_TIME,SYNTHETIC / DEMO DATA — NOT REAL OBSERVATIONS
ORD-DEMO-1476,PROD-TOM-116,SELLER-FARMER-12,BUYER-RETAIL-2,Tomato,Hubballi,Karnataka,438.7,KG,29.15,29.15,29.15,2025-04-22,DELIVERED,3,DELIVERED_ON_TIME,SYNTHETIC / DEMO DATA — NOT REAL OBSERVATIONS
ORD-DEMO-1477,PROD-ONI-117,SELLER-FARMER-13,BUYER-RETAIL-3,Onion,Nashik,Maharashtra,184.6,KG,31.75,31.75,31.75,2025-04-23,DELIVERED,4,DELIVERED_SLIGHT_DELAY,SYNTHETIC / DEMO DATA — NOT REAL OBSERVATIONS
ORD-DEMO-1478,PROD-POT-118,SELLER-FARMER-14,BUYER-RETAIL-4,Potato,Pune,Maharashtra,490.4,KG,23.14,23.14,23.14,2025-04-24,DELIVERED,2,DELIVERED_ON_TIME,SYNTHETIC / DEMO DATA — NOT REAL OBSERVATIONS
ORD-DEMO-1479,PROD-RIC-119,SELLER-FARMER-15,BUYER-RETAIL-5,Rice,Hubballi,Karnataka,371.4,KG,62.29,59.85,59.85,2025-04-25,DELIVERED,3,DELIVERED_ON_TIME,SYNTHETIC / DEMO DATA — NOT REAL OBSERVATIONS
ORD-DEMO-1480,PROD-WHE-100,SELLER-FARMER-1,BUYER-RETAIL-6,Wheat,Nashik,Maharashtra,435.6,KG,26.99,26.99,26.99,2025-04-26,DELIVERED,3,DELIVERED_ON_TIME,SYNTHETIC / DEMO DATA — NOT REAL OBSERVATIONS
ORD-DEMO-1481,PROD-TOM-101,SELLER-FARMER-2,BUYER-RETAIL-7,Tomato,Hubballi,Karnataka,219.2,KG,28.54,28.54,28.54,2025-04-27,DELIVERED,4,DELIVERED_SLIGHT_DELAY,SYNTHETIC / DEMO DATA — NOT REAL OBSERVATIONS
ORD-DEMO-1482,PROD-ONI-102,SELLER-FARMER-3,BUYER-RETAIL-8,Onion,Nashik,Maharashtra,486.9,KG,33.6,30.24,30.24,2025-04-28,DELIVERED,3,DELIVERED_ON_TIME,SYNTHETIC / DEMO DATA — NOT REAL OBSERVATIONS
ORD-DEMO-1483,PROD-POT-103,SELLER-FARMER-4,BUYER-RETAIL-9,Potato,Pune,Maharashtra,364.3,KG,22.06,22.06,22.06,2025-04-29,DELIVERED,3,DELIVERED_ON_TIME,SYNTHETIC / DEMO DATA — NOT REAL OBSERVATIONS
ORD-DEMO-1484,PROD-RIC-104,SELLER-FARMER-5,BUYER-RETAIL-10,Rice,Hubballi,Karnataka,386.6,KG,54.0,50.14,50.14,2025-04-30,DELIVERED,3,DELIVERED_ON_TIME,SYNTHETIC / DEMO DATA — NOT REAL OBSERVATIONS
ORD-DEMO-1485,PROD-WHE-105,SELLER-FARMER-6,BUYER-RETAIL-11,Wheat,Nashik,Maharashtra,154.9,KG,22.99,21.46,21.46,2025-05-01,DELIVERED,3,DELIVERED_ON_TIME,SYNTHETIC / DEMO DATA — NOT REAL OBSERVATIONS
ORD-DEMO-1486,PROD-TOM-106,SELLER-FARMER-7,BUYER-RETAIL-12,Tomato,Hubballi,Karnataka,338.1,KG,27.36,26.81,26.81,2025-05-02,DELIVERED,2,DELIVERED_ON_TIME,SYNTHETIC / DEMO DATA — NOT REAL OBSERVATIONS
ORD-DEMO-1487,PROD-ONI-107,SELLER-FARMER-8,BUYER-RETAIL-13,Onion,Nashik,Maharashtra,146.4,KG,34.16,32.86,32.86,2025-05-03,DELIVERED,3,DELIVERED_ON_TIME,SYNTHETIC / DEMO DATA — NOT REAL OBSERVATIONS
ORD-DEMO-1488,PROD-POT-108,SELLER-FARMER-9,BUYER-RETAIL-14,Potato,Pune,Maharashtra,84.1,KG,21.48,21.48,21.48,2025-05-04,DELIVERED,3,DELIVERED_ON_TIME,SYNTHETIC / DEMO DATA — NOT REAL OBSERVATIONS
ORD-DEMO-1489,PROD-RIC-109,SELLER-FARMER-10,BUYER-RETAIL-15,Rice,Hubballi,Karnataka,397.6,KG,61.81,59.82,59.82,2025-05-05,DELIVERED,3,DELIVERED_ON_TIME,SYNTHETIC / DEMO DATA — NOT REAL OBSERVATIONS
ORD-DEMO-1490,PROD-WHE-110,SELLER-FARMER-11,BUYER-RETAIL-16,Wheat,Nashik,Maharashtra,124.1,KG,27.26,25.91,25.91,2025-05-06,DELIVERED,3,DELIVERED_ON_TIME,SYNTHETIC / DEMO DATA — NOT REAL OBSERVATIONS
ORD-DEMO-1491,PROD-TOM-111,SELLER-FARMER-12,BUYER-RETAIL-17,Tomato,Hubballi,Karnataka,390.4,KG,31.18,28.07,28.07,2025-05-07,DELIVERED,3,DELIVERED_ON_TIME,SYNTHETIC / DEMO DATA — NOT REAL OBSERVATIONS
ORD-DEMO-1492,PROD-ONI-112,SELLER-FARMER-13,BUYER-RETAIL-18,Onion,Nashik,Maharashtra,270.6,KG,35.28,35.28,35.28,2025-05-08,DELIVERED,3,DELIVERED_ON_TIME,SYNTHETIC / DEMO DATA — NOT REAL OBSERVATIONS
ORD-DEMO-1493,PROD-POT-113,SELLER-FARMER-14,BUYER-RETAIL-19,Potato,Pune,Maharashtra,401.5,KG,22.76,22.76,22.76,2025-05-09,DELIVERED,3,DELIVERED_ON_TIME,SYNTHETIC / DEMO DATA — NOT REAL OBSERVATIONS
ORD-DEMO-1494,PROD-RIC-114,SELLER-FARMER-15,BUYER-RETAIL-20,Rice,Hubballi,Karnataka,486.4,KG,58.62,58.62,58.62,2025-05-10,DELIVERED,4,DELIVERED_SLIGHT_DELAY,SYNTHETIC / DEMO DATA — NOT REAL OBSERVATIONS
ORD-DEMO-1495,PROD-WHE-115,SELLER-FARMER-1,BUYER-RETAIL-21,Wheat,Nashik,Maharashtra,92.5,KG,23.61,23.61,23.61,2025-05-11,DELIVERED,2,DELIVERED_ON_TIME,SYNTHETIC / DEMO DATA — NOT REAL OBSERVATIONS
ORD-DEMO-1496,PROD-TOM-116,SELLER-FARMER-2,BUYER-RETAIL-22,Tomato,Hubballi,Karnataka,379.1,KG,28.72,27.71,27.71,2025-05-12,DELIVERED,2,DELIVERED_ON_TIME,SYNTHETIC / DEMO DATA — NOT REAL OBSERVATIONS
ORD-DEMO-1497,PROD-ONI-117,SELLER-FARMER-3,BUYER-RETAIL-23,Onion,Nashik,Maharashtra,121.7,KG,31.09,29.88,29.88,2025-05-13,DELIVERED,4,DELIVERED_SLIGHT_DELAY,SYNTHETIC / DEMO DATA — NOT REAL OBSERVATIONS
ORD-DEMO-1498,PROD-POT-118,SELLER-FARMER-4,BUYER-RETAIL-24,Potato,Pune,Maharashtra,50.8,KG,23.48,23.48,23.48,2025-05-14,DELIVERED,5,DELIVERED_SLIGHT_DELAY,SYNTHETIC / DEMO DATA — NOT REAL OBSERVATIONS
ORD-DEMO-1499,PROD-RIC-119,SELLER-FARMER-5,BUYER-RETAIL-25,Rice,Hubballi,Karnataka,479.5,KG,56.19,56.19,56.19,2025-05-15,DELIVERED,2,DELIVERED_ON_TIME,SYNTHETIC / DEMO DATA — NOT REAL OBSERVATIONS
ORD-DEMO-1500,PROD-WHE-100,SELLER-FARMER-6,BUYER-RETAIL-1,Wheat,Nashik,Maharashtra,312.2,KG,24.09,24.09,24.09,2025-05-16,DELIVERED,4,DELIVERED_SLIGHT_DELAY,SYNTHETIC / DEMO DATA — NOT REAL OBSERVATIONS
ORD-DEMO-1501,PROD-TOM-101,SELLER-FARMER-7,BUYER-RETAIL-2,Tomato,Hubballi,Karnataka,265.2,KG,30.87,29.12,29.12,2025-05-17,DELIVERED,3,DELIVERED_ON_TIME,SYNTHETIC / DEMO DATA — NOT REAL OBSERVATIONS
ORD-DEMO-1502,PROD-ONI-102,SELLER-FARMER-8,BUYER-RETAIL-3,Onion,Nashik,Maharashtra,90.7,KG,35.16,35.16,35.16,2025-05-18,DELIVERED,3,DELIVERED_ON_TIME,SYNTHETIC / DEMO DATA — NOT REAL OBSERVATIONS
ORD-DEMO-1503,PROD-POT-103,SELLER-FARMER-9,BUYER-RETAIL-4,Potato,Pune,Maharashtra,60.2,KG,23.86,23.86,23.86,2025-05-19,DELIVERED,3,DELIVERED_ON_TIME,SYNTHETIC / DEMO DATA — NOT REAL OBSERVATIONS
ORD-DEMO-1504,PROD-RIC-104,SELLER-FARMER-10,BUYER-RETAIL-5,Rice,Hubballi,Karnataka,247.5,KG,54.62,54.62,54.62,2025-05-20,DELIVERED,4,DELIVERED_SLIGHT_DELAY,SYNTHETIC / DEMO DATA — NOT REAL OBSERVATIONS
ORD-DEMO-1505,PROD-WHE-105,SELLER-FARMER-11,BUYER-RETAIL-6,Wheat,Nashik,Maharashtra,81.8,KG,23.87,23.87,23.87,2025-05-21,DELIVERED,2,DELIVERED_ON_TIME,SYNTHETIC / DEMO DATA — NOT REAL OBSERVATIONS
ORD-DEMO-1506,PROD-TOM-106,SELLER-FARMER-12,BUYER-RETAIL-7,Tomato,Hubballi,Karnataka,361.4,KG,28.85,26.57,26.57,2025-05-22,DELIVERED,3,DELIVERED_ON_TIME,SYNTHETIC / DEMO DATA — NOT REAL OBSERVATIONS
ORD-DEMO-1507,PROD-ONI-107,SELLER-FARMER-13,BUYER-RETAIL-8,Onion,Nashik,Maharashtra,489.2,KG,33.52,32.34,32.34,2025-05-23,DELIVERED,4,DELIVERED_SLIGHT_DELAY,SYNTHETIC / DEMO DATA — NOT REAL OBSERVATIONS
ORD-DEMO-1508,PROD-POT-108,SELLER-FARMER-14,BUYER-RETAIL-9,Potato,Pune,Maharashtra,144.2,KG,22.74,22.74,22.74,2025-05-24,DELIVERED,4,DELIVERED_SLIGHT_DELAY,SYNTHETIC / DEMO DATA — NOT REAL OBSERVATIONS
ORD-DEMO-1509,PROD-RIC-109,SELLER-FARMER-15,BUYER-RETAIL-10,Rice,Hubballi,Karnataka,487.5,KG,55.26,52.55,52.55,2025-05-25,DELIVERED,3,DELIVERED_ON_TIME,SYNTHETIC / DEMO DATA — NOT REAL OBSERVATIONS
ORD-DEMO-1510,PROD-WHE-110,SELLER-FARMER-1,BUYER-RETAIL-11,Wheat,Nashik,Maharashtra,420.1,KG,24.27,24.27,24.27,2025-05-26,DELIVERED,3,DELIVERED_ON_TIME,SYNTHETIC / DEMO DATA — NOT REAL OBSERVATIONS
ORD-DEMO-1511,PROD-TOM-111,SELLER-FARMER-2,BUYER-RETAIL-12,Tomato,Hubballi,Karnataka,256.1,KG,29.66,27.58,27.58,2025-05-27,DELIVERED,3,DELIVERED_ON_TIME,SYNTHETIC / DEMO DATA — NOT REAL OBSERVATIONS
ORD-DEMO-1512,PROD-ONI-112,SELLER-FARMER-3,BUYER-RETAIL-13,Onion,Nashik,Maharashtra,280.1,KG,33.9,30.92,30.92,2025-05-28,DELIVERED,4,DELIVERED_SLIGHT_DELAY,SYNTHETIC / DEMO DATA — NOT REAL OBSERVATIONS
ORD-DEMO-1513,PROD-POT-113,SELLER-FARMER-4,BUYER-RETAIL-14,Potato,Pune,Maharashtra,347.4,KG,22.99,22.99,22.99,2025-05-29,DELIVERED,4,DELIVERED_SLIGHT_DELAY,SYNTHETIC / DEMO DATA — NOT REAL OBSERVATIONS
ORD-DEMO-1514,PROD-RIC-114,SELLER-FARMER-5,BUYER-RETAIL-15,Rice,Hubballi,Karnataka,247.4,KG,62.29,62.29,62.29,2025-05-30,DELIVERED,4,DELIVERED_SLIGHT_DELAY,SYNTHETIC / DEMO DATA — NOT REAL OBSERVATIONS
ORD-DEMO-1515,PROD-WHE-115,SELLER-FARMER-6,BUYER-RETAIL-16,Wheat,Nashik,Maharashtra,222.9,KG,23.12,23.12,23.12,2025-05-31,DELIVERED,2,DELIVERED_ON_TIME,SYNTHETIC / DEMO DATA — NOT REAL OBSERVATIONS
ORD-DEMO-1516,PROD-TOM-116,SELLER-FARMER-7,BUYER-RETAIL-17,Tomato,Hubballi,Karnataka,336.1,KG,32.16,30.78,30.78,2025-06-01,DELIVERED,4,DELIVERED_SLIGHT_DELAY,SYNTHETIC / DEMO DATA — NOT REAL OBSERVATIONS
ORD-DEMO-1517,PROD-ONI-117,SELLER-FARMER-8,BUYER-RETAIL-18,Onion,Nashik,Maharashtra,118.4,KG,31.4,31.4,31.4,2025-06-02,DELIVERED,3,DELIVERED_ON_TIME,SYNTHETIC / DEMO DATA — NOT REAL OBSERVATIONS
ORD-DEMO-1518,PROD-POT-118,SELLER-FARMER-9,BUYER-RETAIL-19,Potato,Pune,Maharashtra,466.9,KG,21.61,21.61,21.61,2025-06-03,DELIVERED,5,DELIVERED_SLIGHT_DELAY,SYNTHETIC / DEMO DATA — NOT REAL OBSERVATIONS
ORD-DEMO-1519,PROD-RIC-119,SELLER-FARMER-10,BUYER-RETAIL-20,Rice,Hubballi,Karnataka,79.3,KG,55.11,55.11,55.11,2025-06-04,DELIVERED,2,DELIVERED_ON_TIME,SYNTHETIC / DEMO DATA — NOT REAL OBSERVATIONS
ORD-DEMO-1520,PROD-WHE-100,SELLER-FARMER-11,BUYER-RETAIL-21,Wheat,Nashik,Maharashtra,50.4,KG,23.31,23.31,23.31,2025-06-05,DELIVERED,3,DELIVERED_ON_TIME,SYNTHETIC / DEMO DATA — NOT REAL OBSERVATIONS
ORD-DEMO-1521,PROD-TOM-101,SELLER-FARMER-12,BUYER-RETAIL-22,Tomato,Hubballi,Karnataka,65.6,KG,29.95,28.47,28.47,2025-06-06,DELIVERED,4,DELIVERED_SLIGHT_DELAY,SYNTHETIC / DEMO DATA — NOT REAL OBSERVATIONS
ORD-DEMO-1522,PROD-ONI-102,SELLER-FARMER-13,BUYER-RETAIL-23,Onion,Nashik,Maharashtra,260.6,KG,32.56,32.56,32.56,2025-06-07,DELIVERED,3,DELIVERED_ON_TIME,SYNTHETIC / DEMO DATA — NOT REAL OBSERVATIONS
ORD-DEMO-1523,PROD-POT-103,SELLER-FARMER-14,BUYER-RETAIL-24,Potato,Pune,Maharashtra,405.9,KG,24.24,24.24,24.24,2025-06-08,DELIVERED,2,DELIVERED_ON_TIME,SYNTHETIC / DEMO DATA — NOT REAL OBSERVATIONS
ORD-DEMO-1524,PROD-RIC-104,SELLER-FARMER-15,BUYER-RETAIL-25,Rice,Hubballi,Karnataka,213.6,KG,59.52,57.76,57.76,2025-06-09,DELIVERED,2,DELIVERED_ON_TIME,SYNTHETIC / DEMO DATA — NOT REAL OBSERVATIONS
ORD-DEMO-1525,PROD-WHE-105,SELLER-FARMER-1,BUYER-RETAIL-1,Wheat,Nashik,Maharashtra,87.6,KG,23.82,22.43,22.43,2025-06-10,DELIVERED,3,DELIVERED_ON_TIME,SYNTHETIC / DEMO DATA — NOT REAL OBSERVATIONS
ORD-DEMO-1526,PROD-TOM-106,SELLER-FARMER-2,BUYER-RETAIL-2,Tomato,Hubballi,Karnataka,217.0,KG,32.03,32.03,32.03,2025-06-11,DELIVERED,3,DELIVERED_ON_TIME,SYNTHETIC / DEMO DATA — NOT REAL OBSERVATIONS
ORD-DEMO-1527,PROD-ONI-107,SELLER-FARMER-3,BUYER-RETAIL-3,Onion,Nashik,Maharashtra,342.5,KG,34.31,31.96,31.96,2025-06-12,DELIVERED,2,DELIVERED_ON_TIME,SYNTHETIC / DEMO DATA — NOT REAL OBSERVATIONS
ORD-DEMO-1528,PROD-POT-108,SELLER-FARMER-4,BUYER-RETAIL-4,Potato,Pune,Maharashtra,103.9,KG,23.6,21.8,21.8,2025-06-13,DELIVERED,3,DELIVERED_ON_TIME,SYNTHETIC / DEMO DATA — NOT REAL OBSERVATIONS
ORD-DEMO-1529,PROD-RIC-109,SELLER-FARMER-5,BUYER-RETAIL-5,Rice,Hubballi,Karnataka,380.2,KG,62.01,62.01,62.01,2025-06-14,DELIVERED,5,DELIVERED_SLIGHT_DELAY,SYNTHETIC / DEMO DATA — NOT REAL OBSERVATIONS
ORD-DEMO-1530,PROD-WHE-110,SELLER-FARMER-6,BUYER-RETAIL-6,Wheat,Nashik,Maharashtra,44.7,KG,25.56,25.56,25.56,2025-06-15,DELIVERED,3,DELIVERED_ON_TIME,SYNTHETIC / DEMO DATA — NOT REAL OBSERVATIONS
ORD-DEMO-1531,PROD-TOM-111,SELLER-FARMER-7,BUYER-RETAIL-7,Tomato,Hubballi,Karnataka,97.0,KG,30.49,27.97,27.97,2025-06-16,DELIVERED,3,DELIVERED_ON_TIME,SYNTHETIC / DEMO DATA — NOT REAL OBSERVATIONS
ORD-DEMO-1532,PROD-ONI-112,SELLER-FARMER-8,BUYER-RETAIL-8,Onion,Nashik,Maharashtra,365.3,KG,36.47,33.96,33.96,2025-06-17,DELIVERED,3,DELIVERED_ON_TIME,SYNTHETIC / DEMO DATA — NOT REAL OBSERVATIONS
ORD-DEMO-1533,PROD-POT-113,SELLER-FARMER-9,BUYER-RETAIL-9,Potato,Pune,Maharashtra,45.8,KG,25.16,22.94,22.94,2025-06-18,DELIVERED,3,DELIVERED_ON_TIME,SYNTHETIC / DEMO DATA — NOT REAL OBSERVATIONS
ORD-DEMO-1534,PROD-RIC-114,SELLER-FARMER-10,BUYER-RETAIL-10,Rice,Hubballi,Karnataka,371.6,KG,53.64,53.64,53.64,2025-06-19,DELIVERED,4,DELIVERED_SLIGHT_DELAY,SYNTHETIC / DEMO DATA — NOT REAL OBSERVATIONS
ORD-DEMO-1535,PROD-WHE-115,SELLER-FARMER-11,BUYER-RETAIL-11,Wheat,Nashik,Maharashtra,387.5,KG,25.65,23.26,23.26,2025-06-20,DELIVERED,3,DELIVERED_ON_TIME,SYNTHETIC / DEMO DATA — NOT REAL OBSERVATIONS
ORD-DEMO-1536,PROD-TOM-116,SELLER-FARMER-12,BUYER-RETAIL-12,Tomato,Hubballi,Karnataka,147.5,KG,28.12,28.12,28.12,2025-06-21,DELIVERED,2,DELIVERED_ON_TIME,SYNTHETIC / DEMO DATA — NOT REAL OBSERVATIONS
ORD-DEMO-1537,PROD-ONI-117,SELLER-FARMER-13,BUYER-RETAIL-13,Onion,Nashik,Maharashtra,358.4,KG,32.0,32.0,32.0,2025-06-22,DELIVERED,3,DELIVERED_ON_TIME,SYNTHETIC / DEMO DATA — NOT REAL OBSERVATIONS
ORD-DEMO-1538,PROD-POT-118,SELLER-FARMER-14,BUYER-RETAIL-14,Potato,Pune,Maharashtra,412.0,KG,21.97,21.97,21.97,2025-06-23,DELIVERED,4,DELIVERED_SLIGHT_DELAY,SYNTHETIC / DEMO DATA — NOT REAL OBSERVATIONS
ORD-DEMO-1539,PROD-RIC-119,SELLER-FARMER-15,BUYER-RETAIL-15,Rice,Hubballi,Karnataka,207.2,KG,56.44,56.44,56.44,2025-06-24,DELIVERED,4,DELIVERED_SLIGHT_DELAY,SYNTHETIC / DEMO DATA — NOT REAL OBSERVATIONS
ORD-DEMO-1540,PROD-WHE-100,SELLER-FARMER-1,BUYER-RETAIL-16,Wheat,Nashik,Maharashtra,55.7,KG,23.6,23.6,23.6,2025-06-25,DELIVERED,3,DELIVERED_ON_TIME,SYNTHETIC / DEMO DATA — NOT REAL OBSERVATIONS
ORD-DEMO-1541,PROD-TOM-101,SELLER-FARMER-2,BUYER-RETAIL-17,Tomato,Hubballi,Karnataka,454.3,KG,28.42,28.42,28.42,2025-06-26,DELIVERED,3,DELIVERED_ON_TIME,SYNTHETIC / DEMO DATA — NOT REAL OBSERVATIONS
ORD-DEMO-1542,PROD-ONI-102,SELLER-FARMER-3,BUYER-RETAIL-18,Onion,Nashik,Maharashtra,461.2,KG,33.69,33.69,33.69,2025-06-27,DELIVERED,2,DELIVERED_ON_TIME,SYNTHETIC / DEMO DATA — NOT REAL OBSERVATIONS
ORD-DEMO-1543,PROD-POT-103,SELLER-FARMER-4,BUYER-RETAIL-19,Potato,Pune,Maharashtra,108.7,KG,23.7,23.7,23.7,2025-06-28,DELIVERED,2,DELIVERED_ON_TIME,SYNTHETIC / DEMO DATA — NOT REAL OBSERVATIONS
ORD-DEMO-1544,PROD-RIC-104,SELLER-FARMER-5,BUYER-RETAIL-20,Rice,Hubballi,Karnataka,286.3,KG,59.69,59.69,59.69,2025-06-29,DELIVERED,3,DELIVERED_ON_TIME,SYNTHETIC / DEMO DATA — NOT REAL OBSERVATIONS
ORD-DEMO-1545,PROD-WHE-105,SELLER-FARMER-6,BUYER-RETAIL-21,Wheat,Nashik,Maharashtra,388.9,KG,26.93,26.93,26.93,2025-06-30,DELIVERED,2,DELIVERED_ON_TIME,SYNTHETIC / DEMO DATA — NOT REAL OBSERVATIONS
ORD-DEMO-1546,PROD-TOM-106,SELLER-FARMER-7,BUYER-RETAIL-22,Tomato,Hubballi,Karnataka,235.3,KG,29.74,29.74,29.74,2025-07-01,DELIVERED,3,DELIVERED_ON_TIME,SYNTHETIC / DEMO DATA — NOT REAL OBSERVATIONS
ORD-DEMO-1547,PROD-ONI-107,SELLER-FARMER-8,BUYER-RETAIL-23,Onion,Nashik,Maharashtra,45.4,KG,32.31,32.31,32.31,2025-07-02,DELIVERED,2,DELIVERED_ON_TIME,SYNTHETIC / DEMO DATA — NOT REAL OBSERVATIONS
ORD-DEMO-1548,PROD-POT-108,SELLER-FARMER-9,BUYER-RETAIL-24,Potato,Pune,Maharashtra,26.2,KG,24.77,23.47,23.47,2025-07-03,DELIVERED,3,DELIVERED_ON_TIME,SYNTHETIC / DEMO DATA — NOT REAL OBSERVATIONS
ORD-DEMO-1549,PROD-RIC-109,SELLER-FARMER-10,BUYER-RETAIL-25,Rice,Hubballi,Karnataka,300.7,KG,60.77,56.91,56.91,2025-07-04,DELIVERED,3,DELIVERED_ON_TIME,SYNTHETIC / DEMO DATA — NOT REAL OBSERVATIONS
ORD-DEMO-1550,PROD-WHE-110,SELLER-FARMER-11,BUYER-RETAIL-1,Wheat,Nashik,Maharashtra,473.3,KG,26.28,26.28,26.28,2025-07-05,DELIVERED,5,DELIVERED_SLIGHT_DELAY,SYNTHETIC / DEMO DATA — NOT REAL OBSERVATIONS
ORD-DEMO-1551,PROD-TOM-111,SELLER-FARMER-12,BUYER-RETAIL-2,Tomato,Hubballi,Karnataka,473.0,KG,27.85,26.31,26.31,2025-07-06,DELIVERED,3,DELIVERED_ON_TIME,SYNTHETIC / DEMO DATA — NOT REAL OBSERVATIONS
ORD-DEMO-1552,PROD-ONI-112,SELLER-FARMER-13,BUYER-RETAIL-3,Onion,Nashik,Maharashtra,137.0,KG,33.05,31.86,31.86,2025-07-07,DELIVERED,2,DELIVERED_ON_TIME,SYNTHETIC / DEMO DATA — NOT REAL OBSERVATIONS
ORD-DEMO-1553,PROD-POT-113,SELLER-FARMER-14,BUYER-RETAIL-4,Potato,Pune,Maharashtra,498.2,KG,22.01,20.1,20.1,2025-07-08,DELIVERED,4,DELIVERED_SLIGHT_DELAY,SYNTHETIC / DEMO DATA — NOT REAL OBSERVATIONS
ORD-DEMO-1554,PROD-RIC-114,SELLER-FARMER-15,BUYER-RETAIL-5,Rice,Hubballi,Karnataka,122.1,KG,62.04,58.87,58.87,2025-07-09,DELIVERED,4,DELIVERED_SLIGHT_DELAY,SYNTHETIC / DEMO DATA — NOT REAL OBSERVATIONS
ORD-DEMO-1555,PROD-WHE-115,SELLER-FARMER-1,BUYER-RETAIL-6,Wheat,Nashik,Maharashtra,484.4,KG,23.61,23.61,23.61,2025-07-10,DELIVERED,4,DELIVERED_SLIGHT_DELAY,SYNTHETIC / DEMO DATA — NOT REAL OBSERVATIONS
ORD-DEMO-1556,PROD-TOM-116,SELLER-FARMER-2,BUYER-RETAIL-7,Tomato,Hubballi,Karnataka,156.5,KG,27.06,26.28,26.28,2025-07-11,DELIVERED,3,DELIVERED_ON_TIME,SYNTHETIC / DEMO DATA — NOT REAL OBSERVATIONS
ORD-DEMO-1557,PROD-ONI-117,SELLER-FARMER-3,BUYER-RETAIL-8,Onion,Nashik,Maharashtra,377.6,KG,32.9,32.9,32.9,2025-07-12,DELIVERED,4,DELIVERED_SLIGHT_DELAY,SYNTHETIC / DEMO DATA — NOT REAL OBSERVATIONS
ORD-DEMO-1558,PROD-POT-118,SELLER-FARMER-4,BUYER-RETAIL-9,Potato,Pune,Maharashtra,120.3,KG,24.39,24.39,24.39,2025-07-13,DELIVERED,3,DELIVERED_ON_TIME,SYNTHETIC / DEMO DATA — NOT REAL OBSERVATIONS
ORD-DEMO-1559,PROD-RIC-119,SELLER-FARMER-5,BUYER-RETAIL-10,Rice,Hubballi,Karnataka,228.0,KG,55.43,55.43,55.43,2025-07-14,DELIVERED,3,DELIVERED_ON_TIME,SYNTHETIC / DEMO DATA — NOT REAL OBSERVATIONS
ORD-DEMO-1560,PROD-WHE-100,SELLER-FARMER-6,BUYER-RETAIL-11,Wheat,Nashik,Maharashtra,95.3,KG,23.8,23.8,23.8,2025-07-15,DELIVERED,5,DELIVERED_SLIGHT_DELAY,SYNTHETIC / DEMO DATA — NOT REAL OBSERVATIONS
ORD-DEMO-1561,PROD-TOM-101,SELLER-FARMER-7,BUYER-RETAIL-12,Tomato,Hubballi,Karnataka,359.3,KG,29.29,29.29,29.29,2025-07-16,DELIVERED,3,DELIVERED_ON_TIME,SYNTHETIC / DEMO DATA — NOT REAL OBSERVATIONS
ORD-DEMO-1562,PROD-ONI-102,SELLER-FARMER-8,BUYER-RETAIL-13,Onion,Nashik,Maharashtra,223.8,KG,35.64,35.64,35.64,2025-07-17,DELIVERED,2,DELIVERED_ON_TIME,SYNTHETIC / DEMO DATA — NOT REAL OBSERVATIONS
ORD-DEMO-1563,PROD-POT-103,SELLER-FARMER-9,BUYER-RETAIL-14,Potato,Pune,Maharashtra,241.2,KG,23.27,21.03,21.03,2025-07-18,DELIVERED,3,DELIVERED_ON_TIME,SYNTHETIC / DEMO DATA — NOT REAL OBSERVATIONS
ORD-DEMO-1564,PROD-RIC-104,SELLER-FARMER-10,BUYER-RETAIL-15,Rice,Hubballi,Karnataka,385.0,KG,61.35,59.42,59.42,2025-07-19,DELIVERED,3,DELIVERED_ON_TIME,SYNTHETIC / DEMO DATA — NOT REAL OBSERVATIONS
ORD-DEMO-1565,PROD-WHE-105,SELLER-FARMER-11,BUYER-RETAIL-16,Wheat,Nashik,Maharashtra,169.6,KG,24.11,24.11,24.11,2025-07-20,DELIVERED,3,DELIVERED_ON_TIME,SYNTHETIC / DEMO DATA — NOT REAL OBSERVATIONS
ORD-DEMO-1566,PROD-TOM-106,SELLER-FARMER-12,BUYER-RETAIL-17,Tomato,Hubballi,Karnataka,319.3,KG,27.36,27.36,27.36,2025-07-21,DELIVERED,3,DELIVERED_ON_TIME,SYNTHETIC / DEMO DATA — NOT REAL OBSERVATIONS
ORD-DEMO-1567,PROD-ONI-107,SELLER-FARMER-13,BUYER-RETAIL-18,Onion,Nashik,Maharashtra,56.0,KG,30.43,29.15,29.15,2025-07-22,DELIVERED,3,DELIVERED_ON_TIME,SYNTHETIC / DEMO DATA — NOT REAL OBSERVATIONS
ORD-DEMO-1568,PROD-POT-108,SELLER-FARMER-14,BUYER-RETAIL-19,Potato,Pune,Maharashtra,409.5,KG,21.51,21.51,21.51,2025-07-23,DELIVERED,2,DELIVERED_ON_TIME,SYNTHETIC / DEMO DATA — NOT REAL OBSERVATIONS
ORD-DEMO-1569,PROD-RIC-109,SELLER-FARMER-15,BUYER-RETAIL-20,Rice,Hubballi,Karnataka,170.5,KG,56.21,56.21,56.21,2025-07-24,DELIVERED,4,DELIVERED_SLIGHT_DELAY,SYNTHETIC / DEMO DATA — NOT REAL OBSERVATIONS
ORD-DEMO-1570,PROD-WHE-110,SELLER-FARMER-1,BUYER-RETAIL-21,Wheat,Nashik,Maharashtra,50.2,KG,24.61,23.96,23.96,2025-07-25,DELIVERED,3,DELIVERED_ON_TIME,SYNTHETIC / DEMO DATA — NOT REAL OBSERVATIONS
ORD-DEMO-1571,PROD-TOM-111,SELLER-FARMER-2,BUYER-RETAIL-22,Tomato,Hubballi,Karnataka,416.0,KG,27.83,25.06,25.06,2025-07-26,DELIVERED,4,DELIVERED_SLIGHT_DELAY,SYNTHETIC / DEMO DATA — NOT REAL OBSERVATIONS
ORD-DEMO-1572,PROD-ONI-112,SELLER-FARMER-3,BUYER-RETAIL-23,Onion,Nashik,Maharashtra,218.3,KG,34.78,34.78,34.78,2025-07-27,DELIVERED,3,DELIVERED_ON_TIME,SYNTHETIC / DEMO DATA — NOT REAL OBSERVATIONS
ORD-DEMO-1573,PROD-POT-113,SELLER-FARMER-4,BUYER-RETAIL-24,Potato,Pune,Maharashtra,223.7,KG,21.46,19.39,19.39,2025-07-28,DELIVERED,4,DELIVERED_SLIGHT_DELAY,SYNTHETIC / DEMO DATA — NOT REAL OBSERVATIONS
ORD-DEMO-1574,PROD-RIC-114,SELLER-FARMER-5,BUYER-RETAIL-25,Rice,Hubballi,Karnataka,338.9,KG,55.77,55.77,55.77,2025-07-29,DELIVERED,4,DELIVERED_SLIGHT_DELAY,SYNTHETIC / DEMO DATA — NOT REAL OBSERVATIONS
ORD-DEMO-1575,PROD-WHE-115,SELLER-FARMER-6,BUYER-RETAIL-1,Wheat,Nashik,Maharashtra,482.2,KG,23.43,23.43,23.43,2025-07-30,DELIVERED,3,DELIVERED_ON_TIME,SYNTHETIC / DEMO DATA — NOT REAL OBSERVATIONS
ORD-DEMO-1576,PROD-TOM-116,SELLER-FARMER-7,BUYER-RETAIL-2,Tomato,Hubballi,Karnataka,105.1,KG,29.69,28.01,28.01,2025-07-31,DELIVERED,4,DELIVERED_SLIGHT_DELAY,SYNTHETIC / DEMO DATA — NOT REAL OBSERVATIONS
ORD-DEMO-1577,PROD-ONI-117,SELLER-FARMER-8,BUYER-RETAIL-3,Onion,Nashik,Maharashtra,168.7,KG,33.74,33.74,33.74,2025-08-01,DELIVERED,4,DELIVERED_SLIGHT_DELAY,SYNTHETIC / DEMO DATA — NOT REAL OBSERVATIONS
ORD-DEMO-1578,PROD-POT-118,SELLER-FARMER-9,BUYER-RETAIL-4,Potato,Pune,Maharashtra,242.6,KG,23.8,23.8,23.8,2025-08-02,DELIVERED,4,DELIVERED_SLIGHT_DELAY,SYNTHETIC / DEMO DATA — NOT REAL OBSERVATIONS
ORD-DEMO-1579,PROD-RIC-119,SELLER-FARMER-10,BUYER-RETAIL-5,Rice,Hubballi,Karnataka,156.5,KG,53.87,53.87,53.87,2025-08-03,DELIVERED,3,DELIVERED_ON_TIME,SYNTHETIC / DEMO DATA — NOT REAL OBSERVATIONS
ORD-DEMO-1580,PROD-WHE-100,SELLER-FARMER-11,BUYER-RETAIL-6,Wheat,Nashik,Maharashtra,478.9,KG,23.31,23.31,23.31,2025-08-04,DELIVERED,3,DELIVERED_ON_TIME,SYNTHETIC / DEMO DATA — NOT REAL OBSERVATIONS
ORD-DEMO-1581,PROD-TOM-101,SELLER-FARMER-12,BUYER-RETAIL-7,Tomato,Hubballi,Karnataka,306.2,KG,30.19,30.19,30.19,2025-08-05,DELIVERED,4,DELIVERED_SLIGHT_DELAY,SYNTHETIC / DEMO DATA — NOT REAL OBSERVATIONS
ORD-DEMO-1582,PROD-ONI-102,SELLER-FARMER-13,BUYER-RETAIL-8,Onion,Nashik,Maharashtra,66.2,KG,33.31,33.31,33.31,2025-08-06,DELIVERED,5,DELIVERED_SLIGHT_DELAY,SYNTHETIC / DEMO DATA — NOT REAL OBSERVATIONS
ORD-DEMO-1583,PROD-POT-103,SELLER-FARMER-14,BUYER-RETAIL-9,Potato,Pune,Maharashtra,235.7,KG,21.96,20.04,20.04,2025-08-07,DELIVERED,3,DELIVERED_ON_TIME,SYNTHETIC / DEMO DATA — NOT REAL OBSERVATIONS
ORD-DEMO-1584,PROD-RIC-104,SELLER-FARMER-15,BUYER-RETAIL-10,Rice,Hubballi,Karnataka,310.0,KG,54.76,54.76,54.76,2025-08-08,DELIVERED,3,DELIVERED_ON_TIME,SYNTHETIC / DEMO DATA — NOT REAL OBSERVATIONS
ORD-DEMO-1585,PROD-WHE-105,SELLER-FARMER-1,BUYER-RETAIL-11,Wheat,Nashik,Maharashtra,110.6,KG,24.08,23.03,23.03,2025-08-09,DELIVERED,4,DELIVERED_SLIGHT_DELAY,SYNTHETIC / DEMO DATA — NOT REAL OBSERVATIONS
ORD-DEMO-1586,PROD-TOM-106,SELLER-FARMER-2,BUYER-RETAIL-12,Tomato,Hubballi,Karnataka,116.3,KG,30.32,30.32,30.32,2025-08-10,DELIVERED,2,DELIVERED_ON_TIME,SYNTHETIC / DEMO DATA — NOT REAL OBSERVATIONS
ORD-DEMO-1587,PROD-ONI-107,SELLER-FARMER-3,BUYER-RETAIL-13,Onion,Nashik,Maharashtra,276.8,KG,35.45,35.45,35.45,2025-08-11,DELIVERED,4,DELIVERED_SLIGHT_DELAY,SYNTHETIC / DEMO DATA — NOT REAL OBSERVATIONS
ORD-DEMO-1588,PROD-POT-108,SELLER-FARMER-4,BUYER-RETAIL-14,Potato,Pune,Maharashtra,131.7,KG,21.84,21.84,21.84,2025-08-12,DELIVERED,4,DELIVERED_SLIGHT_DELAY,SYNTHETIC / DEMO DATA — NOT REAL OBSERVATIONS
ORD-DEMO-1589,PROD-RIC-109,SELLER-FARMER-5,BUYER-RETAIL-15,Rice,Hubballi,Karnataka,424.9,KG,52.4,52.4,52.4,2025-08-13,DELIVERED,3,DELIVERED_ON_TIME,SYNTHETIC / DEMO DATA — NOT REAL OBSERVATIONS
ORD-DEMO-1590,PROD-WHE-110,SELLER-FARMER-6,BUYER-RETAIL-16,Wheat,Nashik,Maharashtra,388.0,KG,23.85,22.23,22.23,2025-08-14,DELIVERED,3,DELIVERED_ON_TIME,SYNTHETIC / DEMO DATA — NOT REAL OBSERVATIONS
ORD-DEMO-1591,PROD-TOM-111,SELLER-FARMER-7,BUYER-RETAIL-17,Tomato,Hubballi,Karnataka,357.4,KG,29.12,29.12,29.12,2025-08-15,DELIVERED,3,DELIVERED_ON_TIME,SYNTHETIC / DEMO DATA — NOT REAL OBSERVATIONS
ORD-DEMO-1592,PROD-ONI-112,SELLER-FARMER-8,BUYER-RETAIL-18,Onion,Nashik,Maharashtra,105.3,KG,32.63,32.63,32.63,2025-08-16,DELIVERED,3,DELIVERED_ON_TIME,SYNTHETIC / DEMO DATA — NOT REAL OBSERVATIONS
ORD-DEMO-1593,PROD-POT-113,SELLER-FARMER-9,BUYER-RETAIL-19,Potato,Pune,Maharashtra,199.7,KG,21.98,21.98,21.98,2025-08-17,DELIVERED,3,DELIVERED_ON_TIME,SYNTHETIC / DEMO DATA — NOT REAL OBSERVATIONS
ORD-DEMO-1594,PROD-RIC-114,SELLER-FARMER-10,BUYER-RETAIL-20,Rice,Hubballi,Karnataka,74.3,KG,52.71,49.27,49.27,2025-08-18,DELIVERED,3,DELIVERED_ON_TIME,SYNTHETIC / DEMO DATA — NOT REAL OBSERVATIONS
ORD-DEMO-1595,PROD-WHE-115,SELLER-FARMER-11,BUYER-RETAIL-21,Wheat,Nashik,Maharashtra,135.3,KG,27.36,27.36,27.36,2025-08-19,DELIVERED,4,DELIVERED_SLIGHT_DELAY,SYNTHETIC / DEMO DATA — NOT REAL OBSERVATIONS
ORD-DEMO-1596,PROD-TOM-116,SELLER-FARMER-12,BUYER-RETAIL-22,Tomato,Hubballi,Karnataka,474.9,KG,29.74,29.74,29.74,2025-08-20,DELIVERED,3,DELIVERED_ON_TIME,SYNTHETIC / DEMO DATA — NOT REAL OBSERVATIONS
ORD-DEMO-1597,PROD-ONI-117,SELLER-FARMER-13,BUYER-RETAIL-23,Onion,Nashik,Maharashtra,103.5,KG,35.17,33.55,33.55,2025-08-21,DELIVERED,3,DELIVERED_ON_TIME,SYNTHETIC / DEMO DATA — NOT REAL OBSERVATIONS
ORD-DEMO-1598,PROD-POT-118,SELLER-FARMER-14,BUYER-RETAIL-24,Potato,Pune,Maharashtra,329.4,KG,21.31,21.31,21.31,2025-08-22,DELIVERED,3,DELIVERED_ON_TIME,SYNTHETIC / DEMO DATA — NOT REAL OBSERVATIONS
ORD-DEMO-1599,PROD-RIC-119,SELLER-FARMER-15,BUYER-RETAIL-25,Rice,Hubballi,Karnataka,333.3,KG,61.22,61.22,61.22,2025-08-23,DELIVERED,3,DELIVERED_ON_TIME,SYNTHETIC / DEMO DATA — NOT REAL OBSERVATIONS
ORD-DEMO-1600,PROD-WHE-100,SELLER-FARMER-1,BUYER-RETAIL-1,Wheat,Nashik,Maharashtra,47.9,KG,24.55,24.55,24.55,2025-08-24,DELIVERED,3,DELIVERED_ON_TIME,SYNTHETIC / DEMO DATA — NOT REAL OBSERVATIONS
