lane_id,origin_location_id,mandi_id,origin_state,origin_district,market_option,market_name,road_distance_km,freight_inr_per_quintal,handling_inr_per_quintal,loading_inr_per_quintal,expected_transit_days,mode,use_case,effective_date,data_status
FML-BADF867241,LOC-DBC2770203,MND-76BF6E6626,Andaman and Nicobar Islands,Nicobars,A,Nicobars — Primary Local Mandi,19,31.9,6,4,1,TRUCK,FARMER_LOCAL_MANDI,2026-09-20,SYNTHETIC_DEMO
FML-30C6C9CA6A,LOC-DBC2770203,MND-DBAA835FE8,Andaman and Nicobar Islands,Nicobars,B,Nicobars — Secondary Market Yard,35,51.5,11,5,1,TRUCK,FARMER_LOCAL_MANDI,2026-09-20,SYNTHETIC_DEMO
FML-D1E12D2362,LOC-DBC2770203,MND-798F392B2F,Andaman and Nicobar Islands,Nicobars,C,Nicobars — Regional Wholesale Market,61,84.1,8,11,2,TRUCK,FARMER_LOCAL_MANDI,2026-09-20,SYNTHETIC_DEMO
FML-8447DFEFFF,LOC-842205D316,MND-3870158AF8,Andaman and Nicobar Islands,North And Middle Andaman,A,North And Middle Andaman — Primary Local Mandi,30,50.0,8,8,1,TRUCK,FARMER_LOCAL_MANDI,2026-09-20,SYNTHETIC_DEMO
FML-3402F3C4E1,LOC-842205D316,MND-2CB5816500,Andaman and Nicobar Islands,North And Middle Andaman,B,North And Middle Andaman — Secondary Market Yard,9,26.9,13,9,1,TRUCK,FARMER_LOCAL_MANDI,2026-09-20,SYNTHETIC_DEMO
FML-867AAEB547,LOC-842205D316,MND-6617B68912,Andaman and Nicobar Islands,North And Middle Andaman,C,North And Middle Andaman — Regional Wholesale Market,55,67.5,6,8,2,TRUCK,FARMER_LOCAL_MANDI,2026-09-20,SYNTHETIC_DEMO
FML-F850CB1742,LOC-0D5274856D,MND-D4AD3E7E77,Andaman and Nicobar Islands,South Andamans,A,South Andamans — Primary Local Mandi,46,70.6,13,10,2,TRUCK,FARMER_LOCAL_MANDI,2026-09-20,SYNTHETIC_DEMO
FML-6C22ED1F53,LOC-0D5274856D,MND-250651F20F,Andaman and Nicobar Islands,South Andamans,B,South Andamans — Secondary Market Yard,79,105.9,12,8,2,TRUCK,FARMER_LOCAL_MANDI,2026-09-20,SYNTHETIC_DEMO
FML-1123D68B42,LOC-0D5274856D,MND-D82C50E3D0,Andaman and Nicobar Islands,South Andamans,C,South Andamans — Regional Wholesale Market,73,89.3,5,11,2,TRUCK,FARMER_LOCAL_MANDI,2026-09-20,SYNTHETIC_DEMO
FML-3B99D0899D,LOC-8E856935B9,MND-DCA5497DC3,Andhra Pradesh,Anakapalli,A,Anakapalli — Primary Local Mandi,67,89.7,6,7,2,TRUCK,FARMER_LOCAL_MANDI,2026-09-20,SYNTHETIC_DEMO
FML-7EEAEA8D64,LOC-8E856935B9,MND-B8868C9941,Andhra Pradesh,Anakapalli,B,Anakapalli — Secondary Market Yard,54,81.4,8,10,2,TRUCK,FARMER_LOCAL_MANDI,2026-09-20,SYNTHETIC_DEMO
FML-57D50A2C98,LOC-8E856935B9,MND-F22FAD24D0,Andhra Pradesh,Anakapalli,C,Anakapalli — Regional Wholesale Market,16,36.6,10,9,1,TRUCK,FARMER_LOCAL_MANDI,2026-09-20,SYNTHETIC_DEMO
FML-1A5EFC2A4F,LOC-DD49E1527E,MND-FE7C6D1CB1,Andhra Pradesh,Ananthapuramu,A,Ananthapuramu — Primary Local Mandi,60,87.0,12,4,2,TRUCK,FARMER_LOCAL_MANDI,2026-09-20,SYNTHETIC_DEMO
FML-E7EC4F4A43,LOC-DD49E1527E,MND-10FBAEB26C,Andhra Pradesh,Ananthapuramu,B,Ananthapuramu — Secondary Market Yard,67,87.7,14,9,2,TRUCK,FARMER_LOCAL_MANDI,2026-09-20,SYNTHETIC_DEMO
FML-ABDDCF2226,LOC-DD49E1527E,MND-8494D0215E,Andhra Pradesh,Ananthapuramu,C,Ananthapuramu — Regional Wholesale Market,14,31.4,10,10,1,TRUCK,FARMER_LOCAL_MANDI,2026-09-20,SYNTHETIC_DEMO
FML-482B4F572F,LOC-557FEAA102,MND-2237D6E312,Andhra Pradesh,Annamayya,A,Annamayya — Primary Local Mandi,70,98.0,5,9,2,TRUCK,FARMER_LOCAL_MANDI,2026-09-20,SYNTHETIC_DEMO
FML-83F882B220,LOC-557FEAA102,MND-3793F08291,Andhra Pradesh,Annamayya,B,Annamayya — Secondary Market Yard,11,26.1,8,10,1,TRUCK,FARMER_LOCAL_MANDI,2026-09-20,SYNTHETIC_DEMO
FML-CC412C6E8A,LOC-557FEAA102,MND-C6CD049857,Andhra Pradesh,Annamayya,C,Annamayya — Regional Wholesale Market,38,55.8,8,8,1,TRUCK,FARMER_LOCAL_MANDI,2026-09-20,SYNTHETIC_DEMO
FML-15AC60A8E3,LOC-90114A8985,MND-91BFA54454,Andhra Pradesh,Bapatla,A,Bapatla — Primary Local Mandi,37,59.7,13,9,1,TRUCK,FARMER_LOCAL_MANDI,2026-09-20,SYNTHETIC_DEMO
FML-6BD9A3EDC5,LOC-90114A8985,MND-E5BB34B152,Andhra Pradesh,Bapatla,B,Bapatla — Secondary Market Yard,38,62.8,14,7,1,TRUCK,FARMER_LOCAL_MANDI,2026-09-20,SYNTHETIC_DEMO
FML-0177F11C0C,LOC-90114A8985,MND-ED958F0323,Andhra Pradesh,Bapatla,C,Bapatla — Regional Wholesale Market,42,59.2,11,7,1,TRUCK,FARMER_LOCAL_MANDI,2026-09-20,SYNTHETIC_DEMO
FML-C51FC29757,LOC-E5CE3FCC4E,MND-5D960DC1E2,Andhra Pradesh,Chittoor,A,Chittoor — Primary Local Mandi,53,64.3,12,6,2,TRUCK,FARMER_LOCAL_MANDI,2026-09-20,SYNTHETIC_DEMO
FML-6314E4CA71,LOC-E5CE3FCC4E,MND-15DB908FB1,Andhra Pradesh,Chittoor,B,Chittoor — Secondary Market Yard,5,18,12,4,1,TRUCK,FARMER_LOCAL_MANDI,2026-09-20,SYNTHETIC_DEMO
FML-A0A2D4FF66,LOC-E5CE3FCC4E,MND-1C1A0A40FB,Andhra Pradesh,Chittoor,C,Chittoor — Regional Wholesale Market,7,24.7,6,8,1,TRUCK,FARMER_LOCAL_MANDI,2026-09-20,SYNTHETIC_DEMO
FML-4446AB75A5,LOC-FE58EC8CBA,MND-28502C7089,Andhra Pradesh,East Godavari,A,East Godavari — Primary Local Mandi,59,84.9,8,10,2,TRUCK,FARMER_LOCAL_MANDI,2026-09-20,SYNTHETIC_DEMO
FML-14C99A4B8C,LOC-FE58EC8CBA,MND-D8467372B8,Andhra Pradesh,East Godavari,B,East Godavari — Secondary Market Yard,27,37.7,9,5,1,TRUCK,FARMER_LOCAL_MANDI,2026-09-20,SYNTHETIC_DEMO
FML-4CD6D6BC6B,LOC-FE58EC8CBA,MND-C9C38E8ADA,Andhra Pradesh,East Godavari,C,East Godavari — Regional Wholesale Market,74,97.4,14,10,2,TRUCK,FARMER_LOCAL_MANDI,2026-09-20,SYNTHETIC_DEMO
FML-3F99F9D520,LOC-8B822D4362,MND-43E39A4274,Andhra Pradesh,Eluru,A,Eluru — Primary Local Mandi,60,74.0,11,10,2,TRUCK,FARMER_LOCAL_MANDI,2026-09-20,SYNTHETIC_DEMO
FML-026E2E9251,LOC-8B822D4362,MND-287D663560,Andhra Pradesh,Eluru,B,Eluru — Secondary Market Yard,70,92.0,8,6,2,TRUCK,FARMER_LOCAL_MANDI,2026-09-20,SYNTHETIC_DEMO
FML-E69ACDE6C8,LOC-8B822D4362,MND-424B8060A5,Andhra Pradesh,Eluru,C,Eluru — Regional Wholesale Market,72,91.2,7,5,2,TRUCK,FARMER_LOCAL_MANDI,2026-09-20,SYNTHETIC_DEMO
FML-0A6F5C305A,LOC-70601242A0,MND-1195DF6EC1,Andhra Pradesh,Guntur,A,Guntur — Primary Local Mandi,17,31.7,11,5,1,TRUCK,FARMER_LOCAL_MANDI,2026-09-20,SYNTHETIC_DEMO
FML-7FA2008D0D,LOC-70601242A0,MND-941D3566DD,Andhra Pradesh,Guntur,B,Guntur — Secondary Market Yard,31,54.1,14,8,1,TRUCK,FARMER_LOCAL_MANDI,2026-09-20,SYNTHETIC_DEMO
FML-D4ED23B4BD,LOC-70601242A0,MND-DF7C16E8A1,Andhra Pradesh,Guntur,C,Guntur — Regional Wholesale Market,45,71.5,13,4,1,TRUCK,FARMER_LOCAL_MANDI,2026-09-20,SYNTHETIC_DEMO
FML-BB53E1DAEE,LOC-F399370809,MND-6FDE2F6266,Andhra Pradesh,Kakinada,A,Kakinada — Primary Local Mandi,29,48.9,12,9,1,TRUCK,FARMER_LOCAL_MANDI,2026-09-20,SYNTHETIC_DEMO
FML-38E2D120B2,LOC-F399370809,MND-6B7ADC43F9,Andhra Pradesh,Kakinada,B,Kakinada — Secondary Market Yard,41,52.1,10,9,1,TRUCK,FARMER_LOCAL_MANDI,2026-09-20,SYNTHETIC_DEMO
FML-89263D1846,LOC-F399370809,MND-D67E391B4B,Andhra Pradesh,Kakinada,C,Kakinada — Regional Wholesale Market,46,71.6,8,5,2,TRUCK,FARMER_LOCAL_MANDI,2026-09-20,SYNTHETIC_DEMO
FML-2CE13E09CF,LOC-8B60F404CB,MND-5056D6EA93,Andhra Pradesh,Krishna,A,Krishna — Primary Local Mandi,25,42.5,7,9,1,TRUCK,FARMER_LOCAL_MANDI,2026-09-20,SYNTHETIC_DEMO
FML-D497484879,LOC-8B60F404CB,MND-2A8EC05047,Andhra Pradesh,Krishna,B,Krishna — Secondary Market Yard,12,27.2,6,5,1,TRUCK,FARMER_LOCAL_MANDI,2026-09-20,SYNTHETIC_DEMO
FML-D5C19FB8ED,LOC-8B60F404CB,MND-022579D81E,Andhra Pradesh,Krishna,C,Krishna — Regional Wholesale Market,59,77.9,10,11,2,TRUCK,FARMER_LOCAL_MANDI,2026-09-20,SYNTHETIC_DEMO
FML-C3E26724D1,LOC-97856C020E,MND-346FC7D8F2,Andhra Pradesh,Kurnool,A,Kurnool — Primary Local Mandi,47,64.7,9,10,2,TRUCK,FARMER_LOCAL_MANDI,2026-09-20,SYNTHETIC_DEMO
FML-4288A567DE,LOC-97856C020E,MND-8E76AA365D,Andhra Pradesh,Kurnool,B,Kurnool — Secondary Market Yard,16,32.6,10,7,1,TRUCK,FARMER_LOCAL_MANDI,2026-09-20,SYNTHETIC_DEMO
FML-0261E04E71,LOC-97856C020E,MND-30736A2A4B,Andhra Pradesh,Kurnool,C,Kurnool — Regional Wholesale Market,77,96.7,11,4,2,TRUCK,FARMER_LOCAL_MANDI,2026-09-20,SYNTHETIC_DEMO
FML-05EE9FDC02,LOC-B91C854C06,MND-C1B268FD3F,Andhra Pradesh,Markapuram,A,Markapuram — Primary Local Mandi,73,95.3,11,11,2,TRUCK,FARMER_LOCAL_MANDI,2026-09-20,SYNTHETIC_DEMO
FML-DF713F06B0,LOC-B91C854C06,MND-A368258C01,Andhra Pradesh,Markapuram,B,Markapuram — Secondary Market Yard,70,94.0,13,6,2,TRUCK,FARMER_LOCAL_MANDI,2026-09-20,SYNTHETIC_DEMO
FML-77E7F6AFB7,LOC-B91C854C06,MND-529157C521,Andhra Pradesh,Markapuram,C,Markapuram — Regional Wholesale Market,60,84.0,6,10,2,TRUCK,FARMER_LOCAL_MANDI,2026-09-20,SYNTHETIC_DEMO
FML-6B7879794F,LOC-77871AC36C,MND-3461805F91,Andhra Pradesh,Nandyal,A,Nandyal — Primary Local Mandi,41,60.1,7,11,1,TRUCK,FARMER_LOCAL_MANDI,2026-09-20,SYNTHETIC_DEMO
FML-BB11515066,LOC-77871AC36C,MND-845CA36B20,Andhra Pradesh,Nandyal,B,Nandyal — Secondary Market Yard,35,50.5,8,6,1,TRUCK,FARMER_LOCAL_MANDI,2026-09-20,SYNTHETIC_DEMO
FML-9E55AAF3D2,LOC-77871AC36C,MND-B63A6A3BF9,Andhra Pradesh,Nandyal,C,Nandyal — Regional Wholesale Market,77,94.7,5,4,2,TRUCK,FARMER_LOCAL_MANDI,2026-09-20,SYNTHETIC_DEMO
FML-47F2B340D1,LOC-5E64F27011,MND-C61CC5A65B,Andhra Pradesh,Ntr,A,Ntr — Primary Local Mandi,17,24.7,10,5,1,TRUCK,FARMER_LOCAL_MANDI,2026-09-20,SYNTHETIC_DEMO
FML-66AA8A4340,LOC-5E64F27011,MND-F7F2E19881,Andhra Pradesh,Ntr,B,Ntr — Secondary Market Yard,79,106.9,12,8,2,TRUCK,FARMER_LOCAL_MANDI,2026-09-20,SYNTHETIC_DEMO
FML-F68A513BCF,LOC-5E64F27011,MND-9B3BC8F2E4,Andhra Pradesh,Ntr,C,Ntr — Regional Wholesale Market,27,41.7,14,7,1,TRUCK,FARMER_LOCAL_MANDI,2026-09-20,SYNTHETIC_DEMO
FML-D4D6E990A8,LOC-8DB647E302,MND-0A21501403,Andhra Pradesh,Palnadu,A,Palnadu — Primary Local Mandi,74,100.4,9,11,2,TRUCK,FARMER_LOCAL_MANDI,2026-09-20,SYNTHETIC_DEMO
FML-746EE292DD,LOC-8DB647E302,MND-60DDE3616E,Andhra Pradesh,Palnadu,B,Palnadu — Secondary Market Yard,5,19.5,8,9,1,TRUCK,FARMER_LOCAL_MANDI,2026-09-20,SYNTHETIC_DEMO
FML-5A385621FE,LOC-8DB647E302,MND-23E40F8A7C,Andhra Pradesh,Palnadu,C,Palnadu — Regional Wholesale Market,58,82.8,10,8,2,TRUCK,FARMER_LOCAL_MANDI,2026-09-20,SYNTHETIC_DEMO
FML-1A35B04F24,LOC-13F8AAD2C1,MND-43741B2CA6,Andhra Pradesh,Parvathipuram Manyam,A,Parvathipuram Manyam — Primary Local Mandi,37,53.7,7,4,1,TRUCK,FARMER_LOCAL_MANDI,2026-09-20,SYNTHETIC_DEMO
FML-D0442E6B21,LOC-13F8AAD2C1,MND-FD2D39C464,Andhra Pradesh,Parvathipuram Manyam,B,Parvathipuram Manyam — Secondary Market Yard,48,61.8,14,5,2,TRUCK,FARMER_LOCAL_MANDI,2026-09-20,SYNTHETIC_DEMO
FML-A006F49A78,LOC-13F8AAD2C1,MND-91F44C32AB,Andhra Pradesh,Parvathipuram Manyam,C,Parvathipuram Manyam — Regional Wholesale Market,68,88.8,8,5,2,TRUCK,FARMER_LOCAL_MANDI,2026-09-20,SYNTHETIC_DEMO
FML-1B136DD136,LOC-9615D776A1,MND-4DC912DA63,Andhra Pradesh,Prakasam,A,Prakasam — Primary Local Mandi,20,33.0,10,4,1,TRUCK,FARMER_LOCAL_MANDI,2026-09-20,SYNTHETIC_DEMO
FML-448A962DA0,LOC-9615D776A1,MND-D44254A342,Andhra Pradesh,Prakasam,B,Prakasam — Secondary Market Yard,62,77.2,8,9,2,TRUCK,FARMER_LOCAL_MANDI,2026-09-20,SYNTHETIC_DEMO
FML-8761930897,LOC-9615D776A1,MND-862174C37B,Andhra Pradesh,Prakasam,C,Prakasam — Regional Wholesale Market,31,43.1,13,8,1,TRUCK,FARMER_LOCAL_MANDI,2026-09-20,SYNTHETIC_DEMO
FML-6623B29770,LOC-A572998DDC,MND-E6F277B345,Andhra Pradesh,Sri Potti Sriramulu Nellore,A,Sri Potti Sriramulu Nellore — Primary Local Mandi,58,72.8,6,5,2,TRUCK,FARMER_LOCAL_MANDI,2026-09-20,SYNTHETIC_DEMO
FML-ACBE3B396C,LOC-A572998DDC,MND-01844CF704,Andhra Pradesh,Sri Potti Sriramulu Nellore,B,Sri Potti Sriramulu Nellore — Secondary Market Yard,8,18,11,8,1,TRUCK,FARMER_LOCAL_MANDI,2026-09-20,SYNTHETIC_DEMO
FML-E211D16693,LOC-A572998DDC,MND-DEDCBEAA02,Andhra Pradesh,Sri Potti Sriramulu Nellore,C,Sri Potti Sriramulu Nellore — Regional Wholesale Market,18,35.8,14,11,1,TRUCK,FARMER_LOCAL_MANDI,2026-09-20,SYNTHETIC_DEMO
FML-084E2D8476,LOC-C137ADD22E,MND-4FBD908E50,Andhra Pradesh,Sri Sathya Sai,A,Sri Sathya Sai — Primary Local Mandi,21,30.1,13,8,1,TRUCK,FARMER_LOCAL_MANDI,2026-09-20,SYNTHETIC_DEMO
FML-6614F430FD,LOC-C137ADD22E,MND-6841DAD172,Andhra Pradesh,Sri Sathya Sai,B,Sri Sathya Sai — Secondary Market Yard,13,28.3,5,4,1,TRUCK,FARMER_LOCAL_MANDI,2026-09-20,SYNTHETIC_DEMO
FML-3FC54BA352,LOC-C137ADD22E,MND-A63BF3B1D0,Andhra Pradesh,Sri Sathya Sai,C,Sri Sathya Sai — Regional Wholesale Market,46,59.6,9,4,2,TRUCK,FARMER_LOCAL_MANDI,2026-09-20,SYNTHETIC_DEMO
FML-F0A179B8CC,LOC-DB0FA299A3,MND-F6F4FFF3C0,Andhra Pradesh,Srikakulam,A,Srikakulam — Primary Local Mandi,74,103.4,13,11,2,TRUCK,FARMER_LOCAL_MANDI,2026-09-20,SYNTHETIC_DEMO
FML-EE8D706866,LOC-DB0FA299A3,MND-57F5BA3916,Andhra Pradesh,Srikakulam,B,Srikakulam — Secondary Market Yard,15,38.5,5,6,1,TRUCK,FARMER_LOCAL_MANDI,2026-09-20,SYNTHETIC_DEMO
FML-1A580FEDE4,LOC-DB0FA299A3,MND-700B1E0971,Andhra Pradesh,Srikakulam,C,Srikakulam — Regional Wholesale Market,57,75.7,11,11,2,TRUCK,FARMER_LOCAL_MANDI,2026-09-20,SYNTHETIC_DEMO
FML-F75A14CA0C,LOC-9DBD93A78A,MND-E70923CEE0,Andhra Pradesh,Tirupati,A,Tirupati — Primary Local Mandi,22,38.2,13,4,1,TRUCK,FARMER_LOCAL_MANDI,2026-09-20,SYNTHETIC_DEMO
FML-01F504528F,LOC-9DBD93A78A,MND-534C1BCC01,Andhra Pradesh,Tirupati,B,Tirupati — Secondary Market Yard,70,91.0,5,11,2,TRUCK,FARMER_LOCAL_MANDI,2026-09-20,SYNTHETIC_DEMO
FML-746E107164,LOC-9DBD93A78A,MND-35C59F1312,Andhra Pradesh,Tirupati,C,Tirupati — Regional Wholesale Market,27,46.7,8,10,1,TRUCK,FARMER_LOCAL_MANDI,2026-09-20,SYNTHETIC_DEMO
FML-A976305871,LOC-78DC13EB3B,MND-0BCEE9181F,Andhra Pradesh,Visakhapatnam,A,Visakhapatnam — Primary Local Mandi,50,63.0,6,4,2,TRUCK,FARMER_LOCAL_MANDI,2026-09-20,SYNTHETIC_DEMO
FML-CF95717719,LOC-78DC13EB3B,MND-A59CD42411,Andhra Pradesh,Visakhapatnam,B,Visakhapatnam — Secondary Market Yard,61,76.1,8,10,2,TRUCK,FARMER_LOCAL_MANDI,2026-09-20,SYNTHETIC_DEMO
FML-F378730B38,LOC-78DC13EB3B,MND-1800801236,Andhra Pradesh,Visakhapatnam,C,Visakhapatnam — Regional Wholesale Market,21,41.1,13,6,1,TRUCK,FARMER_LOCAL_MANDI,2026-09-20,SYNTHETIC_DEMO
FML-AB0C3E90DB,LOC-5CA6AF75F0,MND-5D781C02A6,Andhra Pradesh,Vizianagaram,A,Vizianagaram — Primary Local Mandi,69,97.9,8,10,2,TRUCK,FARMER_LOCAL_MANDI,2026-09-20,SYNTHETIC_DEMO
FML-8F8249947F,LOC-5CA6AF75F0,MND-2F8F12536C,Andhra Pradesh,Vizianagaram,B,Vizianagaram — Secondary Market Yard,39,61.9,9,9,1,TRUCK,FARMER_LOCAL_MANDI,2026-09-20,SYNTHETIC_DEMO
FML-F7A6FF6868,LOC-5CA6AF75F0,MND-AB7CB49480,Andhra Pradesh,Vizianagaram,C,Vizianagaram — Regional Wholesale Market,66,91.6,9,10,2,TRUCK,FARMER_LOCAL_MANDI,2026-09-20,SYNTHETIC_DEMO
FML-D06D9D8226,LOC-437766248E,MND-D9F41D08C6,Andhra Pradesh,West Godavari,A,West Godavari — Primary Local Mandi,75,103.5,14,10,2,TRUCK,FARMER_LOCAL_MANDI,2026-09-20,SYNTHETIC_DEMO
FML-41A25A46CE,LOC-437766248E,MND-CF8C5B14E8,Andhra Pradesh,West Godavari,B,West Godavari — Secondary Market Yard,47,60.7,8,11,2,TRUCK,FARMER_LOCAL_MANDI,2026-09-20,SYNTHETIC_DEMO
FML-99C51D42BC,LOC-437766248E,MND-07245F36A3,Andhra Pradesh,West Godavari,C,West Godavari — Regional Wholesale Market,40,64.0,9,7,1,TRUCK,FARMER_LOCAL_MANDI,2026-09-20,SYNTHETIC_DEMO
FML-49AC8F4BF5,LOC-E469226677,MND-440853AE74,Andhra Pradesh,Y.S.R.,A,Y.S.R. — Primary Local Mandi,30,45.0,14,4,1,TRUCK,FARMER_LOCAL_MANDI,2026-09-20,SYNTHETIC_DEMO
FML-4B65189FEA,LOC-E469226677,MND-AD5D0A6FAD,Andhra Pradesh,Y.S.R.,B,Y.S.R. — Secondary Market Yard,74,99.4,9,9,2,TRUCK,FARMER_LOCAL_MANDI,2026-09-20,SYNTHETIC_DEMO
FML-326AC2B2C8,LOC-E469226677,MND-B5757D4F2F,Andhra Pradesh,Y.S.R.,C,Y.S.R. — Regional Wholesale Market,72,94.2,7,5,2,TRUCK,FARMER_LOCAL_MANDI,2026-09-20,SYNTHETIC_DEMO
FML-DFE1BA1F02,LOC-23FA91BB84,MND-117EEA11FD,Arunachal Pradesh,Anjaw,A,Anjaw — Primary Local Mandi,30,53.0,12,10,1,TRUCK,FARMER_LOCAL_MANDI,2026-09-20,SYNTHETIC_DEMO
FML-008DF3FAEE,LOC-23FA91BB84,MND-41D02B2FA8,Arunachal Pradesh,Anjaw,B,Anjaw — Secondary Market Yard,55,72.5,11,4,2,TRUCK,FARMER_LOCAL_MANDI,2026-09-20,SYNTHETIC_DEMO
FML-7E18145412,LOC-23FA91BB84,MND-91032AD5BE,Arunachal Pradesh,Anjaw,C,Anjaw — Regional Wholesale Market,13,22.3,14,9,1,TRUCK,FARMER_LOCAL_MANDI,2026-09-20,SYNTHETIC_DEMO
FML-47866C9904,LOC-490D6DBA81,MND-22D9C7E044,Arunachal Pradesh,Bichom,A,Bichom — Primary Local Mandi,55,69.5,10,7,2,TRUCK,FARMER_LOCAL_MANDI,2026-09-20,SYNTHETIC_DEMO
FML-5C11093F26,LOC-490D6DBA81,MND-0CBB475A52,Arunachal Pradesh,Bichom,B,Bichom — Secondary Market Yard,74,89.4,14,4,2,TRUCK,FARMER_LOCAL_MANDI,2026-09-20,SYNTHETIC_DEMO
FML-195B6C0697,LOC-490D6DBA81,MND-CDAEF4C25A,Arunachal Pradesh,Bichom,C,Bichom — Regional Wholesale Market,66,88.6,7,11,2,TRUCK,FARMER_LOCAL_MANDI,2026-09-20,SYNTHETIC_DEMO
FML-D6A0F28A4C,LOC-D2DA922D02,MND-62FAC6C424,Arunachal Pradesh,Changlang,A,Changlang — Primary Local Mandi,78,104.8,12,7,2,TRUCK,FARMER_LOCAL_MANDI,2026-09-20,SYNTHETIC_DEMO
FML-AA41712D40,LOC-D2DA922D02,MND-54010C6DDD,Arunachal Pradesh,Changlang,B,Changlang — Secondary Market Yard,70,96.0,11,6,2,TRUCK,FARMER_LOCAL_MANDI,2026-09-20,SYNTHETIC_DEMO
FML-A21D4F3635,LOC-D2DA922D02,MND-989C26AD2C,Arunachal Pradesh,Changlang,C,Changlang — Regional Wholesale Market,29,40.9,9,4,1,TRUCK,FARMER_LOCAL_MANDI,2026-09-20,SYNTHETIC_DEMO
FML-B65846AD19,LOC-22A2B03990,MND-D4094CEB7B,Arunachal Pradesh,Dibang Valley,A,Dibang Valley — Primary Local Mandi,67,93.7,9,5,2,TRUCK,FARMER_LOCAL_MANDI,2026-09-20,SYNTHETIC_DEMO
FML-3FB45A24DF,LOC-22A2B03990,MND-9473AA744D,Arunachal Pradesh,Dibang Valley,B,Dibang Valley — Secondary Market Yard,41,53.1,8,8,1,TRUCK,FARMER_LOCAL_MANDI,2026-09-20,SYNTHETIC_DEMO
FML-71680A957E,LOC-22A2B03990,MND-E12756D003,Arunachal Pradesh,Dibang Valley,C,Dibang Valley — Regional Wholesale Market,73,98.3,8,9,2,TRUCK,FARMER_LOCAL_MANDI,2026-09-20,SYNTHETIC_DEMO
FML-6F192AEF98,LOC-3C4D14176C,MND-74857AA46B,Arunachal Pradesh,East Kameng,A,East Kameng — Primary Local Mandi,67,88.7,11,8,2,TRUCK,FARMER_LOCAL_MANDI,2026-09-20,SYNTHETIC_DEMO
FML-5671265C8A,LOC-3C4D14176C,MND-C6CEE43CBB,Arunachal Pradesh,East Kameng,B,East Kameng — Secondary Market Yard,61,81.1,6,8,2,TRUCK,FARMER_LOCAL_MANDI,2026-09-20,SYNTHETIC_DEMO
FML-10C0642BBB,LOC-3C4D14176C,MND-04C2BE91AE,Arunachal Pradesh,East Kameng,C,East Kameng — Regional Wholesale Market,20,42.0,10,11,1,TRUCK,FARMER_LOCAL_MANDI,2026-09-20,SYNTHETIC_DEMO
FML-F5B130AB6A,LOC-F41B834B5A,MND-8A680B91DC,Arunachal Pradesh,East Siang,A,East Siang — Primary Local Mandi,33,45.3,10,8,1,TRUCK,FARMER_LOCAL_MANDI,2026-09-20,SYNTHETIC_DEMO
FML-05582E4DEA,LOC-F41B834B5A,MND-146324E445,Arunachal Pradesh,East Siang,B,East Siang — Secondary Market Yard,32,57.2,14,9,1,TRUCK,FARMER_LOCAL_MANDI,2026-09-20,SYNTHETIC_DEMO
FML-E21B7A7D8F,LOC-F41B834B5A,MND-6053D6C5B9,Arunachal Pradesh,East Siang,C,East Siang — Regional Wholesale Market,73,86.3,13,7,2,TRUCK,FARMER_LOCAL_MANDI,2026-09-20,SYNTHETIC_DEMO
FML-E5C23CFF3A,LOC-80B5001CA9,MND-F7AF144ADB,Arunachal Pradesh,Kamle,A,Kamle — Primary Local Mandi,68,96.8,12,11,2,TRUCK,FARMER_LOCAL_MANDI,2026-09-20,SYNTHETIC_DEMO
FML-0246D0FB51,LOC-80B5001CA9,MND-FE65D3D8CB,Arunachal Pradesh,Kamle,B,Kamle — Secondary Market Yard,78,96.8,10,11,2,TRUCK,FARMER_LOCAL_MANDI,2026-09-20,SYNTHETIC_DEMO
FML-F99FAFC9B9,LOC-80B5001CA9,MND-315D14BA1F,Arunachal Pradesh,Kamle,C,Kamle — Regional Wholesale Market,22,39.2,6,8,1,TRUCK,FARMER_LOCAL_MANDI,2026-09-20,SYNTHETIC_DEMO
FML-D26CFE70E9,LOC-19243CC80A,MND-BFC1F63421,Arunachal Pradesh,Keyi Panyor,A,Keyi Panyor — Primary Local Mandi,30,51.0,13,9,1,TRUCK,FARMER_LOCAL_MANDI,2026-09-20,SYNTHETIC_DEMO
FML-4A21BE2660,LOC-19243CC80A,MND-510C39D750,Arunachal Pradesh,Keyi Panyor,B,Keyi Panyor — Secondary Market Yard,19,31.9,7,10,1,TRUCK,FARMER_LOCAL_MANDI,2026-09-20,SYNTHETIC_DEMO
FML-A80039CA49,LOC-19243CC80A,MND-DC9BACFAB4,Arunachal Pradesh,Keyi Panyor,C,Keyi Panyor — Regional Wholesale Market,29,48.9,11,9,1,TRUCK,FARMER_LOCAL_MANDI,2026-09-20,SYNTHETIC_DEMO
FML-5C9E8B8B16,LOC-73A71AB6F0,MND-A8D89B250D,Arunachal Pradesh,Kra Daadi,A,Kra Daadi — Primary Local Mandi,48,73.8,5,6,2,TRUCK,FARMER_LOCAL_MANDI,2026-09-20,SYNTHETIC_DEMO
FML-8FE842109A,LOC-73A71AB6F0,MND-D493C2DE55,Arunachal Pradesh,Kra Daadi,B,Kra Daadi — Secondary Market Yard,26,39.6,9,11,1,TRUCK,FARMER_LOCAL_MANDI,2026-09-20,SYNTHETIC_DEMO
FML-E1B6E7A7E7,LOC-73A71AB6F0,MND-B343630750,Arunachal Pradesh,Kra Daadi,C,Kra Daadi — Regional Wholesale Market,32,45.2,6,9,1,TRUCK,FARMER_LOCAL_MANDI,2026-09-20,SYNTHETIC_DEMO
FML-CBFA05D0F3,LOC-53127136EC,MND-771CB7B613,Arunachal Pradesh,Kurung Kumey,A,Kurung Kumey — Primary Local Mandi,23,42.3,13,4,1,TRUCK,FARMER_LOCAL_MANDI,2026-09-20,SYNTHETIC_DEMO
FML-3ABF0635E3,LOC-53127136EC,MND-2F692F5175,Arunachal Pradesh,Kurung Kumey,B,Kurung Kumey — Secondary Market Yard,46,71.6,6,4,2,TRUCK,FARMER_LOCAL_MANDI,2026-09-20,SYNTHETIC_DEMO
FML-71DFD02D2D,LOC-53127136EC,MND-CDDE22DF54,Arunachal Pradesh,Kurung Kumey,C,Kurung Kumey — Regional Wholesale Market,67,95.7,5,8,2,TRUCK,FARMER_LOCAL_MANDI,2026-09-20,SYNTHETIC_DEMO
FML-00016FEEAD,LOC-D6B6C6F872,MND-0B8AF8F79A,Arunachal Pradesh,Leparada,A,Leparada — Primary Local Mandi,28,39.8,11,9,1,TRUCK,FARMER_LOCAL_MANDI,2026-09-20,SYNTHETIC_DEMO
FML-73C4CD948C,LOC-D6B6C6F872,MND-545D76652C,Arunachal Pradesh,Leparada,B,Leparada — Secondary Market Yard,64,88.4,9,10,2,TRUCK,FARMER_LOCAL_MANDI,2026-09-20,SYNTHETIC_DEMO
FML-D7205DC02F,LOC-D6B6C6F872,MND-D6DB27763F,Arunachal Pradesh,Leparada,C,Leparada — Regional Wholesale Market,56,73.6,12,7,2,TRUCK,FARMER_LOCAL_MANDI,2026-09-20,SYNTHETIC_DEMO
FML-91016FD0C9,LOC-D5D75F3E15,MND-2829CC1DF5,Arunachal Pradesh,Lohit,A,Lohit — Primary Local Mandi,30,41.0,8,6,1,TRUCK,FARMER_LOCAL_MANDI,2026-09-20,SYNTHETIC_DEMO
FML-ECF7DED906,LOC-D5D75F3E15,MND-5052A126E3,Arunachal Pradesh,Lohit,B,Lohit — Secondary Market Yard,75,99.5,5,6,2,TRUCK,FARMER_LOCAL_MANDI,2026-09-20,SYNTHETIC_DEMO
FML-33CDEF6555,LOC-D5D75F3E15,MND-2B4B51B01F,Arunachal Pradesh,Lohit,C,Lohit — Regional Wholesale Market,63,91.3,5,5,2,TRUCK,FARMER_LOCAL_MANDI,2026-09-20,SYNTHETIC_DEMO
FML-488BB031F7,LOC-07D8CDEEEB,MND-E837C16F77,Arunachal Pradesh,Longding,A,Longding — Primary Local Mandi,78,105.8,8,9,2,TRUCK,FARMER_LOCAL_MANDI,2026-09-20,SYNTHETIC_DEMO
FML-831E30181D,LOC-07D8CDEEEB,MND-D42ACAFF28,Arunachal Pradesh,Longding,B,Longding — Secondary Market Yard,27,40.7,9,11,1,TRUCK,FARMER_LOCAL_MANDI,2026-09-20,SYNTHETIC_DEMO
FML-6AD3A717D3,LOC-07D8CDEEEB,MND-13EC69AFCF,Arunachal Pradesh,Longding,C,Longding — Regional Wholesale Market,38,59.8,6,4,1,TRUCK,FARMER_LOCAL_MANDI,2026-09-20,SYNTHETIC_DEMO
FML-C5BD75F3BE,LOC-335F2A324D,MND-DD35F81167,Arunachal Pradesh,Lower Dibang Valley,A,Lower Dibang Valley — Primary Local Mandi,23,34.3,12,4,1,TRUCK,FARMER_LOCAL_MANDI,2026-09-20,SYNTHETIC_DEMO
FML-424E91F8D3,LOC-335F2A324D,MND-31618BBDAA,Arunachal Pradesh,Lower Dibang Valley,B,Lower Dibang Valley — Secondary Market Yard,76,103.6,8,11,2,TRUCK,FARMER_LOCAL_MANDI,2026-09-20,SYNTHETIC_DEMO
FML-B2FD841A6E,LOC-335F2A324D,MND-3F994DC168,Arunachal Pradesh,Lower Dibang Valley,C,Lower Dibang Valley — Regional Wholesale Market,13,22.3,11,5,1,TRUCK,FARMER_LOCAL_MANDI,2026-09-20,SYNTHETIC_DEMO
FML-C82F0EDCC3,LOC-655972E917,MND-1180B0C082,Arunachal Pradesh,Lower Siang,A,Lower Siang — Primary Local Mandi,56,83.6,8,4,2,TRUCK,FARMER_LOCAL_MANDI,2026-09-20,SYNTHETIC_DEMO
FML-95F0A271C7,LOC-655972E917,MND-6C132C13DC,Arunachal Pradesh,Lower Siang,B,Lower Siang — Secondary Market Yard,18,31.8,14,9,1,TRUCK,FARMER_LOCAL_MANDI,2026-09-20,SYNTHETIC_DEMO
FML-4A51811A15,LOC-655972E917,MND-124995F9E1,Arunachal Pradesh,Lower Siang,C,Lower Siang — Regional Wholesale Market,30,45.0,14,7,1,TRUCK,FARMER_LOCAL_MANDI,2026-09-20,SYNTHETIC_DEMO
FML-0F679C523A,LOC-72DD635FBF,MND-CD8438F47A,Arunachal Pradesh,Lower Subansiri,A,Lower Subansiri — Primary Local Mandi,68,87.8,9,7,2,TRUCK,FARMER_LOCAL_MANDI,2026-09-20,SYNTHETIC_DEMO
FML-44C91B1EB3,LOC-72DD635FBF,MND-9060B9EAE9,Arunachal Pradesh,Lower Subansiri,B,Lower Subansiri — Secondary Market Yard,46,59.6,8,6,2,TRUCK,FARMER_LOCAL_MANDI,2026-09-20,SYNTHETIC_DEMO
FML-8E7B595C51,LOC-72DD635FBF,MND-3EC8AFB54E,Arunachal Pradesh,Lower Subansiri,C,Lower Subansiri — Regional Wholesale Market,20,33.0,8,8,1,TRUCK,FARMER_LOCAL_MANDI,2026-09-20,SYNTHETIC_DEMO
FML-41D85341B2,LOC-079BCE8840,MND-41AA1AEB71,Arunachal Pradesh,Namsai,A,Namsai — Primary Local Mandi,47,65.7,14,10,2,TRUCK,FARMER_LOCAL_MANDI,2026-09-20,SYNTHETIC_DEMO
FML-54F8CD4054,LOC-079BCE8840,MND-FB5F46862C,Arunachal Pradesh,Namsai,B,Namsai — Secondary Market Yard,36,47.6,12,7,1,TRUCK,FARMER_LOCAL_MANDI,2026-09-20,SYNTHETIC_DEMO
FML-6644473F89,LOC-079BCE8840,MND-5654FE881B,Arunachal Pradesh,Namsai,C,Namsai — Regional Wholesale Market,41,54.1,10,9,1,TRUCK,FARMER_LOCAL_MANDI,2026-09-20,SYNTHETIC_DEMO
FML-84C3006765,LOC-9158B6EDCD,MND-FF494F67B0,Arunachal Pradesh,Pakke Kessang,A,Pakke Kessang — Primary Local Mandi,28,36.8,9,9,1,TRUCK,FARMER_LOCAL_MANDI,2026-09-20,SYNTHETIC_DEMO
FML-03F5BE692A,LOC-9158B6EDCD,MND-679D4262B1,Arunachal Pradesh,Pakke Kessang,B,Pakke Kessang — Secondary Market Yard,12,34.2,11,7,1,TRUCK,FARMER_LOCAL_MANDI,2026-09-20,SYNTHETIC_DEMO
FML-8E0D192F6B,LOC-9158B6EDCD,MND-B001D13840,Arunachal Pradesh,Pakke Kessang,C,Pakke Kessang — Regional Wholesale Market,6,24.6,6,4,1,TRUCK,FARMER_LOCAL_MANDI,2026-09-20,SYNTHETIC_DEMO
FML-21281F78D7,LOC-C68D37F2A6,MND-50E02F869D,Arunachal Pradesh,Papum Pare,A,Papum Pare — Primary Local Mandi,12,34.2,12,7,1,TRUCK,FARMER_LOCAL_MANDI,2026-09-20,SYNTHETIC_DEMO
FML-28BC312CF9,LOC-C68D37F2A6,MND-BFB3DC82AB,Arunachal Pradesh,Papum Pare,B,Papum Pare — Secondary Market Yard,23,43.3,11,4,1,TRUCK,FARMER_LOCAL_MANDI,2026-09-20,SYNTHETIC_DEMO
FML-55BB4E1F76,LOC-C68D37F2A6,MND-55B04EDE2F,Arunachal Pradesh,Papum Pare,C,Papum Pare — Regional Wholesale Market,5,18,11,10,1,TRUCK,FARMER_LOCAL_MANDI,2026-09-20,SYNTHETIC_DEMO
FML-9DC84F153C,LOC-7AAD6EB764,MND-1B15F1721F,Arunachal Pradesh,Shi Yomi,A,Shi Yomi — Primary Local Mandi,53,80.3,10,8,2,TRUCK,FARMER_LOCAL_MANDI,2026-09-20,SYNTHETIC_DEMO
FML-175EB4CEEB,LOC-7AAD6EB764,MND-7926D0CEB3,Arunachal Pradesh,Shi Yomi,B,Shi Yomi — Secondary Market Yard,6,18,14,4,1,TRUCK,FARMER_LOCAL_MANDI,2026-09-20,SYNTHETIC_DEMO
FML-C0EB7DA779,LOC-7AAD6EB764,MND-1114AAAED0,Arunachal Pradesh,Shi Yomi,C,Shi Yomi — Regional Wholesale Market,30,42.0,11,5,1,TRUCK,FARMER_LOCAL_MANDI,2026-09-20,SYNTHETIC_DEMO
FML-4B84C49134,LOC-E44AF9D74A,MND-CDF250CD98,Arunachal Pradesh,Siang,A,Siang — Primary Local Mandi,53,70.3,6,8,2,TRUCK,FARMER_LOCAL_MANDI,2026-09-20,SYNTHETIC_DEMO
FML-C222427F0A,LOC-E44AF9D74A,MND-49B4F065F3,Arunachal Pradesh,Siang,B,Siang — Secondary Market Yard,14,31.4,7,7,1,TRUCK,FARMER_LOCAL_MANDI,2026-09-20,SYNTHETIC_DEMO
FML-355AA7141F,LOC-E44AF9D74A,MND-8782AB6869,Arunachal Pradesh,Siang,C,Siang — Regional Wholesale Market,12,20.2,6,4,1,TRUCK,FARMER_LOCAL_MANDI,2026-09-20,SYNTHETIC_DEMO
FML-0DBD339304,LOC-F8597C3BDB,MND-85797C6B44,Arunachal Pradesh,Tawang,A,Tawang — Primary Local Mandi,36,57.6,14,9,1,TRUCK,FARMER_LOCAL_MANDI,2026-09-20,SYNTHETIC_DEMO
FML-2E57BA13BC,LOC-F8597C3BDB,MND-2FD67B6237,Arunachal Pradesh,Tawang,B,Tawang — Secondary Market Yard,54,65.4,9,9,2,TRUCK,FARMER_LOCAL_MANDI,2026-09-20,SYNTHETIC_DEMO
FML-E25F669AE2,LOC-F8597C3BDB,MND-0D136EF0AB,Arunachal Pradesh,Tawang,C,Tawang — Regional Wholesale Market,44,68.4,6,9,1,TRUCK,FARMER_LOCAL_MANDI,2026-09-20,SYNTHETIC_DEMO
FML-6FB2EEAA23,LOC-EFB161F39E,MND-DB4DCDEA2D,Arunachal Pradesh,Tirap,A,Tirap — Primary Local Mandi,29,43.9,12,9,1,TRUCK,FARMER_LOCAL_MANDI,2026-09-20,SYNTHETIC_DEMO
FML-CD356329D6,LOC-EFB161F39E,MND-A53C4EAA0E,Arunachal Pradesh,Tirap,B,Tirap — Secondary Market Yard,56,73.6,10,8,2,TRUCK,FARMER_LOCAL_MANDI,2026-09-20,SYNTHETIC_DEMO
FML-9D472129C1,LOC-EFB161F39E,MND-AD9F3CE41E,Arunachal Pradesh,Tirap,C,Tirap — Regional Wholesale Market,76,90.6,9,10,2,TRUCK,FARMER_LOCAL_MANDI,2026-09-20,SYNTHETIC_DEMO
FML-F77F904E98,LOC-087172D569,MND-C4709DF30E,Arunachal Pradesh,Upper Siang,A,Upper Siang — Primary Local Mandi,43,62.3,12,4,1,TRUCK,FARMER_LOCAL_MANDI,2026-09-20,SYNTHETIC_DEMO
FML-51EEBC6274,LOC-087172D569,MND-70240FC8D6,Arunachal Pradesh,Upper Siang,B,Upper Siang — Secondary Market Yard,7,24.7,8,5,1,TRUCK,FARMER_LOCAL_MANDI,2026-09-20,SYNTHETIC_DEMO
FML-C334FFDE49,LOC-087172D569,MND-77ACC1B22A,Arunachal Pradesh,Upper Siang,C,Upper Siang — Regional Wholesale Market,55,78.5,9,10,2,TRUCK,FARMER_LOCAL_MANDI,2026-09-20,SYNTHETIC_DEMO
FML-AEAEA2806D,LOC-7B7EC28801,MND-1E8729AA59,Arunachal Pradesh,Upper Subansiri,A,Upper Subansiri — Primary Local Mandi,5,18,5,7,1,TRUCK,FARMER_LOCAL_MANDI,2026-09-20,SYNTHETIC_DEMO
FML-7512634114,LOC-7B7EC28801,MND-26C6A6B81F,Arunachal Pradesh,Upper Subansiri,B,Upper Subansiri — Secondary Market Yard,78,102.8,10,7,2,TRUCK,FARMER_LOCAL_MANDI,2026-09-20,SYNTHETIC_DEMO
FML-9E59E7B295,LOC-7B7EC28801,MND-73D34ABC60,Arunachal Pradesh,Upper Subansiri,C,Upper Subansiri — Regional Wholesale Market,18,35.8,7,9,1,TRUCK,FARMER_LOCAL_MANDI,2026-09-20,SYNTHETIC_DEMO
FML-B928C67876,LOC-659CE4DB8D,MND-6A6A67D5A6,Arunachal Pradesh,West Kameng,A,West Kameng — Primary Local Mandi,51,63.1,9,6,2,TRUCK,FARMER_LOCAL_MANDI,2026-09-20,SYNTHETIC_DEMO
FML-64E67BDA8E,LOC-659CE4DB8D,MND-8CD19A28CA,Arunachal Pradesh,West Kameng,B,West Kameng — Secondary Market Yard,31,56.1,9,8,1,TRUCK,FARMER_LOCAL_MANDI,2026-09-20,SYNTHETIC_DEMO
FML-9CE3E2E24A,LOC-659CE4DB8D,MND-F19ADAECF8,Arunachal Pradesh,West Kameng,C,West Kameng — Regional Wholesale Market,37,59.7,13,10,1,TRUCK,FARMER_LOCAL_MANDI,2026-09-20,SYNTHETIC_DEMO
FML-F66F67CE91,LOC-7D584E4438,MND-396F436E6B,Arunachal Pradesh,West Siang,A,West Siang — Primary Local Mandi,52,69.2,11,4,2,TRUCK,FARMER_LOCAL_MANDI,2026-09-20,SYNTHETIC_DEMO
FML-E49ABCBB4D,LOC-7D584E4438,MND-3BAE0B8726,Arunachal Pradesh,West Siang,B,West Siang — Secondary Market Yard,50,66.0,12,6,2,TRUCK,FARMER_LOCAL_MANDI,2026-09-20,SYNTHETIC_DEMO
FML-7E1018758F,LOC-7D584E4438,MND-B75549DECE,Arunachal Pradesh,West Siang,C,West Siang — Regional Wholesale Market,39,59.9,6,8,1,TRUCK,FARMER_LOCAL_MANDI,2026-09-20,SYNTHETIC_DEMO
FML-2D0EF896D7,LOC-00781000CA,MND-6A584EB5B5,Assam,Bajali,A,Bajali — Primary Local Mandi,43,68.3,11,9,1,TRUCK,FARMER_LOCAL_MANDI,2026-09-20,SYNTHETIC_DEMO
FML-2781801DC6,LOC-00781000CA,MND-B396DEC443,Assam,Bajali,B,Bajali — Secondary Market Yard,30,43.0,10,6,1,TRUCK,FARMER_LOCAL_MANDI,2026-09-20,SYNTHETIC_DEMO
FML-41F66A0F1F,LOC-00781000CA,MND-8F14795CC8,Assam,Bajali,C,Bajali — Regional Wholesale Market,33,51.3,6,9,1,TRUCK,FARMER_LOCAL_MANDI,2026-09-20,SYNTHETIC_DEMO
FML-EB56F18DC8,LOC-4587BB8B45,MND-21C2153A41,Assam,Baksa,A,Baksa — Primary Local Mandi,26,36.6,8,9,1,TRUCK,FARMER_LOCAL_MANDI,2026-09-20,SYNTHETIC_DEMO
FML-0FC1CD3FA0,LOC-4587BB8B45,MND-D379ACE8FF,Assam,Baksa,B,Baksa — Secondary Market Yard,77,105.7,13,6,2,TRUCK,FARMER_LOCAL_MANDI,2026-09-20,SYNTHETIC_DEMO
FML-25DCD6CD28,LOC-4587BB8B45,MND-EBBBD4FB81,Assam,Baksa,C,Baksa — Regional Wholesale Market,8,20.8,8,6,1,TRUCK,FARMER_LOCAL_MANDI,2026-09-20,SYNTHETIC_DEMO
FML-5DC38B5D60,LOC-1E29F948B9,MND-F2B5CCA59F,Assam,Barpeta,A,Barpeta — Primary Local Mandi,9,30.9,6,5,1,TRUCK,FARMER_LOCAL_MANDI,2026-09-20,SYNTHETIC_DEMO
FML-883EA0C8E9,LOC-1E29F948B9,MND-FFD1D6BB8B,Assam,Barpeta,B,Barpeta — Secondary Market Yard,25,46.5,10,10,1,TRUCK,FARMER_LOCAL_MANDI,2026-09-20,SYNTHETIC_DEMO
FML-C502024EC6,LOC-1E29F948B9,MND-3F7C6186E2,Assam,Barpeta,C,Barpeta — Regional Wholesale Market,41,58.1,5,7,1,TRUCK,FARMER_LOCAL_MANDI,2026-09-20,SYNTHETIC_DEMO
FML-95B4C736FF,LOC-C892B37BBF,MND-4811D8793A,Assam,Biswanath,A,Biswanath — Primary Local Mandi,12,33.2,14,5,1,TRUCK,FARMER_LOCAL_MANDI,2026-09-20,SYNTHETIC_DEMO
FML-5BD35C95DE,LOC-C892B37BBF,MND-E8DA21958D,Assam,Biswanath,B,Biswanath — Secondary Market Yard,78,94.8,7,11,2,TRUCK,FARMER_LOCAL_MANDI,2026-09-20,SYNTHETIC_DEMO
FML-576E8AB9C9,LOC-C892B37BBF,MND-9053CF40B1,Assam,Biswanath,C,Biswanath — Regional Wholesale Market,28,38.8,6,5,1,TRUCK,FARMER_LOCAL_MANDI,2026-09-20,SYNTHETIC_DEMO
FML-85D8342621,LOC-1E72B47829,MND-6A415AF3C1,Assam,Bongaigaon,A,Bongaigaon — Primary Local Mandi,46,62.6,10,10,2,TRUCK,FARMER_LOCAL_MANDI,2026-09-20,SYNTHETIC_DEMO
FML-9B941E6233,LOC-1E72B47829,MND-367B6C8B81,Assam,Bongaigaon,B,Bongaigaon — Secondary Market Yard,39,60.9,9,7,1,TRUCK,FARMER_LOCAL_MANDI,2026-09-20,SYNTHETIC_DEMO
FML-468A0D73F8,LOC-1E72B47829,MND-4D1027A544,Assam,Bongaigaon,C,Bongaigaon — Regional Wholesale Market,54,66.4,11,5,2,TRUCK,FARMER_LOCAL_MANDI,2026-09-20,SYNTHETIC_DEMO
FML-778B346BDE,LOC-3E3DE518DF,MND-6E07254695,Assam,Cachar,A,Cachar — Primary Local Mandi,17,38.7,9,11,1,TRUCK,FARMER_LOCAL_MANDI,2026-09-20,SYNTHETIC_DEMO
FML-9B49C34A08,LOC-3E3DE518DF,MND-0407CD4239,Assam,Cachar,B,Cachar — Secondary Market Yard,56,67.6,13,6,2,TRUCK,FARMER_LOCAL_MANDI,2026-09-20,SYNTHETIC_DEMO
FML-E30F373907,LOC-3E3DE518DF,MND-9F8D6792F4,Assam,Cachar,C,Cachar — Regional Wholesale Market,73,88.3,10,6,2,TRUCK,FARMER_LOCAL_MANDI,2026-09-20,SYNTHETIC_DEMO
FML-573E556230,LOC-944CD47104,MND-CCFD5A603C,Assam,Charaideo,A,Charaideo — Primary Local Mandi,15,25.5,7,5,1,TRUCK,FARMER_LOCAL_MANDI,2026-09-20,SYNTHETIC_DEMO
FML-6B9A95D8C1,LOC-944CD47104,MND-2F8C7CA6B3,Assam,Charaideo,B,Charaideo — Secondary Market Yard,66,82.6,5,7,2,TRUCK,FARMER_LOCAL_MANDI,2026-09-20,SYNTHETIC_DEMO
FML-ABD9E3F550,LOC-944CD47104,MND-AC3916B645,Assam,Charaideo,C,Charaideo — Regional Wholesale Market,77,102.7,10,11,2,TRUCK,FARMER_LOCAL_MANDI,2026-09-20,SYNTHETIC_DEMO
FML-53EB055FC0,LOC-7EAB129F9B,MND-1DFE0ACD25,Assam,Chirang,A,Chirang — Primary Local Mandi,72,85.2,9,4,2,TRUCK,FARMER_LOCAL_MANDI,2026-09-20,SYNTHETIC_DEMO
FML-0650FD7397,LOC-7EAB129F9B,MND-3A4025FC31,Assam,Chirang,B,Chirang — Secondary Market Yard,47,69.7,13,7,2,TRUCK,FARMER_LOCAL_MANDI,2026-09-20,SYNTHETIC_DEMO
FML-218E38E8B5,LOC-7EAB129F9B,MND-5A3792544C,Assam,Chirang,C,Chirang — Regional Wholesale Market,53,78.3,13,7,2,TRUCK,FARMER_LOCAL_MANDI,2026-09-20,SYNTHETIC_DEMO
FML-D41A35A5C9,LOC-32BB78744F,MND-2C51AEEB86,Assam,Darrang,A,Darrang — Primary Local Mandi,63,80.3,11,4,2,TRUCK,FARMER_LOCAL_MANDI,2026-09-20,SYNTHETIC_DEMO
FML-DEC5F21D93,LOC-32BB78744F,MND-8D16D0B483,Assam,Darrang,B,Darrang — Secondary Market Yard,61,87.1,8,9,2,TRUCK,FARMER_LOCAL_MANDI,2026-09-20,SYNTHETIC_DEMO
FML-6509EC88B2,LOC-32BB78744F,MND-110B9BEA8A,Assam,Darrang,C,Darrang — Regional Wholesale Market,68,86.8,5,5,2,TRUCK,FARMER_LOCAL_MANDI,2026-09-20,SYNTHETIC_DEMO
FML-7AFBFA285F,LOC-7FCC93EA9E,MND-11BE220C37,Assam,Dhemaji,A,Dhemaji — Primary Local Mandi,23,35.3,5,11,1,TRUCK,FARMER_LOCAL_MANDI,2026-09-20,SYNTHETIC_DEMO
FML-1F5CFFFDE5,LOC-7FCC93EA9E,MND-67326AE81C,Assam,Dhemaji,B,Dhemaji — Secondary Market Yard,77,92.7,9,11,2,TRUCK,FARMER_LOCAL_MANDI,2026-09-20,SYNTHETIC_DEMO
FML-C7AC6A7817,LOC-7FCC93EA9E,MND-663A66DE67,Assam,Dhemaji,C,Dhemaji — Regional Wholesale Market,55,79.5,11,10,2,TRUCK,FARMER_LOCAL_MANDI,2026-09-20,SYNTHETIC_DEMO
FML-2B89B739E0,LOC-8A16DDBB79,MND-D02B9447F4,Assam,Dhubri,A,Dhubri — Primary Local Mandi,7,18.7,7,4,1,TRUCK,FARMER_LOCAL_MANDI,2026-09-20,SYNTHETIC_DEMO
FML-0EA33B8E39,LOC-8A16DDBB79,MND-89CA477DB2,Assam,Dhubri,B,Dhubri — Secondary Market Yard,76,99.6,9,7,2,TRUCK,FARMER_LOCAL_MANDI,2026-09-20,SYNTHETIC_DEMO
FML-5CAA099737,LOC-8A16DDBB79,MND-597C6CC721,Assam,Dhubri,C,Dhubri — Regional Wholesale Market,35,53.5,6,11,1,TRUCK,FARMER_LOCAL_MANDI,2026-09-20,SYNTHETIC_DEMO
FML-78F08AA9A8,LOC-A6BDB5463F,MND-7BBC4ECE66,Assam,Dibrugarh,A,Dibrugarh — Primary Local Mandi,38,47.8,8,11,1,TRUCK,FARMER_LOCAL_MANDI,2026-09-20,SYNTHETIC_DEMO
FML-DE2ADB451A,LOC-A6BDB5463F,MND-38367FD21E,Assam,Dibrugarh,B,Dibrugarh — Secondary Market Yard,36,61.6,12,8,1,TRUCK,FARMER_LOCAL_MANDI,2026-09-20,SYNTHETIC_DEMO
FML-C376614D05,LOC-A6BDB5463F,MND-0A629736D6,Assam,Dibrugarh,C,Dibrugarh — Regional Wholesale Market,51,71.1,12,7,2,TRUCK,FARMER_LOCAL_MANDI,2026-09-20,SYNTHETIC_DEMO
FML-1A80743587,LOC-4B423B5772,MND-0EFF543723,Assam,Dima Hasao,A,Dima Hasao — Primary Local Mandi,60,83.0,14,10,2,TRUCK,FARMER_LOCAL_MANDI,2026-09-20,SYNTHETIC_DEMO
FML-FE44B005B0,LOC-4B423B5772,MND-F790BD0803,Assam,Dima Hasao,B,Dima Hasao — Secondary Market Yard,22,37.2,9,10,1,TRUCK,FARMER_LOCAL_MANDI,2026-09-20,SYNTHETIC_DEMO
FML-1F0F6CC4F3,LOC-4B423B5772,MND-9230F9C010,Assam,Dima Hasao,C,Dima Hasao — Regional Wholesale Market,36,51.6,7,11,1,TRUCK,FARMER_LOCAL_MANDI,2026-09-20,SYNTHETIC_DEMO
FML-5DE22AD9E8,LOC-A53E1AD12B,MND-BDE1A52BD8,Assam,Goalpara,A,Goalpara — Primary Local Mandi,66,80.6,14,7,2,TRUCK,FARMER_LOCAL_MANDI,2026-09-20,SYNTHETIC_DEMO
FML-C50879F82C,LOC-A53E1AD12B,MND-BD3B1DFD0D,Assam,Goalpara,B,Goalpara — Secondary Market Yard,7,18,9,10,1,TRUCK,FARMER_LOCAL_MANDI,2026-09-20,SYNTHETIC_DEMO
FML-EDA133E0C6,LOC-A53E1AD12B,MND-6DF9DE235E,Assam,Goalpara,C,Goalpara — Regional Wholesale Market,11,32.1,6,9,1,TRUCK,FARMER_LOCAL_MANDI,2026-09-20,SYNTHETIC_DEMO
FML-0AE44303FE,LOC-4F54279EB5,MND-B32C4C6CA4,Assam,Golaghat,A,Golaghat — Primary Local Mandi,47,64.7,11,5,2,TRUCK,FARMER_LOCAL_MANDI,2026-09-20,SYNTHETIC_DEMO
FML-21FED285FE,LOC-4F54279EB5,MND-4F6F56860E,Assam,Golaghat,B,Golaghat — Secondary Market Yard,12,26.2,14,5,1,TRUCK,FARMER_LOCAL_MANDI,2026-09-20,SYNTHETIC_DEMO
FML-E83FE09865,LOC-4F54279EB5,MND-5B13DB379C,Assam,Golaghat,C,Golaghat — Regional Wholesale Market,33,44.3,10,9,1,TRUCK,FARMER_LOCAL_MANDI,2026-09-20,SYNTHETIC_DEMO
FML-0A23A5D52D,LOC-5AC18B99B7,MND-6B52E61E55,Assam,Hailakandi,A,Hailakandi — Primary Local Mandi,20,34.0,10,7,1,TRUCK,FARMER_LOCAL_MANDI,2026-09-20,SYNTHETIC_DEMO
FML-9238C37EE8,LOC-5AC18B99B7,MND-2609C3680F,Assam,Hailakandi,B,Hailakandi — Secondary Market Yard,64,82.4,11,8,2,TRUCK,FARMER_LOCAL_MANDI,2026-09-20,SYNTHETIC_DEMO
FML-01C84A07D9,LOC-5AC18B99B7,MND-C4A86F3839,Assam,Hailakandi,C,Hailakandi — Regional Wholesale Market,10,24.0,7,6,1,TRUCK,FARMER_LOCAL_MANDI,2026-09-20,SYNTHETIC_DEMO
FML-733C55686B,LOC-79209FA47E,MND-6934BC5AB4,Assam,Hojai,A,Hojai — Primary Local Mandi,23,32.3,6,8,1,TRUCK,FARMER_LOCAL_MANDI,2026-09-20,SYNTHETIC_DEMO
FML-44098D8823,LOC-79209FA47E,MND-09D6BD6247,Assam,Hojai,B,Hojai — Secondary Market Yard,46,70.6,11,6,2,TRUCK,FARMER_LOCAL_MANDI,2026-09-20,SYNTHETIC_DEMO
FML-1B0E52EA38,LOC-79209FA47E,MND-4F0D9909DA,Assam,Hojai,C,Hojai — Regional Wholesale Market,31,52.1,8,8,1,TRUCK,FARMER_LOCAL_MANDI,2026-09-20,SYNTHETIC_DEMO
FML-2F698C85D9,LOC-9B7372DE32,MND-653EC86DC1,Assam,Jorhat,A,Jorhat — Primary Local Mandi,43,63.3,7,8,1,TRUCK,FARMER_LOCAL_MANDI,2026-09-20,SYNTHETIC_DEMO
FML-E5510ACE46,LOC-9B7372DE32,MND-F15A5F0F07,Assam,Jorhat,B,Jorhat — Secondary Market Yard,57,70.7,8,6,2,TRUCK,FARMER_LOCAL_MANDI,2026-09-20,SYNTHETIC_DEMO
FML-C164BE39CF,LOC-9B7372DE32,MND-37C91D6133,Assam,Jorhat,C,Jorhat — Regional Wholesale Market,74,91.4,9,7,2,TRUCK,FARMER_LOCAL_MANDI,2026-09-20,SYNTHETIC_DEMO
FML-AB6A66EDFC,LOC-4B2F6050E6,MND-E1A4251263,Assam,Kamrup,A,Kamrup — Primary Local Mandi,51,62.1,8,7,2,TRUCK,FARMER_LOCAL_MANDI,2026-09-20,SYNTHETIC_DEMO
FML-3BC20BEB2D,LOC-4B2F6050E6,MND-D274537512,Assam,Kamrup,B,Kamrup — Secondary Market Yard,71,88.1,13,4,2,TRUCK,FARMER_LOCAL_MANDI,2026-09-20,SYNTHETIC_DEMO
FML-158DAFC525,LOC-4B2F6050E6,MND-10022A66D3,Assam,Kamrup,C,Kamrup — Regional Wholesale Market,14,33.4,10,10,1,TRUCK,FARMER_LOCAL_MANDI,2026-09-20,SYNTHETIC_DEMO
FML-163C8779DF,LOC-30E4D8ED84,MND-FB573B63B3,Assam,Kamrup Metro,A,Kamrup Metro — Primary Local Mandi,42,63.2,5,9,1,TRUCK,FARMER_LOCAL_MANDI,2026-09-20,SYNTHETIC_DEMO
FML-512C297717,LOC-30E4D8ED84,MND-857B62BB23,Assam,Kamrup Metro,B,Kamrup Metro — Secondary Market Yard,30,40.0,7,4,1,TRUCK,FARMER_LOCAL_MANDI,2026-09-20,SYNTHETIC_DEMO
FML-4916A46747,LOC-30E4D8ED84,MND-039D36E3AA,Assam,Kamrup Metro,C,Kamrup Metro — Regional Wholesale Market,62,82.2,9,7,2,TRUCK,FARMER_LOCAL_MANDI,2026-09-20,SYNTHETIC_DEMO
FML-F0D3AA30BA,LOC-FB5F87B3F4,MND-EA568CD0B8,Assam,Karbi Anglong,A,Karbi Anglong — Primary Local Mandi,24,33.4,10,7,1,TRUCK,FARMER_LOCAL_MANDI,2026-09-20,SYNTHETIC_DEMO
FML-9AF14A55F7,LOC-FB5F87B3F4,MND-1283B79515,Assam,Karbi Anglong,B,Karbi Anglong — Secondary Market Yard,20,35.0,7,8,1,TRUCK,FARMER_LOCAL_MANDI,2026-09-20,SYNTHETIC_DEMO
FML-A0E01B3CE4,LOC-FB5F87B3F4,MND-B223E8B858,Assam,Karbi Anglong,C,Karbi Anglong — Regional Wholesale Market,59,84.9,9,11,2,TRUCK,FARMER_LOCAL_MANDI,2026-09-20,SYNTHETIC_DEMO
FML-9127924E7B,LOC-491899461D,MND-9ED8305125,Assam,Kokrajhar,A,Kokrajhar — Primary Local Mandi,48,58.8,8,7,2,TRUCK,FARMER_LOCAL_MANDI,2026-09-20,SYNTHETIC_DEMO
FML-21A59F2DBF,LOC-491899461D,MND-27857B315C,Assam,Kokrajhar,B,Kokrajhar — Secondary Market Yard,19,41.9,13,5,1,TRUCK,FARMER_LOCAL_MANDI,2026-09-20,SYNTHETIC_DEMO
FML-0AB41E323E,LOC-491899461D,MND-E52DA204A5,Assam,Kokrajhar,C,Kokrajhar — Regional Wholesale Market,37,62.7,9,10,1,TRUCK,FARMER_LOCAL_MANDI,2026-09-20,SYNTHETIC_DEMO
FML-8E579CD6DA,LOC-1739FFD0A2,MND-E096EAAAFE,Assam,Lakhimpur,A,Lakhimpur — Primary Local Mandi,54,71.4,9,5,2,TRUCK,FARMER_LOCAL_MANDI,2026-09-20,SYNTHETIC_DEMO
FML-6093348557,LOC-1739FFD0A2,MND-22FBD5EA52,Assam,Lakhimpur,B,Lakhimpur — Secondary Market Yard,66,84.6,8,6,2,TRUCK,FARMER_LOCAL_MANDI,2026-09-20,SYNTHETIC_DEMO
FML-77C953CF01,LOC-1739FFD0A2,MND-C20BD4F806,Assam,Lakhimpur,C,Lakhimpur — Regional Wholesale Market,9,18.9,6,8,1,TRUCK,FARMER_LOCAL_MANDI,2026-09-20,SYNTHETIC_DEMO
FML-BF8D8597D5,LOC-C4E955A75C,MND-4A923E72F9,Assam,Majuli,A,Majuli — Primary Local Mandi,33,50.3,14,4,1,TRUCK,FARMER_LOCAL_MANDI,2026-09-20,SYNTHETIC_DEMO
FML-06A55A0B65,LOC-C4E955A75C,MND-69F1C0E4BD,Assam,Majuli,B,Majuli — Secondary Market Yard,72,92.2,5,4,2,TRUCK,FARMER_LOCAL_MANDI,2026-09-20,SYNTHETIC_DEMO
FML-251C747655,LOC-C4E955A75C,MND-8799EA1391,Assam,Majuli,C,Majuli — Regional Wholesale Market,30,48.0,13,11,1,TRUCK,FARMER_LOCAL_MANDI,2026-09-20,SYNTHETIC_DEMO
FML-CBFC2BBCD1,LOC-88B82C45D8,MND-D871BB6295,Assam,Marigaon,A,Marigaon — Primary Local Mandi,34,50.4,7,5,1,TRUCK,FARMER_LOCAL_MANDI,2026-09-20,SYNTHETIC_DEMO
FML-846D6686C6,LOC-88B82C45D8,MND-D8FB182BAF,Assam,Marigaon,B,Marigaon — Secondary Market Yard,27,44.7,10,5,1,TRUCK,FARMER_LOCAL_MANDI,2026-09-20,SYNTHETIC_DEMO
FML-CCCC7FFC76,LOC-88B82C45D8,MND-9C38881245,Assam,Marigaon,C,Marigaon — Regional Wholesale Market,35,50.5,8,7,1,TRUCK,FARMER_LOCAL_MANDI,2026-09-20,SYNTHETIC_DEMO
FML-57D4B408CD,LOC-969825558D,MND-18EC8EC3AF,Assam,Nagaon,A,Nagaon — Primary Local Mandi,63,78.3,6,8,2,TRUCK,FARMER_LOCAL_MANDI,2026-09-20,SYNTHETIC_DEMO
FML-39231D7259,LOC-969825558D,MND-5347561C7E,Assam,Nagaon,B,Nagaon — Secondary Market Yard,65,81.5,7,9,2,TRUCK,FARMER_LOCAL_MANDI,2026-09-20,SYNTHETIC_DEMO
FML-BF25834D95,LOC-969825558D,MND-D5445E7E46,Assam,Nagaon,C,Nagaon — Regional Wholesale Market,27,40.7,13,7,1,TRUCK,FARMER_LOCAL_MANDI,2026-09-20,SYNTHETIC_DEMO
FML-3ABCC56C2C,LOC-96D1B0C0DC,MND-FA01629653,Assam,Nalbari,A,Nalbari — Primary Local Mandi,25,43.5,14,11,1,TRUCK,FARMER_LOCAL_MANDI,2026-09-20,SYNTHETIC_DEMO
FML-95AFD53D99,LOC-96D1B0C0DC,MND-3126EDCDCF,Assam,Nalbari,B,Nalbari — Secondary Market Yard,72,86.2,12,10,2,TRUCK,FARMER_LOCAL_MANDI,2026-09-20,SYNTHETIC_DEMO
FML-11BFAAB92D,LOC-96D1B0C0DC,MND-56CC014483,Assam,Nalbari,C,Nalbari — Regional Wholesale Market,21,34.1,8,5,1,TRUCK,FARMER_LOCAL_MANDI,2026-09-20,SYNTHETIC_DEMO
FML-A4245C866B,LOC-81C33DD8C3,MND-DC0F1810EE,Assam,Sivasagar,A,Sivasagar — Primary Local Mandi,25,46.5,5,4,1,TRUCK,FARMER_LOCAL_MANDI,2026-09-20,SYNTHETIC_DEMO
FML-ECE70AA11A,LOC-81C33DD8C3,MND-7D368A0FE3,Assam,Sivasagar,B,Sivasagar — Secondary Market Yard,67,94.7,6,9,2,TRUCK,FARMER_LOCAL_MANDI,2026-09-20,SYNTHETIC_DEMO
FML-BEB28C085C,LOC-81C33DD8C3,MND-20CFBE7974,Assam,Sivasagar,C,Sivasagar — Regional Wholesale Market,39,53.9,8,4,1,TRUCK,FARMER_LOCAL_MANDI,2026-09-20,SYNTHETIC_DEMO
FML-E5DB075C40,LOC-E3365B10CE,MND-25E6CA809B,Assam,Sonitpur,A,Sonitpur — Primary Local Mandi,43,59.3,6,4,1,TRUCK,FARMER_LOCAL_MANDI,2026-09-20,SYNTHETIC_DEMO
FML-38F67910AA,LOC-E3365B10CE,MND-5F55F9D362,Assam,Sonitpur,B,Sonitpur — Secondary Market Yard,60,81.0,9,8,2,TRUCK,FARMER_LOCAL_MANDI,2026-09-20,SYNTHETIC_DEMO
FML-76EB181E43,LOC-E3365B10CE,MND-1DBC901FEE,Assam,Sonitpur,C,Sonitpur — Regional Wholesale Market,69,96.9,12,10,2,TRUCK,FARMER_LOCAL_MANDI,2026-09-20,SYNTHETIC_DEMO
FML-F97FDDFB3E,LOC-1D2332BFA9,MND-39F25F4937,Assam,South Salmara Mancachar,A,South Salmara Mancachar — Primary Local Mandi,49,62.9,12,7,2,TRUCK,FARMER_LOCAL_MANDI,2026-09-20,SYNTHETIC_DEMO
FML-90EAB84D96,LOC-1D2332BFA9,MND-579A7206EC,Assam,South Salmara Mancachar,B,South Salmara Mancachar — Secondary Market Yard,73,92.3,14,8,2,TRUCK,FARMER_LOCAL_MANDI,2026-09-20,SYNTHETIC_DEMO
FML-B5C202178B,LOC-1D2332BFA9,MND-753ADD415C,Assam,South Salmara Mancachar,C,South Salmara Mancachar — Regional Wholesale Market,6,18,5,5,1,TRUCK,FARMER_LOCAL_MANDI,2026-09-20,SYNTHETIC_DEMO
FML-1836BEABDB,LOC-45FC841462,MND-5899E5EA15,Assam,Tinsukia,A,Tinsukia — Primary Local Mandi,45,65.5,14,10,1,TRUCK,FARMER_LOCAL_MANDI,2026-09-20,SYNTHETIC_DEMO
FML-ECF590AAF2,LOC-45FC841462,MND-6509535922,Assam,Tinsukia,B,Tinsukia — Secondary Market Yard,76,98.6,11,8,2,TRUCK,FARMER_LOCAL_MANDI,2026-09-20,SYNTHETIC_DEMO
FML-7CB2BD79FB,LOC-45FC841462,MND-C847F4D7FD,Assam,Tinsukia,C,Tinsukia — Regional Wholesale Market,32,55.2,6,11,1,TRUCK,FARMER_LOCAL_MANDI,2026-09-20,SYNTHETIC_DEMO
FML-A06CD0E731,LOC-B1D96B0019,MND-D93446F74C,Assam,Udalguri,A,Udalguri — Primary Local Mandi,13,32.3,12,8,1,TRUCK,FARMER_LOCAL_MANDI,2026-09-20,SYNTHETIC_DEMO
FML-CC3DE85618,LOC-B1D96B0019,MND-3F0E7237A3,Assam,Udalguri,B,Udalguri — Secondary Market Yard,13,33.3,13,9,1,TRUCK,FARMER_LOCAL_MANDI,2026-09-20,SYNTHETIC_DEMO
FML-6F69C81AB0,LOC-B1D96B0019,MND-E9A797BAAA,Assam,Udalguri,C,Udalguri — Regional Wholesale Market,65,85.5,5,7,2,TRUCK,FARMER_LOCAL_MANDI,2026-09-20,SYNTHETIC_DEMO
FML-31DA8F5285,LOC-378330CF9A,MND-261838F367,Assam,West Karbi Anglong,A,West Karbi Anglong — Primary Local Mandi,18,40.8,6,9,1,TRUCK,FARMER_LOCAL_MANDI,2026-09-20,SYNTHETIC_DEMO
FML-201D718ABA,LOC-378330CF9A,MND-1F10555784,Assam,West Karbi Anglong,B,West Karbi Anglong — Secondary Market Yard,10,24.0,7,10,1,TRUCK,FARMER_LOCAL_MANDI,2026-09-20,SYNTHETIC_DEMO
FML-443B836934,LOC-378330CF9A,MND-5D910789A7,Assam,West Karbi Anglong,C,West Karbi Anglong — Regional Wholesale Market,36,60.6,9,11,1,TRUCK,FARMER_LOCAL_MANDI,2026-09-20,SYNTHETIC_DEMO
FML-E1D65C0D7D,LOC-18544CEBCB,MND-22C055979D,Bihar,Araria,A,Araria — Primary Local Mandi,72,96.2,5,6,2,TRUCK,FARMER_LOCAL_MANDI,2026-09-20,SYNTHETIC_DEMO
FML-9EBF819258,LOC-18544CEBCB,MND-0764DD0F7A,Bihar,Araria,B,Araria — Secondary Market Yard,34,59.4,7,4,1,TRUCK,FARMER_LOCAL_MANDI,2026-09-20,SYNTHETIC_DEMO
FML-5B428C989F,LOC-18544CEBCB,MND-EE588BA768,Bihar,Araria,C,Araria — Regional Wholesale Market,73,89.3,7,4,2,TRUCK,FARMER_LOCAL_MANDI,2026-09-20,SYNTHETIC_DEMO
FML-AD9766A784,LOC-C8DB06B371,MND-B47F88167F,Bihar,Arwal,A,Arwal — Primary Local Mandi,7,18,11,4,1,TRUCK,FARMER_LOCAL_MANDI,2026-09-20,SYNTHETIC_DEMO
FML-FC9A85364D,LOC-C8DB06B371,MND-18642283E6,Bihar,Arwal,B,Arwal — Secondary Market Yard,45,69.5,7,7,1,TRUCK,FARMER_LOCAL_MANDI,2026-09-20,SYNTHETIC_DEMO
FML-15C67198AB,LOC-C8DB06B371,MND-C2056B7ABF,Bihar,Arwal,C,Arwal — Regional Wholesale Market,31,43.1,14,8,1,TRUCK,FARMER_LOCAL_MANDI,2026-09-20,SYNTHETIC_DEMO
FML-FF50CC3E59,LOC-813F2FE1D8,MND-885305E7A2,Bihar,Aurangabad,A,Aurangabad — Primary Local Mandi,67,83.7,10,4,2,TRUCK,FARMER_LOCAL_MANDI,2026-09-20,SYNTHETIC_DEMO
FML-1CF05FBE77,LOC-813F2FE1D8,MND-4866162ECE,Bihar,Aurangabad,B,Aurangabad — Secondary Market Yard,32,47.2,6,11,1,TRUCK,FARMER_LOCAL_MANDI,2026-09-20,SYNTHETIC_DEMO
FML-AD817FB1E1,LOC-813F2FE1D8,MND-CC7B537C12,Bihar,Aurangabad,C,Aurangabad — Regional Wholesale Market,44,54.4,11,11,1,TRUCK,FARMER_LOCAL_MANDI,2026-09-20,SYNTHETIC_DEMO
FML-5CAD44BC14,LOC-D619F7E21F,MND-6E73D98C2C,Bihar,Banka,A,Banka — Primary Local Mandi,14,31.4,6,11,1,TRUCK,FARMER_LOCAL_MANDI,2026-09-20,SYNTHETIC_DEMO
FML-EE098BF01A,LOC-D619F7E21F,MND-D378FFF96F,Bihar,Banka,B,Banka — Secondary Market Yard,37,57.7,12,4,1,TRUCK,FARMER_LOCAL_MANDI,2026-09-20,SYNTHETIC_DEMO
FML-266D1F498C,LOC-D619F7E21F,MND-019816CE2D,Bihar,Banka,C,Banka — Regional Wholesale Market,26,36.6,11,8,1,TRUCK,FARMER_LOCAL_MANDI,2026-09-20,SYNTHETIC_DEMO
FML-20FC3DB05B,LOC-DAE987CC4F,MND-7F4EE59EDD,Bihar,Begusarai,A,Begusarai — Primary Local Mandi,21,45.1,8,4,1,TRUCK,FARMER_LOCAL_MANDI,2026-09-20,SYNTHETIC_DEMO
FML-F5B58AC1DD,LOC-DAE987CC4F,MND-60314F0A00,Bihar,Begusarai,B,Begusarai — Secondary Market Yard,77,92.7,9,4,2,TRUCK,FARMER_LOCAL_MANDI,2026-09-20,SYNTHETIC_DEMO
FML-169A84D116,LOC-DAE987CC4F,MND-A16D179711,Bihar,Begusarai,C,Begusarai — Regional Wholesale Market,7,18,5,10,1,TRUCK,FARMER_LOCAL_MANDI,2026-09-20,SYNTHETIC_DEMO
FML-FE593FD980,LOC-C700824702,MND-216579BB61,Bihar,Bhagalpur,A,Bhagalpur — Primary Local Mandi,46,67.6,13,5,2,TRUCK,FARMER_LOCAL_MANDI,2026-09-20,SYNTHETIC_DEMO
FML-42E6B32DFA,LOC-C700824702,MND-B72EC2DD13,Bihar,Bhagalpur,B,Bhagalpur — Secondary Market Yard,47,65.7,12,8,2,TRUCK,FARMER_LOCAL_MANDI,2026-09-20,SYNTHETIC_DEMO
FML-2DAF21EF8B,LOC-C700824702,MND-CC3E9CBA07,Bihar,Bhagalpur,C,Bhagalpur — Regional Wholesale Market,11,32.1,9,11,1,TRUCK,FARMER_LOCAL_MANDI,2026-09-20,SYNTHETIC_DEMO
FML-2C886A23FD,LOC-0E5EEC2EDB,MND-E859E82871,Bihar,Bhojpur,A,Bhojpur — Primary Local Mandi,48,63.8,5,6,2,TRUCK,FARMER_LOCAL_MANDI,2026-09-20,SYNTHETIC_DEMO
FML-A16674C11D,LOC-0E5EEC2EDB,MND-D9696F0918,Bihar,Bhojpur,B,Bhojpur — Secondary Market Yard,64,77.4,9,6,2,TRUCK,FARMER_LOCAL_MANDI,2026-09-20,SYNTHETIC_DEMO
FML-5E53EA655A,LOC-0E5EEC2EDB,MND-F3A3C3663F,Bihar,Bhojpur,C,Bhojpur — Regional Wholesale Market,79,94.9,7,11,2,TRUCK,FARMER_LOCAL_MANDI,2026-09-20,SYNTHETIC_DEMO
FML-063BFB2847,LOC-E7685FB09A,MND-70F7BAAF1E,Bihar,Buxar,A,Buxar — Primary Local Mandi,35,60.5,5,5,1,TRUCK,FARMER_LOCAL_MANDI,2026-09-20,SYNTHETIC_DEMO
FML-DC12109D46,LOC-E7685FB09A,MND-31F386315E,Bihar,Buxar,B,Buxar — Secondary Market Yard,35,46.5,13,7,1,TRUCK,FARMER_LOCAL_MANDI,2026-09-20,SYNTHETIC_DEMO
FML-4727A39AE7,LOC-E7685FB09A,MND-0905478529,Bihar,Buxar,C,Buxar — Regional Wholesale Market,51,70.1,10,8,2,TRUCK,FARMER_LOCAL_MANDI,2026-09-20,SYNTHETIC_DEMO
FML-19409D7733,LOC-0EBC199325,MND-B1E45BCAFD,Bihar,Darbhanga,A,Darbhanga — Primary Local Mandi,52,74.2,6,8,2,TRUCK,FARMER_LOCAL_MANDI,2026-09-20,SYNTHETIC_DEMO
FML-E418978722,LOC-0EBC199325,MND-175A9CC709,Bihar,Darbhanga,B,Darbhanga — Secondary Market Yard,54,74.4,5,6,2,TRUCK,FARMER_LOCAL_MANDI,2026-09-20,SYNTHETIC_DEMO
FML-B680052EF1,LOC-0EBC199325,MND-8E61AA2F3C,Bihar,Darbhanga,C,Darbhanga — Regional Wholesale Market,53,72.3,11,10,2,TRUCK,FARMER_LOCAL_MANDI,2026-09-20,SYNTHETIC_DEMO
FML-2F8451D7FF,LOC-F2852EC79F,MND-BE4B08A9C9,Bihar,Gaya,A,Gaya — Primary Local Mandi,24,35.4,7,7,1,TRUCK,FARMER_LOCAL_MANDI,2026-09-20,SYNTHETIC_DEMO
FML-0C86E97BEA,LOC-F2852EC79F,MND-E490DF712F,Bihar,Gaya,B,Gaya — Secondary Market Yard,15,34.5,9,5,1,TRUCK,FARMER_LOCAL_MANDI,2026-09-20,SYNTHETIC_DEMO
FML-2324D4DF74,LOC-F2852EC79F,MND-89A89E24B5,Bihar,Gaya,C,Gaya — Regional Wholesale Market,24,48.4,10,4,1,TRUCK,FARMER_LOCAL_MANDI,2026-09-20,SYNTHETIC_DEMO
FML-F6D25D0855,LOC-B631889074,MND-3EEA0BBDC5,Bihar,Gopalganj,A,Gopalganj — Primary Local Mandi,57,75.7,11,10,2,TRUCK,FARMER_LOCAL_MANDI,2026-09-20,SYNTHETIC_DEMO
FML-CC40094FAC,LOC-B631889074,MND-21C9905659,Bihar,Gopalganj,B,Gopalganj — Secondary Market Yard,78,95.8,9,6,2,TRUCK,FARMER_LOCAL_MANDI,2026-09-20,SYNTHETIC_DEMO
FML-455521105E,LOC-B631889074,MND-05895D33F1,Bihar,Gopalganj,C,Gopalganj — Regional Wholesale Market,47,60.7,5,10,2,TRUCK,FARMER_LOCAL_MANDI,2026-09-20,SYNTHETIC_DEMO
FML-78BEA5A557,LOC-6BFD2EF65C,MND-E74C395CBD,Bihar,Jamui,A,Jamui — Primary Local Mandi,75,93.5,11,5,2,TRUCK,FARMER_LOCAL_MANDI,2026-09-20,SYNTHETIC_DEMO
FML-CD3CB32A31,LOC-6BFD2EF65C,MND-B0A9BD72D4,Bihar,Jamui,B,Jamui — Secondary Market Yard,59,80.9,11,8,2,TRUCK,FARMER_LOCAL_MANDI,2026-09-20,SYNTHETIC_DEMO
FML-0735F5BC4D,LOC-6BFD2EF65C,MND-E22737DE51,Bihar,Jamui,C,Jamui — Regional Wholesale Market,45,68.5,9,5,1,TRUCK,FARMER_LOCAL_MANDI,2026-09-20,SYNTHETIC_DEMO
FML-737F028152,LOC-99821D8AC1,MND-8B6B57EA00,Bihar,Jehanabad,A,Jehanabad — Primary Local Mandi,78,98.8,5,9,2,TRUCK,FARMER_LOCAL_MANDI,2026-09-20,SYNTHETIC_DEMO
FML-15381CE8C7,LOC-99821D8AC1,MND-A4DD383C72,Bihar,Jehanabad,B,Jehanabad — Secondary Market Yard,33,44.3,11,11,1,TRUCK,FARMER_LOCAL_MANDI,2026-09-20,SYNTHETIC_DEMO
FML-335AA886B9,LOC-99821D8AC1,MND-70A0B0B2CA,Bihar,Jehanabad,C,Jehanabad — Regional Wholesale Market,12,26.2,11,11,1,TRUCK,FARMER_LOCAL_MANDI,2026-09-20,SYNTHETIC_DEMO
FML-1EB45DFA2B,LOC-A78D397CEE,MND-404ED8E54F,Bihar,Kaimur (Bhabua),A,Kaimur (Bhabua) — Primary Local Mandi,35,44.5,7,11,1,TRUCK,FARMER_LOCAL_MANDI,2026-09-20,SYNTHETIC_DEMO
FML-8E76007762,LOC-A78D397CEE,MND-B26385BF43,Bihar,Kaimur (Bhabua),B,Kaimur (Bhabua) — Secondary Market Yard,69,89.9,5,5,2,TRUCK,FARMER_LOCAL_MANDI,2026-09-20,SYNTHETIC_DEMO
FML-120DC529D9,LOC-A78D397CEE,MND-DC458DB160,Bihar,Kaimur (Bhabua),C,Kaimur (Bhabua) — Regional Wholesale Market,74,89.4,7,4,2,TRUCK,FARMER_LOCAL_MANDI,2026-09-20,SYNTHETIC_DEMO
FML-AA01E7500C,LOC-B7808EEBDB,MND-9D33583018,Bihar,Katihar,A,Katihar — Primary Local Mandi,20,33.0,5,4,1,TRUCK,FARMER_LOCAL_MANDI,2026-09-20,SYNTHETIC_DEMO
FML-27B0074211,LOC-B7808EEBDB,MND-65E55FA57D,Bihar,Katihar,B,Katihar — Secondary Market Yard,11,24.1,13,5,1,TRUCK,FARMER_LOCAL_MANDI,2026-09-20,SYNTHETIC_DEMO
FML-EA3F16F9DE,LOC-B7808EEBDB,MND-CE6562E85D,Bihar,Katihar,C,Katihar — Regional Wholesale Market,20,43.0,9,8,1,TRUCK,FARMER_LOCAL_MANDI,2026-09-20,SYNTHETIC_DEMO
FML-EF4C0B381E,LOC-AEB2F2307B,MND-2AFFB4BBAE,Bihar,Khagaria,A,Khagaria — Primary Local Mandi,49,65.9,13,7,2,TRUCK,FARMER_LOCAL_MANDI,2026-09-20,SYNTHETIC_DEMO
FML-8F49868F0A,LOC-AEB2F2307B,MND-021C1EBA21,Bihar,Khagaria,B,Khagaria — Secondary Market Yard,61,78.1,9,8,2,TRUCK,FARMER_LOCAL_MANDI,2026-09-20,SYNTHETIC_DEMO
FML-589DDD79A0,LOC-AEB2F2307B,MND-61DD34C83C,Bihar,Khagaria,C,Khagaria — Regional Wholesale Market,65,89.5,14,5,2,TRUCK,FARMER_LOCAL_MANDI,2026-09-20,SYNTHETIC_DEMO
FML-D0801DEC53,LOC-8011B4C628,MND-6F6DF3A756,Bihar,Kishanganj,A,Kishanganj — Primary Local Mandi,44,64.4,14,6,1,TRUCK,FARMER_LOCAL_MANDI,2026-09-20,SYNTHETIC_DEMO
FML-088B0B9B06,LOC-8011B4C628,MND-0389E79E5F,Bihar,Kishanganj,B,Kishanganj — Secondary Market Yard,11,30.1,14,9,1,TRUCK,FARMER_LOCAL_MANDI,2026-09-20,SYNTHETIC_DEMO
FML-5B8FABCC07,LOC-8011B4C628,MND-D41CC2E208,Bihar,Kishanganj,C,Kishanganj — Regional Wholesale Market,14,34.4,14,11,1,TRUCK,FARMER_LOCAL_MANDI,2026-09-20,SYNTHETIC_DEMO
FML-40469F9A95,LOC-0E179F8BBF,MND-F416D89388,Bihar,Lakhisarai,A,Lakhisarai — Primary Local Mandi,76,105.6,14,10,2,TRUCK,FARMER_LOCAL_MANDI,2026-09-20,SYNTHETIC_DEMO
FML-E680CA7C88,LOC-0E179F8BBF,MND-59CB627452,Bihar,Lakhisarai,B,Lakhisarai — Secondary Market Yard,64,79.4,6,4,2,TRUCK,FARMER_LOCAL_MANDI,2026-09-20,SYNTHETIC_DEMO
FML-D44F876B91,LOC-0E179F8BBF,MND-D53E650787,Bihar,Lakhisarai,C,Lakhisarai — Regional Wholesale Market,7,19.7,11,8,1,TRUCK,FARMER_LOCAL_MANDI,2026-09-20,SYNTHETIC_DEMO
FML-2E0A3976EB,LOC-0F5F4BAD14,MND-FB0A7781FF,Bihar,Madhepura,A,Madhepura — Primary Local Mandi,9,24.9,10,6,1,TRUCK,FARMER_LOCAL_MANDI,2026-09-20,SYNTHETIC_DEMO
FML-ED91F53DEB,LOC-0F5F4BAD14,MND-2778DFA2BD,Bihar,Madhepura,B,Madhepura — Secondary Market Yard,60,72.0,10,11,2,TRUCK,FARMER_LOCAL_MANDI,2026-09-20,SYNTHETIC_DEMO
FML-D9D2873388,LOC-0F5F4BAD14,MND-EBA65F1772,Bihar,Madhepura,C,Madhepura — Regional Wholesale Market,73,86.3,9,9,2,TRUCK,FARMER_LOCAL_MANDI,2026-09-20,SYNTHETIC_DEMO
FML-56F26C6B3F,LOC-E684B389E9,MND-C92FCF073F,Bihar,Madhubani,A,Madhubani — Primary Local Mandi,68,83.8,11,9,2,TRUCK,FARMER_LOCAL_MANDI,2026-09-20,SYNTHETIC_DEMO
FML-D5F56112E2,LOC-E684B389E9,MND-9211651253,Bihar,Madhubani,B,Madhubani — Secondary Market Yard,64,88.4,9,10,2,TRUCK,FARMER_LOCAL_MANDI,2026-09-20,SYNTHETIC_DEMO
FML-DAF2122005,LOC-E684B389E9,MND-A3A3459475,Bihar,Madhubani,C,Madhubani — Regional Wholesale Market,65,78.5,11,9,2,TRUCK,FARMER_LOCAL_MANDI,2026-09-20,SYNTHETIC_DEMO
FML-605DFEF97F,LOC-26B20D33F1,MND-C0234BEFB4,Bihar,Munger,A,Munger — Primary Local Mandi,36,56.6,14,8,1,TRUCK,FARMER_LOCAL_MANDI,2026-09-20,SYNTHETIC_DEMO
FML-B13DFC1908,LOC-26B20D33F1,MND-8156426525,Bihar,Munger,B,Munger — Secondary Market Yard,70,89.0,13,5,2,TRUCK,FARMER_LOCAL_MANDI,2026-09-20,SYNTHETIC_DEMO
FML-47CBD23295,LOC-26B20D33F1,MND-1F647548A7,Bihar,Munger,C,Munger — Regional Wholesale Market,26,38.6,7,8,1,TRUCK,FARMER_LOCAL_MANDI,2026-09-20,SYNTHETIC_DEMO
FML-D8884EE841,LOC-4006442481,MND-18679F2FE5,Bihar,Muzaffarpur,A,Muzaffarpur — Primary Local Mandi,7,18.7,13,11,1,TRUCK,FARMER_LOCAL_MANDI,2026-09-20,SYNTHETIC_DEMO
FML-266979F0BE,LOC-4006442481,MND-9C6963C0F7,Bihar,Muzaffarpur,B,Muzaffarpur — Secondary Market Yard,13,31.3,14,8,1,TRUCK,FARMER_LOCAL_MANDI,2026-09-20,SYNTHETIC_DEMO
FML-7B84427520,LOC-4006442481,MND-9CD2C59BB0,Bihar,Muzaffarpur,C,Muzaffarpur — Regional Wholesale Market,27,46.7,14,10,1,TRUCK,FARMER_LOCAL_MANDI,2026-09-20,SYNTHETIC_DEMO
FML-0AB11F0A60,LOC-E18B9153A0,MND-A9B643358A,Bihar,Nalanda,A,Nalanda — Primary Local Mandi,60,76.0,12,6,2,TRUCK,FARMER_LOCAL_MANDI,2026-09-20,SYNTHETIC_DEMO
FML-80373F53B7,LOC-E18B9153A0,MND-B86861C809,Bihar,Nalanda,B,Nalanda — Secondary Market Yard,37,58.7,9,7,1,TRUCK,FARMER_LOCAL_MANDI,2026-09-20,SYNTHETIC_DEMO
FML-D8DB2FE7FF,LOC-E18B9153A0,MND-79AE643ED8,Bihar,Nalanda,C,Nalanda — Regional Wholesale Market,39,58.9,9,8,1,TRUCK,FARMER_LOCAL_MANDI,2026-09-20,SYNTHETIC_DEMO
FML-5BE45878EB,LOC-5ED7E0AB25,MND-5FFF5F1686,Bihar,Nawada,A,Nawada — Primary Local Mandi,6,22.6,7,9,1,TRUCK,FARMER_LOCAL_MANDI,2026-09-20,SYNTHETIC_DEMO
FML-74316206D7,LOC-5ED7E0AB25,MND-3B54CBE3E7,Bihar,Nawada,B,Nawada — Secondary Market Yard,40,61.0,13,9,1,TRUCK,FARMER_LOCAL_MANDI,2026-09-20,SYNTHETIC_DEMO
FML-E2079F36BA,LOC-5ED7E0AB25,MND-A6E1515B43,Bihar,Nawada,C,Nawada — Regional Wholesale Market,12,20.2,12,5,1,TRUCK,FARMER_LOCAL_MANDI,2026-09-20,SYNTHETIC_DEMO
FML-844DCB6614,LOC-8B76647A72,MND-B8EB00BC47,Bihar,Pashchim Champaran,A,Pashchim Champaran — Primary Local Mandi,41,67.1,7,4,1,TRUCK,FARMER_LOCAL_MANDI,2026-09-20,SYNTHETIC_DEMO
FML-92EBC59236,LOC-8B76647A72,MND-7D7C979D3E,Bihar,Pashchim Champaran,B,Pashchim Champaran — Secondary Market Yard,14,30.4,14,9,1,TRUCK,FARMER_LOCAL_MANDI,2026-09-20,SYNTHETIC_DEMO
FML-3DFE4A52BF,LOC-8B76647A72,MND-3D25B14056,Bihar,Pashchim Champaran,C,Pashchim Champaran — Regional Wholesale Market,70,99.0,5,4,2,TRUCK,FARMER_LOCAL_MANDI,2026-09-20,SYNTHETIC_DEMO
FML-0AC00E2922,LOC-5360AD6AD6,MND-DAFA00AFA3,Bihar,Patna,A,Patna — Primary Local Mandi,8,28.8,11,6,1,TRUCK,FARMER_LOCAL_MANDI,2026-09-20,SYNTHETIC_DEMO
FML-0D2531227E,LOC-5360AD6AD6,MND-C0A82AA8F5,Bihar,Patna,B,Patna — Secondary Market Yard,6,23.6,13,10,1,TRUCK,FARMER_LOCAL_MANDI,2026-09-20,SYNTHETIC_DEMO
FML-98E7F19896,LOC-5360AD6AD6,MND-E70B570F7B,Bihar,Patna,C,Patna — Regional Wholesale Market,66,90.6,9,11,2,TRUCK,FARMER_LOCAL_MANDI,2026-09-20,SYNTHETIC_DEMO
FML-166788AA73,LOC-92DE69F36A,MND-B3ED7E46CE,Bihar,Purbi Champaran,A,Purbi Champaran — Primary Local Mandi,35,57.5,10,7,1,TRUCK,FARMER_LOCAL_MANDI,2026-09-20,SYNTHETIC_DEMO
FML-94D7FC8447,LOC-92DE69F36A,MND-ABEABD8032,Bihar,Purbi Champaran,B,Purbi Champaran — Secondary Market Yard,32,54.2,8,9,1,TRUCK,FARMER_LOCAL_MANDI,2026-09-20,SYNTHETIC_DEMO
FML-980E68EBAE,LOC-92DE69F36A,MND-423E57D5F2,Bihar,Purbi Champaran,C,Purbi Champaran — Regional Wholesale Market,5,18,10,7,1,TRUCK,FARMER_LOCAL_MANDI,2026-09-20,SYNTHETIC_DEMO
FML-7C94E1F590,LOC-A1C551C268,MND-FDAE38EB1C,Bihar,Purnia,A,Purnia — Primary Local Mandi,70,96.0,6,11,2,TRUCK,FARMER_LOCAL_MANDI,2026-09-20,SYNTHETIC_DEMO
FML-259F054BA3,LOC-A1C551C268,MND-D847BD2175,Bihar,Purnia,B,Purnia — Secondary Market Yard,64,84.4,11,7,2,TRUCK,FARMER_LOCAL_MANDI,2026-09-20,SYNTHETIC_DEMO
FML-FA676C08DF,LOC-A1C551C268,MND-FDFE10D947,Bihar,Purnia,C,Purnia — Regional Wholesale Market,67,92.7,5,9,2,TRUCK,FARMER_LOCAL_MANDI,2026-09-20,SYNTHETIC_DEMO
FML-56ED7658B1,LOC-CD6AF43ED4,MND-B15E69189A,Bihar,Rohtas,A,Rohtas — Primary Local Mandi,68,80.8,11,7,2,TRUCK,FARMER_LOCAL_MANDI,2026-09-20,SYNTHETIC_DEMO
FML-B494F65454,LOC-CD6AF43ED4,MND-FDD614F697,Bihar,Rohtas,B,Rohtas — Secondary Market Yard,60,85.0,8,5,2,TRUCK,FARMER_LOCAL_MANDI,2026-09-20,SYNTHETIC_DEMO
FML-640552EB55,LOC-CD6AF43ED4,MND-DD75215FB0,Bihar,Rohtas,C,Rohtas — Regional Wholesale Market,58,72.8,5,8,2,TRUCK,FARMER_LOCAL_MANDI,2026-09-20,SYNTHETIC_DEMO
FML-B9588594CB,LOC-6BD7C4CAEC,MND-728AC9E2AF,Bihar,Saharsa,A,Saharsa — Primary Local Mandi,10,21.0,12,10,1,TRUCK,FARMER_LOCAL_MANDI,2026-09-20,SYNTHETIC_DEMO
FML-66CB89C73B,LOC-6BD7C4CAEC,MND-2AEDBAAB18,Bihar,Saharsa,B,Saharsa — Secondary Market Yard,18,29.8,12,11,1,TRUCK,FARMER_LOCAL_MANDI,2026-09-20,SYNTHETIC_DEMO
FML-E91571C77E,LOC-6BD7C4CAEC,MND-41F67F832D,Bihar,Saharsa,C,Saharsa — Regional Wholesale Market,24,37.4,11,10,1,TRUCK,FARMER_LOCAL_MANDI,2026-09-20,SYNTHETIC_DEMO
FML-4452414104,LOC-B1DDA7AB17,MND-A347D5BA9F,Bihar,Samastipur,A,Samastipur — Primary Local Mandi,38,52.8,12,8,1,TRUCK,FARMER_LOCAL_MANDI,2026-09-20,SYNTHETIC_DEMO
FML-3216E52AF9,LOC-B1DDA7AB17,MND-D1C3CDF1D5,Bihar,Samastipur,B,Samastipur — Secondary Market Yard,7,22.7,7,8,1,TRUCK,FARMER_LOCAL_MANDI,2026-09-20,SYNTHETIC_DEMO
FML-444C796CBD,LOC-B1DDA7AB17,MND-2EC3CBF880,Bihar,Samastipur,C,Samastipur — Regional Wholesale Market,9,28.9,5,10,1,TRUCK,FARMER_LOCAL_MANDI,2026-09-20,SYNTHETIC_DEMO
FML-F77C3631F3,LOC-E0464B0E57,MND-60773B8AEA,Bihar,Saran,A,Saran — Primary Local Mandi,61,76.1,12,6,2,TRUCK,FARMER_LOCAL_MANDI,2026-09-20,SYNTHETIC_DEMO
FML-B1ECC2EA00,LOC-E0464B0E57,MND-204689098E,Bihar,Saran,B,Saran — Secondary Market Yard,31,44.1,7,5,1,TRUCK,FARMER_LOCAL_MANDI,2026-09-20,SYNTHETIC_DEMO
FML-D7B15EA380,LOC-E0464B0E57,MND-2274FA925B,Bihar,Saran,C,Saran — Regional Wholesale Market,62,77.2,5,6,2,TRUCK,FARMER_LOCAL_MANDI,2026-09-20,SYNTHETIC_DEMO
FML-C710FC64FB,LOC-5399A17E3A,MND-9AB9C81C7F,Bihar,Sheikhpura,A,Sheikhpura — Primary Local Mandi,13,29.3,6,11,1,TRUCK,FARMER_LOCAL_MANDI,2026-09-20,SYNTHETIC_DEMO
FML-F7F7AE1BCD,LOC-5399A17E3A,MND-E4F7BBD069,Bihar,Sheikhpura,B,Sheikhpura — Secondary Market Yard,65,92.5,10,8,2,TRUCK,FARMER_LOCAL_MANDI,2026-09-20,SYNTHETIC_DEMO
FML-95F30A2D7F,LOC-5399A17E3A,MND-8EB129CA5A,Bihar,Sheikhpura,C,Sheikhpura — Regional Wholesale Market,65,90.5,12,6,2,TRUCK,FARMER_LOCAL_MANDI,2026-09-20,SYNTHETIC_DEMO
FML-A30F1E6C07,LOC-6958180F6A,MND-5063F7DF3B,Bihar,Sheohar,A,Sheohar — Primary Local Mandi,54,78.4,9,10,2,TRUCK,FARMER_LOCAL_MANDI,2026-09-20,SYNTHETIC_DEMO
FML-CFCDEE1520,LOC-6958180F6A,MND-B6765018BC,Bihar,Sheohar,B,Sheohar — Secondary Market Yard,40,55.0,5,5,1,TRUCK,FARMER_LOCAL_MANDI,2026-09-20,SYNTHETIC_DEMO
FML-468366EF64,LOC-6958180F6A,MND-BD2F60C5B1,Bihar,Sheohar,C,Sheohar — Regional Wholesale Market,67,83.7,11,9,2,TRUCK,FARMER_LOCAL_MANDI,2026-09-20,SYNTHETIC_DEMO
FML-5D749E0323,LOC-3A84109942,MND-FC8FBDC188,Bihar,Sitamarhi,A,Sitamarhi — Primary Local Mandi,74,92.4,12,8,2,TRUCK,FARMER_LOCAL_MANDI,2026-09-20,SYNTHETIC_DEMO
FML-CF747503A0,LOC-3A84109942,MND-5135676AF1,Bihar,Sitamarhi,B,Sitamarhi — Secondary Market Yard,39,57.9,10,9,1,TRUCK,FARMER_LOCAL_MANDI,2026-09-20,SYNTHETIC_DEMO
FML-A991857AD3,LOC-3A84109942,MND-2861148DA5,Bihar,Sitamarhi,C,Sitamarhi — Regional Wholesale Market,19,38.9,13,11,1,TRUCK,FARMER_LOCAL_MANDI,2026-09-20,SYNTHETIC_DEMO
FML-1A906FD6D2,LOC-9E2FC60C59,MND-AB8F24B514,Bihar,Siwan,A,Siwan — Primary Local Mandi,71,96.1,7,7,2,TRUCK,FARMER_LOCAL_MANDI,2026-09-20,SYNTHETIC_DEMO
FML-992B0E0C3A,LOC-9E2FC60C59,MND-4E4AF3FF5B,Bihar,Siwan,B,Siwan — Secondary Market Yard,41,64.1,7,6,1,TRUCK,FARMER_LOCAL_MANDI,2026-09-20,SYNTHETIC_DEMO
FML-933F976FC2,LOC-9E2FC60C59,MND-EE2893C23E,Bihar,Siwan,C,Siwan — Regional Wholesale Market,52,64.2,5,9,2,TRUCK,FARMER_LOCAL_MANDI,2026-09-20,SYNTHETIC_DEMO
FML-7CCAEF1722,LOC-7CEB0A3B91,MND-CAF1EB9FE2,Bihar,Supaul,A,Supaul — Primary Local Mandi,28,50.8,6,7,1,TRUCK,FARMER_LOCAL_MANDI,2026-09-20,SYNTHETIC_DEMO
FML-7508AC03C2,LOC-7CEB0A3B91,MND-DA80DC9904,Bihar,Supaul,B,Supaul — Secondary Market Yard,17,34.7,11,9,1,TRUCK,FARMER_LOCAL_MANDI,2026-09-20,SYNTHETIC_DEMO
FML-975DD487EE,LOC-7CEB0A3B91,MND-BE858A2200,Bihar,Supaul,C,Supaul — Regional Wholesale Market,45,63.5,9,7,1,TRUCK,FARMER_LOCAL_MANDI,2026-09-20,SYNTHETIC_DEMO
FML-073FB91D98,LOC-EE3B26DB09,MND-4C81F4983F,Bihar,Vaishali,A,Vaishali — Primary Local Mandi,52,67.2,8,7,2,TRUCK,FARMER_LOCAL_MANDI,2026-09-20,SYNTHETIC_DEMO
FML-60B88E7FC6,LOC-EE3B26DB09,MND-4EDFAA8FC9,Bihar,Vaishali,B,Vaishali — Secondary Market Yard,63,90.3,14,10,2,TRUCK,FARMER_LOCAL_MANDI,2026-09-20,SYNTHETIC_DEMO
FML-44AC94D25C,LOC-EE3B26DB09,MND-14C786ED71,Bihar,Vaishali,C,Vaishali — Regional Wholesale Market,10,29.0,12,9,1,TRUCK,FARMER_LOCAL_MANDI,2026-09-20,SYNTHETIC_DEMO
FML-CB46814684,LOC-D844870B41,MND-19A545BAFA,Chandigarh,Chandigarh,A,Chandigarh — Primary Local Mandi,13,26.3,7,10,1,TRUCK,FARMER_LOCAL_MANDI,2026-09-20,SYNTHETIC_DEMO
FML-6403BA8616,LOC-D844870B41,MND-1F129CA0B4,Chandigarh,Chandigarh,B,Chandigarh — Secondary Market Yard,58,77.8,13,9,2,TRUCK,FARMER_LOCAL_MANDI,2026-09-20,SYNTHETIC_DEMO
FML-D48BEC6A0C,LOC-D844870B41,MND-FFC4F3A39C,Chandigarh,Chandigarh,C,Chandigarh — Regional Wholesale Market,52,64.2,7,4,2,TRUCK,FARMER_LOCAL_MANDI,2026-09-20,SYNTHETIC_DEMO
FML-9F2A4C0D42,LOC-B3B74D80B4,MND-40E19EEAD5,Chhattisgarh,Balod,A,Balod — Primary Local Mandi,12,21.2,7,7,1,TRUCK,FARMER_LOCAL_MANDI,2026-09-20,SYNTHETIC_DEMO
FML-3F2A05A8FB,LOC-B3B74D80B4,MND-2FCD5FBD24,Chhattisgarh,Balod,B,Balod — Secondary Market Yard,77,94.7,11,11,2,TRUCK,FARMER_LOCAL_MANDI,2026-09-20,SYNTHETIC_DEMO
FML-4E84D117D6,LOC-B3B74D80B4,MND-D9B9AB1D3A,Chhattisgarh,Balod,C,Balod — Regional Wholesale Market,51,67.1,11,9,2,TRUCK,FARMER_LOCAL_MANDI,2026-09-20,SYNTHETIC_DEMO
FML-BED92258E2,LOC-E363F1A211,MND-CDDDC1EA00,Chhattisgarh,Balodabazar-Bhatapara,A,Balodabazar-Bhatapara — Primary Local Mandi,45,57.5,12,7,1,TRUCK,FARMER_LOCAL_MANDI,2026-09-20,SYNTHETIC_DEMO
FML-72EB133B80,LOC-E363F1A211,MND-8093D38ECD,Chhattisgarh,Balodabazar-Bhatapara,B,Balodabazar-Bhatapara — Secondary Market Yard,34,55.4,13,8,1,TRUCK,FARMER_LOCAL_MANDI,2026-09-20,SYNTHETIC_DEMO
FML-561C9FF34F,LOC-E363F1A211,MND-2D8075560A,Chhattisgarh,Balodabazar-Bhatapara,C,Balodabazar-Bhatapara — Regional Wholesale Market,58,73.8,6,4,2,TRUCK,FARMER_LOCAL_MANDI,2026-09-20,SYNTHETIC_DEMO
FML-602367251A,LOC-25B38ACAC3,MND-93EBEC351C,Chhattisgarh,Balrampur-Ramanujganj,A,Balrampur-Ramanujganj — Primary Local Mandi,52,79.2,14,6,2,TRUCK,FARMER_LOCAL_MANDI,2026-09-20,SYNTHETIC_DEMO
FML-41D36CA59F,LOC-25B38ACAC3,MND-1BA61097B1,Chhattisgarh,Balrampur-Ramanujganj,B,Balrampur-Ramanujganj — Secondary Market Yard,65,87.5,6,9,2,TRUCK,FARMER_LOCAL_MANDI,2026-09-20,SYNTHETIC_DEMO
FML-CF466EDF0F,LOC-25B38ACAC3,MND-2DE981C05E,Chhattisgarh,Balrampur-Ramanujganj,C,Balrampur-Ramanujganj — Regional Wholesale Market,55,78.5,9,4,2,TRUCK,FARMER_LOCAL_MANDI,2026-09-20,SYNTHETIC_DEMO
FML-08E6D8F807,LOC-16820161C3,MND-E0B43F1A9A,Chhattisgarh,Bastar,A,Bastar — Primary Local Mandi,8,18,5,9,1,TRUCK,FARMER_LOCAL_MANDI,2026-09-20,SYNTHETIC_DEMO
FML-65C2D85709,LOC-16820161C3,MND-C694A0DB57,Chhattisgarh,Bastar,B,Bastar — Secondary Market Yard,15,35.5,9,6,1,TRUCK,FARMER_LOCAL_MANDI,2026-09-20,SYNTHETIC_DEMO
FML-761EAD88E7,LOC-16820161C3,MND-0A9F525287,Chhattisgarh,Bastar,C,Bastar — Regional Wholesale Market,25,44.5,11,4,1,TRUCK,FARMER_LOCAL_MANDI,2026-09-20,SYNTHETIC_DEMO
FML-B6A8204A0C,LOC-A8B7A22E0F,MND-960DDC48D4,Chhattisgarh,Bemetara,A,Bemetara — Primary Local Mandi,66,88.6,8,7,2,TRUCK,FARMER_LOCAL_MANDI,2026-09-20,SYNTHETIC_DEMO
FML-536BC4F5B0,LOC-A8B7A22E0F,MND-0C9AD3CA1A,Chhattisgarh,Bemetara,B,Bemetara — Secondary Market Yard,20,29.0,14,6,1,TRUCK,FARMER_LOCAL_MANDI,2026-09-20,SYNTHETIC_DEMO
FML-24F5ADFDF4,LOC-A8B7A22E0F,MND-249EEEE868,Chhattisgarh,Bemetara,C,Bemetara — Regional Wholesale Market,41,61.1,5,8,1,TRUCK,FARMER_LOCAL_MANDI,2026-09-20,SYNTHETIC_DEMO
FML-FD62275E0A,LOC-04AAA40ACA,MND-5B49544504,Chhattisgarh,Bijapur,A,Bijapur — Primary Local Mandi,5,18,13,10,1,TRUCK,FARMER_LOCAL_MANDI,2026-09-20,SYNTHETIC_DEMO
FML-74742AF796,LOC-04AAA40ACA,MND-855B0B81DA,Chhattisgarh,Bijapur,B,Bijapur — Secondary Market Yard,37,48.7,8,8,1,TRUCK,FARMER_LOCAL_MANDI,2026-09-20,SYNTHETIC_DEMO
FML-6F9D1A6B61,LOC-04AAA40ACA,MND-8251937663,Chhattisgarh,Bijapur,C,Bijapur — Regional Wholesale Market,56,69.6,14,6,2,TRUCK,FARMER_LOCAL_MANDI,2026-09-20,SYNTHETIC_DEMO
FML-2489CB48CC,LOC-6F902B8512,MND-7EA13C2BB8,Chhattisgarh,Bilaspur,A,Bilaspur — Primary Local Mandi,35,55.5,13,9,1,TRUCK,FARMER_LOCAL_MANDI,2026-09-20,SYNTHETIC_DEMO
FML-DBE408B162,LOC-6F902B8512,MND-A4B4E617C2,Chhattisgarh,Bilaspur,B,Bilaspur — Secondary Market Yard,19,42.9,6,11,1,TRUCK,FARMER_LOCAL_MANDI,2026-09-20,SYNTHETIC_DEMO
FML-ED5BE221E0,LOC-6F902B8512,MND-54C581C715,Chhattisgarh,Bilaspur,C,Bilaspur — Regional Wholesale Market,7,18,9,7,1,TRUCK,FARMER_LOCAL_MANDI,2026-09-20,SYNTHETIC_DEMO
FML-5ADA79D3AF,LOC-BBC996C2F8,MND-39E7E4C20E,Chhattisgarh,Dakshin Bastar Dantewada,A,Dakshin Bastar Dantewada — Primary Local Mandi,42,57.2,12,11,1,TRUCK,FARMER_LOCAL_MANDI,2026-09-20,SYNTHETIC_DEMO
FML-9D24D60447,LOC-BBC996C2F8,MND-435B3D7845,Chhattisgarh,Dakshin Bastar Dantewada,B,Dakshin Bastar Dantewada — Secondary Market Yard,37,54.7,6,8,1,TRUCK,FARMER_LOCAL_MANDI,2026-09-20,SYNTHETIC_DEMO
FML-6F8A63D641,LOC-BBC996C2F8,MND-18FBE4C771,Chhattisgarh,Dakshin Bastar Dantewada,C,Dakshin Bastar Dantewada — Regional Wholesale Market,76,94.6,6,9,2,TRUCK,FARMER_LOCAL_MANDI,2026-09-20,SYNTHETIC_DEMO
FML-070CEF57A4,LOC-5D42CB9714,MND-28866C1291,Chhattisgarh,Dhamtari,A,Dhamtari — Primary Local Mandi,25,33.5,6,6,1,TRUCK,FARMER_LOCAL_MANDI,2026-09-20,SYNTHETIC_DEMO
FML-08C109F02A,LOC-5D42CB9714,MND-799E732EB8,Chhattisgarh,Dhamtari,B,Dhamtari — Secondary Market Yard,17,36.7,11,4,1,TRUCK,FARMER_LOCAL_MANDI,2026-09-20,SYNTHETIC_DEMO
FML-25A00EC64D,LOC-5D42CB9714,MND-C6C27DF895,Chhattisgarh,Dhamtari,C,Dhamtari — Regional Wholesale Market,12,22.2,12,8,1,TRUCK,FARMER_LOCAL_MANDI,2026-09-20,SYNTHETIC_DEMO
FML-F1B1F69E26,LOC-5D44365D8A,MND-CBA95EB8D5,Chhattisgarh,Durg,A,Durg — Primary Local Mandi,72,91.2,12,9,2,TRUCK,FARMER_LOCAL_MANDI,2026-09-20,SYNTHETIC_DEMO
FML-D50B6D0F44,LOC-5D44365D8A,MND-2267A0F10B,Chhattisgarh,Durg,B,Durg — Secondary Market Yard,62,76.2,13,7,2,TRUCK,FARMER_LOCAL_MANDI,2026-09-20,SYNTHETIC_DEMO
FML-AB813D31C5,LOC-5D44365D8A,MND-06ACFE6798,Chhattisgarh,Durg,C,Durg — Regional Wholesale Market,48,68.8,12,9,2,TRUCK,FARMER_LOCAL_MANDI,2026-09-20,SYNTHETIC_DEMO
FML-EA8D038911,LOC-07B896E78C,MND-0BCD616231,Chhattisgarh,Gariyaband,A,Gariyaband — Primary Local Mandi,49,67.9,14,4,2,TRUCK,FARMER_LOCAL_MANDI,2026-09-20,SYNTHETIC_DEMO
FML-53DB1BB918,LOC-07B896E78C,MND-BBF98DF329,Chhattisgarh,Gariyaband,B,Gariyaband — Secondary Market Yard,5,18,14,6,1,TRUCK,FARMER_LOCAL_MANDI,2026-09-20,SYNTHETIC_DEMO
FML-126E3C7F52,LOC-07B896E78C,MND-794C8D06E5,Chhattisgarh,Gariyaband,C,Gariyaband — Regional Wholesale Market,61,74.1,8,5,2,TRUCK,FARMER_LOCAL_MANDI,2026-09-20,SYNTHETIC_DEMO
FML-288BC5D931,LOC-7FD5764EDD,MND-39C2CD109A,Chhattisgarh,Gaurela-Pendra-Marwahi,A,Gaurela-Pendra-Marwahi — Primary Local Mandi,79,103.9,12,5,2,TRUCK,FARMER_LOCAL_MANDI,2026-09-20,SYNTHETIC_DEMO
FML-7712FB99FA,LOC-7FD5764EDD,MND-AE475D6E96,Chhattisgarh,Gaurela-Pendra-Marwahi,B,Gaurela-Pendra-Marwahi — Secondary Market Yard,70,84.0,13,11,2,TRUCK,FARMER_LOCAL_MANDI,2026-09-20,SYNTHETIC_DEMO
FML-F4420957B2,LOC-7FD5764EDD,MND-746B5B1899,Chhattisgarh,Gaurela-Pendra-Marwahi,C,Gaurela-Pendra-Marwahi — Regional Wholesale Market,22,46.2,12,5,1,TRUCK,FARMER_LOCAL_MANDI,2026-09-20,SYNTHETIC_DEMO
FML-0CD8CF4744,LOC-8272733222,MND-4A2187698E,Chhattisgarh,Janjgir-Champa,A,Janjgir-Champa — Primary Local Mandi,66,90.6,12,4,2,TRUCK,FARMER_LOCAL_MANDI,2026-09-20,SYNTHETIC_DEMO
FML-30FA93E485,LOC-8272733222,MND-DA83B69BE0,Chhattisgarh,Janjgir-Champa,B,Janjgir-Champa — Secondary Market Yard,15,37.5,11,9,1,TRUCK,FARMER_LOCAL_MANDI,2026-09-20,SYNTHETIC_DEMO
FML-489B81137B,LOC-8272733222,MND-C7D56A05C4,Chhattisgarh,Janjgir-Champa,C,Janjgir-Champa — Regional Wholesale Market,20,35.0,14,7,1,TRUCK,FARMER_LOCAL_MANDI,2026-09-20,SYNTHETIC_DEMO
FML-275B9F595B,LOC-16ED0580EE,MND-ED8F8C19C6,Chhattisgarh,Jashpur,A,Jashpur — Primary Local Mandi,7,20.7,8,7,1,TRUCK,FARMER_LOCAL_MANDI,2026-09-20,SYNTHETIC_DEMO
FML-82B694D032,LOC-16ED0580EE,MND-AFA7B0368B,Chhattisgarh,Jashpur,B,Jashpur — Secondary Market Yard,57,77.7,13,11,2,TRUCK,FARMER_LOCAL_MANDI,2026-09-20,SYNTHETIC_DEMO
FML-B634E1234F,LOC-16ED0580EE,MND-54ABC85171,Chhattisgarh,Jashpur,C,Jashpur — Regional Wholesale Market,67,91.7,9,4,2,TRUCK,FARMER_LOCAL_MANDI,2026-09-20,SYNTHETIC_DEMO
FML-8C61034FE9,LOC-0A98F06D2B,MND-15EC86ADD6,Chhattisgarh,Kabeerdham,A,Kabeerdham — Primary Local Mandi,31,47.1,6,8,1,TRUCK,FARMER_LOCAL_MANDI,2026-09-20,SYNTHETIC_DEMO
FML-9B4CBD8F01,LOC-0A98F06D2B,MND-B63CBCA68E,Chhattisgarh,Kabeerdham,B,Kabeerdham — Secondary Market Yard,68,82.8,8,5,2,TRUCK,FARMER_LOCAL_MANDI,2026-09-20,SYNTHETIC_DEMO
FML-E9EED0F852,LOC-0A98F06D2B,MND-8F4A243937,Chhattisgarh,Kabeerdham,C,Kabeerdham — Regional Wholesale Market,13,20.3,12,5,1,TRUCK,FARMER_LOCAL_MANDI,2026-09-20,SYNTHETIC_DEMO
FML-0ABE2266EE,LOC-0D90199A96,MND-BB68B54353,Chhattisgarh,Khairagarh-Chhuikhadan-Gandai,A,Khairagarh-Chhuikhadan-Gandai — Primary Local Mandi,76,95.6,8,9,2,TRUCK,FARMER_LOCAL_MANDI,2026-09-20,SYNTHETIC_DEMO
FML-6DD504BACC,LOC-0D90199A96,MND-ED95079B50,Chhattisgarh,Khairagarh-Chhuikhadan-Gandai,B,Khairagarh-Chhuikhadan-Gandai — Secondary Market Yard,60,74.0,8,5,2,TRUCK,FARMER_LOCAL_MANDI,2026-09-20,SYNTHETIC_DEMO
FML-54D5385A63,LOC-0D90199A96,MND-C4E7B9159D,Chhattisgarh,Khairagarh-Chhuikhadan-Gandai,C,Khairagarh-Chhuikhadan-Gandai — Regional Wholesale Market,22,31.2,13,9,1,TRUCK,FARMER_LOCAL_MANDI,2026-09-20,SYNTHETIC_DEMO
FML-22149A69A1,LOC-7E4E31A73E,MND-1849E43FF0,Chhattisgarh,Kondagaon,A,Kondagaon — Primary Local Mandi,22,43.2,7,7,1,TRUCK,FARMER_LOCAL_MANDI,2026-09-20,SYNTHETIC_DEMO
FML-F8862AE740,LOC-7E4E31A73E,MND-DFE47682F8,Chhattisgarh,Kondagaon,B,Kondagaon — Secondary Market Yard,67,81.7,12,6,2,TRUCK,FARMER_LOCAL_MANDI,2026-09-20,SYNTHETIC_DEMO
FML-27F91648CA,LOC-7E4E31A73E,MND-FB0511C292,Chhattisgarh,Kondagaon,C,Kondagaon — Regional Wholesale Market,30,41.0,10,5,1,TRUCK,FARMER_LOCAL_MANDI,2026-09-20,SYNTHETIC_DEMO
FML-AA2A13E474,LOC-55550E20C3,MND-35766F11A8,Chhattisgarh,Korba,A,Korba — Primary Local Mandi,17,37.7,10,9,1,TRUCK,FARMER_LOCAL_MANDI,2026-09-20,SYNTHETIC_DEMO
FML-94F9E0D8D3,LOC-55550E20C3,MND-32F0396429,Chhattisgarh,Korba,B,Korba — Secondary Market Yard,14,36.4,5,8,1,TRUCK,FARMER_LOCAL_MANDI,2026-09-20,SYNTHETIC_DEMO
FML-0E94D8D8C1,LOC-55550E20C3,MND-E80DA2DAFD,Chhattisgarh,Korba,C,Korba — Regional Wholesale Market,27,44.7,6,9,1,TRUCK,FARMER_LOCAL_MANDI,2026-09-20,SYNTHETIC_DEMO
FML-A4BC762AB3,LOC-18372EF257,MND-A5764F2A33,Chhattisgarh,Korea,A,Korea — Primary Local Mandi,34,57.4,14,8,1,TRUCK,FARMER_LOCAL_MANDI,2026-09-20,SYNTHETIC_DEMO
FML-14255B8AF4,LOC-18372EF257,MND-075E4FC39D,Chhattisgarh,Korea,B,Korea — Secondary Market Yard,56,74.6,13,4,2,TRUCK,FARMER_LOCAL_MANDI,2026-09-20,SYNTHETIC_DEMO
FML-9C6C7CF3AC,LOC-18372EF257,MND-3643FC2ABE,Chhattisgarh,Korea,C,Korea — Regional Wholesale Market,66,87.6,5,10,2,TRUCK,FARMER_LOCAL_MANDI,2026-09-20,SYNTHETIC_DEMO
FML-3827224615,LOC-C654C5763B,MND-55ECD0F809,Chhattisgarh,Mahasamund,A,Mahasamund — Primary Local Mandi,29,51.9,11,11,1,TRUCK,FARMER_LOCAL_MANDI,2026-09-20,SYNTHETIC_DEMO
FML-0093DB2F00,LOC-C654C5763B,MND-86A0CF5B88,Chhattisgarh,Mahasamund,B,Mahasamund — Secondary Market Yard,52,72.2,6,8,2,TRUCK,FARMER_LOCAL_MANDI,2026-09-20,SYNTHETIC_DEMO
FML-F89BB5A0BC,LOC-C654C5763B,MND-409D85186F,Chhattisgarh,Mahasamund,C,Mahasamund — Regional Wholesale Market,32,43.2,9,9,1,TRUCK,FARMER_LOCAL_MANDI,2026-09-20,SYNTHETIC_DEMO
FML-410468921B,LOC-66A7764468,MND-0E8484BF73,Chhattisgarh,Manendragarh-Chirmiri-Bharatpur,A,Manendragarh-Chirmiri-Bharatpur — Primary Local Mandi,26,41.6,7,8,1,TRUCK,FARMER_LOCAL_MANDI,2026-09-20,SYNTHETIC_DEMO
FML-81849C7673,LOC-66A7764468,MND-FABF47EE5A,Chhattisgarh,Manendragarh-Chirmiri-Bharatpur,B,Manendragarh-Chirmiri-Bharatpur — Secondary Market Yard,12,20.2,8,6,1,TRUCK,FARMER_LOCAL_MANDI,2026-09-20,SYNTHETIC_DEMO
FML-1EC630A072,LOC-66A7764468,MND-45A3D17E94,Chhattisgarh,Manendragarh-Chirmiri-Bharatpur,C,Manendragarh-Chirmiri-Bharatpur — Regional Wholesale Market,45,59.5,5,6,1,TRUCK,FARMER_LOCAL_MANDI,2026-09-20,SYNTHETIC_DEMO
FML-839F1C71D4,LOC-5FDD0C9CB6,MND-4F7089879E,Chhattisgarh,Mohla-Manpur-Ambagarh Chouki,A,Mohla-Manpur-Ambagarh Chouki — Primary Local Mandi,17,38.7,11,11,1,TRUCK,FARMER_LOCAL_MANDI,2026-09-20,SYNTHETIC_DEMO
FML-041611FE22,LOC-5FDD0C9CB6,MND-7D6EC08CE0,Chhattisgarh,Mohla-Manpur-Ambagarh Chouki,B,Mohla-Manpur-Ambagarh Chouki — Secondary Market Yard,10,33.0,13,5,1,TRUCK,FARMER_LOCAL_MANDI,2026-09-20,SYNTHETIC_DEMO
FML-D2DB3851C8,LOC-5FDD0C9CB6,MND-7144E1B7E6,Chhattisgarh,Mohla-Manpur-Ambagarh Chouki,C,Mohla-Manpur-Ambagarh Chouki — Regional Wholesale Market,63,75.3,11,8,2,TRUCK,FARMER_LOCAL_MANDI,2026-09-20,SYNTHETIC_DEMO
FML-2F262F1074,LOC-07697757A2,MND-1722E29797,Chhattisgarh,Mungeli,A,Mungeli — Primary Local Mandi,72,91.2,10,4,2,TRUCK,FARMER_LOCAL_MANDI,2026-09-20,SYNTHETIC_DEMO
FML-7CE1983E29,LOC-07697757A2,MND-88A8135B3C,Chhattisgarh,Mungeli,B,Mungeli — Secondary Market Yard,9,27.9,11,10,1,TRUCK,FARMER_LOCAL_MANDI,2026-09-20,SYNTHETIC_DEMO
FML-DAA2810A10,LOC-07697757A2,MND-2EA58AE43D,Chhattisgarh,Mungeli,C,Mungeli — Regional Wholesale Market,77,90.7,13,7,2,TRUCK,FARMER_LOCAL_MANDI,2026-09-20,SYNTHETIC_DEMO
FML-463ACFC2BE,LOC-E4D78E381A,MND-8F80050155,Chhattisgarh,Narayanpur,A,Narayanpur — Primary Local Mandi,35,51.5,8,7,1,TRUCK,FARMER_LOCAL_MANDI,2026-09-20,SYNTHETIC_DEMO
FML-8A60127928,LOC-E4D78E381A,MND-D540B99B01,Chhattisgarh,Narayanpur,B,Narayanpur — Secondary Market Yard,70,84.0,7,11,2,TRUCK,FARMER_LOCAL_MANDI,2026-09-20,SYNTHETIC_DEMO
FML-8330DDAA47,LOC-E4D78E381A,MND-0482015F3D,Chhattisgarh,Narayanpur,C,Narayanpur — Regional Wholesale Market,40,52.0,5,8,1,TRUCK,FARMER_LOCAL_MANDI,2026-09-20,SYNTHETIC_DEMO
FML-6747A62FF2,LOC-E24AF2B6CE,MND-BA8C7F55F5,Chhattisgarh,Raigarh,A,Raigarh — Primary Local Mandi,17,38.7,11,10,1,TRUCK,FARMER_LOCAL_MANDI,2026-09-20,SYNTHETIC_DEMO
FML-B2773E9268,LOC-E24AF2B6CE,MND-460FEAD380,Chhattisgarh,Raigarh,B,Raigarh — Secondary Market Yard,73,87.3,14,4,2,TRUCK,FARMER_LOCAL_MANDI,2026-09-20,SYNTHETIC_DEMO
FML-BEA8E7AD99,LOC-E24AF2B6CE,MND-56B9876D21,Chhattisgarh,Raigarh,C,Raigarh — Regional Wholesale Market,57,79.7,11,7,2,TRUCK,FARMER_LOCAL_MANDI,2026-09-20,SYNTHETIC_DEMO
FML-0E48002996,LOC-1AF8B9BE25,MND-0D9D81A055,Chhattisgarh,Raipur,A,Raipur — Primary Local Mandi,13,24.3,10,6,1,TRUCK,FARMER_LOCAL_MANDI,2026-09-20,SYNTHETIC_DEMO
FML-0265832F05,LOC-1AF8B9BE25,MND-2A576E8CA8,Chhattisgarh,Raipur,B,Raipur — Secondary Market Yard,77,104.7,8,9,2,TRUCK,FARMER_LOCAL_MANDI,2026-09-20,SYNTHETIC_DEMO
FML-4E7FCEFBAB,LOC-1AF8B9BE25,MND-11F12D4F5B,Chhattisgarh,Raipur,C,Raipur — Regional Wholesale Market,72,101.2,7,10,2,TRUCK,FARMER_LOCAL_MANDI,2026-09-20,SYNTHETIC_DEMO
FML-B01D830BB4,LOC-7A74986072,MND-58CDB2C7A4,Chhattisgarh,Rajnandgaon,A,Rajnandgaon — Primary Local Mandi,20,39.0,11,7,1,TRUCK,FARMER_LOCAL_MANDI,2026-09-20,SYNTHETIC_DEMO
FML-3804605833,LOC-7A74986072,MND-B97680A514,Chhattisgarh,Rajnandgaon,B,Rajnandgaon — Secondary Market Yard,48,65.8,13,10,2,TRUCK,FARMER_LOCAL_MANDI,2026-09-20,SYNTHETIC_DEMO
FML-D0F17883DC,LOC-7A74986072,MND-B97BC51ABC,Chhattisgarh,Rajnandgaon,C,Rajnandgaon — Regional Wholesale Market,80,100.0,7,7,2,TRUCK,FARMER_LOCAL_MANDI,2026-09-20,SYNTHETIC_DEMO
FML-5C89182A9B,LOC-E544443BA9,MND-33CD33BDCF,Chhattisgarh,Sakti,A,Sakti — Primary Local Mandi,16,24.6,11,6,1,TRUCK,FARMER_LOCAL_MANDI,2026-09-20,SYNTHETIC_DEMO
FML-7267C8A8D9,LOC-E544443BA9,MND-E06E7F6EC0,Chhattisgarh,Sakti,B,Sakti — Secondary Market Yard,19,30.9,11,9,1,TRUCK,FARMER_LOCAL_MANDI,2026-09-20,SYNTHETIC_DEMO
FML-4BDF3E57AF,LOC-E544443BA9,MND-9A23810726,Chhattisgarh,Sakti,C,Sakti — Regional Wholesale Market,26,38.6,5,7,1,TRUCK,FARMER_LOCAL_MANDI,2026-09-20,SYNTHETIC_DEMO
FML-6801A800F8,LOC-47F36CD5C0,MND-01A2EFCBD5,Chhattisgarh,Sarangarh-Bilaigarh,A,Sarangarh-Bilaigarh — Primary Local Mandi,28,39.8,12,11,1,TRUCK,FARMER_LOCAL_MANDI,2026-09-20,SYNTHETIC_DEMO
FML-2CFE1C5531,LOC-47F36CD5C0,MND-7801DFA5AE,Chhattisgarh,Sarangarh-Bilaigarh,B,Sarangarh-Bilaigarh — Secondary Market Yard,64,80.4,6,8,2,TRUCK,FARMER_LOCAL_MANDI,2026-09-20,SYNTHETIC_DEMO
FML-F0F6658047,LOC-47F36CD5C0,MND-764615CC60,Chhattisgarh,Sarangarh-Bilaigarh,C,Sarangarh-Bilaigarh — Regional Wholesale Market,32,52.2,7,11,1,TRUCK,FARMER_LOCAL_MANDI,2026-09-20,SYNTHETIC_DEMO
FML-D32D472C28,LOC-61F73935C0,MND-F9943F0E6C,Chhattisgarh,Sukma,A,Sukma — Primary Local Mandi,76,95.6,11,8,2,TRUCK,FARMER_LOCAL_MANDI,2026-09-20,SYNTHETIC_DEMO
FML-51982F57EE,LOC-61F73935C0,MND-81C8BB619B,Chhattisgarh,Sukma,B,Sukma — Secondary Market Yard,28,51.8,9,10,1,TRUCK,FARMER_LOCAL_MANDI,2026-09-20,SYNTHETIC_DEMO
FML-64C78BE687,LOC-61F73935C0,MND-937287ADCB,Chhattisgarh,Sukma,C,Sukma — Regional Wholesale Market,20,30.0,7,8,1,TRUCK,FARMER_LOCAL_MANDI,2026-09-20,SYNTHETIC_DEMO
FML-FD40BA9CCC,LOC-E5CF2D71FD,MND-5F40723476,Chhattisgarh,Surajpur,A,Surajpur — Primary Local Mandi,73,90.3,11,11,2,TRUCK,FARMER_LOCAL_MANDI,2026-09-20,SYNTHETIC_DEMO
FML-88910651D9,LOC-E5CF2D71FD,MND-405F6EB5F5,Chhattisgarh,Surajpur,B,Surajpur — Secondary Market Yard,57,73.7,10,8,2,TRUCK,FARMER_LOCAL_MANDI,2026-09-20,SYNTHETIC_DEMO
FML-20812D2820,LOC-E5CF2D71FD,MND-FE8D5E5A5B,Chhattisgarh,Surajpur,C,Surajpur — Regional Wholesale Market,47,63.7,5,11,2,TRUCK,FARMER_LOCAL_MANDI,2026-09-20,SYNTHETIC_DEMO
FML-A14AF02A2D,LOC-28EA322E00,MND-0083C8963D,Chhattisgarh,Surguja,A,Surguja — Primary Local Mandi,71,84.1,6,4,2,TRUCK,FARMER_LOCAL_MANDI,2026-09-20,SYNTHETIC_DEMO
FML-78DCEF647D,LOC-28EA322E00,MND-94B90A3914,Chhattisgarh,Surguja,B,Surguja — Secondary Market Yard,61,86.1,11,9,2,TRUCK,FARMER_LOCAL_MANDI,2026-09-20,SYNTHETIC_DEMO
FML-A7F31DBE34,LOC-28EA322E00,MND-4A545FD6D5,Chhattisgarh,Surguja,C,Surguja — Regional Wholesale Market,47,57.7,11,4,2,TRUCK,FARMER_LOCAL_MANDI,2026-09-20,SYNTHETIC_DEMO
FML-88BD036FEE,LOC-C0370BDBCD,MND-E6A5D1CD3E,Chhattisgarh,Uttar Bastar Kanker,A,Uttar Bastar Kanker — Primary Local Mandi,62,83.2,6,4,2,TRUCK,FARMER_LOCAL_MANDI,2026-09-20,SYNTHETIC_DEMO
FML-4F07A0492A,LOC-C0370BDBCD,MND-B89921B483,Chhattisgarh,Uttar Bastar Kanker,B,Uttar Bastar Kanker — Secondary Market Yard,79,104.9,5,4,2,TRUCK,FARMER_LOCAL_MANDI,2026-09-20,SYNTHETIC_DEMO
FML-203928FA92,LOC-C0370BDBCD,MND-C829D289C2,Chhattisgarh,Uttar Bastar Kanker,C,Uttar Bastar Kanker — Regional Wholesale Market,61,81.1,10,5,2,TRUCK,FARMER_LOCAL_MANDI,2026-09-20,SYNTHETIC_DEMO
FML-E7C6232762,LOC-57CC0E10B5,MND-B2ED1BED60,Dadra and Nagar Haveli and Daman and Diu,Dadra And Nagar Haveli,A,Dadra And Nagar Haveli — Primary Local Mandi,29,50.9,9,4,1,TRUCK,FARMER_LOCAL_MANDI,2026-09-20,SYNTHETIC_DEMO
FML-9799AFA0EB,LOC-57CC0E10B5,MND-4D2232869C,Dadra and Nagar Haveli and Daman and Diu,Dadra And Nagar Haveli,B,Dadra And Nagar Haveli — Secondary Market Yard,30,41.0,7,4,1,TRUCK,FARMER_LOCAL_MANDI,2026-09-20,SYNTHETIC_DEMO
FML-6E15A6E447,LOC-57CC0E10B5,MND-0C349F83DF,Dadra and Nagar Haveli and Daman and Diu,Dadra And Nagar Haveli,C,Dadra And Nagar Haveli — Regional Wholesale Market,10,27.0,9,6,1,TRUCK,FARMER_LOCAL_MANDI,2026-09-20,SYNTHETIC_DEMO
FML-9AB2EE39E4,LOC-B444AF5DE0,MND-ABDBB46E2C,Dadra and Nagar Haveli and Daman and Diu,Daman,A,Daman — Primary Local Mandi,17,26.7,11,4,1,TRUCK,FARMER_LOCAL_MANDI,2026-09-20,SYNTHETIC_DEMO
FML-9A8DD6F96B,LOC-B444AF5DE0,MND-EEACF4AECD,Dadra and Nagar Haveli and Daman and Diu,Daman,B,Daman — Secondary Market Yard,74,89.4,6,7,2,TRUCK,FARMER_LOCAL_MANDI,2026-09-20,SYNTHETIC_DEMO
FML-F59437C739,LOC-B444AF5DE0,MND-72751E5993,Dadra and Nagar Haveli and Daman and Diu,Daman,C,Daman — Regional Wholesale Market,78,92.8,6,10,2,TRUCK,FARMER_LOCAL_MANDI,2026-09-20,SYNTHETIC_DEMO
FML-B3641C157E,LOC-52AC92626C,MND-8981531B9E,Dadra and Nagar Haveli and Daman and Diu,Diu,A,Diu — Primary Local Mandi,68,91.8,9,10,2,TRUCK,FARMER_LOCAL_MANDI,2026-09-20,SYNTHETIC_DEMO
FML-A0C7CF68B3,LOC-52AC92626C,MND-D06FA64CB9,Dadra and Nagar Haveli and Daman and Diu,Diu,B,Diu — Secondary Market Yard,73,90.3,5,8,2,TRUCK,FARMER_LOCAL_MANDI,2026-09-20,SYNTHETIC_DEMO
FML-1DF0420E45,LOC-52AC92626C,MND-46B413B63F,Dadra and Nagar Haveli and Daman and Diu,Diu,C,Diu — Regional Wholesale Market,6,18,10,4,1,TRUCK,FARMER_LOCAL_MANDI,2026-09-20,SYNTHETIC_DEMO
FML-84EF91EE09,LOC-68D60DF254,MND-185946DF2C,Delhi,Central,A,Central — Primary Local Mandi,22,33.2,14,6,1,TRUCK,FARMER_LOCAL_MANDI,2026-09-20,SYNTHETIC_DEMO
FML-918B64C375,LOC-68D60DF254,MND-D26597703F,Delhi,Central,B,Central — Secondary Market Yard,52,67.2,12,7,2,TRUCK,FARMER_LOCAL_MANDI,2026-09-20,SYNTHETIC_DEMO
FML-23801D9392,LOC-68D60DF254,MND-736F12CDD0,Delhi,Central,C,Central — Regional Wholesale Market,47,63.7,5,8,2,TRUCK,FARMER_LOCAL_MANDI,2026-09-20,SYNTHETIC_DEMO
FML-87E38A41C2,LOC-64E146C459,MND-4E5B784E16,Delhi,East,A,East — Primary Local Mandi,24,43.4,9,5,1,TRUCK,FARMER_LOCAL_MANDI,2026-09-20,SYNTHETIC_DEMO
FML-F9B1B2C092,LOC-64E146C459,MND-39D97B39C3,Delhi,East,B,East — Secondary Market Yard,78,93.8,11,8,2,TRUCK,FARMER_LOCAL_MANDI,2026-09-20,SYNTHETIC_DEMO
FML-32B6CD8EBA,LOC-64E146C459,MND-430306F9FC,Delhi,East,C,East — Regional Wholesale Market,40,59.0,11,9,1,TRUCK,FARMER_LOCAL_MANDI,2026-09-20,SYNTHETIC_DEMO
FML-07D6017205,LOC-503AD28F21,MND-D047543928,Delhi,New Delhi,A,New Delhi — Primary Local Mandi,34,56.4,12,10,1,TRUCK,FARMER_LOCAL_MANDI,2026-09-20,SYNTHETIC_DEMO
FML-E765E610F7,LOC-503AD28F21,MND-3A5FD148D8,Delhi,New Delhi,B,New Delhi — Secondary Market Yard,66,94.6,14,9,2,TRUCK,FARMER_LOCAL_MANDI,2026-09-20,SYNTHETIC_DEMO
FML-2A81D2AFC2,LOC-503AD28F21,MND-4A3B739FB3,Delhi,New Delhi,C,New Delhi — Regional Wholesale Market,57,71.7,5,5,2,TRUCK,FARMER_LOCAL_MANDI,2026-09-20,SYNTHETIC_DEMO
FML-C2C88ACE8B,LOC-6AF782D511,MND-9CF8376FC7,Delhi,North,A,North — Primary Local Mandi,44,60.4,11,9,1,TRUCK,FARMER_LOCAL_MANDI,2026-09-20,SYNTHETIC_DEMO
FML-417BA734C4,LOC-6AF782D511,MND-62C3BEC6A4,Delhi,North,B,North — Secondary Market Yard,11,20.1,8,4,1,TRUCK,FARMER_LOCAL_MANDI,2026-09-20,SYNTHETIC_DEMO
FML-0412C8E439,LOC-6AF782D511,MND-8B33C12F0E,Delhi,North,C,North — Regional Wholesale Market,34,46.4,13,6,1,TRUCK,FARMER_LOCAL_MANDI,2026-09-20,SYNTHETIC_DEMO
FML-A7D040D899,LOC-1C49D006F6,MND-CDC0975791,Delhi,North East,A,North East — Primary Local Mandi,52,74.2,9,11,2,TRUCK,FARMER_LOCAL_MANDI,2026-09-20,SYNTHETIC_DEMO
FML-A175AAE42D,LOC-1C49D006F6,MND-4417D28A29,Delhi,North East,B,North East — Secondary Market Yard,23,47.3,14,4,1,TRUCK,FARMER_LOCAL_MANDI,2026-09-20,SYNTHETIC_DEMO
FML-7CA098F203,LOC-1C49D006F6,MND-C6422F2DF6,Delhi,North East,C,North East — Regional Wholesale Market,30,44.0,5,7,1,TRUCK,FARMER_LOCAL_MANDI,2026-09-20,SYNTHETIC_DEMO
FML-26CE3FC211,LOC-9990B7B1FD,MND-1F98BD2D45,Delhi,North West,A,North West — Primary Local Mandi,51,67.1,14,11,2,TRUCK,FARMER_LOCAL_MANDI,2026-09-20,SYNTHETIC_DEMO
FML-144F125DC2,LOC-9990B7B1FD,MND-6747B20C68,Delhi,North West,B,North West — Secondary Market Yard,49,70.9,5,11,2,TRUCK,FARMER_LOCAL_MANDI,2026-09-20,SYNTHETIC_DEMO
FML-0138C47DB8,LOC-9990B7B1FD,MND-92072A86B4,Delhi,North West,C,North West — Regional Wholesale Market,46,70.6,14,7,2,TRUCK,FARMER_LOCAL_MANDI,2026-09-20,SYNTHETIC_DEMO
FML-B8BBAE268C,LOC-2CEF692855,MND-F2564089AF,Delhi,Shahdara,A,Shahdara — Primary Local Mandi,25,34.5,7,11,1,TRUCK,FARMER_LOCAL_MANDI,2026-09-20,SYNTHETIC_DEMO
FML-0276A396A3,LOC-2CEF692855,MND-43FB049F59,Delhi,Shahdara,B,Shahdara — Secondary Market Yard,18,36.8,9,8,1,TRUCK,FARMER_LOCAL_MANDI,2026-09-20,SYNTHETIC_DEMO
FML-941E150022,LOC-2CEF692855,MND-8595A85357,Delhi,Shahdara,C,Shahdara — Regional Wholesale Market,21,32.1,8,4,1,TRUCK,FARMER_LOCAL_MANDI,2026-09-20,SYNTHETIC_DEMO
FML-F1F9C4B138,LOC-B829B8B09C,MND-7C612B36FE,Delhi,South,A,South — Primary Local Mandi,61,84.1,10,4,2,TRUCK,FARMER_LOCAL_MANDI,2026-09-20,SYNTHETIC_DEMO
FML-E32A466C0B,LOC-B829B8B09C,MND-E2B75755F5,Delhi,South,B,South — Secondary Market Yard,51,69.1,14,5,2,TRUCK,FARMER_LOCAL_MANDI,2026-09-20,SYNTHETIC_DEMO
FML-6A73D57CB4,LOC-B829B8B09C,MND-E69750ED1A,Delhi,South,C,South — Regional Wholesale Market,11,23.1,10,8,1,TRUCK,FARMER_LOCAL_MANDI,2026-09-20,SYNTHETIC_DEMO
FML-7A1DC09608,LOC-0816224D0F,MND-B8B5D8E61C,Delhi,South East,A,South East — Primary Local Mandi,67,86.7,7,7,2,TRUCK,FARMER_LOCAL_MANDI,2026-09-20,SYNTHETIC_DEMO
FML-C39E676F35,LOC-0816224D0F,MND-8797B10555,Delhi,South East,B,South East — Secondary Market Yard,10,19.0,14,10,1,TRUCK,FARMER_LOCAL_MANDI,2026-09-20,SYNTHETIC_DEMO
FML-98DF286FA8,LOC-0816224D0F,MND-AE0545CC01,Delhi,South East,C,South East — Regional Wholesale Market,71,92.1,7,5,2,TRUCK,FARMER_LOCAL_MANDI,2026-09-20,SYNTHETIC_DEMO
FML-3594DCFD5E,LOC-2527E1F43F,MND-3FC35BFC9C,Delhi,South West,A,South West — Primary Local Mandi,48,64.8,14,9,2,TRUCK,FARMER_LOCAL_MANDI,2026-09-20,SYNTHETIC_DEMO
FML-FC34576954,LOC-2527E1F43F,MND-478B14B224,Delhi,South West,B,South West — Secondary Market Yard,25,40.5,13,8,1,TRUCK,FARMER_LOCAL_MANDI,2026-09-20,SYNTHETIC_DEMO
FML-1C772E5184,LOC-2527E1F43F,MND-BB52703953,Delhi,South West,C,South West — Regional Wholesale Market,48,70.8,13,9,2,TRUCK,FARMER_LOCAL_MANDI,2026-09-20,SYNTHETIC_DEMO
FML-154E01106A,LOC-17E3B8052D,MND-914AD44F7F,Delhi,West,A,West — Primary Local Mandi,49,66.9,11,8,2,TRUCK,FARMER_LOCAL_MANDI,2026-09-20,SYNTHETIC_DEMO
FML-7E494BD93C,LOC-17E3B8052D,MND-0BA6C864CD,Delhi,West,B,West — Secondary Market Yard,50,64.0,11,7,2,TRUCK,FARMER_LOCAL_MANDI,2026-09-20,SYNTHETIC_DEMO
FML-958CAE44C5,LOC-17E3B8052D,MND-F9A6BC2083,Delhi,West,C,West — Regional Wholesale Market,11,27.1,9,10,1,TRUCK,FARMER_LOCAL_MANDI,2026-09-20,SYNTHETIC_DEMO
FML-743D6D8045,LOC-FBA70E4A42,MND-191B0FD626,Goa,Kushavati,A,Kushavati — Primary Local Mandi,77,105.7,7,7,2,TRUCK,FARMER_LOCAL_MANDI,2026-09-20,SYNTHETIC_DEMO
FML-E23BBB2EAA,LOC-FBA70E4A42,MND-E65F724643,Goa,Kushavati,B,Kushavati — Secondary Market Yard,59,84.9,11,11,2,TRUCK,FARMER_LOCAL_MANDI,2026-09-20,SYNTHETIC_DEMO
FML-48EF9CAD5D,LOC-FBA70E4A42,MND-5604E484FA,Goa,Kushavati,C,Kushavati — Regional Wholesale Market,75,90.5,9,11,2,TRUCK,FARMER_LOCAL_MANDI,2026-09-20,SYNTHETIC_DEMO
FML-FA23176D6C,LOC-75E875F65E,MND-5FABE81892,Goa,North Goa,A,North Goa — Primary Local Mandi,10,21.0,13,5,1,TRUCK,FARMER_LOCAL_MANDI,2026-09-20,SYNTHETIC_DEMO
FML-54FCA7ADDD,LOC-75E875F65E,MND-2138F6193D,Goa,North Goa,B,North Goa — Secondary Market Yard,32,54.2,5,5,1,TRUCK,FARMER_LOCAL_MANDI,2026-09-20,SYNTHETIC_DEMO
FML-5AFAC762B7,LOC-75E875F65E,MND-A1FD8591CA,Goa,North Goa,C,North Goa — Regional Wholesale Market,24,44.4,14,7,1,TRUCK,FARMER_LOCAL_MANDI,2026-09-20,SYNTHETIC_DEMO
FML-533A532CAC,LOC-1321F7271A,MND-7D2E9C013C,Goa,South Goa,A,South Goa — Primary Local Mandi,80,108.0,7,10,2,TRUCK,FARMER_LOCAL_MANDI,2026-09-20,SYNTHETIC_DEMO
FML-AE581F3C3F,LOC-1321F7271A,MND-81468B6CCD,Goa,South Goa,B,South Goa — Secondary Market Yard,16,27.6,6,4,1,TRUCK,FARMER_LOCAL_MANDI,2026-09-20,SYNTHETIC_DEMO
FML-48A2CB55FC,LOC-1321F7271A,MND-11A3D860AE,Goa,South Goa,C,South Goa — Regional Wholesale Market,14,27.4,10,5,1,TRUCK,FARMER_LOCAL_MANDI,2026-09-20,SYNTHETIC_DEMO
FML-36CC94D8F5,LOC-537DE6D11C,MND-6033B0B6C0,Gujarat,Ahmedabad,A,Ahmedabad — Primary Local Mandi,65,79.5,12,5,2,TRUCK,FARMER_LOCAL_MANDI,2026-09-20,SYNTHETIC_DEMO
FML-4279FE25F2,LOC-537DE6D11C,MND-91D1E1A754,Gujarat,Ahmedabad,B,Ahmedabad — Secondary Market Yard,77,101.7,11,11,2,TRUCK,FARMER_LOCAL_MANDI,2026-09-20,SYNTHETIC_DEMO
FML-914FDA164E,LOC-537DE6D11C,MND-8FA8FA521E,Gujarat,Ahmedabad,C,Ahmedabad — Regional Wholesale Market,45,63.5,9,6,1,TRUCK,FARMER_LOCAL_MANDI,2026-09-20,SYNTHETIC_DEMO
FML-86282DB014,LOC-F33223D5CA,MND-612F384148,Gujarat,Amreli,A,Amreli — Primary Local Mandi,65,89.5,9,4,2,TRUCK,FARMER_LOCAL_MANDI,2026-09-20,SYNTHETIC_DEMO
FML-880DEA64F9,LOC-F33223D5CA,MND-F0C7D86A4D,Gujarat,Amreli,B,Amreli — Secondary Market Yard,41,64.1,13,4,1,TRUCK,FARMER_LOCAL_MANDI,2026-09-20,SYNTHETIC_DEMO
FML-47D622EEF8,LOC-F33223D5CA,MND-9A1845E5F7,Gujarat,Amreli,C,Amreli — Regional Wholesale Market,15,23.5,13,4,1,TRUCK,FARMER_LOCAL_MANDI,2026-09-20,SYNTHETIC_DEMO
FML-9E91CAEB51,LOC-DAEAB91299,MND-AFD2FF178F,Gujarat,Anand,A,Anand — Primary Local Mandi,48,74.8,5,4,2,TRUCK,FARMER_LOCAL_MANDI,2026-09-20,SYNTHETIC_DEMO
FML-B52F8ADA1A,LOC-DAEAB91299,MND-2E3CEB7853,Gujarat,Anand,B,Anand — Secondary Market Yard,12,35.2,12,6,1,TRUCK,FARMER_LOCAL_MANDI,2026-09-20,SYNTHETIC_DEMO
FML-67A5B1581D,LOC-DAEAB91299,MND-A4421EB086,Gujarat,Anand,C,Anand — Regional Wholesale Market,64,76.4,9,10,2,TRUCK,FARMER_LOCAL_MANDI,2026-09-20,SYNTHETIC_DEMO
FML-485F2D6D46,LOC-F28DBEF1A4,MND-63D772C0C8,Gujarat,Arvalli,A,Arvalli — Primary Local Mandi,61,89.1,14,6,2,TRUCK,FARMER_LOCAL_MANDI,2026-09-20,SYNTHETIC_DEMO
FML-D7CD0B5790,LOC-F28DBEF1A4,MND-751BA0865C,Gujarat,Arvalli,B,Arvalli — Secondary Market Yard,52,63.2,11,4,2,TRUCK,FARMER_LOCAL_MANDI,2026-09-20,SYNTHETIC_DEMO
FML-0471D1D98B,LOC-F28DBEF1A4,MND-24407D044D,Gujarat,Arvalli,C,Arvalli — Regional Wholesale Market,26,37.6,12,7,1,TRUCK,FARMER_LOCAL_MANDI,2026-09-20,SYNTHETIC_DEMO
FML-7115B41B8B,LOC-B4FB4725FD,MND-1659BA4909,Gujarat,Banas Kantha,A,Banas Kantha — Primary Local Mandi,41,58.1,8,10,1,TRUCK,FARMER_LOCAL_MANDI,2026-09-20,SYNTHETIC_DEMO
FML-C098002BE8,LOC-B4FB4725FD,MND-3D86FEC357,Gujarat,Banas Kantha,B,Banas Kantha — Secondary Market Yard,10,28.0,9,9,1,TRUCK,FARMER_LOCAL_MANDI,2026-09-20,SYNTHETIC_DEMO
FML-3660FDE76D,LOC-B4FB4725FD,MND-A646983F28,Gujarat,Banas Kantha,C,Banas Kantha — Regional Wholesale Market,42,65.2,7,9,1,TRUCK,FARMER_LOCAL_MANDI,2026-09-20,SYNTHETIC_DEMO
FML-A76C07315D,LOC-966C0B5897,MND-1AEAD2B15F,Gujarat,Bharuch,A,Bharuch — Primary Local Mandi,18,41.8,8,6,1,TRUCK,FARMER_LOCAL_MANDI,2026-09-20,SYNTHETIC_DEMO
FML-C9DD845883,LOC-966C0B5897,MND-9F298BEFFC,Gujarat,Bharuch,B,Bharuch — Secondary Market Yard,18,41.8,14,6,1,TRUCK,FARMER_LOCAL_MANDI,2026-09-20,SYNTHETIC_DEMO
FML-7E0EDCDA3F,LOC-966C0B5897,MND-EA60FA8BBB,Gujarat,Bharuch,C,Bharuch — Regional Wholesale Market,58,84.8,7,7,2,TRUCK,FARMER_LOCAL_MANDI,2026-09-20,SYNTHETIC_DEMO
FML-611A934009,LOC-94B32EEB1F,MND-8266340E52,Gujarat,Bhavnagar,A,Bhavnagar — Primary Local Mandi,40,56.0,12,10,1,TRUCK,FARMER_LOCAL_MANDI,2026-09-20,SYNTHETIC_DEMO
FML-2929668C2C,LOC-94B32EEB1F,MND-EF24BA9D18,Gujarat,Bhavnagar,B,Bhavnagar — Secondary Market Yard,19,35.9,13,11,1,TRUCK,FARMER_LOCAL_MANDI,2026-09-20,SYNTHETIC_DEMO
FML-48E20E5DC8,LOC-94B32EEB1F,MND-3FAF0CADC3,Gujarat,Bhavnagar,C,Bhavnagar — Regional Wholesale Market,45,55.5,10,5,1,TRUCK,FARMER_LOCAL_MANDI,2026-09-20,SYNTHETIC_DEMO
FML-79664B5E8B,LOC-B850A75C03,MND-52C82D438B,Gujarat,Botad,A,Botad — Primary Local Mandi,22,45.2,11,11,1,TRUCK,FARMER_LOCAL_MANDI,2026-09-20,SYNTHETIC_DEMO
FML-5D208C4C8E,LOC-B850A75C03,MND-B53007AD5D,Gujarat,Botad,B,Botad — Secondary Market Yard,52,70.2,12,8,2,TRUCK,FARMER_LOCAL_MANDI,2026-09-20,SYNTHETIC_DEMO
FML-2E5ADE374F,LOC-B850A75C03,MND-66F5D609CB,Gujarat,Botad,C,Botad — Regional Wholesale Market,11,24.1,11,10,1,TRUCK,FARMER_LOCAL_MANDI,2026-09-20,SYNTHETIC_DEMO
FML-AF6AE92702,LOC-2734E346AA,MND-8FA124EB14,Gujarat,Chhotaudepur,A,Chhotaudepur — Primary Local Mandi,38,57.8,13,9,1,TRUCK,FARMER_LOCAL_MANDI,2026-09-20,SYNTHETIC_DEMO
FML-2827945E4A,LOC-2734E346AA,MND-3ED586210A,Gujarat,Chhotaudepur,B,Chhotaudepur — Secondary Market Yard,66,86.6,6,7,2,TRUCK,FARMER_LOCAL_MANDI,2026-09-20,SYNTHETIC_DEMO
FML-71FD073E95,LOC-2734E346AA,MND-1BDEA5E805,Gujarat,Chhotaudepur,C,Chhotaudepur — Regional Wholesale Market,7,18,10,8,1,TRUCK,FARMER_LOCAL_MANDI,2026-09-20,SYNTHETIC_DEMO
FML-BDFFF45BB1,LOC-48787AD728,MND-5611400761,Gujarat,Dahod,A,Dahod — Primary Local Mandi,36,60.6,12,7,1,TRUCK,FARMER_LOCAL_MANDI,2026-09-20,SYNTHETIC_DEMO
FML-D6338F32AC,LOC-48787AD728,MND-5D9A463444,Gujarat,Dahod,B,Dahod — Secondary Market Yard,52,73.2,6,9,2,TRUCK,FARMER_LOCAL_MANDI,2026-09-20,SYNTHETIC_DEMO
FML-5B3A1F701E,LOC-48787AD728,MND-4650EAA9AA,Gujarat,Dahod,C,Dahod — Regional Wholesale Market,37,62.7,11,9,1,TRUCK,FARMER_LOCAL_MANDI,2026-09-20,SYNTHETIC_DEMO
FML-DFDF6E5B60,LOC-E02166BB7D,MND-209B68FDC9,Gujarat,Dangs,A,Dangs — Primary Local Mandi,18,31.8,6,10,1,TRUCK,FARMER_LOCAL_MANDI,2026-09-20,SYNTHETIC_DEMO
FML-0C5DFCAFDB,LOC-E02166BB7D,MND-A9B99D51AC,Gujarat,Dangs,B,Dangs — Secondary Market Yard,5,18,6,7,1,TRUCK,FARMER_LOCAL_MANDI,2026-09-20,SYNTHETIC_DEMO
FML-E5F5129233,LOC-E02166BB7D,MND-EE246D176F,Gujarat,Dangs,C,Dangs — Regional Wholesale Market,27,45.7,9,8,1,TRUCK,FARMER_LOCAL_MANDI,2026-09-20,SYNTHETIC_DEMO
FML-23AEEE1838,LOC-CD0450E6F7,MND-F39000EFBC,Gujarat,Devbhumi Dwarka,A,Devbhumi Dwarka — Primary Local Mandi,53,80.3,11,5,2,TRUCK,FARMER_LOCAL_MANDI,2026-09-20,SYNTHETIC_DEMO
FML-2AD560ADA1,LOC-CD0450E6F7,MND-6C38217C2D,Gujarat,Devbhumi Dwarka,B,Devbhumi Dwarka — Secondary Market Yard,73,102.3,6,5,2,TRUCK,FARMER_LOCAL_MANDI,2026-09-20,SYNTHETIC_DEMO
FML-7339170DA6,LOC-CD0450E6F7,MND-679A7BC35E,Gujarat,Devbhumi Dwarka,C,Devbhumi Dwarka — Regional Wholesale Market,15,23.5,10,9,1,TRUCK,FARMER_LOCAL_MANDI,2026-09-20,SYNTHETIC_DEMO
FML-7CA255D8FB,LOC-E18544008B,MND-EB56298147,Gujarat,Gandhinagar,A,Gandhinagar — Primary Local Mandi,15,22.5,14,6,1,TRUCK,FARMER_LOCAL_MANDI,2026-09-20,SYNTHETIC_DEMO
FML-2563EEF7B7,LOC-E18544008B,MND-C3D2E7BCD6,Gujarat,Gandhinagar,B,Gandhinagar — Secondary Market Yard,46,63.6,13,7,2,TRUCK,FARMER_LOCAL_MANDI,2026-09-20,SYNTHETIC_DEMO
FML-CC588CD5AA,LOC-E18544008B,MND-15F35E2A70,Gujarat,Gandhinagar,C,Gandhinagar — Regional Wholesale Market,31,47.1,5,8,1,TRUCK,FARMER_LOCAL_MANDI,2026-09-20,SYNTHETIC_DEMO
FML-AC4945E1C5,LOC-39FA4B095C,MND-F2490D9EB0,Gujarat,Gir Somnath,A,Gir Somnath — Primary Local Mandi,30,43.0,12,7,1,TRUCK,FARMER_LOCAL_MANDI,2026-09-20,SYNTHETIC_DEMO
FML-FBA802CA4A,LOC-39FA4B095C,MND-4ACE4ECB0D,Gujarat,Gir Somnath,B,Gir Somnath — Secondary Market Yard,50,74.0,8,8,2,TRUCK,FARMER_LOCAL_MANDI,2026-09-20,SYNTHETIC_DEMO
FML-5C0356A3CB,LOC-39FA4B095C,MND-BC638FB9B5,Gujarat,Gir Somnath,C,Gir Somnath — Regional Wholesale Market,50,62.0,10,6,2,TRUCK,FARMER_LOCAL_MANDI,2026-09-20,SYNTHETIC_DEMO
FML-DB6922FE75,LOC-002DC431E8,MND-F7F54F3E53,Gujarat,Jamnagar,A,Jamnagar — Primary Local Mandi,43,69.3,10,6,1,TRUCK,FARMER_LOCAL_MANDI,2026-09-20,SYNTHETIC_DEMO
FML-2499536F39,LOC-002DC431E8,MND-69BEF77DC6,Gujarat,Jamnagar,B,Jamnagar — Secondary Market Yard,16,23.6,9,11,1,TRUCK,FARMER_LOCAL_MANDI,2026-09-20,SYNTHETIC_DEMO
FML-471C9284B8,LOC-002DC431E8,MND-AA49DAB193,Gujarat,Jamnagar,C,Jamnagar — Regional Wholesale Market,43,59.3,9,9,1,TRUCK,FARMER_LOCAL_MANDI,2026-09-20,SYNTHETIC_DEMO
FML-75FC63ACF8,LOC-7A211B6E4B,MND-689519E16C,Gujarat,Junagadh,A,Junagadh — Primary Local Mandi,15,27.5,8,4,1,TRUCK,FARMER_LOCAL_MANDI,2026-09-20,SYNTHETIC_DEMO
FML-94A9F701C9,LOC-7A211B6E4B,MND-99305CC86A,Gujarat,Junagadh,B,Junagadh — Secondary Market Yard,22,35.2,14,8,1,TRUCK,FARMER_LOCAL_MANDI,2026-09-20,SYNTHETIC_DEMO
FML-16124F783B,LOC-7A211B6E4B,MND-3E93CB47C7,Gujarat,Junagadh,C,Junagadh — Regional Wholesale Market,80,103.0,8,7,2,TRUCK,FARMER_LOCAL_MANDI,2026-09-20,SYNTHETIC_DEMO
FML-F3E709D013,LOC-2E054DDA34,MND-59E23477CE,Gujarat,Kachchh,A,Kachchh — Primary Local Mandi,15,36.5,9,4,1,TRUCK,FARMER_LOCAL_MANDI,2026-09-20,SYNTHETIC_DEMO
FML-99342599E8,LOC-2E054DDA34,MND-398A87B571,Gujarat,Kachchh,B,Kachchh — Secondary Market Yard,26,44.6,10,10,1,TRUCK,FARMER_LOCAL_MANDI,2026-09-20,SYNTHETIC_DEMO
FML-B7423FC6B1,LOC-2E054DDA34,MND-448A1CA74E,Gujarat,Kachchh,C,Kachchh — Regional Wholesale Market,16,30.6,12,8,1,TRUCK,FARMER_LOCAL_MANDI,2026-09-20,SYNTHETIC_DEMO
FML-AFF6271D40,LOC-C7BDA86A9D,MND-385F5D8008,Gujarat,Kheda,A,Kheda — Primary Local Mandi,7,18,7,5,1,TRUCK,FARMER_LOCAL_MANDI,2026-09-20,SYNTHETIC_DEMO
FML-BC0802260E,LOC-C7BDA86A9D,MND-BDE637F881,Gujarat,Kheda,B,Kheda — Secondary Market Yard,44,68.4,11,4,1,TRUCK,FARMER_LOCAL_MANDI,2026-09-20,SYNTHETIC_DEMO
FML-941FBE87D8,LOC-C7BDA86A9D,MND-623FAD851F,Gujarat,Kheda,C,Kheda — Regional Wholesale Market,49,70.9,13,7,2,TRUCK,FARMER_LOCAL_MANDI,2026-09-20,SYNTHETIC_DEMO
FML-6964D420AC,LOC-F56DEC6ADA,MND-3F5D0F2918,Gujarat,Mahesana,A,Mahesana — Primary Local Mandi,54,81.4,7,8,2,TRUCK,FARMER_LOCAL_MANDI,2026-09-20,SYNTHETIC_DEMO
FML-44E7B9301E,LOC-F56DEC6ADA,MND-230D8F0C47,Gujarat,Mahesana,B,Mahesana — Secondary Market Yard,22,39.2,6,4,1,TRUCK,FARMER_LOCAL_MANDI,2026-09-20,SYNTHETIC_DEMO
FML-258CA3D4A1,LOC-F56DEC6ADA,MND-D78F7328E0,Gujarat,Mahesana,C,Mahesana — Regional Wholesale Market,74,95.4,13,9,2,TRUCK,FARMER_LOCAL_MANDI,2026-09-20,SYNTHETIC_DEMO
FML-D9DFBFC1DB,LOC-0A3CA405E8,MND-7026815BD7,Gujarat,Mahisagar,A,Mahisagar — Primary Local Mandi,26,41.6,9,11,1,TRUCK,FARMER_LOCAL_MANDI,2026-09-20,SYNTHETIC_DEMO
FML-7DB2165011,LOC-0A3CA405E8,MND-3B0C552BC0,Gujarat,Mahisagar,B,Mahisagar — Secondary Market Yard,69,93.9,8,11,2,TRUCK,FARMER_LOCAL_MANDI,2026-09-20,SYNTHETIC_DEMO
FML-2B66C9332F,LOC-0A3CA405E8,MND-35EE2CB830,Gujarat,Mahisagar,C,Mahisagar — Regional Wholesale Market,49,65.9,11,7,2,TRUCK,FARMER_LOCAL_MANDI,2026-09-20,SYNTHETIC_DEMO
FML-0FA8835B23,LOC-A406B317B4,MND-6F0132FCDF,Gujarat,Morbi,A,Morbi — Primary Local Mandi,74,97.4,5,7,2,TRUCK,FARMER_LOCAL_MANDI,2026-09-20,SYNTHETIC_DEMO
FML-20579C0F32,LOC-A406B317B4,MND-F38B1221BF,Gujarat,Morbi,B,Morbi — Secondary Market Yard,42,60.2,11,10,1,TRUCK,FARMER_LOCAL_MANDI,2026-09-20,SYNTHETIC_DEMO
FML-7B2B0758D2,LOC-A406B317B4,MND-A47F2F2754,Gujarat,Morbi,C,Morbi — Regional Wholesale Market,46,67.6,9,5,2,TRUCK,FARMER_LOCAL_MANDI,2026-09-20,SYNTHETIC_DEMO
FML-448FFDDE48,LOC-D52599B2FF,MND-28C00E2C51,Gujarat,Narmada,A,Narmada — Primary Local Mandi,48,68.8,11,10,2,TRUCK,FARMER_LOCAL_MANDI,2026-09-20,SYNTHETIC_DEMO
FML-ABC17BDB37,LOC-D52599B2FF,MND-9C79F34DAF,Gujarat,Narmada,B,Narmada — Secondary Market Yard,16,30.6,10,5,1,TRUCK,FARMER_LOCAL_MANDI,2026-09-20,SYNTHETIC_DEMO
FML-E50E6F1594,LOC-D52599B2FF,MND-F989E28C3B,Gujarat,Narmada,C,Narmada — Regional Wholesale Market,24,35.4,10,8,1,TRUCK,FARMER_LOCAL_MANDI,2026-09-20,SYNTHETIC_DEMO
FML-162A07D3F9,LOC-B406A57CDD,MND-B3D0D6A6A4,Gujarat,Navsari,A,Navsari — Primary Local Mandi,24,42.4,7,7,1,TRUCK,FARMER_LOCAL_MANDI,2026-09-20,SYNTHETIC_DEMO
FML-9C4AA19D3C,LOC-B406A57CDD,MND-7FAEE6AE17,Gujarat,Navsari,B,Navsari — Secondary Market Yard,50,65.0,5,8,2,TRUCK,FARMER_LOCAL_MANDI,2026-09-20,SYNTHETIC_DEMO
FML-B73EFD79D4,LOC-B406A57CDD,MND-C14BBAA505,Gujarat,Navsari,C,Navsari — Regional Wholesale Market,9,26.9,5,6,1,TRUCK,FARMER_LOCAL_MANDI,2026-09-20,SYNTHETIC_DEMO
FML-BE6B8E00C0,LOC-2098E059C1,MND-D69C2CCA7D,Gujarat,Panch Mahals,A,Panch Mahals — Primary Local Mandi,57,74.7,13,9,2,TRUCK,FARMER_LOCAL_MANDI,2026-09-20,SYNTHETIC_DEMO
FML-AADF069256,LOC-2098E059C1,MND-1C11DDE735,Gujarat,Panch Mahals,B,Panch Mahals — Secondary Market Yard,62,89.2,12,4,2,TRUCK,FARMER_LOCAL_MANDI,2026-09-20,SYNTHETIC_DEMO
FML-BB58E74B50,LOC-2098E059C1,MND-0C51FFFA65,Gujarat,Panch Mahals,C,Panch Mahals — Regional Wholesale Market,37,62.7,11,11,1,TRUCK,FARMER_LOCAL_MANDI,2026-09-20,SYNTHETIC_DEMO
FML-7617613F96,LOC-766C1DB36B,MND-13EE24941A,Gujarat,Patan,A,Patan — Primary Local Mandi,61,83.1,5,8,2,TRUCK,FARMER_LOCAL_MANDI,2026-09-20,SYNTHETIC_DEMO
FML-E30F8EC544,LOC-766C1DB36B,MND-110521F44D,Gujarat,Patan,B,Patan — Secondary Market Yard,68,80.8,7,4,2,TRUCK,FARMER_LOCAL_MANDI,2026-09-20,SYNTHETIC_DEMO
FML-63D550B9D8,LOC-766C1DB36B,MND-F2E169DA85,Gujarat,Patan,C,Patan — Regional Wholesale Market,47,64.7,14,11,2,TRUCK,FARMER_LOCAL_MANDI,2026-09-20,SYNTHETIC_DEMO
FML-F80E866E38,LOC-27C33365AC,MND-A73F3CB82E,Gujarat,Porbandar,A,Porbandar — Primary Local Mandi,77,92.7,8,6,2,TRUCK,FARMER_LOCAL_MANDI,2026-09-20,SYNTHETIC_DEMO
FML-2003B65EC3,LOC-27C33365AC,MND-59B60665A9,Gujarat,Porbandar,B,Porbandar — Secondary Market Yard,69,88.9,6,4,2,TRUCK,FARMER_LOCAL_MANDI,2026-09-20,SYNTHETIC_DEMO
FML-12C35C39C8,LOC-27C33365AC,MND-38B694285C,Gujarat,Porbandar,C,Porbandar — Regional Wholesale Market,65,89.5,6,4,2,TRUCK,FARMER_LOCAL_MANDI,2026-09-20,SYNTHETIC_DEMO
FML-2AF81D5C19,LOC-5AC26FF013,MND-6C6740562E,Gujarat,Rajkot,A,Rajkot — Primary Local Mandi,62,82.2,6,7,2,TRUCK,FARMER_LOCAL_MANDI,2026-09-20,SYNTHETIC_DEMO
FML-942463A377,LOC-5AC26FF013,MND-23E332755F,Gujarat,Rajkot,B,Rajkot — Secondary Market Yard,35,56.5,8,11,1,TRUCK,FARMER_LOCAL_MANDI,2026-09-20,SYNTHETIC_DEMO
FML-BD2C645107,LOC-5AC26FF013,MND-7918BC65A5,Gujarat,Rajkot,C,Rajkot — Regional Wholesale Market,29,53.9,9,6,1,TRUCK,FARMER_LOCAL_MANDI,2026-09-20,SYNTHETIC_DEMO
FML-64E594759A,LOC-8B2489A540,MND-CC1985BABE,Gujarat,Sabarkantha,A,Sabarkantha — Primary Local Mandi,58,71.8,14,7,2,TRUCK,FARMER_LOCAL_MANDI,2026-09-20,SYNTHETIC_DEMO
FML-EC12E4635D,LOC-8B2489A540,MND-73DE16561B,Gujarat,Sabarkantha,B,Sabarkantha — Secondary Market Yard,8,29.8,8,4,1,TRUCK,FARMER_LOCAL_MANDI,2026-09-20,SYNTHETIC_DEMO
FML-E78C06DF7E,LOC-8B2489A540,MND-166CD3F694,Gujarat,Sabarkantha,C,Sabarkantha — Regional Wholesale Market,20,35.0,11,8,1,TRUCK,FARMER_LOCAL_MANDI,2026-09-20,SYNTHETIC_DEMO
FML-0F017945C3,LOC-9F933ED133,MND-6CB0109E63,Gujarat,Surat,A,Surat — Primary Local Mandi,22,38.2,9,8,1,TRUCK,FARMER_LOCAL_MANDI,2026-09-20,SYNTHETIC_DEMO
FML-8586A56164,LOC-9F933ED133,MND-4EC96899CA,Gujarat,Surat,B,Surat — Secondary Market Yard,16,33.6,10,7,1,TRUCK,FARMER_LOCAL_MANDI,2026-09-20,SYNTHETIC_DEMO
FML-4219F696FA,LOC-9F933ED133,MND-799E18A6DE,Gujarat,Surat,C,Surat — Regional Wholesale Market,7,26.7,14,9,1,TRUCK,FARMER_LOCAL_MANDI,2026-09-20,SYNTHETIC_DEMO
FML-120685014D,LOC-0FBF914BD4,MND-4E2743F5D2,Gujarat,Surendranagar,A,Surendranagar — Primary Local Mandi,34,47.4,12,5,1,TRUCK,FARMER_LOCAL_MANDI,2026-09-20,SYNTHETIC_DEMO
FML-3B9F478E09,LOC-0FBF914BD4,MND-DB3DC0F679,Gujarat,Surendranagar,B,Surendranagar — Secondary Market Yard,74,100.4,9,10,2,TRUCK,FARMER_LOCAL_MANDI,2026-09-20,SYNTHETIC_DEMO
FML-BA17041D19,LOC-0FBF914BD4,MND-6307B9309C,Gujarat,Surendranagar,C,Surendranagar — Regional Wholesale Market,78,106.8,14,8,2,TRUCK,FARMER_LOCAL_MANDI,2026-09-20,SYNTHETIC_DEMO
FML-D13A00C803,LOC-EA7CAD0AC6,MND-370E1B16DD,Gujarat,Tapi,A,Tapi — Primary Local Mandi,10,25.0,10,11,1,TRUCK,FARMER_LOCAL_MANDI,2026-09-20,SYNTHETIC_DEMO
FML-E5978747D7,LOC-EA7CAD0AC6,MND-9F26200EFA,Gujarat,Tapi,B,Tapi — Secondary Market Yard,6,18,8,7,1,TRUCK,FARMER_LOCAL_MANDI,2026-09-20,SYNTHETIC_DEMO
FML-BD1217789E,LOC-EA7CAD0AC6,MND-6C1273684F,Gujarat,Tapi,C,Tapi — Regional Wholesale Market,67,94.7,7,11,2,TRUCK,FARMER_LOCAL_MANDI,2026-09-20,SYNTHETIC_DEMO
FML-10258AC130,LOC-112794D108,MND-65DC5039D2,Gujarat,Vadodara,A,Vadodara — Primary Local Mandi,22,44.2,11,8,1,TRUCK,FARMER_LOCAL_MANDI,2026-09-20,SYNTHETIC_DEMO
FML-5A40CA4334,LOC-112794D108,MND-D789153DE1,Gujarat,Vadodara,B,Vadodara — Secondary Market Yard,35,57.5,9,6,1,TRUCK,FARMER_LOCAL_MANDI,2026-09-20,SYNTHETIC_DEMO
FML-8037CF4A4F,LOC-112794D108,MND-52E042354E,Gujarat,Vadodara,C,Vadodara — Regional Wholesale Market,26,45.6,12,9,1,TRUCK,FARMER_LOCAL_MANDI,2026-09-20,SYNTHETIC_DEMO
FML-C016A3D771,LOC-46EAC5C325,MND-153599E71D,Gujarat,Valsad,A,Valsad — Primary Local Mandi,6,18.6,5,5,1,TRUCK,FARMER_LOCAL_MANDI,2026-09-20,SYNTHETIC_DEMO
FML-B581D913CE,LOC-46EAC5C325,MND-AEA71E92A8,Gujarat,Valsad,B,Valsad — Secondary Market Yard,38,56.8,12,11,1,TRUCK,FARMER_LOCAL_MANDI,2026-09-20,SYNTHETIC_DEMO
FML-221AC8AC5B,LOC-46EAC5C325,MND-671D3BD03C,Gujarat,Valsad,C,Valsad — Regional Wholesale Market,9,18,11,6,1,TRUCK,FARMER_LOCAL_MANDI,2026-09-20,SYNTHETIC_DEMO
FML-92C44EE07B,LOC-FDC53A175E,MND-DFC8104A1A,Gujarat,Vav-Tharad,A,Vav-Tharad — Primary Local Mandi,54,71.4,10,7,2,TRUCK,FARMER_LOCAL_MANDI,2026-09-20,SYNTHETIC_DEMO
FML-E6F0B183B8,LOC-FDC53A175E,MND-508F0F6140,Gujarat,Vav-Tharad,B,Vav-Tharad — Secondary Market Yard,25,35.5,7,10,1,TRUCK,FARMER_LOCAL_MANDI,2026-09-20,SYNTHETIC_DEMO
FML-9A62295B2A,LOC-FDC53A175E,MND-441E8DEAE4,Gujarat,Vav-Tharad,C,Vav-Tharad — Regional Wholesale Market,18,40.8,7,7,1,TRUCK,FARMER_LOCAL_MANDI,2026-09-20,SYNTHETIC_DEMO
FML-D7A4AAA2CB,LOC-DAC165FAAE,MND-F4843BD03E,Haryana,Ambala,A,Ambala — Primary Local Mandi,36,51.6,11,11,1,TRUCK,FARMER_LOCAL_MANDI,2026-09-20,SYNTHETIC_DEMO
FML-E862AA8FE8,LOC-DAC165FAAE,MND-55887B9962,Haryana,Ambala,B,Ambala — Secondary Market Yard,58,75.8,6,10,2,TRUCK,FARMER_LOCAL_MANDI,2026-09-20,SYNTHETIC_DEMO
FML-402912BC6E,LOC-DAC165FAAE,MND-DD3564DF07,Haryana,Ambala,C,Ambala — Regional Wholesale Market,27,48.7,5,4,1,TRUCK,FARMER_LOCAL_MANDI,2026-09-20,SYNTHETIC_DEMO
FML-0B10822593,LOC-3D603DA0C6,MND-1ED9E53C83,Haryana,Bhiwani,A,Bhiwani — Primary Local Mandi,43,55.3,14,4,1,TRUCK,FARMER_LOCAL_MANDI,2026-09-20,SYNTHETIC_DEMO
FML-55DD1751D8,LOC-3D603DA0C6,MND-5700FE84D9,Haryana,Bhiwani,B,Bhiwani — Secondary Market Yard,30,44.0,12,5,1,TRUCK,FARMER_LOCAL_MANDI,2026-09-20,SYNTHETIC_DEMO
FML-2EB9B1981C,LOC-3D603DA0C6,MND-DF9FAC2CF4,Haryana,Bhiwani,C,Bhiwani — Regional Wholesale Market,18,34.8,9,4,1,TRUCK,FARMER_LOCAL_MANDI,2026-09-20,SYNTHETIC_DEMO
FML-B610DF9192,LOC-C741DC7023,MND-84D662346B,Haryana,Charkhi Dadri,A,Charkhi Dadri — Primary Local Mandi,42,66.2,7,9,1,TRUCK,FARMER_LOCAL_MANDI,2026-09-20,SYNTHETIC_DEMO
FML-1FC65AAAE7,LOC-C741DC7023,MND-3C558AE675,Haryana,Charkhi Dadri,B,Charkhi Dadri — Secondary Market Yard,70,89.0,14,7,2,TRUCK,FARMER_LOCAL_MANDI,2026-09-20,SYNTHETIC_DEMO
FML-A2C6F8B675,LOC-C741DC7023,MND-3A7D154A9C,Haryana,Charkhi Dadri,C,Charkhi Dadri — Regional Wholesale Market,48,70.8,13,5,2,TRUCK,FARMER_LOCAL_MANDI,2026-09-20,SYNTHETIC_DEMO
FML-76DB7A9188,LOC-4728827CCF,MND-90DFA7D663,Haryana,Faridabad,A,Faridabad — Primary Local Mandi,49,64.9,11,9,2,TRUCK,FARMER_LOCAL_MANDI,2026-09-20,SYNTHETIC_DEMO
FML-0577B3ABBA,LOC-4728827CCF,MND-1FC5FCA0B4,Haryana,Faridabad,B,Faridabad — Secondary Market Yard,34,51.4,6,6,1,TRUCK,FARMER_LOCAL_MANDI,2026-09-20,SYNTHETIC_DEMO
FML-12A36D43F0,LOC-4728827CCF,MND-75D116C024,Haryana,Faridabad,C,Faridabad — Regional Wholesale Market,22,37.2,7,8,1,TRUCK,FARMER_LOCAL_MANDI,2026-09-20,SYNTHETIC_DEMO
FML-FE3CCAEC88,LOC-993D069D4A,MND-29E14A3368,Haryana,Fatehabad,A,Fatehabad — Primary Local Mandi,42,59.2,8,6,1,TRUCK,FARMER_LOCAL_MANDI,2026-09-20,SYNTHETIC_DEMO
FML-6A2BB83611,LOC-993D069D4A,MND-F897DC63B2,Haryana,Fatehabad,B,Fatehabad — Secondary Market Yard,75,93.5,11,8,2,TRUCK,FARMER_LOCAL_MANDI,2026-09-20,SYNTHETIC_DEMO
FML-BB85A8FA5D,LOC-993D069D4A,MND-B58D85F295,Haryana,Fatehabad,C,Fatehabad — Regional Wholesale Market,43,55.3,14,7,1,TRUCK,FARMER_LOCAL_MANDI,2026-09-20,SYNTHETIC_DEMO
FML-98A18EC3FF,LOC-CE8D12D793,MND-11C80015BA,Haryana,Gurugram,A,Gurugram — Primary Local Mandi,17,33.7,7,10,1,TRUCK,FARMER_LOCAL_MANDI,2026-09-20,SYNTHETIC_DEMO
FML-92E04511BB,LOC-CE8D12D793,MND-97013B198E,Haryana,Gurugram,B,Gurugram — Secondary Market Yard,53,66.3,10,10,2,TRUCK,FARMER_LOCAL_MANDI,2026-09-20,SYNTHETIC_DEMO
FML-50C74FC318,LOC-CE8D12D793,MND-292CCA911C,Haryana,Gurugram,C,Gurugram — Regional Wholesale Market,5,21.5,7,9,1,TRUCK,FARMER_LOCAL_MANDI,2026-09-20,SYNTHETIC_DEMO
FML-BB2642CB7F,LOC-79E560BFFF,MND-9118ECEA42,Haryana,Hansi,A,Hansi — Primary Local Mandi,50,62.0,8,7,2,TRUCK,FARMER_LOCAL_MANDI,2026-09-20,SYNTHETIC_DEMO
FML-66695F920F,LOC-79E560BFFF,MND-0E9E4B615C,Haryana,Hansi,B,Hansi — Secondary Market Yard,51,75.1,6,8,2,TRUCK,FARMER_LOCAL_MANDI,2026-09-20,SYNTHETIC_DEMO
FML-7AE5B4FEDD,LOC-79E560BFFF,MND-90BD46CF4D,Haryana,Hansi,C,Hansi — Regional Wholesale Market,68,84.8,12,4,2,TRUCK,FARMER_LOCAL_MANDI,2026-09-20,SYNTHETIC_DEMO
FML-873D300FBA,LOC-64E025EBEE,MND-2D3333E7E3,Haryana,Hisar,A,Hisar — Primary Local Mandi,77,91.7,8,4,2,TRUCK,FARMER_LOCAL_MANDI,2026-09-20,SYNTHETIC_DEMO
FML-9F4B3EB8E4,LOC-64E025EBEE,MND-DEAD0648FF,Haryana,Hisar,B,Hisar — Secondary Market Yard,75,95.5,12,7,2,TRUCK,FARMER_LOCAL_MANDI,2026-09-20,SYNTHETIC_DEMO
FML-C5F784AD09,LOC-64E025EBEE,MND-6899FA8BE8,Haryana,Hisar,C,Hisar — Regional Wholesale Market,11,21.1,12,10,1,TRUCK,FARMER_LOCAL_MANDI,2026-09-20,SYNTHETIC_DEMO
FML-12D74653EE,LOC-A4F939839C,MND-24F88AD87C,Haryana,Jhajjar,A,Jhajjar — Primary Local Mandi,73,87.3,5,6,2,TRUCK,FARMER_LOCAL_MANDI,2026-09-20,SYNTHETIC_DEMO
FML-4C88BDD973,LOC-A4F939839C,MND-B52606D576,Haryana,Jhajjar,B,Jhajjar — Secondary Market Yard,14,26.4,13,9,1,TRUCK,FARMER_LOCAL_MANDI,2026-09-20,SYNTHETIC_DEMO
FML-8F8DDBCC00,LOC-A4F939839C,MND-5F9C6AC653,Haryana,Jhajjar,C,Jhajjar — Regional Wholesale Market,75,104.5,14,9,2,TRUCK,FARMER_LOCAL_MANDI,2026-09-20,SYNTHETIC_DEMO
FML-DA50ACEFE3,LOC-039E8EA44B,MND-ACEB49BC5F,Haryana,Jind,A,Jind — Primary Local Mandi,76,102.6,11,4,2,TRUCK,FARMER_LOCAL_MANDI,2026-09-20,SYNTHETIC_DEMO
FML-34F42CD09F,LOC-039E8EA44B,MND-F0C1253778,Haryana,Jind,B,Jind — Secondary Market Yard,57,79.7,9,5,2,TRUCK,FARMER_LOCAL_MANDI,2026-09-20,SYNTHETIC_DEMO
FML-A64F08ABA4,LOC-039E8EA44B,MND-D67A6915CE,Haryana,Jind,C,Jind — Regional Wholesale Market,37,60.7,13,10,1,TRUCK,FARMER_LOCAL_MANDI,2026-09-20,SYNTHETIC_DEMO
FML-53E9D5C1A7,LOC-8C8AF365BE,MND-3B1719C586,Haryana,Kaithal,A,Kaithal — Primary Local Mandi,25,43.5,8,4,1,TRUCK,FARMER_LOCAL_MANDI,2026-09-20,SYNTHETIC_DEMO
FML-14C6C5D5AD,LOC-8C8AF365BE,MND-94466F3B88,Haryana,Kaithal,B,Kaithal — Secondary Market Yard,73,90.3,14,9,2,TRUCK,FARMER_LOCAL_MANDI,2026-09-20,SYNTHETIC_DEMO
FML-2BFEFF04E1,LOC-8C8AF365BE,MND-E052DDBF70,Haryana,Kaithal,C,Kaithal — Regional Wholesale Market,35,49.5,10,9,1,TRUCK,FARMER_LOCAL_MANDI,2026-09-20,SYNTHETIC_DEMO
FML-44ADCD9865,LOC-983975E043,MND-2DCB6C30E4,Haryana,Karnal,A,Karnal — Primary Local Mandi,60,82.0,9,9,2,TRUCK,FARMER_LOCAL_MANDI,2026-09-20,SYNTHETIC_DEMO
FML-66381D21E1,LOC-983975E043,MND-935594F225,Haryana,Karnal,B,Karnal — Secondary Market Yard,19,28.9,14,6,1,TRUCK,FARMER_LOCAL_MANDI,2026-09-20,SYNTHETIC_DEMO
FML-614889AD3E,LOC-983975E043,MND-D5477D59F6,Haryana,Karnal,C,Karnal — Regional Wholesale Market,16,30.6,6,9,1,TRUCK,FARMER_LOCAL_MANDI,2026-09-20,SYNTHETIC_DEMO
FML-D442857F3F,LOC-78D0386871,MND-355A31F137,Haryana,Kurukshetra,A,Kurukshetra — Primary Local Mandi,77,101.7,5,6,2,TRUCK,FARMER_LOCAL_MANDI,2026-09-20,SYNTHETIC_DEMO
FML-C7478A4157,LOC-78D0386871,MND-29AC55D5A6,Haryana,Kurukshetra,B,Kurukshetra — Secondary Market Yard,5,27.5,13,4,1,TRUCK,FARMER_LOCAL_MANDI,2026-09-20,SYNTHETIC_DEMO
FML-DD96845525,LOC-78D0386871,MND-E456A7F0A4,Haryana,Kurukshetra,C,Kurukshetra — Regional Wholesale Market,54,67.4,6,9,2,TRUCK,FARMER_LOCAL_MANDI,2026-09-20,SYNTHETIC_DEMO
FML-297AFCC62D,LOC-B32282E06B,MND-065DCB6563,Haryana,Mahendragarh,A,Mahendragarh — Primary Local Mandi,47,63.7,6,7,2,TRUCK,FARMER_LOCAL_MANDI,2026-09-20,SYNTHETIC_DEMO
FML-E3F207466B,LOC-B32282E06B,MND-1E6236911F,Haryana,Mahendragarh,B,Mahendragarh — Secondary Market Yard,35,51.5,11,4,1,TRUCK,FARMER_LOCAL_MANDI,2026-09-20,SYNTHETIC_DEMO
FML-8272A534D6,LOC-B32282E06B,MND-0E74C4F2C9,Haryana,Mahendragarh,C,Mahendragarh — Regional Wholesale Market,22,38.2,11,11,1,TRUCK,FARMER_LOCAL_MANDI,2026-09-20,SYNTHETIC_DEMO
FML-559B108A83,LOC-DD694F030E,MND-74115FD477,Haryana,Nuh,A,Nuh — Primary Local Mandi,63,81.3,11,4,2,TRUCK,FARMER_LOCAL_MANDI,2026-09-20,SYNTHETIC_DEMO
FML-22F31CEEC3,LOC-DD694F030E,MND-51940DB972,Haryana,Nuh,B,Nuh — Secondary Market Yard,11,18.1,5,5,1,TRUCK,FARMER_LOCAL_MANDI,2026-09-20,SYNTHETIC_DEMO
FML-1BF665CB93,LOC-DD694F030E,MND-848515BB74,Haryana,Nuh,C,Nuh — Regional Wholesale Market,21,31.1,12,10,1,TRUCK,FARMER_LOCAL_MANDI,2026-09-20,SYNTHETIC_DEMO
FML-87A07BBC18,LOC-C94A6EA5E5,MND-370028C911,Haryana,Palwal,A,Palwal — Primary Local Mandi,78,106.8,8,7,2,TRUCK,FARMER_LOCAL_MANDI,2026-09-20,SYNTHETIC_DEMO
FML-12AD4A9F9F,LOC-C94A6EA5E5,MND-D76F04E159,Haryana,Palwal,B,Palwal — Secondary Market Yard,26,35.6,10,4,1,TRUCK,FARMER_LOCAL_MANDI,2026-09-20,SYNTHETIC_DEMO
FML-2DB85A1F3A,LOC-C94A6EA5E5,MND-719C164BF3,Haryana,Palwal,C,Palwal — Regional Wholesale Market,26,49.6,11,10,1,TRUCK,FARMER_LOCAL_MANDI,2026-09-20,SYNTHETIC_DEMO
FML-FF79BE9E5E,LOC-ED9195B8AF,MND-3A0A3D09F6,Haryana,Panchkula,A,Panchkula — Primary Local Mandi,63,76.3,11,5,2,TRUCK,FARMER_LOCAL_MANDI,2026-09-20,SYNTHETIC_DEMO
FML-E461D13C0B,LOC-ED9195B8AF,MND-C2C07D7BF0,Haryana,Panchkula,B,Panchkula — Secondary Market Yard,50,73.0,5,5,2,TRUCK,FARMER_LOCAL_MANDI,2026-09-20,SYNTHETIC_DEMO
FML-31EA168D61,LOC-ED9195B8AF,MND-2F22000976,Haryana,Panchkula,C,Panchkula — Regional Wholesale Market,72,98.2,14,8,2,TRUCK,FARMER_LOCAL_MANDI,2026-09-20,SYNTHETIC_DEMO
FML-3D076AE673,LOC-538CE55B79,MND-90E1D4E8EB,Haryana,Panipat,A,Panipat — Primary Local Mandi,13,29.3,13,5,1,TRUCK,FARMER_LOCAL_MANDI,2026-09-20,SYNTHETIC_DEMO
FML-AB30700AB9,LOC-538CE55B79,MND-F0B4F4D6C5,Haryana,Panipat,B,Panipat — Secondary Market Yard,20,41.0,5,6,1,TRUCK,FARMER_LOCAL_MANDI,2026-09-20,SYNTHETIC_DEMO
FML-8A0A608363,LOC-538CE55B79,MND-E47CF1D59D,Haryana,Panipat,C,Panipat — Regional Wholesale Market,24,36.4,8,8,1,TRUCK,FARMER_LOCAL_MANDI,2026-09-20,SYNTHETIC_DEMO
FML-CD88A0F891,LOC-093B474689,MND-2FD9649AB9,Haryana,Rewari,A,Rewari — Primary Local Mandi,73,86.3,12,11,2,TRUCK,FARMER_LOCAL_MANDI,2026-09-20,SYNTHETIC_DEMO
FML-A85B8193BC,LOC-093B474689,MND-58F9E643B8,Haryana,Rewari,B,Rewari — Secondary Market Yard,75,99.5,14,11,2,TRUCK,FARMER_LOCAL_MANDI,2026-09-20,SYNTHETIC_DEMO
FML-271FD84FB6,LOC-093B474689,MND-0B52199C66,Haryana,Rewari,C,Rewari — Regional Wholesale Market,21,45.1,11,11,1,TRUCK,FARMER_LOCAL_MANDI,2026-09-20,SYNTHETIC_DEMO
FML-003C1CF1B0,LOC-94E74E8189,MND-33339FDF01,Haryana,Rohtak,A,Rohtak — Primary Local Mandi,19,30.9,6,11,1,TRUCK,FARMER_LOCAL_MANDI,2026-09-20,SYNTHETIC_DEMO
FML-8379E5C2CA,LOC-94E74E8189,MND-C4F928C106,Haryana,Rohtak,B,Rohtak — Secondary Market Yard,70,94.0,13,8,2,TRUCK,FARMER_LOCAL_MANDI,2026-09-20,SYNTHETIC_DEMO
FML-748AB67052,LOC-94E74E8189,MND-7A52B5093A,Haryana,Rohtak,C,Rohtak — Regional Wholesale Market,32,46.2,9,7,1,TRUCK,FARMER_LOCAL_MANDI,2026-09-20,SYNTHETIC_DEMO
FML-C6C8DC70A2,LOC-7B71E4E7CF,MND-D9DF337F3F,Haryana,Sirsa,A,Sirsa — Primary Local Mandi,37,47.7,11,6,1,TRUCK,FARMER_LOCAL_MANDI,2026-09-20,SYNTHETIC_DEMO
FML-E4ED5E925E,LOC-7B71E4E7CF,MND-4C4D658857,Haryana,Sirsa,B,Sirsa — Secondary Market Yard,80,103.0,9,11,2,TRUCK,FARMER_LOCAL_MANDI,2026-09-20,SYNTHETIC_DEMO
FML-B4D827FCE8,LOC-7B71E4E7CF,MND-26657C5659,Haryana,Sirsa,C,Sirsa — Regional Wholesale Market,72,90.2,12,11,2,TRUCK,FARMER_LOCAL_MANDI,2026-09-20,SYNTHETIC_DEMO
FML-281ACBE180,LOC-248109CB1B,MND-8075B3B108,Haryana,Sonipat,A,Sonipat — Primary Local Mandi,11,18.1,9,11,1,TRUCK,FARMER_LOCAL_MANDI,2026-09-20,SYNTHETIC_DEMO
FML-ED2C609E41,LOC-248109CB1B,MND-677FC424A0,Haryana,Sonipat,B,Sonipat — Secondary Market Yard,36,53.6,7,11,1,TRUCK,FARMER_LOCAL_MANDI,2026-09-20,SYNTHETIC_DEMO
FML-A85ADB52AD,LOC-248109CB1B,MND-71A940E668,Haryana,Sonipat,C,Sonipat — Regional Wholesale Market,24,35.4,8,7,1,TRUCK,FARMER_LOCAL_MANDI,2026-09-20,SYNTHETIC_DEMO
FML-82149A0045,LOC-1E0C3E3538,MND-81DCDC6A95,Haryana,Yamunanagar,A,Yamunanagar — Primary Local Mandi,49,73.9,6,4,2,TRUCK,FARMER_LOCAL_MANDI,2026-09-20,SYNTHETIC_DEMO
FML-127673B16A,LOC-1E0C3E3538,MND-83502D49F9,Haryana,Yamunanagar,B,Yamunanagar — Secondary Market Yard,7,18,10,5,1,TRUCK,FARMER_LOCAL_MANDI,2026-09-20,SYNTHETIC_DEMO
FML-439B964554,LOC-1E0C3E3538,MND-E207E32EFF,Haryana,Yamunanagar,C,Yamunanagar — Regional Wholesale Market,48,65.8,7,5,2,TRUCK,FARMER_LOCAL_MANDI,2026-09-20,SYNTHETIC_DEMO
FML-F04CE3CDBB,LOC-F25B0E33F3,MND-D12BEE8486,Himachal Pradesh,Bilaspur,A,Bilaspur — Primary Local Mandi,14,27.4,14,8,1,TRUCK,FARMER_LOCAL_MANDI,2026-09-20,SYNTHETIC_DEMO
FML-1B6C59A4CA,LOC-F25B0E33F3,MND-02EA862130,Himachal Pradesh,Bilaspur,B,Bilaspur — Secondary Market Yard,35,46.5,13,10,1,TRUCK,FARMER_LOCAL_MANDI,2026-09-20,SYNTHETIC_DEMO
FML-CB485935D3,LOC-F25B0E33F3,MND-556B18577A,Himachal Pradesh,Bilaspur,C,Bilaspur — Regional Wholesale Market,12,22.2,7,8,1,TRUCK,FARMER_LOCAL_MANDI,2026-09-20,SYNTHETIC_DEMO
FML-59762F1AC4,LOC-4AA2DF7A42,MND-61878C95A3,Himachal Pradesh,Chamba,A,Chamba — Primary Local Mandi,22,32.2,7,11,1,TRUCK,FARMER_LOCAL_MANDI,2026-09-20,SYNTHETIC_DEMO
FML-D6733742BF,LOC-4AA2DF7A42,MND-348A48FE2A,Himachal Pradesh,Chamba,B,Chamba — Secondary Market Yard,44,65.4,13,5,1,TRUCK,FARMER_LOCAL_MANDI,2026-09-20,SYNTHETIC_DEMO
FML-1F3B16D383,LOC-4AA2DF7A42,MND-A37EDDBF0D,Himachal Pradesh,Chamba,C,Chamba — Regional Wholesale Market,32,51.2,12,6,1,TRUCK,FARMER_LOCAL_MANDI,2026-09-20,SYNTHETIC_DEMO
FML-3EB9BBD049,LOC-5074C41FBA,MND-C0A472CBC4,Himachal Pradesh,Hamirpur,A,Hamirpur — Primary Local Mandi,44,58.4,13,9,1,TRUCK,FARMER_LOCAL_MANDI,2026-09-20,SYNTHETIC_DEMO
FML-6B4A517CB8,LOC-5074C41FBA,MND-1DC79A7294,Himachal Pradesh,Hamirpur,B,Hamirpur — Secondary Market Yard,14,21.4,8,6,1,TRUCK,FARMER_LOCAL_MANDI,2026-09-20,SYNTHETIC_DEMO
FML-56B43D7A4C,LOC-5074C41FBA,MND-369A4313CE,Himachal Pradesh,Hamirpur,C,Hamirpur — Regional Wholesale Market,12,22.2,8,5,1,TRUCK,FARMER_LOCAL_MANDI,2026-09-20,SYNTHETIC_DEMO
FML-2CEFCCD502,LOC-C527EC6A74,MND-961FB708A1,Himachal Pradesh,Kangra,A,Kangra — Primary Local Mandi,52,63.2,12,7,2,TRUCK,FARMER_LOCAL_MANDI,2026-09-20,SYNTHETIC_DEMO
FML-8B19702FB3,LOC-C527EC6A74,MND-A678D3F8C6,Himachal Pradesh,Kangra,B,Kangra — Secondary Market Yard,11,27.1,8,4,1,TRUCK,FARMER_LOCAL_MANDI,2026-09-20,SYNTHETIC_DEMO
FML-6EDE344B38,LOC-C527EC6A74,MND-EA7BF33AAC,Himachal Pradesh,Kangra,C,Kangra — Regional Wholesale Market,33,51.3,11,11,1,TRUCK,FARMER_LOCAL_MANDI,2026-09-20,SYNTHETIC_DEMO
FML-798CE2C5FE,LOC-3DB278A4D5,MND-7732EC7AE9,Himachal Pradesh,Kinnaur,A,Kinnaur — Primary Local Mandi,71,85.1,6,11,2,TRUCK,FARMER_LOCAL_MANDI,2026-09-20,SYNTHETIC_DEMO
FML-62897E4585,LOC-3DB278A4D5,MND-45B2AA74C9,Himachal Pradesh,Kinnaur,B,Kinnaur — Secondary Market Yard,80,104.0,10,7,2,TRUCK,FARMER_LOCAL_MANDI,2026-09-20,SYNTHETIC_DEMO
FML-E003415505,LOC-3DB278A4D5,MND-B8A399705B,Himachal Pradesh,Kinnaur,C,Kinnaur — Regional Wholesale Market,72,89.2,14,5,2,TRUCK,FARMER_LOCAL_MANDI,2026-09-20,SYNTHETIC_DEMO
FML-5700FB0305,LOC-BDFA13FCE3,MND-808A4E0BCC,Himachal Pradesh,Kullu,A,Kullu — Primary Local Mandi,7,18,10,4,1,TRUCK,FARMER_LOCAL_MANDI,2026-09-20,SYNTHETIC_DEMO
FML-E4A89E28DE,LOC-BDFA13FCE3,MND-A54F3D1EE2,Himachal Pradesh,Kullu,B,Kullu — Secondary Market Yard,57,77.7,12,5,2,TRUCK,FARMER_LOCAL_MANDI,2026-09-20,SYNTHETIC_DEMO
FML-1865716BB6,LOC-BDFA13FCE3,MND-DA9962714E,Himachal Pradesh,Kullu,C,Kullu — Regional Wholesale Market,49,61.9,14,6,2,TRUCK,FARMER_LOCAL_MANDI,2026-09-20,SYNTHETIC_DEMO
FML-37F442D3F0,LOC-97EE01B9C5,MND-C515F8EB4F,Himachal Pradesh,Lahaul And Spiti,A,Lahaul And Spiti — Primary Local Mandi,27,39.7,11,6,1,TRUCK,FARMER_LOCAL_MANDI,2026-09-20,SYNTHETIC_DEMO
FML-01A0E768AE,LOC-97EE01B9C5,MND-749D672FE2,Himachal Pradesh,Lahaul And Spiti,B,Lahaul And Spiti — Secondary Market Yard,23,39.3,10,8,1,TRUCK,FARMER_LOCAL_MANDI,2026-09-20,SYNTHETIC_DEMO
FML-BA0A46D351,LOC-97EE01B9C5,MND-806F344267,Himachal Pradesh,Lahaul And Spiti,C,Lahaul And Spiti — Regional Wholesale Market,70,98.0,5,11,2,TRUCK,FARMER_LOCAL_MANDI,2026-09-20,SYNTHETIC_DEMO
FML-205AB48ADF,LOC-6384BBFA1A,MND-F955C03590,Himachal Pradesh,Mandi,A,Mandi — Primary Local Mandi,39,50.9,8,8,1,TRUCK,FARMER_LOCAL_MANDI,2026-09-20,SYNTHETIC_DEMO
FML-5D5A24CE6F,LOC-6384BBFA1A,MND-42AFD4D4C0,Himachal Pradesh,Mandi,B,Mandi — Secondary Market Yard,49,74.9,13,8,2,TRUCK,FARMER_LOCAL_MANDI,2026-09-20,SYNTHETIC_DEMO
FML-4E5348D6BF,LOC-6384BBFA1A,MND-6EB9A1DF37,Himachal Pradesh,Mandi,C,Mandi — Regional Wholesale Market,21,43.1,8,7,1,TRUCK,FARMER_LOCAL_MANDI,2026-09-20,SYNTHETIC_DEMO
FML-B039C9FBEC,LOC-8F3EE981F7,MND-F9187E2758,Himachal Pradesh,Shimla,A,Shimla — Primary Local Mandi,13,32.3,9,10,1,TRUCK,FARMER_LOCAL_MANDI,2026-09-20,SYNTHETIC_DEMO
FML-6F32DB5BBB,LOC-8F3EE981F7,MND-BE55DFC2FD,Himachal Pradesh,Shimla,B,Shimla — Secondary Market Yard,45,62.5,14,8,1,TRUCK,FARMER_LOCAL_MANDI,2026-09-20,SYNTHETIC_DEMO
FML-34B365A043,LOC-8F3EE981F7,MND-F2FD0C88ED,Himachal Pradesh,Shimla,C,Shimla — Regional Wholesale Market,31,44.1,8,10,1,TRUCK,FARMER_LOCAL_MANDI,2026-09-20,SYNTHETIC_DEMO
FML-B6F13F35E6,LOC-9A439551F7,MND-8206013336,Himachal Pradesh,Sirmaur,A,Sirmaur — Primary Local Mandi,51,70.1,9,6,2,TRUCK,FARMER_LOCAL_MANDI,2026-09-20,SYNTHETIC_DEMO
FML-8A72E33326,LOC-9A439551F7,MND-94FA57594D,Himachal Pradesh,Sirmaur,B,Sirmaur — Secondary Market Yard,31,55.1,5,5,1,TRUCK,FARMER_LOCAL_MANDI,2026-09-20,SYNTHETIC_DEMO
FML-B5AFDF4091,LOC-9A439551F7,MND-2A1AC2E36A,Himachal Pradesh,Sirmaur,C,Sirmaur — Regional Wholesale Market,20,32.0,13,4,1,TRUCK,FARMER_LOCAL_MANDI,2026-09-20,SYNTHETIC_DEMO
FML-8D64C790E7,LOC-2139466C78,MND-073B8B9BDD,Himachal Pradesh,Solan,A,Solan — Primary Local Mandi,63,75.3,9,4,2,TRUCK,FARMER_LOCAL_MANDI,2026-09-20,SYNTHETIC_DEMO
FML-D43AB60A30,LOC-2139466C78,MND-7C4D474730,Himachal Pradesh,Solan,B,Solan — Secondary Market Yard,28,46.8,11,6,1,TRUCK,FARMER_LOCAL_MANDI,2026-09-20,SYNTHETIC_DEMO
FML-89984E9EAB,LOC-2139466C78,MND-1CB4E8FCBE,Himachal Pradesh,Solan,C,Solan — Regional Wholesale Market,44,54.4,12,5,1,TRUCK,FARMER_LOCAL_MANDI,2026-09-20,SYNTHETIC_DEMO
FML-0D9C6D3E09,LOC-7E40A01190,MND-8746B5E8C0,Himachal Pradesh,Una,A,Una — Primary Local Mandi,18,39.8,9,4,1,TRUCK,FARMER_LOCAL_MANDI,2026-09-20,SYNTHETIC_DEMO
FML-045871DF4F,LOC-7E40A01190,MND-00FB76CA42,Himachal Pradesh,Una,B,Una — Secondary Market Yard,31,53.1,10,8,1,TRUCK,FARMER_LOCAL_MANDI,2026-09-20,SYNTHETIC_DEMO
FML-52FE12D06A,LOC-7E40A01190,MND-BD745B38C1,Himachal Pradesh,Una,C,Una — Regional Wholesale Market,63,81.3,8,9,2,TRUCK,FARMER_LOCAL_MANDI,2026-09-20,SYNTHETIC_DEMO
FML-E418C253CC,LOC-59FD0CF40F,MND-87590A5CA2,Jammu and Kashmir,Anantnag,A,Anantnag — Primary Local Mandi,74,101.4,6,7,2,TRUCK,FARMER_LOCAL_MANDI,2026-09-20,SYNTHETIC_DEMO
FML-D8A241E004,LOC-59FD0CF40F,MND-B7B9BCCE73,Jammu and Kashmir,Anantnag,B,Anantnag — Secondary Market Yard,60,88.0,8,4,2,TRUCK,FARMER_LOCAL_MANDI,2026-09-20,SYNTHETIC_DEMO
FML-0482CBF418,LOC-59FD0CF40F,MND-CB694AB98C,Jammu and Kashmir,Anantnag,C,Anantnag — Regional Wholesale Market,34,51.4,14,5,1,TRUCK,FARMER_LOCAL_MANDI,2026-09-20,SYNTHETIC_DEMO
FML-8FAF11B5EE,LOC-3CAC5BD9AA,MND-03445BE7C5,Jammu and Kashmir,Bandipora,A,Bandipora — Primary Local Mandi,65,88.5,11,11,2,TRUCK,FARMER_LOCAL_MANDI,2026-09-20,SYNTHETIC_DEMO
FML-8BA13284F2,LOC-3CAC5BD9AA,MND-C178218383,Jammu and Kashmir,Bandipora,B,Bandipora — Secondary Market Yard,80,96.0,10,8,2,TRUCK,FARMER_LOCAL_MANDI,2026-09-20,SYNTHETIC_DEMO
FML-E200E9553D,LOC-3CAC5BD9AA,MND-FFBDEF37AE,Jammu and Kashmir,Bandipora,C,Bandipora — Regional Wholesale Market,56,70.6,14,10,2,TRUCK,FARMER_LOCAL_MANDI,2026-09-20,SYNTHETIC_DEMO
FML-C162B7BEF2,LOC-9A829B0DCB,MND-73C5B158FF,Jammu and Kashmir,Baramulla,A,Baramulla — Primary Local Mandi,30,52.0,11,8,1,TRUCK,FARMER_LOCAL_MANDI,2026-09-20,SYNTHETIC_DEMO
FML-328E6F1AF7,LOC-9A829B0DCB,MND-AC5DD05BFB,Jammu and Kashmir,Baramulla,B,Baramulla — Secondary Market Yard,20,44.0,14,5,1,TRUCK,FARMER_LOCAL_MANDI,2026-09-20,SYNTHETIC_DEMO
FML-9EEF16AC94,LOC-9A829B0DCB,MND-58DA446748,Jammu and Kashmir,Baramulla,C,Baramulla — Regional Wholesale Market,60,81.0,12,10,2,TRUCK,FARMER_LOCAL_MANDI,2026-09-20,SYNTHETIC_DEMO
FML-3435EE57AD,LOC-668FD8A108,MND-FEEA2F2F27,Jammu and Kashmir,Budgam,A,Budgam — Primary Local Mandi,23,39.3,7,11,1,TRUCK,FARMER_LOCAL_MANDI,2026-09-20,SYNTHETIC_DEMO
FML-2A6C749CEC,LOC-668FD8A108,MND-BF3325E7FF,Jammu and Kashmir,Budgam,B,Budgam — Secondary Market Yard,7,23.7,13,11,1,TRUCK,FARMER_LOCAL_MANDI,2026-09-20,SYNTHETIC_DEMO
FML-4027EDF5FC,LOC-668FD8A108,MND-BF71428853,Jammu and Kashmir,Budgam,C,Budgam — Regional Wholesale Market,51,78.1,8,6,2,TRUCK,FARMER_LOCAL_MANDI,2026-09-20,SYNTHETIC_DEMO
FML-B5D1DFF364,LOC-7A6F27E5D5,MND-A990788C0A,Jammu and Kashmir,Doda,A,Doda — Primary Local Mandi,13,27.3,11,6,1,TRUCK,FARMER_LOCAL_MANDI,2026-09-20,SYNTHETIC_DEMO
FML-9009E6C574,LOC-7A6F27E5D5,MND-607A0D98E1,Jammu and Kashmir,Doda,B,Doda — Secondary Market Yard,46,71.6,10,11,2,TRUCK,FARMER_LOCAL_MANDI,2026-09-20,SYNTHETIC_DEMO
FML-1CDF49447F,LOC-7A6F27E5D5,MND-C7E6426CE6,Jammu and Kashmir,Doda,C,Doda — Regional Wholesale Market,37,50.7,12,7,1,TRUCK,FARMER_LOCAL_MANDI,2026-09-20,SYNTHETIC_DEMO
FML-940059E55C,LOC-241173CB68,MND-EA8DB9467D,Jammu and Kashmir,Ganderbal,A,Ganderbal — Primary Local Mandi,55,75.5,14,6,2,TRUCK,FARMER_LOCAL_MANDI,2026-09-20,SYNTHETIC_DEMO
FML-4D2D64C74A,LOC-241173CB68,MND-115449986F,Jammu and Kashmir,Ganderbal,B,Ganderbal — Secondary Market Yard,18,30.8,14,8,1,TRUCK,FARMER_LOCAL_MANDI,2026-09-20,SYNTHETIC_DEMO
FML-1378C9EEAE,LOC-241173CB68,MND-D9E1AB50EB,Jammu and Kashmir,Ganderbal,C,Ganderbal — Regional Wholesale Market,8,18,5,9,1,TRUCK,FARMER_LOCAL_MANDI,2026-09-20,SYNTHETIC_DEMO
FML-C533A66785,LOC-A1E7D9088B,MND-DC7563AE6D,Jammu and Kashmir,Jammu,A,Jammu — Primary Local Mandi,8,18,13,9,1,TRUCK,FARMER_LOCAL_MANDI,2026-09-20,SYNTHETIC_DEMO
FML-3FD17CB7F8,LOC-A1E7D9088B,MND-A6D21B2A50,Jammu and Kashmir,Jammu,B,Jammu — Secondary Market Yard,72,86.2,12,7,2,TRUCK,FARMER_LOCAL_MANDI,2026-09-20,SYNTHETIC_DEMO
FML-9954C0C073,LOC-A1E7D9088B,MND-812209D039,Jammu and Kashmir,Jammu,C,Jammu — Regional Wholesale Market,73,98.3,6,11,2,TRUCK,FARMER_LOCAL_MANDI,2026-09-20,SYNTHETIC_DEMO
FML-ABD15B25AF,LOC-00B2DD9019,MND-835490568C,Jammu and Kashmir,Kathua,A,Kathua — Primary Local Mandi,12,32.2,5,8,1,TRUCK,FARMER_LOCAL_MANDI,2026-09-20,SYNTHETIC_DEMO
FML-D30A73E113,LOC-00B2DD9019,MND-56749347F5,Jammu and Kashmir,Kathua,B,Kathua — Secondary Market Yard,68,90.8,8,10,2,TRUCK,FARMER_LOCAL_MANDI,2026-09-20,SYNTHETIC_DEMO
FML-EB9FB53EAD,LOC-00B2DD9019,MND-105C6706D7,Jammu and Kashmir,Kathua,C,Kathua — Regional Wholesale Market,21,31.1,13,11,1,TRUCK,FARMER_LOCAL_MANDI,2026-09-20,SYNTHETIC_DEMO
FML-F3AF60A776,LOC-40CD9AFEB1,MND-F0E886ADDE,Jammu and Kashmir,Kishtwar,A,Kishtwar — Primary Local Mandi,67,85.7,10,5,2,TRUCK,FARMER_LOCAL_MANDI,2026-09-20,SYNTHETIC_DEMO
FML-FECEAFB170,LOC-40CD9AFEB1,MND-15680992FE,Jammu and Kashmir,Kishtwar,B,Kishtwar — Secondary Market Yard,20,30.0,5,11,1,TRUCK,FARMER_LOCAL_MANDI,2026-09-20,SYNTHETIC_DEMO
FML-C1E04A7FD6,LOC-40CD9AFEB1,MND-767FB5DF4F,Jammu and Kashmir,Kishtwar,C,Kishtwar — Regional Wholesale Market,20,33.0,12,6,1,TRUCK,FARMER_LOCAL_MANDI,2026-09-20,SYNTHETIC_DEMO
FML-260DEB1FBD,LOC-FCB3D9E07D,MND-5F25D00AD2,Jammu and Kashmir,Kulgam,A,Kulgam — Primary Local Mandi,18,30.8,6,10,1,TRUCK,FARMER_LOCAL_MANDI,2026-09-20,SYNTHETIC_DEMO
FML-E720ABF63F,LOC-FCB3D9E07D,MND-EC481BE7B9,Jammu and Kashmir,Kulgam,B,Kulgam — Secondary Market Yard,30,48.0,14,5,1,TRUCK,FARMER_LOCAL_MANDI,2026-09-20,SYNTHETIC_DEMO
FML-889D216AC2,LOC-FCB3D9E07D,MND-93641BC91A,Jammu and Kashmir,Kulgam,C,Kulgam — Regional Wholesale Market,5,18,9,10,1,TRUCK,FARMER_LOCAL_MANDI,2026-09-20,SYNTHETIC_DEMO
FML-ABA99D486B,LOC-CF2E346808,MND-AE9D693336,Jammu and Kashmir,Kupwara,A,Kupwara — Primary Local Mandi,29,51.9,6,11,1,TRUCK,FARMER_LOCAL_MANDI,2026-09-20,SYNTHETIC_DEMO
FML-640BAF47D9,LOC-CF2E346808,MND-037714A9AB,Jammu and Kashmir,Kupwara,B,Kupwara — Secondary Market Yard,32,57.2,10,8,1,TRUCK,FARMER_LOCAL_MANDI,2026-09-20,SYNTHETIC_DEMO
FML-9173B6ACD2,LOC-CF2E346808,MND-1E945A644C,Jammu and Kashmir,Kupwara,C,Kupwara — Regional Wholesale Market,64,76.4,10,10,2,TRUCK,FARMER_LOCAL_MANDI,2026-09-20,SYNTHETIC_DEMO
FML-D24C7540A2,LOC-A2D294BAA7,MND-4E73C56398,Jammu and Kashmir,Poonch,A,Poonch — Primary Local Mandi,63,78.3,8,7,2,TRUCK,FARMER_LOCAL_MANDI,2026-09-20,SYNTHETIC_DEMO
FML-F01D40B074,LOC-A2D294BAA7,MND-3C16D761F4,Jammu and Kashmir,Poonch,B,Poonch — Secondary Market Yard,16,39.6,6,4,1,TRUCK,FARMER_LOCAL_MANDI,2026-09-20,SYNTHETIC_DEMO
FML-E193E5192B,LOC-A2D294BAA7,MND-3236D70971,Jammu and Kashmir,Poonch,C,Poonch — Regional Wholesale Market,5,22.5,12,5,1,TRUCK,FARMER_LOCAL_MANDI,2026-09-20,SYNTHETIC_DEMO
FML-BF4F34DD32,LOC-B8850E3DB5,MND-D3497B5D15,Jammu and Kashmir,Pulwama,A,Pulwama — Primary Local Mandi,78,92.8,11,4,2,TRUCK,FARMER_LOCAL_MANDI,2026-09-20,SYNTHETIC_DEMO
FML-531F275337,LOC-B8850E3DB5,MND-14124FFB3A,Jammu and Kashmir,Pulwama,B,Pulwama — Secondary Market Yard,55,66.5,7,11,2,TRUCK,FARMER_LOCAL_MANDI,2026-09-20,SYNTHETIC_DEMO
FML-602DCCAB56,LOC-B8850E3DB5,MND-835E3DD806,Jammu and Kashmir,Pulwama,C,Pulwama — Regional Wholesale Market,25,41.5,6,8,1,TRUCK,FARMER_LOCAL_MANDI,2026-09-20,SYNTHETIC_DEMO
FML-87A0E594F3,LOC-76E7E9F6FE,MND-12405A7F67,Jammu and Kashmir,Rajouri,A,Rajouri — Primary Local Mandi,65,84.5,5,7,2,TRUCK,FARMER_LOCAL_MANDI,2026-09-20,SYNTHETIC_DEMO
FML-28BF748748,LOC-76E7E9F6FE,MND-6F782796FA,Jammu and Kashmir,Rajouri,B,Rajouri — Secondary Market Yard,29,50.9,10,6,1,TRUCK,FARMER_LOCAL_MANDI,2026-09-20,SYNTHETIC_DEMO
FML-ECC06C3D86,LOC-76E7E9F6FE,MND-9A279373FE,Jammu and Kashmir,Rajouri,C,Rajouri — Regional Wholesale Market,57,84.7,8,8,2,TRUCK,FARMER_LOCAL_MANDI,2026-09-20,SYNTHETIC_DEMO
FML-9F3496E5CD,LOC-4546393C8C,MND-BEF723BD5C,Jammu and Kashmir,Ramban,A,Ramban — Primary Local Mandi,67,91.7,11,10,2,TRUCK,FARMER_LOCAL_MANDI,2026-09-20,SYNTHETIC_DEMO
FML-2E9CDDCF10,LOC-4546393C8C,MND-201C20F122,Jammu and Kashmir,Ramban,B,Ramban — Secondary Market Yard,29,40.9,10,6,1,TRUCK,FARMER_LOCAL_MANDI,2026-09-20,SYNTHETIC_DEMO
FML-3CC7D184ED,LOC-4546393C8C,MND-5AE6A8E190,Jammu and Kashmir,Ramban,C,Ramban — Regional Wholesale Market,32,54.2,9,8,1,TRUCK,FARMER_LOCAL_MANDI,2026-09-20,SYNTHETIC_DEMO
FML-634B8F513A,LOC-97F92301F4,MND-A5ABF9E4C7,Jammu and Kashmir,Reasi,A,Reasi — Primary Local Mandi,58,72.8,8,11,2,TRUCK,FARMER_LOCAL_MANDI,2026-09-20,SYNTHETIC_DEMO
FML-A7BA4C231B,LOC-97F92301F4,MND-2D2429200D,Jammu and Kashmir,Reasi,B,Reasi — Secondary Market Yard,18,29.8,9,9,1,TRUCK,FARMER_LOCAL_MANDI,2026-09-20,SYNTHETIC_DEMO
FML-E83BDBCE88,LOC-97F92301F4,MND-41A8DC835F,Jammu and Kashmir,Reasi,C,Reasi — Regional Wholesale Market,44,61.4,12,6,1,TRUCK,FARMER_LOCAL_MANDI,2026-09-20,SYNTHETIC_DEMO
FML-9209508901,LOC-47F78709BD,MND-11B7874C59,Jammu and Kashmir,Samba,A,Samba — Primary Local Mandi,63,77.3,10,4,2,TRUCK,FARMER_LOCAL_MANDI,2026-09-20,SYNTHETIC_DEMO
FML-E6C91AAC3F,LOC-47F78709BD,MND-DA4C2AD94D,Jammu and Kashmir,Samba,B,Samba — Secondary Market Yard,22,32.2,14,5,1,TRUCK,FARMER_LOCAL_MANDI,2026-09-20,SYNTHETIC_DEMO
FML-C406548093,LOC-47F78709BD,MND-C89F764DCE,Jammu and Kashmir,Samba,C,Samba — Regional Wholesale Market,6,27.6,14,9,1,TRUCK,FARMER_LOCAL_MANDI,2026-09-20,SYNTHETIC_DEMO
FML-F7A8927663,LOC-971DEC7C00,MND-BBA9556F81,Jammu and Kashmir,Shopian,A,Shopian — Primary Local Mandi,51,69.1,11,9,2,TRUCK,FARMER_LOCAL_MANDI,2026-09-20,SYNTHETIC_DEMO
FML-FDC06C3BA3,LOC-971DEC7C00,MND-F56EAB4BBE,Jammu and Kashmir,Shopian,B,Shopian — Secondary Market Yard,73,102.3,6,9,2,TRUCK,FARMER_LOCAL_MANDI,2026-09-20,SYNTHETIC_DEMO
FML-43398E263B,LOC-971DEC7C00,MND-A1924F5518,Jammu and Kashmir,Shopian,C,Shopian — Regional Wholesale Market,67,92.7,11,10,2,TRUCK,FARMER_LOCAL_MANDI,2026-09-20,SYNTHETIC_DEMO
FML-4A379EA3CE,LOC-F591ABFB49,MND-A25692C2CD,Jammu and Kashmir,Srinagar,A,Srinagar — Primary Local Mandi,30,43.0,12,11,1,TRUCK,FARMER_LOCAL_MANDI,2026-09-20,SYNTHETIC_DEMO
FML-74D781BC45,LOC-F591ABFB49,MND-4C8AB01B50,Jammu and Kashmir,Srinagar,B,Srinagar — Secondary Market Yard,61,80.1,13,4,2,TRUCK,FARMER_LOCAL_MANDI,2026-09-20,SYNTHETIC_DEMO
FML-665FBC7EB0,LOC-F591ABFB49,MND-9D32C3DE5F,Jammu and Kashmir,Srinagar,C,Srinagar — Regional Wholesale Market,38,52.8,14,4,1,TRUCK,FARMER_LOCAL_MANDI,2026-09-20,SYNTHETIC_DEMO
FML-59F66E0541,LOC-92D7A1F408,MND-480559FB0D,Jammu and Kashmir,Udhampur,A,Udhampur — Primary Local Mandi,21,32.1,11,10,1,TRUCK,FARMER_LOCAL_MANDI,2026-09-20,SYNTHETIC_DEMO
FML-F6D9346983,LOC-92D7A1F408,MND-B6A011D2AB,Jammu and Kashmir,Udhampur,B,Udhampur — Secondary Market Yard,35,51.5,6,4,1,TRUCK,FARMER_LOCAL_MANDI,2026-09-20,SYNTHETIC_DEMO
FML-87BBDF3B54,LOC-92D7A1F408,MND-95C320E3BB,Jammu and Kashmir,Udhampur,C,Udhampur — Regional Wholesale Market,14,24.4,10,10,1,TRUCK,FARMER_LOCAL_MANDI,2026-09-20,SYNTHETIC_DEMO
FML-7CBCF5BE74,LOC-352324A4C4,MND-60ADD9D8C5,Jharkhand,Bokaro,A,Bokaro — Primary Local Mandi,60,72.0,11,4,2,TRUCK,FARMER_LOCAL_MANDI,2026-09-20,SYNTHETIC_DEMO
FML-72388EFA9C,LOC-352324A4C4,MND-6D6F3E014A,Jharkhand,Bokaro,B,Bokaro — Secondary Market Yard,11,27.1,12,4,1,TRUCK,FARMER_LOCAL_MANDI,2026-09-20,SYNTHETIC_DEMO
FML-633C912A54,LOC-352324A4C4,MND-7D723B3581,Jharkhand,Bokaro,C,Bokaro — Regional Wholesale Market,52,75.2,5,8,2,TRUCK,FARMER_LOCAL_MANDI,2026-09-20,SYNTHETIC_DEMO
FML-C0760942DD,LOC-69B480E848,MND-ADB520547A,Jharkhand,Chatra,A,Chatra — Primary Local Mandi,21,39.1,6,5,1,TRUCK,FARMER_LOCAL_MANDI,2026-09-20,SYNTHETIC_DEMO
FML-9C3BA91323,LOC-69B480E848,MND-67AF746876,Jharkhand,Chatra,B,Chatra — Secondary Market Yard,29,41.9,5,6,1,TRUCK,FARMER_LOCAL_MANDI,2026-09-20,SYNTHETIC_DEMO
FML-4CE7845D96,LOC-69B480E848,MND-A8705B2F84,Jharkhand,Chatra,C,Chatra — Regional Wholesale Market,30,50.0,5,10,1,TRUCK,FARMER_LOCAL_MANDI,2026-09-20,SYNTHETIC_DEMO
FML-85124F88FC,LOC-AD940EDC40,MND-3B8B2EF8A0,Jharkhand,Deoghar,A,Deoghar — Primary Local Mandi,25,39.5,5,10,1,TRUCK,FARMER_LOCAL_MANDI,2026-09-20,SYNTHETIC_DEMO
FML-4D02FDEF1A,LOC-AD940EDC40,MND-0D9F76A5F6,Jharkhand,Deoghar,B,Deoghar — Secondary Market Yard,46,65.6,5,4,2,TRUCK,FARMER_LOCAL_MANDI,2026-09-20,SYNTHETIC_DEMO
FML-53A85A2F4C,LOC-AD940EDC40,MND-6C25A8503A,Jharkhand,Deoghar,C,Deoghar — Regional Wholesale Market,60,77.0,8,11,2,TRUCK,FARMER_LOCAL_MANDI,2026-09-20,SYNTHETIC_DEMO
FML-977EB12630,LOC-9284CB722E,MND-5A9AD06C6F,Jharkhand,Dhanbad,A,Dhanbad — Primary Local Mandi,14,28.4,12,5,1,TRUCK,FARMER_LOCAL_MANDI,2026-09-20,SYNTHETIC_DEMO
FML-D8EEB7D72E,LOC-9284CB722E,MND-333E191DC0,Jharkhand,Dhanbad,B,Dhanbad — Secondary Market Yard,24,39.4,7,10,1,TRUCK,FARMER_LOCAL_MANDI,2026-09-20,SYNTHETIC_DEMO
FML-71D6594D98,LOC-9284CB722E,MND-21B218AF48,Jharkhand,Dhanbad,C,Dhanbad — Regional Wholesale Market,27,47.7,10,5,1,TRUCK,FARMER_LOCAL_MANDI,2026-09-20,SYNTHETIC_DEMO
FML-5436DD76B1,LOC-4E58E1BC59,MND-34E9E585F3,Jharkhand,Dumka,A,Dumka — Primary Local Mandi,13,21.3,5,10,1,TRUCK,FARMER_LOCAL_MANDI,2026-09-20,SYNTHETIC_DEMO
FML-37862966F9,LOC-4E58E1BC59,MND-B7E352728B,Jharkhand,Dumka,B,Dumka — Secondary Market Yard,47,68.7,8,9,2,TRUCK,FARMER_LOCAL_MANDI,2026-09-20,SYNTHETIC_DEMO
FML-FEC22CF7EF,LOC-4E58E1BC59,MND-F9EBA5A811,Jharkhand,Dumka,C,Dumka — Regional Wholesale Market,73,91.3,5,6,2,TRUCK,FARMER_LOCAL_MANDI,2026-09-20,SYNTHETIC_DEMO
FML-46AFE69F4E,LOC-2C5394E89A,MND-C43A479446,Jharkhand,East Singhbum,A,East Singhbum — Primary Local Mandi,57,69.7,11,4,2,TRUCK,FARMER_LOCAL_MANDI,2026-09-20,SYNTHETIC_DEMO
FML-14225EF960,LOC-2C5394E89A,MND-55154C3C10,Jharkhand,East Singhbum,B,East Singhbum — Secondary Market Yard,55,67.5,11,9,2,TRUCK,FARMER_LOCAL_MANDI,2026-09-20,SYNTHETIC_DEMO
FML-1A7681834E,LOC-2C5394E89A,MND-210C539356,Jharkhand,East Singhbum,C,East Singhbum — Regional Wholesale Market,59,80.9,13,4,2,TRUCK,FARMER_LOCAL_MANDI,2026-09-20,SYNTHETIC_DEMO
FML-ADFDFF2516,LOC-E37AA11EB1,MND-6AAB816386,Jharkhand,Garhwa,A,Garhwa — Primary Local Mandi,63,90.3,6,10,2,TRUCK,FARMER_LOCAL_MANDI,2026-09-20,SYNTHETIC_DEMO
FML-0A4C2384B3,LOC-E37AA11EB1,MND-9E5AEC3F45,Jharkhand,Garhwa,B,Garhwa — Secondary Market Yard,43,54.3,8,8,1,TRUCK,FARMER_LOCAL_MANDI,2026-09-20,SYNTHETIC_DEMO
FML-BEAF4983B0,LOC-E37AA11EB1,MND-5039C4D623,Jharkhand,Garhwa,C,Garhwa — Regional Wholesale Market,58,82.8,5,7,2,TRUCK,FARMER_LOCAL_MANDI,2026-09-20,SYNTHETIC_DEMO
FML-DDA46532F0,LOC-349E400756,MND-5ADC3F6F5E,Jharkhand,Giridih,A,Giridih — Primary Local Mandi,38,61.8,10,11,1,TRUCK,FARMER_LOCAL_MANDI,2026-09-20,SYNTHETIC_DEMO
FML-5763D4B5C5,LOC-349E400756,MND-FA32A5EBDF,Jharkhand,Giridih,B,Giridih — Secondary Market Yard,21,39.1,9,7,1,TRUCK,FARMER_LOCAL_MANDI,2026-09-20,SYNTHETIC_DEMO
FML-4088836FD7,LOC-349E400756,MND-A9FB66A162,Jharkhand,Giridih,C,Giridih — Regional Wholesale Market,14,26.4,13,5,1,TRUCK,FARMER_LOCAL_MANDI,2026-09-20,SYNTHETIC_DEMO
FML-1A63A706B7,LOC-D580B62307,MND-75052D27C7,Jharkhand,Godda,A,Godda — Primary Local Mandi,40,53.0,5,6,1,TRUCK,FARMER_LOCAL_MANDI,2026-09-20,SYNTHETIC_DEMO
FML-C8B7A09C5C,LOC-D580B62307,MND-F49351E3D9,Jharkhand,Godda,B,Godda — Secondary Market Yard,56,71.6,6,9,2,TRUCK,FARMER_LOCAL_MANDI,2026-09-20,SYNTHETIC_DEMO
FML-19506BB7AF,LOC-D580B62307,MND-E79D096E24,Jharkhand,Godda,C,Godda — Regional Wholesale Market,64,83.4,8,5,2,TRUCK,FARMER_LOCAL_MANDI,2026-09-20,SYNTHETIC_DEMO
FML-AB8BDB7A97,LOC-63F2BC6E8B,MND-939CAB0E9D,Jharkhand,Gumla,A,Gumla — Primary Local Mandi,71,86.1,13,11,2,TRUCK,FARMER_LOCAL_MANDI,2026-09-20,SYNTHETIC_DEMO
FML-B10D7DFE11,LOC-63F2BC6E8B,MND-11A3AAB010,Jharkhand,Gumla,B,Gumla — Secondary Market Yard,6,24.6,13,7,1,TRUCK,FARMER_LOCAL_MANDI,2026-09-20,SYNTHETIC_DEMO
FML-5DCE4EED8D,LOC-63F2BC6E8B,MND-D61E9562AC,Jharkhand,Gumla,C,Gumla — Regional Wholesale Market,76,98.6,7,9,2,TRUCK,FARMER_LOCAL_MANDI,2026-09-20,SYNTHETIC_DEMO
FML-D2011168EB,LOC-DD457227D5,MND-8259E517A5,Jharkhand,Hazaribagh,A,Hazaribagh — Primary Local Mandi,44,61.4,10,5,1,TRUCK,FARMER_LOCAL_MANDI,2026-09-20,SYNTHETIC_DEMO
FML-1735875D14,LOC-DD457227D5,MND-22E70C60CC,Jharkhand,Hazaribagh,B,Hazaribagh — Secondary Market Yard,63,78.3,11,7,2,TRUCK,FARMER_LOCAL_MANDI,2026-09-20,SYNTHETIC_DEMO
FML-F5AF8C2744,LOC-DD457227D5,MND-9E61878416,Jharkhand,Hazaribagh,C,Hazaribagh — Regional Wholesale Market,30,51.0,9,4,1,TRUCK,FARMER_LOCAL_MANDI,2026-09-20,SYNTHETIC_DEMO
FML-C366A96C3E,LOC-8BEA891F49,MND-9385EAAD92,Jharkhand,Jamtara,A,Jamtara — Primary Local Mandi,76,103.6,8,10,2,TRUCK,FARMER_LOCAL_MANDI,2026-09-20,SYNTHETIC_DEMO
FML-CEE62B214D,LOC-8BEA891F49,MND-C77DFAA873,Jharkhand,Jamtara,B,Jamtara — Secondary Market Yard,54,66.4,7,10,2,TRUCK,FARMER_LOCAL_MANDI,2026-09-20,SYNTHETIC_DEMO
FML-B7E7F8CB32,LOC-8BEA891F49,MND-E5F87D5699,Jharkhand,Jamtara,C,Jamtara — Regional Wholesale Market,27,50.7,13,11,1,TRUCK,FARMER_LOCAL_MANDI,2026-09-20,SYNTHETIC_DEMO
FML-5BF588AA3C,LOC-BEFB250F21,MND-A349603F57,Jharkhand,Khunti,A,Khunti — Primary Local Mandi,67,88.7,6,9,2,TRUCK,FARMER_LOCAL_MANDI,2026-09-20,SYNTHETIC_DEMO
FML-8232369F58,LOC-BEFB250F21,MND-021D33A241,Jharkhand,Khunti,B,Khunti — Secondary Market Yard,19,39.9,11,11,1,TRUCK,FARMER_LOCAL_MANDI,2026-09-20,SYNTHETIC_DEMO
FML-AFBF98ED52,LOC-BEFB250F21,MND-688FB0F8D5,Jharkhand,Khunti,C,Khunti — Regional Wholesale Market,23,32.3,9,10,1,TRUCK,FARMER_LOCAL_MANDI,2026-09-20,SYNTHETIC_DEMO
FML-C0132F6898,LOC-314AA12495,MND-D08A76818A,Jharkhand,Koderma,A,Koderma — Primary Local Mandi,63,83.3,5,6,2,TRUCK,FARMER_LOCAL_MANDI,2026-09-20,SYNTHETIC_DEMO
FML-EC6A830F3C,LOC-314AA12495,MND-042DAAE5BA,Jharkhand,Koderma,B,Koderma — Secondary Market Yard,13,27.3,14,10,1,TRUCK,FARMER_LOCAL_MANDI,2026-09-20,SYNTHETIC_DEMO
FML-578CE5EE79,LOC-314AA12495,MND-EC3D86F059,Jharkhand,Koderma,C,Koderma — Regional Wholesale Market,15,28.5,12,6,1,TRUCK,FARMER_LOCAL_MANDI,2026-09-20,SYNTHETIC_DEMO
FML-3E18E6BAD1,LOC-2ECD35AC3C,MND-602EF26F80,Jharkhand,Latehar,A,Latehar — Primary Local Mandi,56,83.6,14,6,2,TRUCK,FARMER_LOCAL_MANDI,2026-09-20,SYNTHETIC_DEMO
FML-4AFC2DA1F0,LOC-2ECD35AC3C,MND-A30FD8265E,Jharkhand,Latehar,B,Latehar — Secondary Market Yard,18,36.8,8,8,1,TRUCK,FARMER_LOCAL_MANDI,2026-09-20,SYNTHETIC_DEMO
FML-1F45D7AFA0,LOC-2ECD35AC3C,MND-D71674044C,Jharkhand,Latehar,C,Latehar — Regional Wholesale Market,72,96.2,12,10,2,TRUCK,FARMER_LOCAL_MANDI,2026-09-20,SYNTHETIC_DEMO
FML-0360BB76D0,LOC-7B1F3778AA,MND-427D8C28C7,Jharkhand,Lohardaga,A,Lohardaga — Primary Local Mandi,45,70.5,5,6,1,TRUCK,FARMER_LOCAL_MANDI,2026-09-20,SYNTHETIC_DEMO
FML-BFA4ACCC7A,LOC-7B1F3778AA,MND-66904831A7,Jharkhand,Lohardaga,B,Lohardaga — Secondary Market Yard,39,50.9,8,7,1,TRUCK,FARMER_LOCAL_MANDI,2026-09-20,SYNTHETIC_DEMO
FML-9D7145E685,LOC-7B1F3778AA,MND-CE0CEA573E,Jharkhand,Lohardaga,C,Lohardaga — Regional Wholesale Market,63,78.3,7,4,2,TRUCK,FARMER_LOCAL_MANDI,2026-09-20,SYNTHETIC_DEMO
FML-C7526C8F72,LOC-89E2CE9196,MND-4946E52127,Jharkhand,Pakur,A,Pakur — Primary Local Mandi,13,20.3,6,4,1,TRUCK,FARMER_LOCAL_MANDI,2026-09-20,SYNTHETIC_DEMO
FML-9E241E8E51,LOC-89E2CE9196,MND-8A908B5421,Jharkhand,Pakur,B,Pakur — Secondary Market Yard,17,25.7,14,4,1,TRUCK,FARMER_LOCAL_MANDI,2026-09-20,SYNTHETIC_DEMO
FML-BB2A2EC102,LOC-89E2CE9196,MND-3F257DE7D7,Jharkhand,Pakur,C,Pakur — Regional Wholesale Market,45,69.5,14,8,1,TRUCK,FARMER_LOCAL_MANDI,2026-09-20,SYNTHETIC_DEMO
FML-DE95D8A8D9,LOC-D39DB298DE,MND-E676B3E9CA,Jharkhand,Palamu,A,Palamu — Primary Local Mandi,32,51.2,5,9,1,TRUCK,FARMER_LOCAL_MANDI,2026-09-20,SYNTHETIC_DEMO
FML-760F574707,LOC-D39DB298DE,MND-74810F1771,Jharkhand,Palamu,B,Palamu — Secondary Market Yard,66,80.6,8,4,2,TRUCK,FARMER_LOCAL_MANDI,2026-09-20,SYNTHETIC_DEMO
FML-7A8368EDA0,LOC-D39DB298DE,MND-CAF4AB31E4,Jharkhand,Palamu,C,Palamu — Regional Wholesale Market,68,86.8,8,11,2,TRUCK,FARMER_LOCAL_MANDI,2026-09-20,SYNTHETIC_DEMO
FML-82310543C1,LOC-022A5058B5,MND-BEA98E4BA0,Jharkhand,Ramgarh,A,Ramgarh — Primary Local Mandi,32,48.2,7,8,1,TRUCK,FARMER_LOCAL_MANDI,2026-09-20,SYNTHETIC_DEMO
FML-F36D1E7EB5,LOC-022A5058B5,MND-260C095FBC,Jharkhand,Ramgarh,B,Ramgarh — Secondary Market Yard,5,18,13,6,1,TRUCK,FARMER_LOCAL_MANDI,2026-09-20,SYNTHETIC_DEMO
FML-B639AA5483,LOC-022A5058B5,MND-5970093838,Jharkhand,Ramgarh,C,Ramgarh — Regional Wholesale Market,72,92.2,6,11,2,TRUCK,FARMER_LOCAL_MANDI,2026-09-20,SYNTHETIC_DEMO
FML-251846D5E8,LOC-815C678053,MND-C76791505A,Jharkhand,Ranchi,A,Ranchi — Primary Local Mandi,65,88.5,10,5,2,TRUCK,FARMER_LOCAL_MANDI,2026-09-20,SYNTHETIC_DEMO
FML-839D800C3D,LOC-815C678053,MND-052C292229,Jharkhand,Ranchi,B,Ranchi — Secondary Market Yard,30,50.0,10,9,1,TRUCK,FARMER_LOCAL_MANDI,2026-09-20,SYNTHETIC_DEMO
FML-E53032C717,LOC-815C678053,MND-E6E23FC560,Jharkhand,Ranchi,C,Ranchi — Regional Wholesale Market,24,44.4,5,9,1,TRUCK,FARMER_LOCAL_MANDI,2026-09-20,SYNTHETIC_DEMO
FML-4FFF465D6E,LOC-913862CA0B,MND-FB738BB8EF,Jharkhand,Sahebganj,A,Sahebganj — Primary Local Mandi,15,26.5,7,6,1,TRUCK,FARMER_LOCAL_MANDI,2026-09-20,SYNTHETIC_DEMO
FML-63B27C9A97,LOC-913862CA0B,MND-4063DE757C,Jharkhand,Sahebganj,B,Sahebganj — Secondary Market Yard,22,30.2,11,7,1,TRUCK,FARMER_LOCAL_MANDI,2026-09-20,SYNTHETIC_DEMO
FML-AAFF349EAE,LOC-913862CA0B,MND-901DC440FB,Jharkhand,Sahebganj,C,Sahebganj — Regional Wholesale Market,48,67.8,11,6,2,TRUCK,FARMER_LOCAL_MANDI,2026-09-20,SYNTHETIC_DEMO
FML-B732DB45AE,LOC-7CB7608157,MND-9F43BD6D36,Jharkhand,Saraikela Kharsawan,A,Saraikela Kharsawan — Primary Local Mandi,8,18,14,8,1,TRUCK,FARMER_LOCAL_MANDI,2026-09-20,SYNTHETIC_DEMO
FML-94C7812B25,LOC-7CB7608157,MND-93F33124FD,Jharkhand,Saraikela Kharsawan,B,Saraikela Kharsawan — Secondary Market Yard,76,105.6,7,10,2,TRUCK,FARMER_LOCAL_MANDI,2026-09-20,SYNTHETIC_DEMO
FML-18B6F8B7E7,LOC-7CB7608157,MND-3C44B822AC,Jharkhand,Saraikela Kharsawan,C,Saraikela Kharsawan — Regional Wholesale Market,7,18,14,5,1,TRUCK,FARMER_LOCAL_MANDI,2026-09-20,SYNTHETIC_DEMO
FML-F3DAECB49F,LOC-0FD7303152,MND-B695EBF06A,Jharkhand,Simdega,A,Simdega — Primary Local Mandi,15,38.5,8,4,1,TRUCK,FARMER_LOCAL_MANDI,2026-09-20,SYNTHETIC_DEMO
FML-2F536FC45C,LOC-0FD7303152,MND-883E158C80,Jharkhand,Simdega,B,Simdega — Secondary Market Yard,16,31.6,11,11,1,TRUCK,FARMER_LOCAL_MANDI,2026-09-20,SYNTHETIC_DEMO
FML-8030637678,LOC-0FD7303152,MND-CCBD003D8E,Jharkhand,Simdega,C,Simdega — Regional Wholesale Market,43,68.3,7,9,1,TRUCK,FARMER_LOCAL_MANDI,2026-09-20,SYNTHETIC_DEMO
FML-47F1DA5F30,LOC-FE195B721E,MND-A9EE9145F0,Jharkhand,West Singhbhum,A,West Singhbhum — Primary Local Mandi,79,103.9,14,4,2,TRUCK,FARMER_LOCAL_MANDI,2026-09-20,SYNTHETIC_DEMO
FML-53F0A4DBF2,LOC-FE195B721E,MND-44741B1434,Jharkhand,West Singhbhum,B,West Singhbhum — Secondary Market Yard,27,47.7,9,4,1,TRUCK,FARMER_LOCAL_MANDI,2026-09-20,SYNTHETIC_DEMO
FML-FA24EDF0E5,LOC-FE195B721E,MND-3311BACF35,Jharkhand,West Singhbhum,C,West Singhbhum — Regional Wholesale Market,50,75.0,8,10,2,TRUCK,FARMER_LOCAL_MANDI,2026-09-20,SYNTHETIC_DEMO
FML-4F85B9CA5E,LOC-105E367E91,MND-3408A2E9CD,Karnataka,Bagalkote,A,Bagalkote — Primary Local Mandi,58,76.8,8,4,2,TRUCK,FARMER_LOCAL_MANDI,2026-09-20,SYNTHETIC_DEMO
FML-9ACB91933C,LOC-105E367E91,MND-08D642793D,Karnataka,Bagalkote,B,Bagalkote — Secondary Market Yard,60,81.0,11,5,2,TRUCK,FARMER_LOCAL_MANDI,2026-09-20,SYNTHETIC_DEMO
FML-5A8BBA8515,LOC-105E367E91,MND-DE0E4B86C2,Karnataka,Bagalkote,C,Bagalkote — Regional Wholesale Market,26,49.6,8,11,1,TRUCK,FARMER_LOCAL_MANDI,2026-09-20,SYNTHETIC_DEMO
FML-A9DB4668AA,LOC-0A3587BB2E,MND-97635D58DD,Karnataka,Ballari,A,Ballari — Primary Local Mandi,27,50.7,11,9,1,TRUCK,FARMER_LOCAL_MANDI,2026-09-20,SYNTHETIC_DEMO
FML-B51B0CD42A,LOC-0A3587BB2E,MND-9BC356C6E8,Karnataka,Ballari,B,Ballari — Secondary Market Yard,57,80.7,9,4,2,TRUCK,FARMER_LOCAL_MANDI,2026-09-20,SYNTHETIC_DEMO
FML-EA6F948667,LOC-0A3587BB2E,MND-395BE710D0,Karnataka,Ballari,C,Ballari — Regional Wholesale Market,7,18,5,9,1,TRUCK,FARMER_LOCAL_MANDI,2026-09-20,SYNTHETIC_DEMO
FML-BA7DA9C72C,LOC-77CD97A115,MND-BDE5949A96,Karnataka,Belagavi,A,Belagavi — Primary Local Mandi,25,42.5,7,7,1,TRUCK,FARMER_LOCAL_MANDI,2026-09-20,SYNTHETIC_DEMO
FML-7410EB05F8,LOC-77CD97A115,MND-9ACCC457D8,Karnataka,Belagavi,B,Belagavi — Secondary Market Yard,44,62.4,7,11,1,TRUCK,FARMER_LOCAL_MANDI,2026-09-20,SYNTHETIC_DEMO
FML-15BCBAB3C0,LOC-77CD97A115,MND-07524A0273,Karnataka,Belagavi,C,Belagavi — Regional Wholesale Market,11,18.1,6,7,1,TRUCK,FARMER_LOCAL_MANDI,2026-09-20,SYNTHETIC_DEMO
FML-65FA6BE0BD,LOC-0E84682796,MND-CC6177C01D,Karnataka,Bengaluru Rural,A,Bengaluru Rural — Primary Local Mandi,75,104.5,10,8,2,TRUCK,FARMER_LOCAL_MANDI,2026-09-20,SYNTHETIC_DEMO
FML-39CEB4F43D,LOC-0E84682796,MND-CF14E09F2A,Karnataka,Bengaluru Rural,B,Bengaluru Rural — Secondary Market Yard,29,42.9,12,7,1,TRUCK,FARMER_LOCAL_MANDI,2026-09-20,SYNTHETIC_DEMO
FML-959A6A61B1,LOC-0E84682796,MND-3B40DF683F,Karnataka,Bengaluru Rural,C,Bengaluru Rural — Regional Wholesale Market,13,26.3,11,4,1,TRUCK,FARMER_LOCAL_MANDI,2026-09-20,SYNTHETIC_DEMO
FML-E6A894200B,LOC-60E2FC2254,MND-40ED659D0F,Karnataka,Bengaluru South,A,Bengaluru South — Primary Local Mandi,65,81.5,8,6,2,TRUCK,FARMER_LOCAL_MANDI,2026-09-20,SYNTHETIC_DEMO
FML-10B7901A2E,LOC-60E2FC2254,MND-28E0647E90,Karnataka,Bengaluru South,B,Bengaluru South — Secondary Market Yard,16,25.6,9,5,1,TRUCK,FARMER_LOCAL_MANDI,2026-09-20,SYNTHETIC_DEMO
FML-CA0BAF7CCC,LOC-60E2FC2254,MND-0982E44452,Karnataka,Bengaluru South,C,Bengaluru South — Regional Wholesale Market,39,54.9,11,6,1,TRUCK,FARMER_LOCAL_MANDI,2026-09-20,SYNTHETIC_DEMO
FML-75E2AFDD7D,LOC-43EACD016E,MND-E89F6AC441,Karnataka,Bengaluru Urban,A,Bengaluru Urban — Primary Local Mandi,31,54.1,14,7,1,TRUCK,FARMER_LOCAL_MANDI,2026-09-20,SYNTHETIC_DEMO
FML-E608E10318,LOC-43EACD016E,MND-5C2B769BFB,Karnataka,Bengaluru Urban,B,Bengaluru Urban — Secondary Market Yard,13,33.3,9,11,1,TRUCK,FARMER_LOCAL_MANDI,2026-09-20,SYNTHETIC_DEMO
FML-FFC63C8691,LOC-43EACD016E,MND-C91C6D976E,Karnataka,Bengaluru Urban,C,Bengaluru Urban — Regional Wholesale Market,47,73.7,11,5,2,TRUCK,FARMER_LOCAL_MANDI,2026-09-20,SYNTHETIC_DEMO
FML-B0B09B452A,LOC-87CD79D25C,MND-C7C653C019,Karnataka,Bidar,A,Bidar — Primary Local Mandi,43,53.3,8,11,1,TRUCK,FARMER_LOCAL_MANDI,2026-09-20,SYNTHETIC_DEMO
FML-4CD95F5AB7,LOC-87CD79D25C,MND-5E1C8A3C44,Karnataka,Bidar,B,Bidar — Secondary Market Yard,76,96.6,12,5,2,TRUCK,FARMER_LOCAL_MANDI,2026-09-20,SYNTHETIC_DEMO
FML-009F8CA644,LOC-87CD79D25C,MND-D89B9AFBB9,Karnataka,Bidar,C,Bidar — Regional Wholesale Market,6,18,8,5,1,TRUCK,FARMER_LOCAL_MANDI,2026-09-20,SYNTHETIC_DEMO
FML-8AEED04CB9,LOC-8EB22DB85E,MND-070395112A,Karnataka,Chamarajanagar,A,Chamarajanagar — Primary Local Mandi,25,43.5,12,11,1,TRUCK,FARMER_LOCAL_MANDI,2026-09-20,SYNTHETIC_DEMO
FML-F1BF9B997A,LOC-8EB22DB85E,MND-4DC021584D,Karnataka,Chamarajanagar,B,Chamarajanagar — Secondary Market Yard,41,61.1,10,10,1,TRUCK,FARMER_LOCAL_MANDI,2026-09-20,SYNTHETIC_DEMO
FML-46554563CD,LOC-8EB22DB85E,MND-73A5EB2749,Karnataka,Chamarajanagar,C,Chamarajanagar — Regional Wholesale Market,65,85.5,6,8,2,TRUCK,FARMER_LOCAL_MANDI,2026-09-20,SYNTHETIC_DEMO
FML-8AC1DF4DCB,LOC-3CDA0AA7F7,MND-2E59CDBA55,Karnataka,Chikkaballapura,A,Chikkaballapura — Primary Local Mandi,68,80.8,8,4,2,TRUCK,FARMER_LOCAL_MANDI,2026-09-20,SYNTHETIC_DEMO
FML-F6A747ADA9,LOC-3CDA0AA7F7,MND-85E3A12789,Karnataka,Chikkaballapura,B,Chikkaballapura — Secondary Market Yard,17,24.7,5,10,1,TRUCK,FARMER_LOCAL_MANDI,2026-09-20,SYNTHETIC_DEMO
FML-AF15F9C577,LOC-3CDA0AA7F7,MND-50624F3B1C,Karnataka,Chikkaballapura,C,Chikkaballapura — Regional Wholesale Market,6,23.6,14,8,1,TRUCK,FARMER_LOCAL_MANDI,2026-09-20,SYNTHETIC_DEMO
FML-24D5384791,LOC-85B7800C35,MND-B57A6E802E,Karnataka,Chikkamagaluru,A,Chikkamagaluru — Primary Local Mandi,18,34.8,11,10,1,TRUCK,FARMER_LOCAL_MANDI,2026-09-20,SYNTHETIC_DEMO
FML-B2D457A46D,LOC-85B7800C35,MND-248B974E59,Karnataka,Chikkamagaluru,B,Chikkamagaluru — Secondary Market Yard,8,28.8,14,4,1,TRUCK,FARMER_LOCAL_MANDI,2026-09-20,SYNTHETIC_DEMO
FML-3203F9B462,LOC-85B7800C35,MND-D616D3C297,Karnataka,Chikkamagaluru,C,Chikkamagaluru — Regional Wholesale Market,40,60.0,7,8,1,TRUCK,FARMER_LOCAL_MANDI,2026-09-20,SYNTHETIC_DEMO
FML-BB2ADA047E,LOC-79C20E7FBD,MND-042A50B580,Karnataka,Chitradurga,A,Chitradurga — Primary Local Mandi,12,22.2,7,9,1,TRUCK,FARMER_LOCAL_MANDI,2026-09-20,SYNTHETIC_DEMO
FML-8B0097C5A0,LOC-79C20E7FBD,MND-91ABB3A615,Karnataka,Chitradurga,B,Chitradurga — Secondary Market Yard,77,91.7,13,9,2,TRUCK,FARMER_LOCAL_MANDI,2026-09-20,SYNTHETIC_DEMO
FML-ABE574BACE,LOC-79C20E7FBD,MND-2A81CF4386,Karnataka,Chitradurga,C,Chitradurga — Regional Wholesale Market,66,79.6,11,6,2,TRUCK,FARMER_LOCAL_MANDI,2026-09-20,SYNTHETIC_DEMO
FML-777554EC5C,LOC-67576C4EFB,MND-85A7799629,Karnataka,Dakshina Kannada,A,Dakshina Kannada — Primary Local Mandi,34,50.4,5,10,1,TRUCK,FARMER_LOCAL_MANDI,2026-09-20,SYNTHETIC_DEMO
FML-A60C79784D,LOC-67576C4EFB,MND-099C015B84,Karnataka,Dakshina Kannada,B,Dakshina Kannada — Secondary Market Yard,6,25.6,12,5,1,TRUCK,FARMER_LOCAL_MANDI,2026-09-20,SYNTHETIC_DEMO
FML-32D5CE6C8D,LOC-67576C4EFB,MND-03792EA25A,Karnataka,Dakshina Kannada,C,Dakshina Kannada — Regional Wholesale Market,49,59.9,12,5,2,TRUCK,FARMER_LOCAL_MANDI,2026-09-20,SYNTHETIC_DEMO
FML-650E8E2E8D,LOC-B370747027,MND-F280EFFDC0,Karnataka,Davanagere,A,Davanagere — Primary Local Mandi,39,51.9,8,6,1,TRUCK,FARMER_LOCAL_MANDI,2026-09-20,SYNTHETIC_DEMO
FML-A0C35A691B,LOC-B370747027,MND-65F66FBE29,Karnataka,Davanagere,B,Davanagere — Secondary Market Yard,30,43.0,8,6,1,TRUCK,FARMER_LOCAL_MANDI,2026-09-20,SYNTHETIC_DEMO
FML-1C30B018F8,LOC-B370747027,MND-E7530088A0,Karnataka,Davanagere,C,Davanagere — Regional Wholesale Market,53,79.3,6,9,2,TRUCK,FARMER_LOCAL_MANDI,2026-09-20,SYNTHETIC_DEMO
FML-F728DC15A7,LOC-E18E0F8FAB,MND-62CD119A23,Karnataka,Dharwad,A,Dharwad — Primary Local Mandi,77,104.7,5,4,2,TRUCK,FARMER_LOCAL_MANDI,2026-09-20,SYNTHETIC_DEMO
FML-CE2E5C6F36,LOC-E18E0F8FAB,MND-2998732104,Karnataka,Dharwad,B,Dharwad — Secondary Market Yard,26,43.6,14,9,1,TRUCK,FARMER_LOCAL_MANDI,2026-09-20,SYNTHETIC_DEMO
FML-8B377797E8,LOC-E18E0F8FAB,MND-EC0ECA5629,Karnataka,Dharwad,C,Dharwad — Regional Wholesale Market,20,36.0,14,4,1,TRUCK,FARMER_LOCAL_MANDI,2026-09-20,SYNTHETIC_DEMO
FML-4ECC7E690B,LOC-B4ADB663C8,MND-C1591B2C06,Karnataka,Gadag,A,Gadag — Primary Local Mandi,74,87.4,9,8,2,TRUCK,FARMER_LOCAL_MANDI,2026-09-20,SYNTHETIC_DEMO
FML-E183616EDF,LOC-B4ADB663C8,MND-7C91F59275,Karnataka,Gadag,B,Gadag — Secondary Market Yard,10,21.0,8,5,1,TRUCK,FARMER_LOCAL_MANDI,2026-09-20,SYNTHETIC_DEMO
FML-700DA31709,LOC-B4ADB663C8,MND-6B21A9F8E8,Karnataka,Gadag,C,Gadag — Regional Wholesale Market,58,75.8,9,11,2,TRUCK,FARMER_LOCAL_MANDI,2026-09-20,SYNTHETIC_DEMO
FML-DD94944C99,LOC-53B08A414B,MND-CC5DCBC09A,Karnataka,Hassan,A,Hassan — Primary Local Mandi,71,85.1,11,10,2,TRUCK,FARMER_LOCAL_MANDI,2026-09-20,SYNTHETIC_DEMO
FML-FF57C16D45,LOC-53B08A414B,MND-B579E45AE5,Karnataka,Hassan,B,Hassan — Secondary Market Yard,61,78.1,9,6,2,TRUCK,FARMER_LOCAL_MANDI,2026-09-20,SYNTHETIC_DEMO
FML-FC174A79DB,LOC-53B08A414B,MND-87A32AB7C5,Karnataka,Hassan,C,Hassan — Regional Wholesale Market,14,30.4,6,6,1,TRUCK,FARMER_LOCAL_MANDI,2026-09-20,SYNTHETIC_DEMO
FML-74F798896D,LOC-D969F19735,MND-6678DB8940,Karnataka,Haveri,A,Haveri — Primary Local Mandi,23,37.3,9,9,1,TRUCK,FARMER_LOCAL_MANDI,2026-09-20,SYNTHETIC_DEMO
FML-68893603FA,LOC-D969F19735,MND-27CC444295,Karnataka,Haveri,B,Haveri — Secondary Market Yard,57,82.7,5,6,2,TRUCK,FARMER_LOCAL_MANDI,2026-09-20,SYNTHETIC_DEMO
FML-5B5AA161B8,LOC-D969F19735,MND-73AB6CEFC2,Karnataka,Haveri,C,Haveri — Regional Wholesale Market,51,62.1,8,7,2,TRUCK,FARMER_LOCAL_MANDI,2026-09-20,SYNTHETIC_DEMO
FML-7708D567CE,LOC-ADF2A10D21,MND-B230C34E38,Karnataka,Kalaburagi,A,Kalaburagi — Primary Local Mandi,56,77.6,14,7,2,TRUCK,FARMER_LOCAL_MANDI,2026-09-20,SYNTHETIC_DEMO
FML-9123696B69,LOC-ADF2A10D21,MND-5199D952E5,Karnataka,Kalaburagi,B,Kalaburagi — Secondary Market Yard,6,18,14,8,1,TRUCK,FARMER_LOCAL_MANDI,2026-09-20,SYNTHETIC_DEMO
FML-A661E4F224,LOC-ADF2A10D21,MND-33D41F6B36,Karnataka,Kalaburagi,C,Kalaburagi — Regional Wholesale Market,52,68.2,13,8,2,TRUCK,FARMER_LOCAL_MANDI,2026-09-20,SYNTHETIC_DEMO
FML-22B6EF8FE6,LOC-443D077077,MND-03A3F6AAE6,Karnataka,Kodagu,A,Kodagu — Primary Local Mandi,53,65.3,11,8,2,TRUCK,FARMER_LOCAL_MANDI,2026-09-20,SYNTHETIC_DEMO
FML-6A86FF1C93,LOC-443D077077,MND-2AEA946C1D,Karnataka,Kodagu,B,Kodagu — Secondary Market Yard,50,68.0,8,11,2,TRUCK,FARMER_LOCAL_MANDI,2026-09-20,SYNTHETIC_DEMO
FML-3C6FAF0C3F,LOC-443D077077,MND-379582FEC9,Karnataka,Kodagu,C,Kodagu — Regional Wholesale Market,54,81.4,14,11,2,TRUCK,FARMER_LOCAL_MANDI,2026-09-20,SYNTHETIC_DEMO
FML-CCD7EA54E4,LOC-65F3C06017,MND-8B3253C293,Karnataka,Kolar,A,Kolar — Primary Local Mandi,71,94.1,6,10,2,TRUCK,FARMER_LOCAL_MANDI,2026-09-20,SYNTHETIC_DEMO
FML-0ACFB3A7A1,LOC-65F3C06017,MND-8F226196D3,Karnataka,Kolar,B,Kolar — Secondary Market Yard,64,85.4,5,5,2,TRUCK,FARMER_LOCAL_MANDI,2026-09-20,SYNTHETIC_DEMO
FML-DAA704F19D,LOC-65F3C06017,MND-DC5268E90F,Karnataka,Kolar,C,Kolar — Regional Wholesale Market,69,82.9,8,10,2,TRUCK,FARMER_LOCAL_MANDI,2026-09-20,SYNTHETIC_DEMO
FML-4C08293DA4,LOC-5A91966D45,MND-CFD32C3D6F,Karnataka,Koppal,A,Koppal — Primary Local Mandi,63,80.3,6,4,2,TRUCK,FARMER_LOCAL_MANDI,2026-09-20,SYNTHETIC_DEMO
FML-4EFA0BE4F3,LOC-5A91966D45,MND-F945346C1A,Karnataka,Koppal,B,Koppal — Secondary Market Yard,11,18.1,12,8,1,TRUCK,FARMER_LOCAL_MANDI,2026-09-20,SYNTHETIC_DEMO
FML-8D0D7F5C5B,LOC-5A91966D45,MND-0122A910D6,Karnataka,Koppal,C,Koppal — Regional Wholesale Market,47,59.7,7,10,2,TRUCK,FARMER_LOCAL_MANDI,2026-09-20,SYNTHETIC_DEMO
FML-386A282EB8,LOC-3631CA6E57,MND-F1B0F011CA,Karnataka,Mandya,A,Mandya — Primary Local Mandi,60,84.0,6,11,2,TRUCK,FARMER_LOCAL_MANDI,2026-09-20,SYNTHETIC_DEMO
FML-CF2E190669,LOC-3631CA6E57,MND-94E6DC7FC6,Karnataka,Mandya,B,Mandya — Secondary Market Yard,44,68.4,5,11,1,TRUCK,FARMER_LOCAL_MANDI,2026-09-20,SYNTHETIC_DEMO
FML-4B9534D4EF,LOC-3631CA6E57,MND-9459A85C89,Karnataka,Mandya,C,Mandya — Regional Wholesale Market,53,70.3,10,11,2,TRUCK,FARMER_LOCAL_MANDI,2026-09-20,SYNTHETIC_DEMO
FML-FB5E467325,LOC-66F1A39184,MND-3EB847E114,Karnataka,Mysuru,A,Mysuru — Primary Local Mandi,66,87.6,7,4,2,TRUCK,FARMER_LOCAL_MANDI,2026-09-20,SYNTHETIC_DEMO
FML-542DD48CBB,LOC-66F1A39184,MND-402D417A66,Karnataka,Mysuru,B,Mysuru — Secondary Market Yard,43,62.3,13,11,1,TRUCK,FARMER_LOCAL_MANDI,2026-09-20,SYNTHETIC_DEMO
FML-F2F9062B83,LOC-66F1A39184,MND-B6F5D95EB0,Karnataka,Mysuru,C,Mysuru — Regional Wholesale Market,44,55.4,9,5,1,TRUCK,FARMER_LOCAL_MANDI,2026-09-20,SYNTHETIC_DEMO
FML-1AA587962A,LOC-EEBB3C9478,MND-0EDAAA0AEC,Karnataka,Raichur,A,Raichur — Primary Local Mandi,79,92.9,11,10,2,TRUCK,FARMER_LOCAL_MANDI,2026-09-20,SYNTHETIC_DEMO
FML-D04076D9C8,LOC-EEBB3C9478,MND-E6926CDA2A,Karnataka,Raichur,B,Raichur — Secondary Market Yard,19,40.9,14,4,1,TRUCK,FARMER_LOCAL_MANDI,2026-09-20,SYNTHETIC_DEMO
FML-A95F3CD378,LOC-EEBB3C9478,MND-B97194E9D7,Karnataka,Raichur,C,Raichur — Regional Wholesale Market,60,85.0,7,9,2,TRUCK,FARMER_LOCAL_MANDI,2026-09-20,SYNTHETIC_DEMO
FML-4AE2BAF2A0,LOC-BC9F1C6647,MND-384A3A0307,Karnataka,Shivamogga,A,Shivamogga — Primary Local Mandi,39,53.9,11,9,1,TRUCK,FARMER_LOCAL_MANDI,2026-09-20,SYNTHETIC_DEMO
FML-E0C8CDA3D1,LOC-BC9F1C6647,MND-B50EBDF57D,Karnataka,Shivamogga,B,Shivamogga — Secondary Market Yard,17,29.7,14,5,1,TRUCK,FARMER_LOCAL_MANDI,2026-09-20,SYNTHETIC_DEMO
FML-AC2661FCCB,LOC-BC9F1C6647,MND-C8AD93E30D,Karnataka,Shivamogga,C,Shivamogga — Regional Wholesale Market,18,31.8,8,8,1,TRUCK,FARMER_LOCAL_MANDI,2026-09-20,SYNTHETIC_DEMO
FML-642449C4B3,LOC-E2A38368C0,MND-FE5121B17E,Karnataka,Tumakuru,A,Tumakuru — Primary Local Mandi,29,44.9,7,8,1,TRUCK,FARMER_LOCAL_MANDI,2026-09-20,SYNTHETIC_DEMO
FML-4183984954,LOC-E2A38368C0,MND-12992B5882,Karnataka,Tumakuru,B,Tumakuru — Secondary Market Yard,54,72.4,14,7,2,TRUCK,FARMER_LOCAL_MANDI,2026-09-20,SYNTHETIC_DEMO
FML-8BA0ECAE20,LOC-E2A38368C0,MND-BC86643EB0,Karnataka,Tumakuru,C,Tumakuru — Regional Wholesale Market,20,35.0,7,7,1,TRUCK,FARMER_LOCAL_MANDI,2026-09-20,SYNTHETIC_DEMO
FML-533AC2CCA4,LOC-D8C9E8A741,MND-A024F2F602,Karnataka,Udupi,A,Udupi — Primary Local Mandi,63,84.3,5,9,2,TRUCK,FARMER_LOCAL_MANDI,2026-09-20,SYNTHETIC_DEMO
FML-F3180B3083,LOC-D8C9E8A741,MND-1C4783099A,Karnataka,Udupi,B,Udupi — Secondary Market Yard,56,67.6,5,4,2,TRUCK,FARMER_LOCAL_MANDI,2026-09-20,SYNTHETIC_DEMO
FML-0694B4B9BB,LOC-D8C9E8A741,MND-9379498910,Karnataka,Udupi,C,Udupi — Regional Wholesale Market,57,76.7,9,6,2,TRUCK,FARMER_LOCAL_MANDI,2026-09-20,SYNTHETIC_DEMO
FML-FC6AB32A00,LOC-F5B516C119,MND-34802422BD,Karnataka,Vijayapura,A,Vijayapura — Primary Local Mandi,71,92.1,8,4,2,TRUCK,FARMER_LOCAL_MANDI,2026-09-20,SYNTHETIC_DEMO
FML-263AAFC0CC,LOC-F5B516C119,MND-04A5298039,Karnataka,Vijayapura,B,Vijayapura — Secondary Market Yard,19,35.9,10,5,1,TRUCK,FARMER_LOCAL_MANDI,2026-09-20,SYNTHETIC_DEMO
FML-C73C6C00FD,LOC-F5B516C119,MND-7699370BC5,Karnataka,Vijayapura,C,Vijayapura — Regional Wholesale Market,31,50.1,14,10,1,TRUCK,FARMER_LOCAL_MANDI,2026-09-20,SYNTHETIC_DEMO
FML-41B6EAA320,LOC-0D877BCB3E,MND-222DDA748B,Karnataka,Yadgir,A,Yadgir — Primary Local Mandi,45,70.5,8,7,1,TRUCK,FARMER_LOCAL_MANDI,2026-09-20,SYNTHETIC_DEMO
FML-A143398846,LOC-0D877BCB3E,MND-217C56C33F,Karnataka,Yadgir,B,Yadgir — Secondary Market Yard,52,77.2,10,7,2,TRUCK,FARMER_LOCAL_MANDI,2026-09-20,SYNTHETIC_DEMO
FML-7EF72935D9,LOC-0D877BCB3E,MND-7474F6420B,Karnataka,Yadgir,C,Yadgir — Regional Wholesale Market,9,27.9,13,10,1,TRUCK,FARMER_LOCAL_MANDI,2026-09-20,SYNTHETIC_DEMO
FML-A405A2CF63,LOC-D4E55239F8,MND-5F4FC24E54,Kerala,Alappuzha,A,Alappuzha — Primary Local Mandi,45,61.5,7,11,1,TRUCK,FARMER_LOCAL_MANDI,2026-09-20,SYNTHETIC_DEMO
FML-E65CE5804D,LOC-D4E55239F8,MND-6391A1C242,Kerala,Alappuzha,B,Alappuzha — Secondary Market Yard,6,18,6,6,1,TRUCK,FARMER_LOCAL_MANDI,2026-09-20,SYNTHETIC_DEMO
FML-0FA0B7ADC2,LOC-D4E55239F8,MND-0B8DFBF3C1,Kerala,Alappuzha,C,Alappuzha — Regional Wholesale Market,39,64.9,12,7,1,TRUCK,FARMER_LOCAL_MANDI,2026-09-20,SYNTHETIC_DEMO
FML-944BFDFD5B,LOC-FFC840B47F,MND-6CEF717B90,Kerala,Ernakulam,A,Ernakulam — Primary Local Mandi,28,50.8,14,5,1,TRUCK,FARMER_LOCAL_MANDI,2026-09-20,SYNTHETIC_DEMO
FML-859068A9B6,LOC-FFC840B47F,MND-9E8DBB8DFF,Kerala,Ernakulam,B,Ernakulam — Secondary Market Yard,31,54.1,7,8,1,TRUCK,FARMER_LOCAL_MANDI,2026-09-20,SYNTHETIC_DEMO
FML-DDC3C21042,LOC-FFC840B47F,MND-95D827E67F,Kerala,Ernakulam,C,Ernakulam — Regional Wholesale Market,78,93.8,7,7,2,TRUCK,FARMER_LOCAL_MANDI,2026-09-20,SYNTHETIC_DEMO
FML-54074D9027,LOC-D29455B615,MND-01A915F834,Kerala,Idukki,A,Idukki — Primary Local Mandi,59,84.9,7,10,2,TRUCK,FARMER_LOCAL_MANDI,2026-09-20,SYNTHETIC_DEMO
FML-0038AFBC6E,LOC-D29455B615,MND-839EE17744,Kerala,Idukki,B,Idukki — Secondary Market Yard,55,73.5,13,4,2,TRUCK,FARMER_LOCAL_MANDI,2026-09-20,SYNTHETIC_DEMO
FML-6131E91D69,LOC-D29455B615,MND-A8B26F5AD8,Kerala,Idukki,C,Idukki — Regional Wholesale Market,58,70.8,9,9,2,TRUCK,FARMER_LOCAL_MANDI,2026-09-20,SYNTHETIC_DEMO
FML-5A0D74118B,LOC-CF201DF533,MND-479F3B4B10,Kerala,Kannur,A,Kannur — Primary Local Mandi,41,66.1,10,10,1,TRUCK,FARMER_LOCAL_MANDI,2026-09-20,SYNTHETIC_DEMO
FML-CC376C5CCF,LOC-CF201DF533,MND-30BE8D01E4,Kerala,Kannur,B,Kannur — Secondary Market Yard,46,62.6,6,10,2,TRUCK,FARMER_LOCAL_MANDI,2026-09-20,SYNTHETIC_DEMO
FML-6C21F6F60D,LOC-CF201DF533,MND-1706760C0B,Kerala,Kannur,C,Kannur — Regional Wholesale Market,46,69.6,10,7,2,TRUCK,FARMER_LOCAL_MANDI,2026-09-20,SYNTHETIC_DEMO
FML-8D3968E647,LOC-BF447834DD,MND-169DBB95D3,Kerala,Kasaragod,A,Kasaragod — Primary Local Mandi,13,28.3,7,8,1,TRUCK,FARMER_LOCAL_MANDI,2026-09-20,SYNTHETIC_DEMO
FML-6398B23720,LOC-BF447834DD,MND-7C10B34E67,Kerala,Kasaragod,B,Kasaragod — Secondary Market Yard,13,22.3,12,11,1,TRUCK,FARMER_LOCAL_MANDI,2026-09-20,SYNTHETIC_DEMO
FML-6CA4E0926A,LOC-BF447834DD,MND-AE400E295C,Kerala,Kasaragod,C,Kasaragod — Regional Wholesale Market,37,49.7,13,9,1,TRUCK,FARMER_LOCAL_MANDI,2026-09-20,SYNTHETIC_DEMO
FML-D7DF5FB324,LOC-D58772B08E,MND-D8FC65C976,Kerala,Kollam,A,Kollam — Primary Local Mandi,30,39.0,14,11,1,TRUCK,FARMER_LOCAL_MANDI,2026-09-20,SYNTHETIC_DEMO
FML-8E0F960D78,LOC-D58772B08E,MND-84DE30CE26,Kerala,Kollam,B,Kollam — Secondary Market Yard,46,61.6,7,6,2,TRUCK,FARMER_LOCAL_MANDI,2026-09-20,SYNTHETIC_DEMO
FML-2CFC87EBD5,LOC-D58772B08E,MND-99D1414CB8,Kerala,Kollam,C,Kollam — Regional Wholesale Market,43,60.3,6,5,1,TRUCK,FARMER_LOCAL_MANDI,2026-09-20,SYNTHETIC_DEMO
FML-4623695CF7,LOC-530BD93861,MND-9567F00386,Kerala,Kottayam,A,Kottayam — Primary Local Mandi,26,42.6,9,5,1,TRUCK,FARMER_LOCAL_MANDI,2026-09-20,SYNTHETIC_DEMO
FML-DFD1A4D837,LOC-530BD93861,MND-D08905588A,Kerala,Kottayam,B,Kottayam — Secondary Market Yard,19,35.9,12,8,1,TRUCK,FARMER_LOCAL_MANDI,2026-09-20,SYNTHETIC_DEMO
FML-946F2E3161,LOC-530BD93861,MND-5859687D24,Kerala,Kottayam,C,Kottayam — Regional Wholesale Market,40,55.0,11,9,1,TRUCK,FARMER_LOCAL_MANDI,2026-09-20,SYNTHETIC_DEMO
FML-1F83EC9D8D,LOC-BAD366DCEA,MND-2F5EA5974D,Kerala,Kozhikode,A,Kozhikode — Primary Local Mandi,38,59.8,10,8,1,TRUCK,FARMER_LOCAL_MANDI,2026-09-20,SYNTHETIC_DEMO
FML-CB34829BCD,LOC-BAD366DCEA,MND-0ADDAACA84,Kerala,Kozhikode,B,Kozhikode — Secondary Market Yard,11,24.1,10,4,1,TRUCK,FARMER_LOCAL_MANDI,2026-09-20,SYNTHETIC_DEMO
FML-86B0183176,LOC-BAD366DCEA,MND-0B1E26B4F3,Kerala,Kozhikode,C,Kozhikode — Regional Wholesale Market,9,19.9,5,9,1,TRUCK,FARMER_LOCAL_MANDI,2026-09-20,SYNTHETIC_DEMO
FML-9BA2EBB2C6,LOC-245372AB2F,MND-901837B9CC,Kerala,Malappuram,A,Malappuram — Primary Local Mandi,7,23.7,8,5,1,TRUCK,FARMER_LOCAL_MANDI,2026-09-20,SYNTHETIC_DEMO
FML-A17000AC63,LOC-245372AB2F,MND-7BA0F14611,Kerala,Malappuram,B,Malappuram — Secondary Market Yard,59,75.9,8,4,2,TRUCK,FARMER_LOCAL_MANDI,2026-09-20,SYNTHETIC_DEMO
FML-0867E00AC3,LOC-245372AB2F,MND-2BF2FFBF8F,Kerala,Malappuram,C,Malappuram — Regional Wholesale Market,71,98.1,5,4,2,TRUCK,FARMER_LOCAL_MANDI,2026-09-20,SYNTHETIC_DEMO
FML-A6F2DF4D2E,LOC-837FC1D36A,MND-C5D3398F77,Kerala,Palakkad,A,Palakkad — Primary Local Mandi,45,67.5,12,11,1,TRUCK,FARMER_LOCAL_MANDI,2026-09-20,SYNTHETIC_DEMO
FML-86CFF496F7,LOC-837FC1D36A,MND-7FA8ED59F5,Kerala,Palakkad,B,Palakkad — Secondary Market Yard,76,97.6,10,8,2,TRUCK,FARMER_LOCAL_MANDI,2026-09-20,SYNTHETIC_DEMO
FML-3B80B10F9C,LOC-837FC1D36A,MND-8CDEC7468C,Kerala,Palakkad,C,Palakkad — Regional Wholesale Market,69,87.9,13,9,2,TRUCK,FARMER_LOCAL_MANDI,2026-09-20,SYNTHETIC_DEMO
FML-4AC2032759,LOC-7A49473D39,MND-E74A40D67D,Kerala,Pathanamthitta,A,Pathanamthitta — Primary Local Mandi,36,47.6,6,9,1,TRUCK,FARMER_LOCAL_MANDI,2026-09-20,SYNTHETIC_DEMO
FML-D69C77E551,LOC-7A49473D39,MND-237A422AD8,Kerala,Pathanamthitta,B,Pathanamthitta — Secondary Market Yard,64,85.4,9,5,2,TRUCK,FARMER_LOCAL_MANDI,2026-09-20,SYNTHETIC_DEMO
FML-1D1DB2190F,LOC-7A49473D39,MND-9A5B4DFDB6,Kerala,Pathanamthitta,C,Pathanamthitta — Regional Wholesale Market,69,91.9,10,8,2,TRUCK,FARMER_LOCAL_MANDI,2026-09-20,SYNTHETIC_DEMO
FML-4853B33E0F,LOC-F15477CC43,MND-A3F46AC1EE,Kerala,Thiruvananthapuram,A,Thiruvananthapuram — Primary Local Mandi,57,68.7,5,7,2,TRUCK,FARMER_LOCAL_MANDI,2026-09-20,SYNTHETIC_DEMO
FML-7EFBD6CC96,LOC-F15477CC43,MND-B81FE62C24,Kerala,Thiruvananthapuram,B,Thiruvananthapuram — Secondary Market Yard,31,45.1,13,6,1,TRUCK,FARMER_LOCAL_MANDI,2026-09-20,SYNTHETIC_DEMO
FML-A43F216D3A,LOC-F15477CC43,MND-8F61ACE29B,Kerala,Thiruvananthapuram,C,Thiruvananthapuram — Regional Wholesale Market,20,31.0,5,4,1,TRUCK,FARMER_LOCAL_MANDI,2026-09-20,SYNTHETIC_DEMO
FML-5CFCDE7A3E,LOC-CB1D8901C8,MND-E8548559E2,Kerala,Thrissur,A,Thrissur — Primary Local Mandi,56,69.6,5,8,2,TRUCK,FARMER_LOCAL_MANDI,2026-09-20,SYNTHETIC_DEMO
FML-F8D8339A6E,LOC-CB1D8901C8,MND-34D1EA35EC,Kerala,Thrissur,B,Thrissur — Secondary Market Yard,41,66.1,6,11,1,TRUCK,FARMER_LOCAL_MANDI,2026-09-20,SYNTHETIC_DEMO
FML-BD10D2880E,LOC-CB1D8901C8,MND-2BF7670EC7,Kerala,Thrissur,C,Thrissur — Regional Wholesale Market,76,89.6,12,9,2,TRUCK,FARMER_LOCAL_MANDI,2026-09-20,SYNTHETIC_DEMO
FML-F2B76C6DAF,LOC-437C637BFF,MND-019CCBAC77,Kerala,Wayanad,A,Wayanad — Primary Local Mandi,60,78.0,5,5,2,TRUCK,FARMER_LOCAL_MANDI,2026-09-20,SYNTHETIC_DEMO
FML-0C6EE0F436,LOC-437C637BFF,MND-EA837C7B5D,Kerala,Wayanad,B,Wayanad — Secondary Market Yard,69,89.9,5,4,2,TRUCK,FARMER_LOCAL_MANDI,2026-09-20,SYNTHETIC_DEMO
FML-4A4E2428EA,LOC-437C637BFF,MND-423C75C4AF,Kerala,Wayanad,C,Wayanad — Regional Wholesale Market,43,56.3,9,10,1,TRUCK,FARMER_LOCAL_MANDI,2026-09-20,SYNTHETIC_DEMO
FML-D3228C40DF,LOC-8DF23A2205,MND-CCB2DC88A4,Ladakh,Kargil,A,Kargil — Primary Local Mandi,28,45.8,9,9,1,TRUCK,FARMER_LOCAL_MANDI,2026-09-20,SYNTHETIC_DEMO
FML-9BCD7FAF02,LOC-8DF23A2205,MND-97369A2EB0,Ladakh,Kargil,B,Kargil — Secondary Market Yard,45,61.5,11,10,1,TRUCK,FARMER_LOCAL_MANDI,2026-09-20,SYNTHETIC_DEMO
FML-4618601270,LOC-8DF23A2205,MND-6759FA47AC,Ladakh,Kargil,C,Kargil — Regional Wholesale Market,12,28.2,8,5,1,TRUCK,FARMER_LOCAL_MANDI,2026-09-20,SYNTHETIC_DEMO
FML-93285F9559,LOC-8CFE6AFC95,MND-ED4081DE1B,Ladakh,Leh Ladakh,A,Leh Ladakh — Primary Local Mandi,46,66.6,7,8,2,TRUCK,FARMER_LOCAL_MANDI,2026-09-20,SYNTHETIC_DEMO
FML-9F3D32C667,LOC-8CFE6AFC95,MND-7723649C29,Ladakh,Leh Ladakh,B,Leh Ladakh — Secondary Market Yard,51,63.1,5,4,2,TRUCK,FARMER_LOCAL_MANDI,2026-09-20,SYNTHETIC_DEMO
FML-BBE77429E9,LOC-8CFE6AFC95,MND-CF32A61A38,Ladakh,Leh Ladakh,C,Leh Ladakh — Regional Wholesale Market,66,81.6,10,5,2,TRUCK,FARMER_LOCAL_MANDI,2026-09-20,SYNTHETIC_DEMO
FML-48AF78208C,LOC-ADD1E862EC,MND-EA62204FEB,Lakshadweep,Lakshadweep District,A,Lakshadweep District — Primary Local Mandi,77,90.7,13,4,2,TRUCK,FARMER_LOCAL_MANDI,2026-09-20,SYNTHETIC_DEMO
FML-A5BAA1D912,LOC-ADD1E862EC,MND-C3316D6055,Lakshadweep,Lakshadweep District,B,Lakshadweep District — Secondary Market Yard,9,28.9,11,10,1,TRUCK,FARMER_LOCAL_MANDI,2026-09-20,SYNTHETIC_DEMO
FML-B8C9CC5EFB,LOC-ADD1E862EC,MND-8C5643DED9,Lakshadweep,Lakshadweep District,C,Lakshadweep District — Regional Wholesale Market,68,89.8,6,8,2,TRUCK,FARMER_LOCAL_MANDI,2026-09-20,SYNTHETIC_DEMO
FML-415212714B,LOC-E427178CDA,MND-7EA78CB12D,Madhya Pradesh,Agar-Malwa,A,Agar-Malwa — Primary Local Mandi,29,47.9,13,9,1,TRUCK,FARMER_LOCAL_MANDI,2026-09-20,SYNTHETIC_DEMO
FML-9888AF7823,LOC-E427178CDA,MND-85DE12C7B2,Madhya Pradesh,Agar-Malwa,B,Agar-Malwa — Secondary Market Yard,22,39.2,14,11,1,TRUCK,FARMER_LOCAL_MANDI,2026-09-20,SYNTHETIC_DEMO
FML-88ACBF8906,LOC-E427178CDA,MND-C00DA0B2C5,Madhya Pradesh,Agar-Malwa,C,Agar-Malwa — Regional Wholesale Market,58,77.8,9,8,2,TRUCK,FARMER_LOCAL_MANDI,2026-09-20,SYNTHETIC_DEMO
FML-5E041ACC4E,LOC-D95E7224E0,MND-774BCD6F48,Madhya Pradesh,Alirajpur,A,Alirajpur — Primary Local Mandi,77,106.7,14,7,2,TRUCK,FARMER_LOCAL_MANDI,2026-09-20,SYNTHETIC_DEMO
FML-3905FFF023,LOC-D95E7224E0,MND-B5BB85AAEE,Madhya Pradesh,Alirajpur,B,Alirajpur — Secondary Market Yard,73,101.3,10,7,2,TRUCK,FARMER_LOCAL_MANDI,2026-09-20,SYNTHETIC_DEMO
FML-2404EE7DD8,LOC-D95E7224E0,MND-4AAA4473D8,Madhya Pradesh,Alirajpur,C,Alirajpur — Regional Wholesale Market,76,102.6,7,6,2,TRUCK,FARMER_LOCAL_MANDI,2026-09-20,SYNTHETIC_DEMO
FML-48D8143A02,LOC-51C4662468,MND-00C3B2F0B1,Madhya Pradesh,Anuppur,A,Anuppur — Primary Local Mandi,42,53.2,10,8,1,TRUCK,FARMER_LOCAL_MANDI,2026-09-20,SYNTHETIC_DEMO
FML-E44B468AFA,LOC-51C4662468,MND-068042A847,Madhya Pradesh,Anuppur,B,Anuppur — Secondary Market Yard,26,44.6,13,5,1,TRUCK,FARMER_LOCAL_MANDI,2026-09-20,SYNTHETIC_DEMO
FML-E728ACDE22,LOC-51C4662468,MND-2AE852E98E,Madhya Pradesh,Anuppur,C,Anuppur — Regional Wholesale Market,50,72.0,11,4,2,TRUCK,FARMER_LOCAL_MANDI,2026-09-20,SYNTHETIC_DEMO
FML-7F6EF14614,LOC-FF22725390,MND-D2BD9FF311,Madhya Pradesh,Ashoknagar,A,Ashoknagar — Primary Local Mandi,26,39.6,5,10,1,TRUCK,FARMER_LOCAL_MANDI,2026-09-20,SYNTHETIC_DEMO
FML-D599F37ED9,LOC-FF22725390,MND-CDCA9EA377,Madhya Pradesh,Ashoknagar,B,Ashoknagar — Secondary Market Yard,47,71.7,5,6,2,TRUCK,FARMER_LOCAL_MANDI,2026-09-20,SYNTHETIC_DEMO
FML-1D4624C999,LOC-FF22725390,MND-00011ABED9,Madhya Pradesh,Ashoknagar,C,Ashoknagar — Regional Wholesale Market,72,93.2,13,5,2,TRUCK,FARMER_LOCAL_MANDI,2026-09-20,SYNTHETIC_DEMO
FML-278F7EDF94,LOC-CB11BF72AA,MND-3741049A81,Madhya Pradesh,Balaghat,A,Balaghat — Primary Local Mandi,79,92.9,11,8,2,TRUCK,FARMER_LOCAL_MANDI,2026-09-20,SYNTHETIC_DEMO
FML-DE98FB62AD,LOC-CB11BF72AA,MND-495ABEA069,Madhya Pradesh,Balaghat,B,Balaghat — Secondary Market Yard,7,27.7,13,4,1,TRUCK,FARMER_LOCAL_MANDI,2026-09-20,SYNTHETIC_DEMO
FML-F8E5521008,LOC-CB11BF72AA,MND-E53C82C6AF,Madhya Pradesh,Balaghat,C,Balaghat — Regional Wholesale Market,7,18,9,6,1,TRUCK,FARMER_LOCAL_MANDI,2026-09-20,SYNTHETIC_DEMO
FML-CC82C1A811,LOC-C102C54343,MND-CF8A408250,Madhya Pradesh,Barwani,A,Barwani — Primary Local Mandi,6,19.6,6,6,1,TRUCK,FARMER_LOCAL_MANDI,2026-09-20,SYNTHETIC_DEMO
FML-93ADB47612,LOC-C102C54343,MND-6D5FA83FE8,Madhya Pradesh,Barwani,B,Barwani — Secondary Market Yard,23,45.3,10,9,1,TRUCK,FARMER_LOCAL_MANDI,2026-09-20,SYNTHETIC_DEMO
FML-96BFB5B8CE,LOC-C102C54343,MND-192F23ECA9,Madhya Pradesh,Barwani,C,Barwani — Regional Wholesale Market,62,79.2,9,9,2,TRUCK,FARMER_LOCAL_MANDI,2026-09-20,SYNTHETIC_DEMO
FML-5797588803,LOC-5C5C6ADDA2,MND-8016F75C70,Madhya Pradesh,Betul,A,Betul — Primary Local Mandi,40,64.0,5,11,1,TRUCK,FARMER_LOCAL_MANDI,2026-09-20,SYNTHETIC_DEMO
FML-3F8DE1CFCE,LOC-5C5C6ADDA2,MND-CF41D4A6A2,Madhya Pradesh,Betul,B,Betul — Secondary Market Yard,72,93.2,14,6,2,TRUCK,FARMER_LOCAL_MANDI,2026-09-20,SYNTHETIC_DEMO
FML-E9EB153676,LOC-5C5C6ADDA2,MND-D5A5F2E212,Madhya Pradesh,Betul,C,Betul — Regional Wholesale Market,36,56.6,12,6,1,TRUCK,FARMER_LOCAL_MANDI,2026-09-20,SYNTHETIC_DEMO
FML-9AE71A4CB0,LOC-C27EFCF574,MND-434A6380AA,Madhya Pradesh,Bhind,A,Bhind — Primary Local Mandi,40,60.0,12,7,1,TRUCK,FARMER_LOCAL_MANDI,2026-09-20,SYNTHETIC_DEMO
FML-9E3C29A936,LOC-C27EFCF574,MND-51578CDA37,Madhya Pradesh,Bhind,B,Bhind — Secondary Market Yard,50,73.0,12,7,2,TRUCK,FARMER_LOCAL_MANDI,2026-09-20,SYNTHETIC_DEMO
FML-2C550967A1,LOC-C27EFCF574,MND-C307CA9C17,Madhya Pradesh,Bhind,C,Bhind — Regional Wholesale Market,21,32.1,8,8,1,TRUCK,FARMER_LOCAL_MANDI,2026-09-20,SYNTHETIC_DEMO
FML-55A712F288,LOC-12EC47D8C7,MND-0D4CAAF4F7,Madhya Pradesh,Bhopal,A,Bhopal — Primary Local Mandi,9,30.9,13,5,1,TRUCK,FARMER_LOCAL_MANDI,2026-09-20,SYNTHETIC_DEMO
FML-2C8E5F3D84,LOC-12EC47D8C7,MND-0AE63BB5DA,Madhya Pradesh,Bhopal,B,Bhopal — Secondary Market Yard,13,25.3,14,4,1,TRUCK,FARMER_LOCAL_MANDI,2026-09-20,SYNTHETIC_DEMO
FML-E87A1C060D,LOC-12EC47D8C7,MND-10199A1CF0,Madhya Pradesh,Bhopal,C,Bhopal — Regional Wholesale Market,9,22.9,9,11,1,TRUCK,FARMER_LOCAL_MANDI,2026-09-20,SYNTHETIC_DEMO
FML-B70341D977,LOC-090C6BF39E,MND-6D4B8F4B68,Madhya Pradesh,Burhanpur,A,Burhanpur — Primary Local Mandi,14,29.4,10,9,1,TRUCK,FARMER_LOCAL_MANDI,2026-09-20,SYNTHETIC_DEMO
FML-0B8D584B46,LOC-090C6BF39E,MND-C15B2D52FB,Madhya Pradesh,Burhanpur,B,Burhanpur — Secondary Market Yard,43,59.3,11,7,1,TRUCK,FARMER_LOCAL_MANDI,2026-09-20,SYNTHETIC_DEMO
FML-C6A412EB59,LOC-090C6BF39E,MND-9E1357027F,Madhya Pradesh,Burhanpur,C,Burhanpur — Regional Wholesale Market,54,68.4,11,8,2,TRUCK,FARMER_LOCAL_MANDI,2026-09-20,SYNTHETIC_DEMO
FML-AE3267B1C4,LOC-4F733D70DA,MND-61DB99B72D,Madhya Pradesh,Chhatarpur,A,Chhatarpur — Primary Local Mandi,66,81.6,11,9,2,TRUCK,FARMER_LOCAL_MANDI,2026-09-20,SYNTHETIC_DEMO
FML-0315DD229C,LOC-4F733D70DA,MND-765FEEEFB5,Madhya Pradesh,Chhatarpur,B,Chhatarpur — Secondary Market Yard,52,77.2,5,6,2,TRUCK,FARMER_LOCAL_MANDI,2026-09-20,SYNTHETIC_DEMO
FML-698ADB45CD,LOC-4F733D70DA,MND-05B267F174,Madhya Pradesh,Chhatarpur,C,Chhatarpur — Regional Wholesale Market,41,64.1,12,5,1,TRUCK,FARMER_LOCAL_MANDI,2026-09-20,SYNTHETIC_DEMO
FML-399CA248E2,LOC-5F03BC861C,MND-37EC898E6B,Madhya Pradesh,Chhindwara,A,Chhindwara — Primary Local Mandi,63,91.3,9,4,2,TRUCK,FARMER_LOCAL_MANDI,2026-09-20,SYNTHETIC_DEMO
FML-38AD6DD79B,LOC-5F03BC861C,MND-4A25937F94,Madhya Pradesh,Chhindwara,B,Chhindwara — Secondary Market Yard,34,45.4,10,6,1,TRUCK,FARMER_LOCAL_MANDI,2026-09-20,SYNTHETIC_DEMO
FML-2BD8D16A36,LOC-5F03BC861C,MND-6BA044420A,Madhya Pradesh,Chhindwara,C,Chhindwara — Regional Wholesale Market,5,18,9,5,1,TRUCK,FARMER_LOCAL_MANDI,2026-09-20,SYNTHETIC_DEMO
FML-260692747A,LOC-5DA1286909,MND-B1BF6114FB,Madhya Pradesh,Damoh,A,Damoh — Primary Local Mandi,60,88.0,14,7,2,TRUCK,FARMER_LOCAL_MANDI,2026-09-20,SYNTHETIC_DEMO
FML-88222272E6,LOC-5DA1286909,MND-E070EC44D0,Madhya Pradesh,Damoh,B,Damoh — Secondary Market Yard,53,80.3,9,10,2,TRUCK,FARMER_LOCAL_MANDI,2026-09-20,SYNTHETIC_DEMO
FML-37F47239BB,LOC-5DA1286909,MND-BDD7BB2F1B,Madhya Pradesh,Damoh,C,Damoh — Regional Wholesale Market,78,95.8,14,11,2,TRUCK,FARMER_LOCAL_MANDI,2026-09-20,SYNTHETIC_DEMO
FML-FC2CCAF752,LOC-568FC67F02,MND-7FB78CB0FB,Madhya Pradesh,Datia,A,Datia — Primary Local Mandi,16,35.6,5,6,1,TRUCK,FARMER_LOCAL_MANDI,2026-09-20,SYNTHETIC_DEMO
FML-BD8A06A471,LOC-568FC67F02,MND-3D9C12E4BD,Madhya Pradesh,Datia,B,Datia — Secondary Market Yard,74,101.4,12,11,2,TRUCK,FARMER_LOCAL_MANDI,2026-09-20,SYNTHETIC_DEMO
FML-974E479C7F,LOC-568FC67F02,MND-852A60E08F,Madhya Pradesh,Datia,C,Datia — Regional Wholesale Market,74,100.4,6,11,2,TRUCK,FARMER_LOCAL_MANDI,2026-09-20,SYNTHETIC_DEMO
FML-5420206D2C,LOC-35E7A4D505,MND-B98BA639A2,Madhya Pradesh,Dewas,A,Dewas — Primary Local Mandi,72,89.2,6,10,2,TRUCK,FARMER_LOCAL_MANDI,2026-09-20,SYNTHETIC_DEMO
FML-23DFA9447B,LOC-35E7A4D505,MND-DB43108397,Madhya Pradesh,Dewas,B,Dewas — Secondary Market Yard,55,74.5,5,9,2,TRUCK,FARMER_LOCAL_MANDI,2026-09-20,SYNTHETIC_DEMO
FML-FE958FB35F,LOC-35E7A4D505,MND-A4B595EB06,Madhya Pradesh,Dewas,C,Dewas — Regional Wholesale Market,17,33.7,13,8,1,TRUCK,FARMER_LOCAL_MANDI,2026-09-20,SYNTHETIC_DEMO
FML-A3A81C8EFE,LOC-7805190412,MND-AB23A4E459,Madhya Pradesh,Dhar,A,Dhar — Primary Local Mandi,18,28.8,6,8,1,TRUCK,FARMER_LOCAL_MANDI,2026-09-20,SYNTHETIC_DEMO
FML-9DD2AB28FE,LOC-7805190412,MND-4BE4B1F386,Madhya Pradesh,Dhar,B,Dhar — Secondary Market Yard,55,81.5,13,11,2,TRUCK,FARMER_LOCAL_MANDI,2026-09-20,SYNTHETIC_DEMO
FML-D18752FD41,LOC-7805190412,MND-C530EE98A8,Madhya Pradesh,Dhar,C,Dhar — Regional Wholesale Market,37,57.7,5,10,1,TRUCK,FARMER_LOCAL_MANDI,2026-09-20,SYNTHETIC_DEMO
FML-D8FB76A232,LOC-B559FA6C74,MND-4006DECA13,Madhya Pradesh,Dindori,A,Dindori — Primary Local Mandi,80,95.0,14,11,2,TRUCK,FARMER_LOCAL_MANDI,2026-09-20,SYNTHETIC_DEMO
FML-D907C7B27D,LOC-B559FA6C74,MND-3AB7BC5617,Madhya Pradesh,Dindori,B,Dindori — Secondary Market Yard,31,51.1,13,10,1,TRUCK,FARMER_LOCAL_MANDI,2026-09-20,SYNTHETIC_DEMO
FML-961AEEE60A,LOC-B559FA6C74,MND-BF0CB14B7F,Madhya Pradesh,Dindori,C,Dindori — Regional Wholesale Market,30,51.0,14,7,1,TRUCK,FARMER_LOCAL_MANDI,2026-09-20,SYNTHETIC_DEMO
FML-E521727F4C,LOC-7501D58C00,MND-BC7EAFED41,Madhya Pradesh,Guna,A,Guna — Primary Local Mandi,9,21.9,11,7,1,TRUCK,FARMER_LOCAL_MANDI,2026-09-20,SYNTHETIC_DEMO
FML-BA4922EAFC,LOC-7501D58C00,MND-84F024D4D1,Madhya Pradesh,Guna,B,Guna — Secondary Market Yard,52,64.2,14,4,2,TRUCK,FARMER_LOCAL_MANDI,2026-09-20,SYNTHETIC_DEMO
FML-F665A83F7B,LOC-7501D58C00,MND-8A1B6F8877,Madhya Pradesh,Guna,C,Guna — Regional Wholesale Market,37,62.7,9,11,1,TRUCK,FARMER_LOCAL_MANDI,2026-09-20,SYNTHETIC_DEMO
FML-ACE1D09F44,LOC-EEDBA869BE,MND-D310895249,Madhya Pradesh,Gwalior,A,Gwalior — Primary Local Mandi,73,93.3,11,7,2,TRUCK,FARMER_LOCAL_MANDI,2026-09-20,SYNTHETIC_DEMO
FML-B56243030D,LOC-EEDBA869BE,MND-CB74290E12,Madhya Pradesh,Gwalior,B,Gwalior — Secondary Market Yard,48,61.8,8,8,2,TRUCK,FARMER_LOCAL_MANDI,2026-09-20,SYNTHETIC_DEMO
FML-40B5A7A46E,LOC-EEDBA869BE,MND-B66455A2D9,Madhya Pradesh,Gwalior,C,Gwalior — Regional Wholesale Market,50,77.0,7,5,2,TRUCK,FARMER_LOCAL_MANDI,2026-09-20,SYNTHETIC_DEMO
FML-1792F36060,LOC-70A7C1BBFE,MND-FFDF9600EE,Madhya Pradesh,Harda,A,Harda — Primary Local Mandi,47,66.7,12,6,2,TRUCK,FARMER_LOCAL_MANDI,2026-09-20,SYNTHETIC_DEMO
FML-C13AF4E269,LOC-70A7C1BBFE,MND-DC096396E0,Madhya Pradesh,Harda,B,Harda — Secondary Market Yard,19,33.9,8,6,1,TRUCK,FARMER_LOCAL_MANDI,2026-09-20,SYNTHETIC_DEMO
FML-12F096AD3A,LOC-70A7C1BBFE,MND-1939F5ED28,Madhya Pradesh,Harda,C,Harda — Regional Wholesale Market,8,28.8,6,4,1,TRUCK,FARMER_LOCAL_MANDI,2026-09-20,SYNTHETIC_DEMO
FML-DC7C42E24E,LOC-9FE8777920,MND-977B436483,Madhya Pradesh,Indore,A,Indore — Primary Local Mandi,25,44.5,11,11,1,TRUCK,FARMER_LOCAL_MANDI,2026-09-20,SYNTHETIC_DEMO
FML-AD50BFA061,LOC-9FE8777920,MND-6ACEB288DD,Madhya Pradesh,Indore,B,Indore — Secondary Market Yard,72,92.2,14,4,2,TRUCK,FARMER_LOCAL_MANDI,2026-09-20,SYNTHETIC_DEMO
FML-939C4CB805,LOC-9FE8777920,MND-A9C544B537,Madhya Pradesh,Indore,C,Indore — Regional Wholesale Market,28,38.8,11,5,1,TRUCK,FARMER_LOCAL_MANDI,2026-09-20,SYNTHETIC_DEMO
FML-1D06B9E7FD,LOC-7A00C0CF9C,MND-081F650004,Madhya Pradesh,Jabalpur,A,Jabalpur — Primary Local Mandi,10,19.0,5,7,1,TRUCK,FARMER_LOCAL_MANDI,2026-09-20,SYNTHETIC_DEMO
FML-5D823A1999,LOC-7A00C0CF9C,MND-C2A0CE65AA,Madhya Pradesh,Jabalpur,B,Jabalpur — Secondary Market Yard,12,30.2,12,7,1,TRUCK,FARMER_LOCAL_MANDI,2026-09-20,SYNTHETIC_DEMO
FML-F35F63CE00,LOC-7A00C0CF9C,MND-9EDA48BD5A,Madhya Pradesh,Jabalpur,C,Jabalpur — Regional Wholesale Market,80,98.0,13,11,2,TRUCK,FARMER_LOCAL_MANDI,2026-09-20,SYNTHETIC_DEMO
FML-520C8BE2C0,LOC-8160A22A6A,MND-0805050933,Madhya Pradesh,Jhabua,A,Jhabua — Primary Local Mandi,30,44.0,10,11,1,TRUCK,FARMER_LOCAL_MANDI,2026-09-20,SYNTHETIC_DEMO
FML-BA9B228F55,LOC-8160A22A6A,MND-7A61ED9DB2,Madhya Pradesh,Jhabua,B,Jhabua — Secondary Market Yard,71,86.1,8,10,2,TRUCK,FARMER_LOCAL_MANDI,2026-09-20,SYNTHETIC_DEMO
FML-6C0B0D33CA,LOC-8160A22A6A,MND-70B5907F5E,Madhya Pradesh,Jhabua,C,Jhabua — Regional Wholesale Market,26,39.6,6,10,1,TRUCK,FARMER_LOCAL_MANDI,2026-09-20,SYNTHETIC_DEMO
FML-A12B738D27,LOC-FBE4B881EE,MND-3B7A2F444B,Madhya Pradesh,Katni,A,Katni — Primary Local Mandi,60,86.0,9,6,2,TRUCK,FARMER_LOCAL_MANDI,2026-09-20,SYNTHETIC_DEMO
FML-3376E5AA70,LOC-FBE4B881EE,MND-D60EF47B4B,Madhya Pradesh,Katni,B,Katni — Secondary Market Yard,15,22.5,11,5,1,TRUCK,FARMER_LOCAL_MANDI,2026-09-20,SYNTHETIC_DEMO
FML-D3EACC1C31,LOC-FBE4B881EE,MND-6D5FBB548F,Madhya Pradesh,Katni,C,Katni — Regional Wholesale Market,74,87.4,11,6,2,TRUCK,FARMER_LOCAL_MANDI,2026-09-20,SYNTHETIC_DEMO
FML-199D6AA059,LOC-9CFD5C33BD,MND-F724DB1D91,Madhya Pradesh,Khandwa,A,Khandwa — Primary Local Mandi,32,56.2,10,9,1,TRUCK,FARMER_LOCAL_MANDI,2026-09-20,SYNTHETIC_DEMO
FML-1B9FB5972F,LOC-9CFD5C33BD,MND-14BA40748A,Madhya Pradesh,Khandwa,B,Khandwa — Secondary Market Yard,57,81.7,12,4,2,TRUCK,FARMER_LOCAL_MANDI,2026-09-20,SYNTHETIC_DEMO
FML-86F76351F9,LOC-9CFD5C33BD,MND-FBF2F5778A,Madhya Pradesh,Khandwa,C,Khandwa — Regional Wholesale Market,26,50.6,10,7,1,TRUCK,FARMER_LOCAL_MANDI,2026-09-20,SYNTHETIC_DEMO
FML-A2EF3A4462,LOC-A8B762A1C8,MND-895A980403,Madhya Pradesh,Khargone,A,Khargone — Primary Local Mandi,49,60.9,10,11,2,TRUCK,FARMER_LOCAL_MANDI,2026-09-20,SYNTHETIC_DEMO
FML-1EE639E2DE,LOC-A8B762A1C8,MND-F3C4C0681B,Madhya Pradesh,Khargone,B,Khargone — Secondary Market Yard,35,56.5,14,9,1,TRUCK,FARMER_LOCAL_MANDI,2026-09-20,SYNTHETIC_DEMO
FML-C8AFC44739,LOC-A8B762A1C8,MND-DFE1F5B16E,Madhya Pradesh,Khargone,C,Khargone — Regional Wholesale Market,42,66.2,5,8,1,TRUCK,FARMER_LOCAL_MANDI,2026-09-20,SYNTHETIC_DEMO
FML-807BE1B53D,LOC-3BDF131D18,MND-D0E7FD8CAE,Madhya Pradesh,Mandla,A,Mandla — Primary Local Mandi,37,52.7,12,7,1,TRUCK,FARMER_LOCAL_MANDI,2026-09-20,SYNTHETIC_DEMO
FML-E06C293C2C,LOC-3BDF131D18,MND-23638E33EF,Madhya Pradesh,Mandla,B,Mandla — Secondary Market Yard,58,82.8,8,10,2,TRUCK,FARMER_LOCAL_MANDI,2026-09-20,SYNTHETIC_DEMO
FML-2CB9316EF3,LOC-3BDF131D18,MND-B7C5ADD259,Madhya Pradesh,Mandla,C,Mandla — Regional Wholesale Market,10,27.0,11,10,1,TRUCK,FARMER_LOCAL_MANDI,2026-09-20,SYNTHETIC_DEMO
FML-3E5832DB82,LOC-9026E5426E,MND-D47DFBCAED,Madhya Pradesh,Mandsaur,A,Mandsaur — Primary Local Mandi,6,18,11,10,1,TRUCK,FARMER_LOCAL_MANDI,2026-09-20,SYNTHETIC_DEMO
FML-C3DC2A3FB8,LOC-9026E5426E,MND-F07630600E,Madhya Pradesh,Mandsaur,B,Mandsaur — Secondary Market Yard,37,53.7,8,6,1,TRUCK,FARMER_LOCAL_MANDI,2026-09-20,SYNTHETIC_DEMO
FML-B002F2DB71,LOC-9026E5426E,MND-2CDD0314C0,Madhya Pradesh,Mandsaur,C,Mandsaur — Regional Wholesale Market,33,42.3,10,8,1,TRUCK,FARMER_LOCAL_MANDI,2026-09-20,SYNTHETIC_DEMO
FML-CD9673C0C1,LOC-3D7D9BF739,MND-732E21C7B5,Madhya Pradesh,Morena,A,Morena — Primary Local Mandi,60,84.0,8,8,2,TRUCK,FARMER_LOCAL_MANDI,2026-09-20,SYNTHETIC_DEMO
FML-FB4BAF048E,LOC-3D7D9BF739,MND-9CE824A9A9,Madhya Pradesh,Morena,B,Morena — Secondary Market Yard,79,99.9,11,6,2,TRUCK,FARMER_LOCAL_MANDI,2026-09-20,SYNTHETIC_DEMO
FML-655DAE5848,LOC-3D7D9BF739,MND-173F9F446C,Madhya Pradesh,Morena,C,Morena — Regional Wholesale Market,6,18,7,8,1,TRUCK,FARMER_LOCAL_MANDI,2026-09-20,SYNTHETIC_DEMO
FML-0D12E94C09,LOC-4DE084AA8A,MND-701079099A,Madhya Pradesh,Narmadapuram,A,Narmadapuram — Primary Local Mandi,52,78.2,6,8,2,TRUCK,FARMER_LOCAL_MANDI,2026-09-20,SYNTHETIC_DEMO
FML-E4BAD67BA8,LOC-4DE084AA8A,MND-19AA079FF9,Madhya Pradesh,Narmadapuram,B,Narmadapuram — Secondary Market Yard,50,63.0,10,11,2,TRUCK,FARMER_LOCAL_MANDI,2026-09-20,SYNTHETIC_DEMO
FML-3BBDEE2890,LOC-4DE084AA8A,MND-031E1EC04F,Madhya Pradesh,Narmadapuram,C,Narmadapuram — Regional Wholesale Market,24,38.4,9,10,1,TRUCK,FARMER_LOCAL_MANDI,2026-09-20,SYNTHETIC_DEMO
FML-D0294E547B,LOC-33B707F132,MND-0ABDB46CFF,Madhya Pradesh,Neemuch,A,Neemuch — Primary Local Mandi,26,42.6,6,4,1,TRUCK,FARMER_LOCAL_MANDI,2026-09-20,SYNTHETIC_DEMO
FML-9BF041C387,LOC-33B707F132,MND-E70C25B8F2,Madhya Pradesh,Neemuch,B,Neemuch — Secondary Market Yard,65,78.5,13,5,2,TRUCK,FARMER_LOCAL_MANDI,2026-09-20,SYNTHETIC_DEMO
FML-BBF0C1A1A5,LOC-33B707F132,MND-5A2F630C31,Madhya Pradesh,Neemuch,C,Neemuch — Regional Wholesale Market,71,100.1,11,6,2,TRUCK,FARMER_LOCAL_MANDI,2026-09-20,SYNTHETIC_DEMO
FML-124844B491,LOC-7D563D9B69,MND-DB56596B68,Madhya Pradesh,Niwari,A,Niwari — Primary Local Mandi,31,42.1,12,5,1,TRUCK,FARMER_LOCAL_MANDI,2026-09-20,SYNTHETIC_DEMO
FML-5AEBA62FD9,LOC-7D563D9B69,MND-B4D7D5B997,Madhya Pradesh,Niwari,B,Niwari — Secondary Market Yard,22,35.2,6,11,1,TRUCK,FARMER_LOCAL_MANDI,2026-09-20,SYNTHETIC_DEMO
FML-21F7986473,LOC-7D563D9B69,MND-BF53727BA0,Madhya Pradesh,Niwari,C,Niwari — Regional Wholesale Market,56,75.6,12,9,2,TRUCK,FARMER_LOCAL_MANDI,2026-09-20,SYNTHETIC_DEMO
FML-80523D8214,LOC-FABC0E536A,MND-B1598ABC4C,Madhya Pradesh,Panna,A,Panna — Primary Local Mandi,21,36.1,11,7,1,TRUCK,FARMER_LOCAL_MANDI,2026-09-20,SYNTHETIC_DEMO
FML-6044471C59,LOC-FABC0E536A,MND-A11CDCBCAE,Madhya Pradesh,Panna,B,Panna — Secondary Market Yard,31,54.1,8,11,1,TRUCK,FARMER_LOCAL_MANDI,2026-09-20,SYNTHETIC_DEMO
FML-E768238389,LOC-FABC0E536A,MND-ACC77C2FDA,Madhya Pradesh,Panna,C,Panna — Regional Wholesale Market,31,50.1,13,10,1,TRUCK,FARMER_LOCAL_MANDI,2026-09-20,SYNTHETIC_DEMO
FML-1867DA4D6E,LOC-3AF6966401,MND-E69DF2414F,Madhya Pradesh,Raisen,A,Raisen — Primary Local Mandi,34,48.4,9,11,1,TRUCK,FARMER_LOCAL_MANDI,2026-09-20,SYNTHETIC_DEMO
FML-6E6F8EA6B4,LOC-3AF6966401,MND-0A72A06C5B,Madhya Pradesh,Raisen,B,Raisen — Secondary Market Yard,75,103.5,7,6,2,TRUCK,FARMER_LOCAL_MANDI,2026-09-20,SYNTHETIC_DEMO
FML-FAF8064FC8,LOC-3AF6966401,MND-D1E4E86A85,Madhya Pradesh,Raisen,C,Raisen — Regional Wholesale Market,79,108.9,6,9,2,TRUCK,FARMER_LOCAL_MANDI,2026-09-20,SYNTHETIC_DEMO
FML-F436D6076B,LOC-E1436DDFB8,MND-0BC2D2B829,Madhya Pradesh,Rajgarh,A,Rajgarh — Primary Local Mandi,74,99.4,7,9,2,TRUCK,FARMER_LOCAL_MANDI,2026-09-20,SYNTHETIC_DEMO
FML-1D3D38BD02,LOC-E1436DDFB8,MND-2EB979483C,Madhya Pradesh,Rajgarh,B,Rajgarh — Secondary Market Yard,16,39.6,10,10,1,TRUCK,FARMER_LOCAL_MANDI,2026-09-20,SYNTHETIC_DEMO
FML-3AB66965EF,LOC-E1436DDFB8,MND-839C24E72E,Madhya Pradesh,Rajgarh,C,Rajgarh — Regional Wholesale Market,24,40.4,8,10,1,TRUCK,FARMER_LOCAL_MANDI,2026-09-20,SYNTHETIC_DEMO
FML-04CA2DE10C,LOC-57DC885B3A,MND-4553C91005,Madhya Pradesh,Ratlam,A,Ratlam — Primary Local Mandi,10,26.0,10,5,1,TRUCK,FARMER_LOCAL_MANDI,2026-09-20,SYNTHETIC_DEMO
FML-255E2B3EB3,LOC-57DC885B3A,MND-0239A8FD02,Madhya Pradesh,Ratlam,B,Ratlam — Secondary Market Yard,72,88.2,14,4,2,TRUCK,FARMER_LOCAL_MANDI,2026-09-20,SYNTHETIC_DEMO
FML-F63ADA411B,LOC-57DC885B3A,MND-74AD80DD84,Madhya Pradesh,Ratlam,C,Ratlam — Regional Wholesale Market,75,91.5,7,10,2,TRUCK,FARMER_LOCAL_MANDI,2026-09-20,SYNTHETIC_DEMO
FML-2C89D43FDE,LOC-A090DB586C,MND-DD5700CB2B,Madhya Pradesh,Rewa,A,Rewa — Primary Local Mandi,62,80.2,14,6,2,TRUCK,FARMER_LOCAL_MANDI,2026-09-20,SYNTHETIC_DEMO
FML-B8C356D080,LOC-A090DB586C,MND-B443360708,Madhya Pradesh,Rewa,B,Rewa — Secondary Market Yard,64,88.4,9,10,2,TRUCK,FARMER_LOCAL_MANDI,2026-09-20,SYNTHETIC_DEMO
FML-C65A90F159,LOC-A090DB586C,MND-C6295F4B44,Madhya Pradesh,Rewa,C,Rewa — Regional Wholesale Market,11,33.1,8,7,1,TRUCK,FARMER_LOCAL_MANDI,2026-09-20,SYNTHETIC_DEMO
FML-57A3CB0646,LOC-3B27B6DCBA,MND-C651183ECB,Madhya Pradesh,Sagar,A,Sagar — Primary Local Mandi,22,33.2,10,5,1,TRUCK,FARMER_LOCAL_MANDI,2026-09-20,SYNTHETIC_DEMO
FML-761779131F,LOC-3B27B6DCBA,MND-771E7051F8,Madhya Pradesh,Sagar,B,Sagar — Secondary Market Yard,51,71.1,8,9,2,TRUCK,FARMER_LOCAL_MANDI,2026-09-20,SYNTHETIC_DEMO
FML-40EF794178,LOC-3B27B6DCBA,MND-53C7397A32,Madhya Pradesh,Sagar,C,Sagar — Regional Wholesale Market,30,45.0,13,5,1,TRUCK,FARMER_LOCAL_MANDI,2026-09-20,SYNTHETIC_DEMO
FML-370C9410F7,LOC-C9656ED427,MND-6E8DB95D9D,Madhya Pradesh,Satna,A,Satna — Primary Local Mandi,52,69.2,8,9,2,TRUCK,FARMER_LOCAL_MANDI,2026-09-20,SYNTHETIC_DEMO
FML-0C758A9539,LOC-C9656ED427,MND-334E3E626C,Madhya Pradesh,Satna,B,Satna — Secondary Market Yard,80,103.0,12,5,2,TRUCK,FARMER_LOCAL_MANDI,2026-09-20,SYNTHETIC_DEMO
FML-7C905629B3,LOC-C9656ED427,MND-EF21E7D248,Madhya Pradesh,Satna,C,Satna — Regional Wholesale Market,47,65.7,9,6,2,TRUCK,FARMER_LOCAL_MANDI,2026-09-20,SYNTHETIC_DEMO
FML-119161B646,LOC-087BCF5CF4,MND-3E739D356B,Madhya Pradesh,Sehore,A,Sehore — Primary Local Mandi,32,55.2,5,4,1,TRUCK,FARMER_LOCAL_MANDI,2026-09-20,SYNTHETIC_DEMO
FML-155F227A97,LOC-087BCF5CF4,MND-097EA179D0,Madhya Pradesh,Sehore,B,Sehore — Secondary Market Yard,78,106.8,10,11,2,TRUCK,FARMER_LOCAL_MANDI,2026-09-20,SYNTHETIC_DEMO
FML-DD24E4FDE8,LOC-087BCF5CF4,MND-B8F2A91FD5,Madhya Pradesh,Sehore,C,Sehore — Regional Wholesale Market,51,72.1,9,4,2,TRUCK,FARMER_LOCAL_MANDI,2026-09-20,SYNTHETIC_DEMO
FML-A4F4B7CEE9,LOC-F91BEEC7E9,MND-040F89D0B0,Madhya Pradesh,Seoni,A,Seoni — Primary Local Mandi,64,89.4,13,7,2,TRUCK,FARMER_LOCAL_MANDI,2026-09-20,SYNTHETIC_DEMO
FML-6E8131FFA8,LOC-F91BEEC7E9,MND-592816EDAD,Madhya Pradesh,Seoni,B,Seoni — Secondary Market Yard,33,54.3,11,11,1,TRUCK,FARMER_LOCAL_MANDI,2026-09-20,SYNTHETIC_DEMO
FML-6F4F9AB837,LOC-F91BEEC7E9,MND-A710567ECD,Madhya Pradesh,Seoni,C,Seoni — Regional Wholesale Market,12,31.2,6,5,1,TRUCK,FARMER_LOCAL_MANDI,2026-09-20,SYNTHETIC_DEMO
FML-11BBA5D9B7,LOC-5EC610595D,MND-6B6A6C0650,Madhya Pradesh,Shahdol,A,Shahdol — Primary Local Mandi,54,65.4,13,9,2,TRUCK,FARMER_LOCAL_MANDI,2026-09-20,SYNTHETIC_DEMO
FML-1C090BF6EC,LOC-5EC610595D,MND-E689C00BCC,Madhya Pradesh,Shahdol,B,Shahdol — Secondary Market Yard,21,39.1,9,11,1,TRUCK,FARMER_LOCAL_MANDI,2026-09-20,SYNTHETIC_DEMO
FML-AA01002103,LOC-5EC610595D,MND-E0D3856137,Madhya Pradesh,Shahdol,C,Shahdol — Regional Wholesale Market,38,49.8,11,8,1,TRUCK,FARMER_LOCAL_MANDI,2026-09-20,SYNTHETIC_DEMO
FML-2B5931465C,LOC-56B98B2AD6,MND-5132DFD7B9,Madhya Pradesh,Shajapur,A,Shajapur — Primary Local Mandi,62,75.2,8,5,2,TRUCK,FARMER_LOCAL_MANDI,2026-09-20,SYNTHETIC_DEMO
FML-52C82393B3,LOC-56B98B2AD6,MND-3AAC176237,Madhya Pradesh,Shajapur,B,Shajapur — Secondary Market Yard,45,60.5,14,8,1,TRUCK,FARMER_LOCAL_MANDI,2026-09-20,SYNTHETIC_DEMO
FML-BB7F3A0BDA,LOC-56B98B2AD6,MND-B8B8B0B002,Madhya Pradesh,Shajapur,C,Shajapur — Regional Wholesale Market,24,40.4,6,8,1,TRUCK,FARMER_LOCAL_MANDI,2026-09-20,SYNTHETIC_DEMO
FML-FE7CE83466,LOC-8026284EA8,MND-6F2B1074B4,Madhya Pradesh,Sheopur,A,Sheopur — Primary Local Mandi,9,19.9,12,4,1,TRUCK,FARMER_LOCAL_MANDI,2026-09-20,SYNTHETIC_DEMO
FML-AB5D124513,LOC-8026284EA8,MND-48BA8775A6,Madhya Pradesh,Sheopur,B,Sheopur — Secondary Market Yard,12,20.2,12,10,1,TRUCK,FARMER_LOCAL_MANDI,2026-09-20,SYNTHETIC_DEMO
FML-46E407ECC1,LOC-8026284EA8,MND-2DE69C0297,Madhya Pradesh,Sheopur,C,Sheopur — Regional Wholesale Market,30,54.0,13,4,1,TRUCK,FARMER_LOCAL_MANDI,2026-09-20,SYNTHETIC_DEMO
FML-A61153930F,LOC-A273B5C6BE,MND-8646B4E282,Madhya Pradesh,Shivpuri,A,Shivpuri — Primary Local Mandi,36,51.6,8,4,1,TRUCK,FARMER_LOCAL_MANDI,2026-09-20,SYNTHETIC_DEMO
FML-D04EADA20E,LOC-A273B5C6BE,MND-F4433D51C5,Madhya Pradesh,Shivpuri,B,Shivpuri — Secondary Market Yard,45,70.5,11,9,1,TRUCK,FARMER_LOCAL_MANDI,2026-09-20,SYNTHETIC_DEMO
FML-0686797AC3,LOC-A273B5C6BE,MND-ECAA927070,Madhya Pradesh,Shivpuri,C,Shivpuri — Regional Wholesale Market,23,33.3,13,10,1,TRUCK,FARMER_LOCAL_MANDI,2026-09-20,SYNTHETIC_DEMO
FML-480FF0F85F,LOC-043235B5D9,MND-ECE15D4A43,Madhya Pradesh,Sidhi,A,Sidhi — Primary Local Mandi,32,57.2,7,5,1,TRUCK,FARMER_LOCAL_MANDI,2026-09-20,SYNTHETIC_DEMO
FML-D75E1D3169,LOC-043235B5D9,MND-43CBFF3637,Madhya Pradesh,Sidhi,B,Sidhi — Secondary Market Yard,38,51.8,5,6,1,TRUCK,FARMER_LOCAL_MANDI,2026-09-20,SYNTHETIC_DEMO
FML-531DAF1D15,LOC-043235B5D9,MND-B0140E5F46,Madhya Pradesh,Sidhi,C,Sidhi — Regional Wholesale Market,53,70.3,5,11,2,TRUCK,FARMER_LOCAL_MANDI,2026-09-20,SYNTHETIC_DEMO
FML-7C493AA69E,LOC-FABB73984E,MND-69F92D0176,Madhya Pradesh,Singrauli,A,Singrauli — Primary Local Mandi,73,95.3,12,7,2,TRUCK,FARMER_LOCAL_MANDI,2026-09-20,SYNTHETIC_DEMO
FML-B0E7EC5886,LOC-FABB73984E,MND-D04387CB80,Madhya Pradesh,Singrauli,B,Singrauli — Secondary Market Yard,67,94.7,8,8,2,TRUCK,FARMER_LOCAL_MANDI,2026-09-20,SYNTHETIC_DEMO
FML-769DB38992,LOC-FABB73984E,MND-4AE3F59AC3,Madhya Pradesh,Singrauli,C,Singrauli — Regional Wholesale Market,64,86.4,8,6,2,TRUCK,FARMER_LOCAL_MANDI,2026-09-20,SYNTHETIC_DEMO
FML-73D7D0D6B2,LOC-66A14769C1,MND-A96F27BB76,Madhya Pradesh,Tikamgarh,A,Tikamgarh — Primary Local Mandi,11,33.1,10,11,1,TRUCK,FARMER_LOCAL_MANDI,2026-09-20,SYNTHETIC_DEMO
FML-BA09CEE023,LOC-66A14769C1,MND-84EC1814A6,Madhya Pradesh,Tikamgarh,B,Tikamgarh — Secondary Market Yard,41,59.1,12,4,1,TRUCK,FARMER_LOCAL_MANDI,2026-09-20,SYNTHETIC_DEMO
FML-3B748AB777,LOC-66A14769C1,MND-F2B5A79C80,Madhya Pradesh,Tikamgarh,C,Tikamgarh — Regional Wholesale Market,22,33.2,6,10,1,TRUCK,FARMER_LOCAL_MANDI,2026-09-20,SYNTHETIC_DEMO
FML-011E03F0EF,LOC-43506F9842,MND-BC698000AC,Madhya Pradesh,Ujjain,A,Ujjain — Primary Local Mandi,28,45.8,7,10,1,TRUCK,FARMER_LOCAL_MANDI,2026-09-20,SYNTHETIC_DEMO
FML-C1ACC25B2C,LOC-43506F9842,MND-87A48493A6,Madhya Pradesh,Ujjain,B,Ujjain — Secondary Market Yard,35,47.5,7,8,1,TRUCK,FARMER_LOCAL_MANDI,2026-09-20,SYNTHETIC_DEMO
FML-CC21FAEC55,LOC-43506F9842,MND-4EA3707CA6,Madhya Pradesh,Ujjain,C,Ujjain — Regional Wholesale Market,67,87.7,6,9,2,TRUCK,FARMER_LOCAL_MANDI,2026-09-20,SYNTHETIC_DEMO
FML-FEBBAF4B94,LOC-481CF08061,MND-05CF0BAC0B,Madhya Pradesh,Umaria,A,Umaria — Primary Local Mandi,61,84.1,13,8,2,TRUCK,FARMER_LOCAL_MANDI,2026-09-20,SYNTHETIC_DEMO
FML-E90136003E,LOC-481CF08061,MND-C9B32D79EE,Madhya Pradesh,Umaria,B,Umaria — Secondary Market Yard,44,60.4,7,5,1,TRUCK,FARMER_LOCAL_MANDI,2026-09-20,SYNTHETIC_DEMO
FML-096E262339,LOC-481CF08061,MND-F670E81CCF,Madhya Pradesh,Umaria,C,Umaria — Regional Wholesale Market,21,35.1,9,5,1,TRUCK,FARMER_LOCAL_MANDI,2026-09-20,SYNTHETIC_DEMO
FML-7A92DD17A2,LOC-411DAD0291,MND-5179065511,Madhya Pradesh,Vidisha,A,Vidisha — Primary Local Mandi,49,68.9,10,9,2,TRUCK,FARMER_LOCAL_MANDI,2026-09-20,SYNTHETIC_DEMO
FML-CC507AD79A,LOC-411DAD0291,MND-5793A0D44C,Madhya Pradesh,Vidisha,B,Vidisha — Secondary Market Yard,65,86.5,12,11,2,TRUCK,FARMER_LOCAL_MANDI,2026-09-20,SYNTHETIC_DEMO
FML-66CAE3190C,LOC-411DAD0291,MND-EFD3C00C61,Madhya Pradesh,Vidisha,C,Vidisha — Regional Wholesale Market,34,54.4,9,9,1,TRUCK,FARMER_LOCAL_MANDI,2026-09-20,SYNTHETIC_DEMO
FML-5E72C10EE3,LOC-B436D68C43,MND-65058EB693,Maharashtra,Ahilyanagar,A,Ahilyanagar — Primary Local Mandi,41,61.1,5,11,1,TRUCK,FARMER_LOCAL_MANDI,2026-09-20,SYNTHETIC_DEMO
FML-9180695A1C,LOC-B436D68C43,MND-35FEB5A66E,Maharashtra,Ahilyanagar,B,Ahilyanagar — Secondary Market Yard,33,52.3,14,9,1,TRUCK,FARMER_LOCAL_MANDI,2026-09-20,SYNTHETIC_DEMO
FML-1C5E2E741E,LOC-B436D68C43,MND-6F30886F9B,Maharashtra,Ahilyanagar,C,Ahilyanagar — Regional Wholesale Market,14,25.4,9,7,1,TRUCK,FARMER_LOCAL_MANDI,2026-09-20,SYNTHETIC_DEMO
FML-2413FD148F,LOC-BACA44B853,MND-2D243B1721,Maharashtra,Akola,A,Akola — Primary Local Mandi,72,86.2,5,5,2,TRUCK,FARMER_LOCAL_MANDI,2026-09-20,SYNTHETIC_DEMO
FML-64667D35EF,LOC-BACA44B853,MND-48489A629A,Maharashtra,Akola,B,Akola — Secondary Market Yard,40,58.0,14,10,1,TRUCK,FARMER_LOCAL_MANDI,2026-09-20,SYNTHETIC_DEMO
FML-DF32D37C37,LOC-BACA44B853,MND-099FC3D3B9,Maharashtra,Akola,C,Akola — Regional Wholesale Market,23,35.3,13,9,1,TRUCK,FARMER_LOCAL_MANDI,2026-09-20,SYNTHETIC_DEMO
FML-E5A1C4F63F,LOC-BB7A2ADD78,MND-D56546BAB9,Maharashtra,Amravati,A,Amravati — Primary Local Mandi,40,52.0,14,4,1,TRUCK,FARMER_LOCAL_MANDI,2026-09-20,SYNTHETIC_DEMO
FML-CAF6CB5D76,LOC-BB7A2ADD78,MND-D6BB37CB88,Maharashtra,Amravati,B,Amravati — Secondary Market Yard,31,40.1,10,5,1,TRUCK,FARMER_LOCAL_MANDI,2026-09-20,SYNTHETIC_DEMO
FML-24E293750A,LOC-BB7A2ADD78,MND-54345DB09E,Maharashtra,Amravati,C,Amravati — Regional Wholesale Market,28,36.8,7,5,1,TRUCK,FARMER_LOCAL_MANDI,2026-09-20,SYNTHETIC_DEMO
FML-0E4AF2CD7A,LOC-D7B6821936,MND-9AA1335C7D,Maharashtra,Beed,A,Beed — Primary Local Mandi,33,53.3,10,10,1,TRUCK,FARMER_LOCAL_MANDI,2026-09-20,SYNTHETIC_DEMO
FML-6B078768AB,LOC-D7B6821936,MND-6AAA8ABA71,Maharashtra,Beed,B,Beed — Secondary Market Yard,35,54.5,13,10,1,TRUCK,FARMER_LOCAL_MANDI,2026-09-20,SYNTHETIC_DEMO
FML-00A5825C1C,LOC-D7B6821936,MND-ADC9D52F6C,Maharashtra,Beed,C,Beed — Regional Wholesale Market,31,43.1,5,8,1,TRUCK,FARMER_LOCAL_MANDI,2026-09-20,SYNTHETIC_DEMO
FML-2EB3123E33,LOC-BB79ACE8DA,MND-9DDE51FD2E,Maharashtra,Bhandara,A,Bhandara — Primary Local Mandi,14,21.4,9,11,1,TRUCK,FARMER_LOCAL_MANDI,2026-09-20,SYNTHETIC_DEMO
FML-67E68EF195,LOC-BB79ACE8DA,MND-A07FD08C4C,Maharashtra,Bhandara,B,Bhandara — Secondary Market Yard,52,76.2,7,11,2,TRUCK,FARMER_LOCAL_MANDI,2026-09-20,SYNTHETIC_DEMO
FML-E874BD0036,LOC-BB79ACE8DA,MND-9EB57C74DA,Maharashtra,Bhandara,C,Bhandara — Regional Wholesale Market,50,71.0,9,4,2,TRUCK,FARMER_LOCAL_MANDI,2026-09-20,SYNTHETIC_DEMO
FML-5772062C28,LOC-57560560F2,MND-88A695215A,Maharashtra,Buldhana,A,Buldhana — Primary Local Mandi,74,92.4,14,11,2,TRUCK,FARMER_LOCAL_MANDI,2026-09-20,SYNTHETIC_DEMO
FML-A53713CD86,LOC-57560560F2,MND-3E979D64AC,Maharashtra,Buldhana,B,Buldhana — Secondary Market Yard,32,42.2,5,4,1,TRUCK,FARMER_LOCAL_MANDI,2026-09-20,SYNTHETIC_DEMO
FML-BB0E391723,LOC-57560560F2,MND-BD76EC4260,Maharashtra,Buldhana,C,Buldhana — Regional Wholesale Market,48,60.8,13,10,2,TRUCK,FARMER_LOCAL_MANDI,2026-09-20,SYNTHETIC_DEMO
FML-5838221322,LOC-F66AE735B5,MND-67F7612A64,Maharashtra,Chandrapur,A,Chandrapur — Primary Local Mandi,13,28.3,5,4,1,TRUCK,FARMER_LOCAL_MANDI,2026-09-20,SYNTHETIC_DEMO
FML-9DB03094B3,LOC-F66AE735B5,MND-ABC7C20A51,Maharashtra,Chandrapur,B,Chandrapur — Secondary Market Yard,6,18,5,6,1,TRUCK,FARMER_LOCAL_MANDI,2026-09-20,SYNTHETIC_DEMO
FML-2633F7D8EE,LOC-F66AE735B5,MND-87ED275C15,Maharashtra,Chandrapur,C,Chandrapur — Regional Wholesale Market,80,100.0,9,4,2,TRUCK,FARMER_LOCAL_MANDI,2026-09-20,SYNTHETIC_DEMO
FML-927A3A0FF3,LOC-197B8A323A,MND-0520EB4D94,Maharashtra,Chhatrapati Sambhajinagar,A,Chhatrapati Sambhajinagar — Primary Local Mandi,57,81.7,11,9,2,TRUCK,FARMER_LOCAL_MANDI,2026-09-20,SYNTHETIC_DEMO
FML-9817AAB1E4,LOC-197B8A323A,MND-D2C64F6EFE,Maharashtra,Chhatrapati Sambhajinagar,B,Chhatrapati Sambhajinagar — Secondary Market Yard,59,74.9,6,5,2,TRUCK,FARMER_LOCAL_MANDI,2026-09-20,SYNTHETIC_DEMO
FML-EB1B10FD3E,LOC-197B8A323A,MND-624F10D4C8,Maharashtra,Chhatrapati Sambhajinagar,C,Chhatrapati Sambhajinagar — Regional Wholesale Market,62,77.2,12,4,2,TRUCK,FARMER_LOCAL_MANDI,2026-09-20,SYNTHETIC_DEMO
FML-04A306A2E0,LOC-5876881FD0,MND-09F71070E8,Maharashtra,Dharashiv,A,Dharashiv — Primary Local Mandi,71,93.1,10,6,2,TRUCK,FARMER_LOCAL_MANDI,2026-09-20,SYNTHETIC_DEMO
FML-FA88E73350,LOC-5876881FD0,MND-C8E4099060,Maharashtra,Dharashiv,B,Dharashiv — Secondary Market Yard,73,100.3,14,6,2,TRUCK,FARMER_LOCAL_MANDI,2026-09-20,SYNTHETIC_DEMO
FML-1F85C2E321,LOC-5876881FD0,MND-08B7506A80,Maharashtra,Dharashiv,C,Dharashiv — Regional Wholesale Market,55,80.5,11,7,2,TRUCK,FARMER_LOCAL_MANDI,2026-09-20,SYNTHETIC_DEMO
FML-A19F97379F,LOC-C764A03E1D,MND-1EDEF4A88E,Maharashtra,Dhule,A,Dhule — Primary Local Mandi,32,43.2,8,4,1,TRUCK,FARMER_LOCAL_MANDI,2026-09-20,SYNTHETIC_DEMO
FML-5512F4DA57,LOC-C764A03E1D,MND-D50C77ED23,Maharashtra,Dhule,B,Dhule — Secondary Market Yard,53,70.3,6,10,2,TRUCK,FARMER_LOCAL_MANDI,2026-09-20,SYNTHETIC_DEMO
FML-872A2DDC49,LOC-C764A03E1D,MND-12CD51F8E6,Maharashtra,Dhule,C,Dhule — Regional Wholesale Market,54,67.4,9,7,2,TRUCK,FARMER_LOCAL_MANDI,2026-09-20,SYNTHETIC_DEMO
FML-A74C088E88,LOC-15ABD1D919,MND-ABD4F03CED,Maharashtra,Gadchiroli,A,Gadchiroli — Primary Local Mandi,10,18,13,10,1,TRUCK,FARMER_LOCAL_MANDI,2026-09-20,SYNTHETIC_DEMO
FML-F09EC674B5,LOC-15ABD1D919,MND-EF7EFD6D88,Maharashtra,Gadchiroli,B,Gadchiroli — Secondary Market Yard,55,69.5,11,10,2,TRUCK,FARMER_LOCAL_MANDI,2026-09-20,SYNTHETIC_DEMO
FML-538406C436,LOC-15ABD1D919,MND-7CAC6111E7,Maharashtra,Gadchiroli,C,Gadchiroli — Regional Wholesale Market,53,74.3,5,7,2,TRUCK,FARMER_LOCAL_MANDI,2026-09-20,SYNTHETIC_DEMO
FML-7D75F4F04C,LOC-7CCD2D6E61,MND-F4BCB0BEC5,Maharashtra,Gondia,A,Gondia — Primary Local Mandi,70,98.0,12,10,2,TRUCK,FARMER_LOCAL_MANDI,2026-09-20,SYNTHETIC_DEMO
FML-874C95F8E9,LOC-7CCD2D6E61,MND-4F14EA6B6A,Maharashtra,Gondia,B,Gondia — Secondary Market Yard,73,98.3,7,11,2,TRUCK,FARMER_LOCAL_MANDI,2026-09-20,SYNTHETIC_DEMO
FML-F356F1F8E8,LOC-7CCD2D6E61,MND-954DB138ED,Maharashtra,Gondia,C,Gondia — Regional Wholesale Market,78,105.8,11,5,2,TRUCK,FARMER_LOCAL_MANDI,2026-09-20,SYNTHETIC_DEMO
FML-DDC9DD0EF3,LOC-F2C29B796D,MND-E371BBC351,Maharashtra,Hingoli,A,Hingoli — Primary Local Mandi,46,70.6,13,10,2,TRUCK,FARMER_LOCAL_MANDI,2026-09-20,SYNTHETIC_DEMO
FML-603E2ABFD5,LOC-F2C29B796D,MND-E8851C3865,Maharashtra,Hingoli,B,Hingoli — Secondary Market Yard,79,98.9,8,9,2,TRUCK,FARMER_LOCAL_MANDI,2026-09-20,SYNTHETIC_DEMO
FML-4B8DF74CF0,LOC-F2C29B796D,MND-0D49231D0B,Maharashtra,Hingoli,C,Hingoli — Regional Wholesale Market,13,23.3,12,11,1,TRUCK,FARMER_LOCAL_MANDI,2026-09-20,SYNTHETIC_DEMO
FML-BB01123D5B,LOC-9604BDB785,MND-DE3AC12ED2,Maharashtra,Jalgaon,A,Jalgaon — Primary Local Mandi,24,44.4,14,7,1,TRUCK,FARMER_LOCAL_MANDI,2026-09-20,SYNTHETIC_DEMO
FML-76C9FB5B78,LOC-9604BDB785,MND-FED462384D,Maharashtra,Jalgaon,B,Jalgaon — Secondary Market Yard,61,77.1,14,9,2,TRUCK,FARMER_LOCAL_MANDI,2026-09-20,SYNTHETIC_DEMO
FML-67427644D6,LOC-9604BDB785,MND-82E84F1833,Maharashtra,Jalgaon,C,Jalgaon — Regional Wholesale Market,78,104.8,11,4,2,TRUCK,FARMER_LOCAL_MANDI,2026-09-20,SYNTHETIC_DEMO
FML-F066F2BA63,LOC-0F985F8319,MND-94E521ED07,Maharashtra,Jalna,A,Jalna — Primary Local Mandi,30,45.0,7,10,1,TRUCK,FARMER_LOCAL_MANDI,2026-09-20,SYNTHETIC_DEMO
FML-700C9441DC,LOC-0F985F8319,MND-20166DEDC1,Maharashtra,Jalna,B,Jalna — Secondary Market Yard,22,43.2,7,6,1,TRUCK,FARMER_LOCAL_MANDI,2026-09-20,SYNTHETIC_DEMO
FML-061DF57F3E,LOC-0F985F8319,MND-4C5FC1DDDF,Maharashtra,Jalna,C,Jalna — Regional Wholesale Market,73,99.3,13,9,2,TRUCK,FARMER_LOCAL_MANDI,2026-09-20,SYNTHETIC_DEMO
FML-2B3268EEF2,LOC-AA41E89A9F,MND-CE38BF7894,Maharashtra,Kolhapur,A,Kolhapur — Primary Local Mandi,10,25.0,10,6,1,TRUCK,FARMER_LOCAL_MANDI,2026-09-20,SYNTHETIC_DEMO
FML-21F0B41099,LOC-AA41E89A9F,MND-D841630FF1,Maharashtra,Kolhapur,B,Kolhapur — Secondary Market Yard,23,34.3,13,7,1,TRUCK,FARMER_LOCAL_MANDI,2026-09-20,SYNTHETIC_DEMO
FML-67FE671BC4,LOC-AA41E89A9F,MND-72ED386298,Maharashtra,Kolhapur,C,Kolhapur — Regional Wholesale Market,15,25.5,6,4,1,TRUCK,FARMER_LOCAL_MANDI,2026-09-20,SYNTHETIC_DEMO
FML-B8FCAE1A5A,LOC-9A286ABF98,MND-CCF5E11836,Maharashtra,Latur,A,Latur — Primary Local Mandi,28,47.8,10,4,1,TRUCK,FARMER_LOCAL_MANDI,2026-09-20,SYNTHETIC_DEMO
FML-1A6CF69DFE,LOC-9A286ABF98,MND-6D32772B05,Maharashtra,Latur,B,Latur — Secondary Market Yard,14,33.4,14,8,1,TRUCK,FARMER_LOCAL_MANDI,2026-09-20,SYNTHETIC_DEMO
FML-C04C5BDCD7,LOC-9A286ABF98,MND-10ED37D1F5,Maharashtra,Latur,C,Latur — Regional Wholesale Market,53,67.3,7,6,2,TRUCK,FARMER_LOCAL_MANDI,2026-09-20,SYNTHETIC_DEMO
FML-E7C35D12BF,LOC-4B9FAF28FA,MND-B0496C1C8F,Maharashtra,Mumbai,A,Mumbai — Primary Local Mandi,61,78.1,9,7,2,TRUCK,FARMER_LOCAL_MANDI,2026-09-20,SYNTHETIC_DEMO
FML-EC431892C5,LOC-4B9FAF28FA,MND-7E4775ED34,Maharashtra,Mumbai,B,Mumbai — Secondary Market Yard,55,82.5,9,7,2,TRUCK,FARMER_LOCAL_MANDI,2026-09-20,SYNTHETIC_DEMO
FML-B63B0D19F8,LOC-4B9FAF28FA,MND-BDF2004641,Maharashtra,Mumbai,C,Mumbai — Regional Wholesale Market,24,45.4,9,7,1,TRUCK,FARMER_LOCAL_MANDI,2026-09-20,SYNTHETIC_DEMO
FML-3AF0A0BC30,LOC-BD3E48FBD6,MND-5C863169B4,Maharashtra,Mumbai Suburban,A,Mumbai Suburban — Primary Local Mandi,47,64.7,7,6,2,TRUCK,FARMER_LOCAL_MANDI,2026-09-20,SYNTHETIC_DEMO
FML-281B9B8A44,LOC-BD3E48FBD6,MND-A6B9A32FD7,Maharashtra,Mumbai Suburban,B,Mumbai Suburban — Secondary Market Yard,24,38.4,9,7,1,TRUCK,FARMER_LOCAL_MANDI,2026-09-20,SYNTHETIC_DEMO
FML-3E38D4E6D4,LOC-BD3E48FBD6,MND-5B844BAD69,Maharashtra,Mumbai Suburban,C,Mumbai Suburban — Regional Wholesale Market,8,30.8,5,4,1,TRUCK,FARMER_LOCAL_MANDI,2026-09-20,SYNTHETIC_DEMO
FML-B50FE57DD7,LOC-36E5643D5A,MND-FBFB627F22,Maharashtra,Nagpur,A,Nagpur — Primary Local Mandi,7,26.7,13,6,1,TRUCK,FARMER_LOCAL_MANDI,2026-09-20,SYNTHETIC_DEMO
FML-C40CD9B714,LOC-36E5643D5A,MND-FACF943B56,Maharashtra,Nagpur,B,Nagpur — Secondary Market Yard,40,66.0,13,6,1,TRUCK,FARMER_LOCAL_MANDI,2026-09-20,SYNTHETIC_DEMO
FML-32F9DF96A1,LOC-36E5643D5A,MND-781B0DE409,Maharashtra,Nagpur,C,Nagpur — Regional Wholesale Market,62,79.2,11,5,2,TRUCK,FARMER_LOCAL_MANDI,2026-09-20,SYNTHETIC_DEMO
FML-EC79A06BA8,LOC-221C94B503,MND-725492BCF7,Maharashtra,Nanded,A,Nanded — Primary Local Mandi,78,106.8,9,11,2,TRUCK,FARMER_LOCAL_MANDI,2026-09-20,SYNTHETIC_DEMO
FML-BA81FF4E0D,LOC-221C94B503,MND-8B7C7CB164,Maharashtra,Nanded,B,Nanded — Secondary Market Yard,71,90.1,6,11,2,TRUCK,FARMER_LOCAL_MANDI,2026-09-20,SYNTHETIC_DEMO
FML-0AAFAFBD66,LOC-221C94B503,MND-174A2E6AE4,Maharashtra,Nanded,C,Nanded — Regional Wholesale Market,29,45.9,12,7,1,TRUCK,FARMER_LOCAL_MANDI,2026-09-20,SYNTHETIC_DEMO
FML-4E8E6629C2,LOC-805D44A0C6,MND-FA4D28A866,Maharashtra,Nandurbar,A,Nandurbar — Primary Local Mandi,60,74.0,14,4,2,TRUCK,FARMER_LOCAL_MANDI,2026-09-20,SYNTHETIC_DEMO
FML-412183D01E,LOC-805D44A0C6,MND-19A0303AAA,Maharashtra,Nandurbar,B,Nandurbar — Secondary Market Yard,58,82.8,9,6,2,TRUCK,FARMER_LOCAL_MANDI,2026-09-20,SYNTHETIC_DEMO
FML-B9A8A95FEE,LOC-805D44A0C6,MND-E09980DA22,Maharashtra,Nandurbar,C,Nandurbar — Regional Wholesale Market,77,95.7,11,8,2,TRUCK,FARMER_LOCAL_MANDI,2026-09-20,SYNTHETIC_DEMO
FML-4017C08EAD,LOC-AD6B3F3A69,MND-A36A077592,Maharashtra,Nashik,A,Nashik — Primary Local Mandi,42,68.2,9,7,1,TRUCK,FARMER_LOCAL_MANDI,2026-09-20,SYNTHETIC_DEMO
FML-55C489B767,LOC-AD6B3F3A69,MND-F7E645554C,Maharashtra,Nashik,B,Nashik — Secondary Market Yard,17,26.7,7,8,1,TRUCK,FARMER_LOCAL_MANDI,2026-09-20,SYNTHETIC_DEMO
FML-528EBB0722,LOC-AD6B3F3A69,MND-E0862404EF,Maharashtra,Nashik,C,Nashik — Regional Wholesale Market,33,55.3,5,5,1,TRUCK,FARMER_LOCAL_MANDI,2026-09-20,SYNTHETIC_DEMO
FML-0EEA0D53A2,LOC-415561A95E,MND-D034492776,Maharashtra,Palghar,A,Palghar — Primary Local Mandi,61,76.1,10,7,2,TRUCK,FARMER_LOCAL_MANDI,2026-09-20,SYNTHETIC_DEMO
FML-354DCD9D28,LOC-415561A95E,MND-15E86D4B87,Maharashtra,Palghar,B,Palghar — Secondary Market Yard,80,98.0,10,6,2,TRUCK,FARMER_LOCAL_MANDI,2026-09-20,SYNTHETIC_DEMO
FML-94084AE5C7,LOC-415561A95E,MND-08E02B45E0,Maharashtra,Palghar,C,Palghar — Regional Wholesale Market,10,18,7,10,1,TRUCK,FARMER_LOCAL_MANDI,2026-09-20,SYNTHETIC_DEMO
FML-32884E4B66,LOC-AE3B7B213B,MND-CC3FD70993,Maharashtra,Parbhani,A,Parbhani — Primary Local Mandi,18,39.8,6,10,1,TRUCK,FARMER_LOCAL_MANDI,2026-09-20,SYNTHETIC_DEMO
FML-8076D0FCA5,LOC-AE3B7B213B,MND-1DA1B19B73,Maharashtra,Parbhani,B,Parbhani — Secondary Market Yard,31,45.1,7,9,1,TRUCK,FARMER_LOCAL_MANDI,2026-09-20,SYNTHETIC_DEMO
FML-2AF6B791F6,LOC-AE3B7B213B,MND-BD1D4B74C7,Maharashtra,Parbhani,C,Parbhani — Regional Wholesale Market,23,42.3,12,11,1,TRUCK,FARMER_LOCAL_MANDI,2026-09-20,SYNTHETIC_DEMO
FML-5F87EAC901,LOC-B8F6DEFB70,MND-EEAE73873C,Maharashtra,Pune,A,Pune — Primary Local Mandi,21,36.1,5,10,1,TRUCK,FARMER_LOCAL_MANDI,2026-09-20,SYNTHETIC_DEMO
FML-EA253B2665,LOC-B8F6DEFB70,MND-8F74646435,Maharashtra,Pune,B,Pune — Secondary Market Yard,20,40.0,12,4,1,TRUCK,FARMER_LOCAL_MANDI,2026-09-20,SYNTHETIC_DEMO
FML-0117F395FC,LOC-B8F6DEFB70,MND-9A9EDD13CB,Maharashtra,Pune,C,Pune — Regional Wholesale Market,49,67.9,13,4,2,TRUCK,FARMER_LOCAL_MANDI,2026-09-20,SYNTHETIC_DEMO
FML-1A1CB2EB3F,LOC-B05265EA9B,MND-212C7A5E92,Maharashtra,Raigad,A,Raigad — Primary Local Mandi,33,45.3,11,6,1,TRUCK,FARMER_LOCAL_MANDI,2026-09-20,SYNTHETIC_DEMO
FML-8178DF8E1E,LOC-B05265EA9B,MND-AF91CA6CB1,Maharashtra,Raigad,B,Raigad — Secondary Market Yard,58,72.8,7,5,2,TRUCK,FARMER_LOCAL_MANDI,2026-09-20,SYNTHETIC_DEMO
FML-A8310F8FE6,LOC-B05265EA9B,MND-085EB85C7F,Maharashtra,Raigad,C,Raigad — Regional Wholesale Market,22,32.2,12,4,1,TRUCK,FARMER_LOCAL_MANDI,2026-09-20,SYNTHETIC_DEMO
FML-F8FD53B2A3,LOC-F610EDA277,MND-8AA4B962A6,Maharashtra,Ratnagiri,A,Ratnagiri — Primary Local Mandi,77,103.7,13,10,2,TRUCK,FARMER_LOCAL_MANDI,2026-09-20,SYNTHETIC_DEMO
FML-DCBE076754,LOC-F610EDA277,MND-138D45EF78,Maharashtra,Ratnagiri,B,Ratnagiri — Secondary Market Yard,67,89.7,8,11,2,TRUCK,FARMER_LOCAL_MANDI,2026-09-20,SYNTHETIC_DEMO
FML-52AB2B57F3,LOC-F610EDA277,MND-8CB5FF3587,Maharashtra,Ratnagiri,C,Ratnagiri — Regional Wholesale Market,44,63.4,7,5,1,TRUCK,FARMER_LOCAL_MANDI,2026-09-20,SYNTHETIC_DEMO
FML-E1890A764C,LOC-D33B8453EA,MND-FD7DC3AEBF,Maharashtra,Sangli,A,Sangli — Primary Local Mandi,28,38.8,13,9,1,TRUCK,FARMER_LOCAL_MANDI,2026-09-20,SYNTHETIC_DEMO
FML-4683D7CEAE,LOC-D33B8453EA,MND-763705B43E,Maharashtra,Sangli,B,Sangli — Secondary Market Yard,74,99.4,12,4,2,TRUCK,FARMER_LOCAL_MANDI,2026-09-20,SYNTHETIC_DEMO
FML-31031D098A,LOC-D33B8453EA,MND-23956DED8D,Maharashtra,Sangli,C,Sangli — Regional Wholesale Market,18,34.8,6,8,1,TRUCK,FARMER_LOCAL_MANDI,2026-09-20,SYNTHETIC_DEMO
FML-4ABF29623A,LOC-184D9E3568,MND-5081CDE1C4,Maharashtra,Satara,A,Satara — Primary Local Mandi,23,45.3,14,5,1,TRUCK,FARMER_LOCAL_MANDI,2026-09-20,SYNTHETIC_DEMO
FML-0E0B443001,LOC-184D9E3568,MND-8F93FC8D7E,Maharashtra,Satara,B,Satara — Secondary Market Yard,38,49.8,8,4,1,TRUCK,FARMER_LOCAL_MANDI,2026-09-20,SYNTHETIC_DEMO
FML-A82F68C8A5,LOC-184D9E3568,MND-0C25CDA726,Maharashtra,Satara,C,Satara — Regional Wholesale Market,30,43.0,8,4,1,TRUCK,FARMER_LOCAL_MANDI,2026-09-20,SYNTHETIC_DEMO
FML-A0F26BBE3A,LOC-35C08702A7,MND-BBE5C018EF,Maharashtra,Sindhudurg,A,Sindhudurg — Primary Local Mandi,32,50.2,7,4,1,TRUCK,FARMER_LOCAL_MANDI,2026-09-20,SYNTHETIC_DEMO
FML-8879F27B8F,LOC-35C08702A7,MND-04D3FDA7EF,Maharashtra,Sindhudurg,B,Sindhudurg — Secondary Market Yard,80,99.0,14,5,2,TRUCK,FARMER_LOCAL_MANDI,2026-09-20,SYNTHETIC_DEMO
FML-1E8C2E851D,LOC-35C08702A7,MND-E28F3DB435,Maharashtra,Sindhudurg,C,Sindhudurg — Regional Wholesale Market,61,89.1,10,8,2,TRUCK,FARMER_LOCAL_MANDI,2026-09-20,SYNTHETIC_DEMO
FML-4AE298FF9B,LOC-C40E73C170,MND-4D5C09E994,Maharashtra,Solapur,A,Solapur — Primary Local Mandi,80,107.0,12,6,2,TRUCK,FARMER_LOCAL_MANDI,2026-09-20,SYNTHETIC_DEMO
FML-5379060D6A,LOC-C40E73C170,MND-AEF7E25623,Maharashtra,Solapur,B,Solapur — Secondary Market Yard,71,87.1,6,10,2,TRUCK,FARMER_LOCAL_MANDI,2026-09-20,SYNTHETIC_DEMO
FML-8178DD020A,LOC-C40E73C170,MND-E282B819BB,Maharashtra,Solapur,C,Solapur — Regional Wholesale Market,60,72.0,14,7,2,TRUCK,FARMER_LOCAL_MANDI,2026-09-20,SYNTHETIC_DEMO
FML-2EBA612504,LOC-3A20085469,MND-09317C2B95,Maharashtra,Thane,A,Thane — Primary Local Mandi,47,73.7,6,9,2,TRUCK,FARMER_LOCAL_MANDI,2026-09-20,SYNTHETIC_DEMO
FML-395A0DC809,LOC-3A20085469,MND-2F05BB3EA8,Maharashtra,Thane,B,Thane — Secondary Market Yard,68,96.8,8,10,2,TRUCK,FARMER_LOCAL_MANDI,2026-09-20,SYNTHETIC_DEMO
FML-5C5383DA68,LOC-3A20085469,MND-B0DCB3317A,Maharashtra,Thane,C,Thane — Regional Wholesale Market,41,57.1,10,11,1,TRUCK,FARMER_LOCAL_MANDI,2026-09-20,SYNTHETIC_DEMO
FML-9CE0E9FC26,LOC-6F9126A82D,MND-4C608DC62E,Maharashtra,Wardha,A,Wardha — Primary Local Mandi,40,56.0,11,10,1,TRUCK,FARMER_LOCAL_MANDI,2026-09-20,SYNTHETIC_DEMO
FML-57CCC56E73,LOC-6F9126A82D,MND-BAFFC1C2B3,Maharashtra,Wardha,B,Wardha — Secondary Market Yard,33,48.3,9,7,1,TRUCK,FARMER_LOCAL_MANDI,2026-09-20,SYNTHETIC_DEMO
FML-62EED6084C,LOC-6F9126A82D,MND-265DA3B81C,Maharashtra,Wardha,C,Wardha — Regional Wholesale Market,57,78.7,5,8,2,TRUCK,FARMER_LOCAL_MANDI,2026-09-20,SYNTHETIC_DEMO
FML-E0A4DDD375,LOC-FE111985C9,MND-9C39E74B63,Maharashtra,Washim,A,Washim — Primary Local Mandi,58,81.8,5,6,2,TRUCK,FARMER_LOCAL_MANDI,2026-09-20,SYNTHETIC_DEMO
FML-CB49789E99,LOC-FE111985C9,MND-6DA6BF08C0,Maharashtra,Washim,B,Washim — Secondary Market Yard,5,18,8,8,1,TRUCK,FARMER_LOCAL_MANDI,2026-09-20,SYNTHETIC_DEMO
FML-D8A0894784,LOC-FE111985C9,MND-1CFD377EC2,Maharashtra,Washim,C,Washim — Regional Wholesale Market,8,30.8,7,4,1,TRUCK,FARMER_LOCAL_MANDI,2026-09-20,SYNTHETIC_DEMO
FML-CFA8DB99D2,LOC-E478BF65F6,MND-165442B95F,Maharashtra,Yavatmal,A,Yavatmal — Primary Local Mandi,11,18.1,14,7,1,TRUCK,FARMER_LOCAL_MANDI,2026-09-20,SYNTHETIC_DEMO
FML-DDA317BF9A,LOC-E478BF65F6,MND-539E7E30FA,Maharashtra,Yavatmal,B,Yavatmal — Secondary Market Yard,44,58.4,13,7,1,TRUCK,FARMER_LOCAL_MANDI,2026-09-20,SYNTHETIC_DEMO
FML-8B1F0B6431,LOC-E478BF65F6,MND-6AD7D4984C,Maharashtra,Yavatmal,C,Yavatmal — Regional Wholesale Market,9,28.9,7,7,1,TRUCK,FARMER_LOCAL_MANDI,2026-09-20,SYNTHETIC_DEMO
FML-45D8189CB1,LOC-90CCF8D568,MND-395E3B8997,Manipur,Bishnupur,A,Bishnupur — Primary Local Mandi,70,94.0,6,7,2,TRUCK,FARMER_LOCAL_MANDI,2026-09-20,SYNTHETIC_DEMO
FML-263379781C,LOC-90CCF8D568,MND-870B7ADDBB,Manipur,Bishnupur,B,Bishnupur — Secondary Market Yard,69,85.9,6,6,2,TRUCK,FARMER_LOCAL_MANDI,2026-09-20,SYNTHETIC_DEMO
FML-ABB26AF440,LOC-90CCF8D568,MND-49EB086620,Manipur,Bishnupur,C,Bishnupur — Regional Wholesale Market,50,66.0,14,11,2,TRUCK,FARMER_LOCAL_MANDI,2026-09-20,SYNTHETIC_DEMO
FML-EEA813C2E9,LOC-647CD1A02B,MND-440FA5379A,Manipur,Chandel,A,Chandel — Primary Local Mandi,35,44.5,6,11,1,TRUCK,FARMER_LOCAL_MANDI,2026-09-20,SYNTHETIC_DEMO
FML-5CAE978BB8,LOC-647CD1A02B,MND-4EE8EED528,Manipur,Chandel,B,Chandel — Secondary Market Yard,35,48.5,14,7,1,TRUCK,FARMER_LOCAL_MANDI,2026-09-20,SYNTHETIC_DEMO
FML-FE261B2FA2,LOC-647CD1A02B,MND-05ED6EAA68,Manipur,Chandel,C,Chandel — Regional Wholesale Market,20,41.0,8,11,1,TRUCK,FARMER_LOCAL_MANDI,2026-09-20,SYNTHETIC_DEMO
FML-590DF58F30,LOC-980CE396FA,MND-45B85A7420,Manipur,Churachandpur,A,Churachandpur — Primary Local Mandi,73,100.3,6,9,2,TRUCK,FARMER_LOCAL_MANDI,2026-09-20,SYNTHETIC_DEMO
FML-EC47BE0AFC,LOC-980CE396FA,MND-6715DC486A,Manipur,Churachandpur,B,Churachandpur — Secondary Market Yard,20,39.0,8,10,1,TRUCK,FARMER_LOCAL_MANDI,2026-09-20,SYNTHETIC_DEMO
FML-AA9C06EF3A,LOC-980CE396FA,MND-81985EABD2,Manipur,Churachandpur,C,Churachandpur — Regional Wholesale Market,62,84.2,11,10,2,TRUCK,FARMER_LOCAL_MANDI,2026-09-20,SYNTHETIC_DEMO
FML-AFDA7205AF,LOC-4D49CBF5F6,MND-1787C25E8B,Manipur,Imphal East,A,Imphal East — Primary Local Mandi,64,86.4,12,5,2,TRUCK,FARMER_LOCAL_MANDI,2026-09-20,SYNTHETIC_DEMO
FML-534F74F0AE,LOC-4D49CBF5F6,MND-3C97560E7D,Manipur,Imphal East,B,Imphal East — Secondary Market Yard,23,40.3,8,8,1,TRUCK,FARMER_LOCAL_MANDI,2026-09-20,SYNTHETIC_DEMO
FML-7E43A3A103,LOC-4D49CBF5F6,MND-E8544E7AF2,Manipur,Imphal East,C,Imphal East — Regional Wholesale Market,25,37.5,10,6,1,TRUCK,FARMER_LOCAL_MANDI,2026-09-20,SYNTHETIC_DEMO
FML-F1D829C398,LOC-075D47BA6A,MND-9C4B67C720,Manipur,Imphal West,A,Imphal West — Primary Local Mandi,43,55.3,11,10,1,TRUCK,FARMER_LOCAL_MANDI,2026-09-20,SYNTHETIC_DEMO
FML-ACAF0178A3,LOC-075D47BA6A,MND-68D3393D1B,Manipur,Imphal West,B,Imphal West — Secondary Market Yard,67,85.7,14,7,2,TRUCK,FARMER_LOCAL_MANDI,2026-09-20,SYNTHETIC_DEMO
FML-5B92EC9FFC,LOC-075D47BA6A,MND-51CB06AA45,Manipur,Imphal West,C,Imphal West — Regional Wholesale Market,10,23.0,5,5,1,TRUCK,FARMER_LOCAL_MANDI,2026-09-20,SYNTHETIC_DEMO
FML-3C53A7CB67,LOC-9D616C72DF,MND-90B6B2FC95,Manipur,Jiribam,A,Jiribam — Primary Local Mandi,41,52.1,11,4,1,TRUCK,FARMER_LOCAL_MANDI,2026-09-20,SYNTHETIC_DEMO
FML-3D27339E83,LOC-9D616C72DF,MND-BAB79AB5A6,Manipur,Jiribam,B,Jiribam — Secondary Market Yard,10,33.0,11,4,1,TRUCK,FARMER_LOCAL_MANDI,2026-09-20,SYNTHETIC_DEMO
FML-9CCBC2885E,LOC-9D616C72DF,MND-E516817A67,Manipur,Jiribam,C,Jiribam — Regional Wholesale Market,61,76.1,13,11,2,TRUCK,FARMER_LOCAL_MANDI,2026-09-20,SYNTHETIC_DEMO
FML-70AD898FE5,LOC-E7B1881077,MND-30C8020566,Manipur,Kakching,A,Kakching — Primary Local Mandi,32,51.2,12,10,1,TRUCK,FARMER_LOCAL_MANDI,2026-09-20,SYNTHETIC_DEMO
FML-15394FA345,LOC-E7B1881077,MND-F2D60D71D9,Manipur,Kakching,B,Kakching — Secondary Market Yard,53,77.3,8,6,2,TRUCK,FARMER_LOCAL_MANDI,2026-09-20,SYNTHETIC_DEMO
FML-678FE200F2,LOC-E7B1881077,MND-692DE88B1C,Manipur,Kakching,C,Kakching — Regional Wholesale Market,53,70.3,14,11,2,TRUCK,FARMER_LOCAL_MANDI,2026-09-20,SYNTHETIC_DEMO
FML-B42B4C782B,LOC-544B8E9F89,MND-1EDC016F08,Manipur,Kamjong,A,Kamjong — Primary Local Mandi,15,24.5,10,6,1,TRUCK,FARMER_LOCAL_MANDI,2026-09-20,SYNTHETIC_DEMO
FML-0AE47278EA,LOC-544B8E9F89,MND-BB61B2FFAB,Manipur,Kamjong,B,Kamjong — Secondary Market Yard,10,20.0,11,10,1,TRUCK,FARMER_LOCAL_MANDI,2026-09-20,SYNTHETIC_DEMO
FML-D1FF3259C6,LOC-544B8E9F89,MND-06EFE662BD,Manipur,Kamjong,C,Kamjong — Regional Wholesale Market,66,93.6,6,11,2,TRUCK,FARMER_LOCAL_MANDI,2026-09-20,SYNTHETIC_DEMO
FML-8F7ADA0524,LOC-127896DDF7,MND-55FE4F9C6D,Manipur,Kangpokpi,A,Kangpokpi — Primary Local Mandi,77,96.7,8,4,2,TRUCK,FARMER_LOCAL_MANDI,2026-09-20,SYNTHETIC_DEMO
FML-9AD622324C,LOC-127896DDF7,MND-C988B2754E,Manipur,Kangpokpi,B,Kangpokpi — Secondary Market Yard,49,61.9,11,9,2,TRUCK,FARMER_LOCAL_MANDI,2026-09-20,SYNTHETIC_DEMO
FML-74219EB5D3,LOC-127896DDF7,MND-7607C29F7B,Manipur,Kangpokpi,C,Kangpokpi — Regional Wholesale Market,72,100.2,8,4,2,TRUCK,FARMER_LOCAL_MANDI,2026-09-20,SYNTHETIC_DEMO
FML-376BC7E71B,LOC-3E66DB0E2F,MND-105920836E,Manipur,Noney,A,Noney — Primary Local Mandi,15,38.5,11,5,1,TRUCK,FARMER_LOCAL_MANDI,2026-09-20,SYNTHETIC_DEMO
FML-47CCF5ADB5,LOC-3E66DB0E2F,MND-0C2BAF77E7,Manipur,Noney,B,Noney — Secondary Market Yard,52,75.2,10,5,2,TRUCK,FARMER_LOCAL_MANDI,2026-09-20,SYNTHETIC_DEMO
FML-892AF80BBF,LOC-3E66DB0E2F,MND-4DE31FEF2B,Manipur,Noney,C,Noney — Regional Wholesale Market,40,52.0,12,5,1,TRUCK,FARMER_LOCAL_MANDI,2026-09-20,SYNTHETIC_DEMO
FML-B48CA37E8F,LOC-2B15CB0921,MND-E2CCEFC4A1,Manipur,Pherzawl,A,Pherzawl — Primary Local Mandi,23,38.3,9,7,1,TRUCK,FARMER_LOCAL_MANDI,2026-09-20,SYNTHETIC_DEMO
FML-827EC75232,LOC-2B15CB0921,MND-3A2E0F54FD,Manipur,Pherzawl,B,Pherzawl — Secondary Market Yard,37,52.7,10,6,1,TRUCK,FARMER_LOCAL_MANDI,2026-09-20,SYNTHETIC_DEMO
FML-50CB214A56,LOC-2B15CB0921,MND-F91DDBEA18,Manipur,Pherzawl,C,Pherzawl — Regional Wholesale Market,25,33.5,12,9,1,TRUCK,FARMER_LOCAL_MANDI,2026-09-20,SYNTHETIC_DEMO
FML-02FE9E2A21,LOC-DC1616CC40,MND-0E060B175E,Manipur,Senapati,A,Senapati — Primary Local Mandi,12,19.2,11,6,1,TRUCK,FARMER_LOCAL_MANDI,2026-09-20,SYNTHETIC_DEMO
FML-6D03C0FBC5,LOC-DC1616CC40,MND-4E0526959E,Manipur,Senapati,B,Senapati — Secondary Market Yard,23,36.3,5,8,1,TRUCK,FARMER_LOCAL_MANDI,2026-09-20,SYNTHETIC_DEMO
FML-D3ADAE44C0,LOC-DC1616CC40,MND-6BFF4E4056,Manipur,Senapati,C,Senapati — Regional Wholesale Market,16,38.6,10,8,1,TRUCK,FARMER_LOCAL_MANDI,2026-09-20,SYNTHETIC_DEMO
FML-DDDD7C27B8,LOC-F5B57228F1,MND-CE477231E5,Manipur,Tamenglong,A,Tamenglong — Primary Local Mandi,7,18.7,10,7,1,TRUCK,FARMER_LOCAL_MANDI,2026-09-20,SYNTHETIC_DEMO
FML-5503943D00,LOC-F5B57228F1,MND-F4A7A61542,Manipur,Tamenglong,B,Tamenglong — Secondary Market Yard,24,41.4,5,8,1,TRUCK,FARMER_LOCAL_MANDI,2026-09-20,SYNTHETIC_DEMO
FML-C19FC03347,LOC-F5B57228F1,MND-371A64A96A,Manipur,Tamenglong,C,Tamenglong — Regional Wholesale Market,31,48.1,13,11,1,TRUCK,FARMER_LOCAL_MANDI,2026-09-20,SYNTHETIC_DEMO
FML-64D502834D,LOC-F1237321F2,MND-00920E3DAD,Manipur,Tengnoupal,A,Tengnoupal — Primary Local Mandi,43,66.3,10,11,1,TRUCK,FARMER_LOCAL_MANDI,2026-09-20,SYNTHETIC_DEMO
FML-8184C4EA3B,LOC-F1237321F2,MND-DEBBC86B8A,Manipur,Tengnoupal,B,Tengnoupal — Secondary Market Yard,80,107.0,7,11,2,TRUCK,FARMER_LOCAL_MANDI,2026-09-20,SYNTHETIC_DEMO
FML-BA05181DC6,LOC-F1237321F2,MND-292474C14D,Manipur,Tengnoupal,C,Tengnoupal — Regional Wholesale Market,36,51.6,12,9,1,TRUCK,FARMER_LOCAL_MANDI,2026-09-20,SYNTHETIC_DEMO
FML-36381A017A,LOC-426D6CF32F,MND-33AEDA70D9,Manipur,Thoubal,A,Thoubal — Primary Local Mandi,32,42.2,13,11,1,TRUCK,FARMER_LOCAL_MANDI,2026-09-20,SYNTHETIC_DEMO
FML-F72A5573E2,LOC-426D6CF32F,MND-86910768BC,Manipur,Thoubal,B,Thoubal — Secondary Market Yard,32,51.2,13,8,1,TRUCK,FARMER_LOCAL_MANDI,2026-09-20,SYNTHETIC_DEMO
FML-68C5CBF137,LOC-426D6CF32F,MND-DA1768142C,Manipur,Thoubal,C,Thoubal — Regional Wholesale Market,51,73.1,8,11,2,TRUCK,FARMER_LOCAL_MANDI,2026-09-20,SYNTHETIC_DEMO
FML-AB3024C5FE,LOC-405A142330,MND-E47074BFCD,Manipur,Ukhrul,A,Ukhrul — Primary Local Mandi,23,44.3,14,8,1,TRUCK,FARMER_LOCAL_MANDI,2026-09-20,SYNTHETIC_DEMO
FML-183639BFB7,LOC-405A142330,MND-56B6D16337,Manipur,Ukhrul,B,Ukhrul — Secondary Market Yard,11,31.1,11,11,1,TRUCK,FARMER_LOCAL_MANDI,2026-09-20,SYNTHETIC_DEMO
FML-F1A1E82C00,LOC-405A142330,MND-1AC41ABE0D,Manipur,Ukhrul,C,Ukhrul — Regional Wholesale Market,62,88.2,14,4,2,TRUCK,FARMER_LOCAL_MANDI,2026-09-20,SYNTHETIC_DEMO
FML-354D0D2C45,LOC-D37E2EC8C6,MND-AD3466C379,Meghalaya,East Garo Hills,A,East Garo Hills — Primary Local Mandi,61,80.1,7,5,2,TRUCK,FARMER_LOCAL_MANDI,2026-09-20,SYNTHETIC_DEMO
FML-6206926E33,LOC-D37E2EC8C6,MND-7DBA7EEF9F,Meghalaya,East Garo Hills,B,East Garo Hills — Secondary Market Yard,69,94.9,13,4,2,TRUCK,FARMER_LOCAL_MANDI,2026-09-20,SYNTHETIC_DEMO
FML-E38B355269,LOC-D37E2EC8C6,MND-6ACFA27AAE,Meghalaya,East Garo Hills,C,East Garo Hills — Regional Wholesale Market,23,35.3,5,6,1,TRUCK,FARMER_LOCAL_MANDI,2026-09-20,SYNTHETIC_DEMO
FML-AAACE49CD5,LOC-761B347FA5,MND-9A0AF5AC72,Meghalaya,East Jaintia Hills,A,East Jaintia Hills — Primary Local Mandi,27,38.7,8,5,1,TRUCK,FARMER_LOCAL_MANDI,2026-09-20,SYNTHETIC_DEMO
FML-7E7988A267,LOC-761B347FA5,MND-CC921B3105,Meghalaya,East Jaintia Hills,B,East Jaintia Hills — Secondary Market Yard,57,80.7,5,6,2,TRUCK,FARMER_LOCAL_MANDI,2026-09-20,SYNTHETIC_DEMO
FML-78996AF6BF,LOC-761B347FA5,MND-2755B57298,Meghalaya,East Jaintia Hills,C,East Jaintia Hills — Regional Wholesale Market,67,94.7,11,10,2,TRUCK,FARMER_LOCAL_MANDI,2026-09-20,SYNTHETIC_DEMO
FML-DAD10D4F76,LOC-E49095DD26,MND-AA9441A2D0,Meghalaya,East Khasi Hills,A,East Khasi Hills — Primary Local Mandi,59,70.9,13,5,2,TRUCK,FARMER_LOCAL_MANDI,2026-09-20,SYNTHETIC_DEMO
FML-76C082D8FC,LOC-E49095DD26,MND-50CD71D51F,Meghalaya,East Khasi Hills,B,East Khasi Hills — Secondary Market Yard,24,33.4,8,5,1,TRUCK,FARMER_LOCAL_MANDI,2026-09-20,SYNTHETIC_DEMO
FML-3225D15DAB,LOC-E49095DD26,MND-A8E56BE102,Meghalaya,East Khasi Hills,C,East Khasi Hills — Regional Wholesale Market,24,36.4,9,10,1,TRUCK,FARMER_LOCAL_MANDI,2026-09-20,SYNTHETIC_DEMO
FML-5F3D7A5DF6,LOC-9381A91728,MND-931F43B2B8,Meghalaya,Eastern West Khasi Hills,A,Eastern West Khasi Hills — Primary Local Mandi,61,74.1,14,9,2,TRUCK,FARMER_LOCAL_MANDI,2026-09-20,SYNTHETIC_DEMO
FML-12DBA5ADE6,LOC-9381A91728,MND-4CCCEC0293,Meghalaya,Eastern West Khasi Hills,B,Eastern West Khasi Hills — Secondary Market Yard,72,101.2,12,9,2,TRUCK,FARMER_LOCAL_MANDI,2026-09-20,SYNTHETIC_DEMO
FML-01BD4013AF,LOC-9381A91728,MND-C822E98004,Meghalaya,Eastern West Khasi Hills,C,Eastern West Khasi Hills — Regional Wholesale Market,46,59.6,9,11,2,TRUCK,FARMER_LOCAL_MANDI,2026-09-20,SYNTHETIC_DEMO
FML-99503AA2F0,LOC-BDB1FC5C20,MND-E7D323EF06,Meghalaya,North Garo Hills,A,North Garo Hills — Primary Local Mandi,30,43.0,8,4,1,TRUCK,FARMER_LOCAL_MANDI,2026-09-20,SYNTHETIC_DEMO
FML-167ADBBFD4,LOC-BDB1FC5C20,MND-26690844C9,Meghalaya,North Garo Hills,B,North Garo Hills — Secondary Market Yard,28,38.8,8,11,1,TRUCK,FARMER_LOCAL_MANDI,2026-09-20,SYNTHETIC_DEMO
FML-6BCEB36561,LOC-BDB1FC5C20,MND-07719867EB,Meghalaya,North Garo Hills,C,North Garo Hills — Regional Wholesale Market,43,62.3,6,10,1,TRUCK,FARMER_LOCAL_MANDI,2026-09-20,SYNTHETIC_DEMO
FML-05AAFDA086,LOC-56D08BAF9A,MND-EDABF56F91,Meghalaya,Ri Bhoi,A,Ri Bhoi — Primary Local Mandi,23,42.3,12,6,1,TRUCK,FARMER_LOCAL_MANDI,2026-09-20,SYNTHETIC_DEMO
FML-6A9F3EF5D7,LOC-56D08BAF9A,MND-A31C4D6B3B,Meghalaya,Ri Bhoi,B,Ri Bhoi — Secondary Market Yard,38,58.8,8,9,1,TRUCK,FARMER_LOCAL_MANDI,2026-09-20,SYNTHETIC_DEMO
FML-AFDEE0AC15,LOC-56D08BAF9A,MND-1686ADC7C6,Meghalaya,Ri Bhoi,C,Ri Bhoi — Regional Wholesale Market,45,56.5,5,8,1,TRUCK,FARMER_LOCAL_MANDI,2026-09-20,SYNTHETIC_DEMO
FML-0A58B8B903,LOC-84F6902D22,MND-2A73AA602B,Meghalaya,South Garo Hills,A,South Garo Hills — Primary Local Mandi,53,72.3,9,9,2,TRUCK,FARMER_LOCAL_MANDI,2026-09-20,SYNTHETIC_DEMO
FML-F86A29D492,LOC-84F6902D22,MND-5993887FD3,Meghalaya,South Garo Hills,B,South Garo Hills — Secondary Market Yard,38,60.8,13,6,1,TRUCK,FARMER_LOCAL_MANDI,2026-09-20,SYNTHETIC_DEMO
FML-D3E3976E31,LOC-84F6902D22,MND-6025ED3916,Meghalaya,South Garo Hills,C,South Garo Hills — Regional Wholesale Market,31,53.1,11,10,1,TRUCK,FARMER_LOCAL_MANDI,2026-09-20,SYNTHETIC_DEMO
FML-B81D9B7ADE,LOC-6BB320A3F9,MND-99D6EB3F97,Meghalaya,South West Garo Hills,A,South West Garo Hills — Primary Local Mandi,8,25.8,12,11,1,TRUCK,FARMER_LOCAL_MANDI,2026-09-20,SYNTHETIC_DEMO
FML-C1BB5E1BAE,LOC-6BB320A3F9,MND-4157288028,Meghalaya,South West Garo Hills,B,South West Garo Hills — Secondary Market Yard,79,97.9,7,9,2,TRUCK,FARMER_LOCAL_MANDI,2026-09-20,SYNTHETIC_DEMO
FML-8962F4636D,LOC-6BB320A3F9,MND-C7EDC99078,Meghalaya,South West Garo Hills,C,South West Garo Hills — Regional Wholesale Market,22,34.2,6,10,1,TRUCK,FARMER_LOCAL_MANDI,2026-09-20,SYNTHETIC_DEMO
FML-1E35232530,LOC-4319C8DD39,MND-0D97AF31D9,Meghalaya,South West Khasi Hills,A,South West Khasi Hills — Primary Local Mandi,25,48.5,8,8,1,TRUCK,FARMER_LOCAL_MANDI,2026-09-20,SYNTHETIC_DEMO
FML-01D3A427AC,LOC-4319C8DD39,MND-DA598039B1,Meghalaya,South West Khasi Hills,B,South West Khasi Hills — Secondary Market Yard,33,53.3,14,11,1,TRUCK,FARMER_LOCAL_MANDI,2026-09-20,SYNTHETIC_DEMO
FML-89F00250ED,LOC-4319C8DD39,MND-24CEA8A142,Meghalaya,South West Khasi Hills,C,South West Khasi Hills — Regional Wholesale Market,18,34.8,8,10,1,TRUCK,FARMER_LOCAL_MANDI,2026-09-20,SYNTHETIC_DEMO
FML-3557BEA1EA,LOC-CA13D26E04,MND-C703C41D66,Meghalaya,West Garo Hills,A,West Garo Hills — Primary Local Mandi,41,52.1,12,4,1,TRUCK,FARMER_LOCAL_MANDI,2026-09-20,SYNTHETIC_DEMO
FML-798EF7541C,LOC-CA13D26E04,MND-4F6F9B2177,Meghalaya,West Garo Hills,B,West Garo Hills — Secondary Market Yard,25,38.5,6,11,1,TRUCK,FARMER_LOCAL_MANDI,2026-09-20,SYNTHETIC_DEMO
FML-E40364310C,LOC-CA13D26E04,MND-5462BE0249,Meghalaya,West Garo Hills,C,West Garo Hills — Regional Wholesale Market,29,43.9,8,10,1,TRUCK,FARMER_LOCAL_MANDI,2026-09-20,SYNTHETIC_DEMO
FML-395C300EF7,LOC-2FBB93AA2B,MND-77C7C0183C,Meghalaya,West Jaintia Hills,A,West Jaintia Hills — Primary Local Mandi,41,64.1,11,6,1,TRUCK,FARMER_LOCAL_MANDI,2026-09-20,SYNTHETIC_DEMO
FML-13214E6EF0,LOC-2FBB93AA2B,MND-460C0191C9,Meghalaya,West Jaintia Hills,B,West Jaintia Hills — Secondary Market Yard,12,33.2,7,4,1,TRUCK,FARMER_LOCAL_MANDI,2026-09-20,SYNTHETIC_DEMO
FML-21CEDDDF64,LOC-2FBB93AA2B,MND-F34FC04957,Meghalaya,West Jaintia Hills,C,West Jaintia Hills — Regional Wholesale Market,53,73.3,14,4,2,TRUCK,FARMER_LOCAL_MANDI,2026-09-20,SYNTHETIC_DEMO
FML-FC445A9ECF,LOC-B3E9031E9E,MND-D24DF83F66,Meghalaya,West Khasi Hills,A,West Khasi Hills — Primary Local Mandi,64,77.4,14,4,2,TRUCK,FARMER_LOCAL_MANDI,2026-09-20,SYNTHETIC_DEMO
FML-08E1EC5AF5,LOC-B3E9031E9E,MND-E774F6D414,Meghalaya,West Khasi Hills,B,West Khasi Hills — Secondary Market Yard,45,68.5,13,11,1,TRUCK,FARMER_LOCAL_MANDI,2026-09-20,SYNTHETIC_DEMO
FML-DB59248F71,LOC-B3E9031E9E,MND-BB41FB8A9C,Meghalaya,West Khasi Hills,C,West Khasi Hills — Regional Wholesale Market,56,81.6,14,7,2,TRUCK,FARMER_LOCAL_MANDI,2026-09-20,SYNTHETIC_DEMO
FML-FBF8A2501D,LOC-F3D31B31CB,MND-BCBE0AB431,Mizoram,Aizawl,A,Aizawl — Primary Local Mandi,62,80.2,12,11,2,TRUCK,FARMER_LOCAL_MANDI,2026-09-20,SYNTHETIC_DEMO
FML-7742B4887F,LOC-F3D31B31CB,MND-BFB288788C,Mizoram,Aizawl,B,Aizawl — Secondary Market Yard,37,50.7,6,7,1,TRUCK,FARMER_LOCAL_MANDI,2026-09-20,SYNTHETIC_DEMO
FML-978D402D37,LOC-F3D31B31CB,MND-AC04E2B32A,Mizoram,Aizawl,C,Aizawl — Regional Wholesale Market,43,58.3,14,9,1,TRUCK,FARMER_LOCAL_MANDI,2026-09-20,SYNTHETIC_DEMO
FML-928F2FF90B,LOC-3F33A9E537,MND-847674DAEC,Mizoram,Champhai,A,Champhai — Primary Local Mandi,20,38.0,7,7,1,TRUCK,FARMER_LOCAL_MANDI,2026-09-20,SYNTHETIC_DEMO
FML-2BC868429C,LOC-3F33A9E537,MND-A0A497FFFA,Mizoram,Champhai,B,Champhai — Secondary Market Yard,47,71.7,8,7,2,TRUCK,FARMER_LOCAL_MANDI,2026-09-20,SYNTHETIC_DEMO
FML-E2202DC533,LOC-3F33A9E537,MND-35E99273AE,Mizoram,Champhai,C,Champhai — Regional Wholesale Market,46,66.6,12,8,2,TRUCK,FARMER_LOCAL_MANDI,2026-09-20,SYNTHETIC_DEMO
FML-AF761EDD93,LOC-401586B6A5,MND-81DF03CFAE,Mizoram,Hnahthial,A,Hnahthial — Primary Local Mandi,76,97.6,7,9,2,TRUCK,FARMER_LOCAL_MANDI,2026-09-20,SYNTHETIC_DEMO
FML-93172655D8,LOC-401586B6A5,MND-90196C0399,Mizoram,Hnahthial,B,Hnahthial — Secondary Market Yard,18,30.8,14,9,1,TRUCK,FARMER_LOCAL_MANDI,2026-09-20,SYNTHETIC_DEMO
FML-71EFDB63BF,LOC-401586B6A5,MND-DFE6E6F210,Mizoram,Hnahthial,C,Hnahthial — Regional Wholesale Market,78,103.8,8,9,2,TRUCK,FARMER_LOCAL_MANDI,2026-09-20,SYNTHETIC_DEMO
FML-D8BFA9E2C7,LOC-53C8121A48,MND-E29DF70D03,Mizoram,Khawzawl,A,Khawzawl — Primary Local Mandi,13,35.3,12,6,1,TRUCK,FARMER_LOCAL_MANDI,2026-09-20,SYNTHETIC_DEMO
FML-E59C1D3E07,LOC-53C8121A48,MND-6A7EDBB568,Mizoram,Khawzawl,B,Khawzawl — Secondary Market Yard,26,45.6,8,8,1,TRUCK,FARMER_LOCAL_MANDI,2026-09-20,SYNTHETIC_DEMO
FML-FF84B7740D,LOC-53C8121A48,MND-EC95E8D634,Mizoram,Khawzawl,C,Khawzawl — Regional Wholesale Market,18,27.8,5,6,1,TRUCK,FARMER_LOCAL_MANDI,2026-09-20,SYNTHETIC_DEMO
FML-78BA9CF3D9,LOC-241F0C85D6,MND-C25FF05A66,Mizoram,Kolasib,A,Kolasib — Primary Local Mandi,21,45.1,13,10,1,TRUCK,FARMER_LOCAL_MANDI,2026-09-20,SYNTHETIC_DEMO
FML-1B988F42F3,LOC-241F0C85D6,MND-77935E9D2C,Mizoram,Kolasib,B,Kolasib — Secondary Market Yard,31,54.1,14,5,1,TRUCK,FARMER_LOCAL_MANDI,2026-09-20,SYNTHETIC_DEMO
FML-893A82A3D5,LOC-241F0C85D6,MND-20DFF3B660,Mizoram,Kolasib,C,Kolasib — Regional Wholesale Market,14,35.4,7,5,1,TRUCK,FARMER_LOCAL_MANDI,2026-09-20,SYNTHETIC_DEMO
FML-07E63037CD,LOC-EACD74F516,MND-E249F6C59A,Mizoram,Lawngtlai,A,Lawngtlai — Primary Local Mandi,78,96.8,8,4,2,TRUCK,FARMER_LOCAL_MANDI,2026-09-20,SYNTHETIC_DEMO
FML-B71B7F4CF7,LOC-EACD74F516,MND-7EBD051C5D,Mizoram,Lawngtlai,B,Lawngtlai — Secondary Market Yard,7,24.7,5,10,1,TRUCK,FARMER_LOCAL_MANDI,2026-09-20,SYNTHETIC_DEMO
FML-52A948642C,LOC-EACD74F516,MND-05E34EA4CB,Mizoram,Lawngtlai,C,Lawngtlai — Regional Wholesale Market,40,61.0,9,7,1,TRUCK,FARMER_LOCAL_MANDI,2026-09-20,SYNTHETIC_DEMO
FML-CDBA625D16,LOC-B3F0AAAFD6,MND-AB80898719,Mizoram,Lunglei,A,Lunglei — Primary Local Mandi,33,56.3,7,4,1,TRUCK,FARMER_LOCAL_MANDI,2026-09-20,SYNTHETIC_DEMO
FML-2E66A987AE,LOC-B3F0AAAFD6,MND-C92BA1E90D,Mizoram,Lunglei,B,Lunglei — Secondary Market Yard,25,40.5,13,11,1,TRUCK,FARMER_LOCAL_MANDI,2026-09-20,SYNTHETIC_DEMO
FML-F0CB5F166A,LOC-B3F0AAAFD6,MND-0E71619779,Mizoram,Lunglei,C,Lunglei — Regional Wholesale Market,33,43.3,11,4,1,TRUCK,FARMER_LOCAL_MANDI,2026-09-20,SYNTHETIC_DEMO
FML-F4AEC64E14,LOC-A45E72D9BF,MND-5FB468CCA4,Mizoram,Mamit,A,Mamit — Primary Local Mandi,32,42.2,5,4,1,TRUCK,FARMER_LOCAL_MANDI,2026-09-20,SYNTHETIC_DEMO
FML-DA62A2204B,LOC-A45E72D9BF,MND-4D78FA1D43,Mizoram,Mamit,B,Mamit — Secondary Market Yard,49,66.9,13,5,2,TRUCK,FARMER_LOCAL_MANDI,2026-09-20,SYNTHETIC_DEMO
FML-8069115E27,LOC-A45E72D9BF,MND-68D799CD1E,Mizoram,Mamit,C,Mamit — Regional Wholesale Market,13,32.3,9,10,1,TRUCK,FARMER_LOCAL_MANDI,2026-09-20,SYNTHETIC_DEMO
FML-395EA7D3A4,LOC-71BD5D20DA,MND-6CCE900355,Mizoram,Saitual,A,Saitual — Primary Local Mandi,57,74.7,13,11,2,TRUCK,FARMER_LOCAL_MANDI,2026-09-20,SYNTHETIC_DEMO
FML-41EC8EAA22,LOC-71BD5D20DA,MND-7AFC83C39F,Mizoram,Saitual,B,Saitual — Secondary Market Yard,14,29.4,8,8,1,TRUCK,FARMER_LOCAL_MANDI,2026-09-20,SYNTHETIC_DEMO
FML-7B509F7109,LOC-71BD5D20DA,MND-A8642D1F25,Mizoram,Saitual,C,Saitual — Regional Wholesale Market,68,90.8,8,6,2,TRUCK,FARMER_LOCAL_MANDI,2026-09-20,SYNTHETIC_DEMO
FML-F60C7DC882,LOC-BE071F83B0,MND-7568F69B0F,Mizoram,Serchhip,A,Serchhip — Primary Local Mandi,68,83.8,8,9,2,TRUCK,FARMER_LOCAL_MANDI,2026-09-20,SYNTHETIC_DEMO
FML-7D328F3E33,LOC-BE071F83B0,MND-199727A3F4,Mizoram,Serchhip,B,Serchhip — Secondary Market Yard,24,44.4,7,8,1,TRUCK,FARMER_LOCAL_MANDI,2026-09-20,SYNTHETIC_DEMO
FML-EBA0DBB114,LOC-BE071F83B0,MND-DD429111D7,Mizoram,Serchhip,C,Serchhip — Regional Wholesale Market,15,28.5,12,11,1,TRUCK,FARMER_LOCAL_MANDI,2026-09-20,SYNTHETIC_DEMO
FML-361B509C1A,LOC-F9A3108485,MND-20CEA6BFFB,Mizoram,Siaha,A,Siaha — Primary Local Mandi,54,73.4,8,4,2,TRUCK,FARMER_LOCAL_MANDI,2026-09-20,SYNTHETIC_DEMO
FML-6D36BEF774,LOC-F9A3108485,MND-3D1E99E2B9,Mizoram,Siaha,B,Siaha — Secondary Market Yard,40,66.0,8,6,1,TRUCK,FARMER_LOCAL_MANDI,2026-09-20,SYNTHETIC_DEMO
FML-19F88D787F,LOC-F9A3108485,MND-05080DCC73,Mizoram,Siaha,C,Siaha — Regional Wholesale Market,71,87.1,9,5,2,TRUCK,FARMER_LOCAL_MANDI,2026-09-20,SYNTHETIC_DEMO
FML-543D959C65,LOC-C331F606CA,MND-296797EF24,Nagaland,Chumoukedima,A,Chumoukedima — Primary Local Mandi,6,18,10,7,1,TRUCK,FARMER_LOCAL_MANDI,2026-09-20,SYNTHETIC_DEMO
FML-C2451112A6,LOC-C331F606CA,MND-880128E770,Nagaland,Chumoukedima,B,Chumoukedima — Secondary Market Yard,13,22.3,12,4,1,TRUCK,FARMER_LOCAL_MANDI,2026-09-20,SYNTHETIC_DEMO
FML-8EBDE6B624,LOC-C331F606CA,MND-81AD4308DE,Nagaland,Chumoukedima,C,Chumoukedima — Regional Wholesale Market,72,92.2,9,4,2,TRUCK,FARMER_LOCAL_MANDI,2026-09-20,SYNTHETIC_DEMO
FML-BC9144180F,LOC-DC89EDA3A5,MND-5A6DF6FEED,Nagaland,Dimapur,A,Dimapur — Primary Local Mandi,8,18,9,11,1,TRUCK,FARMER_LOCAL_MANDI,2026-09-20,SYNTHETIC_DEMO
FML-BD5AE0FB45,LOC-DC89EDA3A5,MND-1129F503CD,Nagaland,Dimapur,B,Dimapur — Secondary Market Yard,77,93.7,12,9,2,TRUCK,FARMER_LOCAL_MANDI,2026-09-20,SYNTHETIC_DEMO
FML-8DCF42B278,LOC-DC89EDA3A5,MND-75BC59CB48,Nagaland,Dimapur,C,Dimapur — Regional Wholesale Market,78,96.8,12,11,2,TRUCK,FARMER_LOCAL_MANDI,2026-09-20,SYNTHETIC_DEMO
FML-3515020A6E,LOC-B83B3C3395,MND-E7D9093D62,Nagaland,Kiphire,A,Kiphire — Primary Local Mandi,64,87.4,6,11,2,TRUCK,FARMER_LOCAL_MANDI,2026-09-20,SYNTHETIC_DEMO
FML-61C37C0010,LOC-B83B3C3395,MND-87A1FB2F1A,Nagaland,Kiphire,B,Kiphire — Secondary Market Yard,44,59.4,5,5,1,TRUCK,FARMER_LOCAL_MANDI,2026-09-20,SYNTHETIC_DEMO
FML-D42CB5FC10,LOC-B83B3C3395,MND-C251685721,Nagaland,Kiphire,C,Kiphire — Regional Wholesale Market,46,58.6,10,4,2,TRUCK,FARMER_LOCAL_MANDI,2026-09-20,SYNTHETIC_DEMO
FML-17EE822E72,LOC-A54FAAD529,MND-746B132940,Nagaland,Kohima,A,Kohima — Primary Local Mandi,13,20.3,8,10,1,TRUCK,FARMER_LOCAL_MANDI,2026-09-20,SYNTHETIC_DEMO
FML-1165238445,LOC-A54FAAD529,MND-A37E9C3B2C,Nagaland,Kohima,B,Kohima — Secondary Market Yard,28,39.8,5,7,1,TRUCK,FARMER_LOCAL_MANDI,2026-09-20,SYNTHETIC_DEMO
FML-9559F945E3,LOC-A54FAAD529,MND-0101DD156B,Nagaland,Kohima,C,Kohima — Regional Wholesale Market,70,99.0,8,9,2,TRUCK,FARMER_LOCAL_MANDI,2026-09-20,SYNTHETIC_DEMO
FML-EC85480949,LOC-E6814A66E7,MND-A4C0261C74,Nagaland,Longleng,A,Longleng — Primary Local Mandi,24,36.4,9,11,1,TRUCK,FARMER_LOCAL_MANDI,2026-09-20,SYNTHETIC_DEMO
FML-29B4806DB1,LOC-E6814A66E7,MND-D8C5A084CF,Nagaland,Longleng,B,Longleng — Secondary Market Yard,13,34.3,7,4,1,TRUCK,FARMER_LOCAL_MANDI,2026-09-20,SYNTHETIC_DEMO
FML-48F2F37D52,LOC-E6814A66E7,MND-E8DDBDD8FB,Nagaland,Longleng,C,Longleng — Regional Wholesale Market,58,73.8,6,9,2,TRUCK,FARMER_LOCAL_MANDI,2026-09-20,SYNTHETIC_DEMO
FML-D515947188,LOC-9575906BDE,MND-06AF2F78C4,Nagaland,Meluri,A,Meluri — Primary Local Mandi,59,78.9,7,5,2,TRUCK,FARMER_LOCAL_MANDI,2026-09-20,SYNTHETIC_DEMO
FML-53F98ABEE3,LOC-9575906BDE,MND-BF52123EE9,Nagaland,Meluri,B,Meluri — Secondary Market Yard,44,64.4,7,10,1,TRUCK,FARMER_LOCAL_MANDI,2026-09-20,SYNTHETIC_DEMO
FML-0B9080F897,LOC-9575906BDE,MND-BFB61A8283,Nagaland,Meluri,C,Meluri — Regional Wholesale Market,42,56.2,11,9,1,TRUCK,FARMER_LOCAL_MANDI,2026-09-20,SYNTHETIC_DEMO
FML-CED5893754,LOC-B428091F2A,MND-140EEC6351,Nagaland,Mokokchung,A,Mokokchung — Primary Local Mandi,24,34.4,9,7,1,TRUCK,FARMER_LOCAL_MANDI,2026-09-20,SYNTHETIC_DEMO
FML-6A433D21A0,LOC-B428091F2A,MND-A39F347201,Nagaland,Mokokchung,B,Mokokchung — Secondary Market Yard,25,34.5,13,7,1,TRUCK,FARMER_LOCAL_MANDI,2026-09-20,SYNTHETIC_DEMO
FML-A2D6DBB12B,LOC-B428091F2A,MND-ABDC0D6EBA,Nagaland,Mokokchung,C,Mokokchung — Regional Wholesale Market,33,47.3,14,10,1,TRUCK,FARMER_LOCAL_MANDI,2026-09-20,SYNTHETIC_DEMO
FML-BB107978AD,LOC-5C132FB11B,MND-F83281F3E3,Nagaland,Mon,A,Mon — Primary Local Mandi,75,92.5,10,5,2,TRUCK,FARMER_LOCAL_MANDI,2026-09-20,SYNTHETIC_DEMO
FML-0B9432214D,LOC-5C132FB11B,MND-DB7D5A0975,Nagaland,Mon,B,Mon — Secondary Market Yard,77,92.7,6,5,2,TRUCK,FARMER_LOCAL_MANDI,2026-09-20,SYNTHETIC_DEMO
FML-6FF2B3B6B5,LOC-5C132FB11B,MND-BEB36E626A,Nagaland,Mon,C,Mon — Regional Wholesale Market,51,72.1,11,11,2,TRUCK,FARMER_LOCAL_MANDI,2026-09-20,SYNTHETIC_DEMO
FML-CA0386FD90,LOC-4F8DC3454F,MND-77E18F72AE,Nagaland,Niuland,A,Niuland — Primary Local Mandi,33,52.3,6,6,1,TRUCK,FARMER_LOCAL_MANDI,2026-09-20,SYNTHETIC_DEMO
FML-64D55AD145,LOC-4F8DC3454F,MND-19BA7C783E,Nagaland,Niuland,B,Niuland — Secondary Market Yard,6,18,6,9,1,TRUCK,FARMER_LOCAL_MANDI,2026-09-20,SYNTHETIC_DEMO
FML-10FA3A68D7,LOC-4F8DC3454F,MND-38E89A2183,Nagaland,Niuland,C,Niuland — Regional Wholesale Market,44,60.4,5,6,1,TRUCK,FARMER_LOCAL_MANDI,2026-09-20,SYNTHETIC_DEMO
FML-5B7B3A058E,LOC-3C440C4014,MND-3B7D10CA1E,Nagaland,Noklak,A,Noklak — Primary Local Mandi,32,46.2,8,4,1,TRUCK,FARMER_LOCAL_MANDI,2026-09-20,SYNTHETIC_DEMO
FML-38F59D395B,LOC-3C440C4014,MND-DCA92CC0F5,Nagaland,Noklak,B,Noklak — Secondary Market Yard,30,40.0,7,5,1,TRUCK,FARMER_LOCAL_MANDI,2026-09-20,SYNTHETIC_DEMO
FML-7B2F8BB4A3,LOC-3C440C4014,MND-400EA7F744,Nagaland,Noklak,C,Noklak — Regional Wholesale Market,46,64.6,11,4,2,TRUCK,FARMER_LOCAL_MANDI,2026-09-20,SYNTHETIC_DEMO
FML-09DE604B71,LOC-82B58A5146,MND-EDC216DEC9,Nagaland,Peren,A,Peren — Primary Local Mandi,29,43.9,11,6,1,TRUCK,FARMER_LOCAL_MANDI,2026-09-20,SYNTHETIC_DEMO
FML-E640C909BC,LOC-82B58A5146,MND-F0974D8930,Nagaland,Peren,B,Peren — Secondary Market Yard,79,106.9,8,6,2,TRUCK,FARMER_LOCAL_MANDI,2026-09-20,SYNTHETIC_DEMO
FML-345817DB96,LOC-82B58A5146,MND-C4B604D7AB,Nagaland,Peren,C,Peren — Regional Wholesale Market,16,26.6,10,8,1,TRUCK,FARMER_LOCAL_MANDI,2026-09-20,SYNTHETIC_DEMO
FML-703DBC1ADF,LOC-A79826691A,MND-079EFF2408,Nagaland,Phek,A,Phek — Primary Local Mandi,41,58.1,14,8,1,TRUCK,FARMER_LOCAL_MANDI,2026-09-20,SYNTHETIC_DEMO
FML-4EA3534DC8,LOC-A79826691A,MND-711E536168,Nagaland,Phek,B,Phek — Secondary Market Yard,69,84.9,6,10,2,TRUCK,FARMER_LOCAL_MANDI,2026-09-20,SYNTHETIC_DEMO
FML-0714076914,LOC-A79826691A,MND-35E11177A1,Nagaland,Phek,C,Phek — Regional Wholesale Market,14,31.4,13,11,1,TRUCK,FARMER_LOCAL_MANDI,2026-09-20,SYNTHETIC_DEMO
FML-57FBDA18D6,LOC-63314CB8A6,MND-294F35ACD9,Nagaland,Shamator,A,Shamator — Primary Local Mandi,15,34.5,11,9,1,TRUCK,FARMER_LOCAL_MANDI,2026-09-20,SYNTHETIC_DEMO
FML-08EAEE8314,LOC-63314CB8A6,MND-4AE00B0EE6,Nagaland,Shamator,B,Shamator — Secondary Market Yard,18,40.8,11,4,1,TRUCK,FARMER_LOCAL_MANDI,2026-09-20,SYNTHETIC_DEMO
FML-2DF2846F47,LOC-63314CB8A6,MND-D212792800,Nagaland,Shamator,C,Shamator — Regional Wholesale Market,55,71.5,9,4,2,TRUCK,FARMER_LOCAL_MANDI,2026-09-20,SYNTHETIC_DEMO
FML-DED93B0A93,LOC-842A198B0B,MND-76ED36DF5A,Nagaland,Tseminyu,A,Tseminyu — Primary Local Mandi,63,76.3,6,9,2,TRUCK,FARMER_LOCAL_MANDI,2026-09-20,SYNTHETIC_DEMO
FML-755C799A99,LOC-842A198B0B,MND-5FEE7D0F8F,Nagaland,Tseminyu,B,Tseminyu — Secondary Market Yard,43,65.3,14,10,1,TRUCK,FARMER_LOCAL_MANDI,2026-09-20,SYNTHETIC_DEMO
FML-BF062EE0E4,LOC-842A198B0B,MND-645667B6D7,Nagaland,Tseminyu,C,Tseminyu — Regional Wholesale Market,42,54.2,11,9,1,TRUCK,FARMER_LOCAL_MANDI,2026-09-20,SYNTHETIC_DEMO
FML-8DAAF32008,LOC-407FE46FEC,MND-BCFCDB0B12,Nagaland,Tuensang,A,Tuensang — Primary Local Mandi,66,81.6,9,5,2,TRUCK,FARMER_LOCAL_MANDI,2026-09-20,SYNTHETIC_DEMO
FML-1133CFEF7D,LOC-407FE46FEC,MND-CDB0B89381,Nagaland,Tuensang,B,Tuensang — Secondary Market Yard,46,70.6,7,9,2,TRUCK,FARMER_LOCAL_MANDI,2026-09-20,SYNTHETIC_DEMO
FML-A690DD298C,LOC-407FE46FEC,MND-7426D0A2E6,Nagaland,Tuensang,C,Tuensang — Regional Wholesale Market,11,28.1,10,9,1,TRUCK,FARMER_LOCAL_MANDI,2026-09-20,SYNTHETIC_DEMO
FML-3AA3D46F5D,LOC-874A39E13B,MND-19394547C5,Nagaland,Wokha,A,Wokha — Primary Local Mandi,32,52.2,13,6,1,TRUCK,FARMER_LOCAL_MANDI,2026-09-20,SYNTHETIC_DEMO
FML-CBC83B9478,LOC-874A39E13B,MND-48EF72C3BB,Nagaland,Wokha,B,Wokha — Secondary Market Yard,31,54.1,12,6,1,TRUCK,FARMER_LOCAL_MANDI,2026-09-20,SYNTHETIC_DEMO
FML-C8E1191CD8,LOC-874A39E13B,MND-D5DE21F282,Nagaland,Wokha,C,Wokha — Regional Wholesale Market,64,87.4,10,4,2,TRUCK,FARMER_LOCAL_MANDI,2026-09-20,SYNTHETIC_DEMO
FML-0427DFA69A,LOC-35E4521AF6,MND-A808257161,Nagaland,Zunheboto,A,Zunheboto — Primary Local Mandi,35,50.5,8,10,1,TRUCK,FARMER_LOCAL_MANDI,2026-09-20,SYNTHETIC_DEMO
FML-6E6CB06008,LOC-35E4521AF6,MND-3F79E48ED9,Nagaland,Zunheboto,B,Zunheboto — Secondary Market Yard,72,95.2,6,5,2,TRUCK,FARMER_LOCAL_MANDI,2026-09-20,SYNTHETIC_DEMO
FML-058094E3CA,LOC-35E4521AF6,MND-22BA655F13,Nagaland,Zunheboto,C,Zunheboto — Regional Wholesale Market,48,61.8,12,6,2,TRUCK,FARMER_LOCAL_MANDI,2026-09-20,SYNTHETIC_DEMO
FML-79A0D4DAA2,LOC-A1C0E42AFC,MND-D5E5D1CF9B,Odisha,Angul,A,Angul — Primary Local Mandi,72,100.2,6,5,2,TRUCK,FARMER_LOCAL_MANDI,2026-09-20,SYNTHETIC_DEMO
FML-0CB82B3B1F,LOC-A1C0E42AFC,MND-3ED2689C4B,Odisha,Angul,B,Angul — Secondary Market Yard,43,62.3,13,11,1,TRUCK,FARMER_LOCAL_MANDI,2026-09-20,SYNTHETIC_DEMO
FML-A9A1891489,LOC-A1C0E42AFC,MND-BDBA98BA41,Odisha,Angul,C,Angul — Regional Wholesale Market,78,94.8,14,9,2,TRUCK,FARMER_LOCAL_MANDI,2026-09-20,SYNTHETIC_DEMO
FML-A6E8B8C0E2,LOC-1E8B046350,MND-4CFF1E7D14,Odisha,Balangir,A,Balangir — Primary Local Mandi,29,48.9,11,5,1,TRUCK,FARMER_LOCAL_MANDI,2026-09-20,SYNTHETIC_DEMO
FML-459259C658,LOC-1E8B046350,MND-065596CE4B,Odisha,Balangir,B,Balangir — Secondary Market Yard,30,45.0,8,4,1,TRUCK,FARMER_LOCAL_MANDI,2026-09-20,SYNTHETIC_DEMO
FML-3B07670EAC,LOC-1E8B046350,MND-A1C5EB30C7,Odisha,Balangir,C,Balangir — Regional Wholesale Market,76,90.6,6,9,2,TRUCK,FARMER_LOCAL_MANDI,2026-09-20,SYNTHETIC_DEMO
FML-663F29971D,LOC-763AF73B12,MND-9C4449DE07,Odisha,Balasore,A,Balasore — Primary Local Mandi,61,82.1,8,9,2,TRUCK,FARMER_LOCAL_MANDI,2026-09-20,SYNTHETIC_DEMO
FML-4A022ECBCA,LOC-763AF73B12,MND-7FBD05C976,Odisha,Balasore,B,Balasore — Secondary Market Yard,65,86.5,12,10,2,TRUCK,FARMER_LOCAL_MANDI,2026-09-20,SYNTHETIC_DEMO
FML-133550AD46,LOC-763AF73B12,MND-13FB6AFC11,Odisha,Balasore,C,Balasore — Regional Wholesale Market,7,18,10,11,1,TRUCK,FARMER_LOCAL_MANDI,2026-09-20,SYNTHETIC_DEMO
FML-13F25FF674,LOC-F52D4408FD,MND-6D3B06EA91,Odisha,Bargarh,A,Bargarh — Primary Local Mandi,31,55.1,5,8,1,TRUCK,FARMER_LOCAL_MANDI,2026-09-20,SYNTHETIC_DEMO
FML-AFAE06AA57,LOC-F52D4408FD,MND-9D1F9D6FD7,Odisha,Bargarh,B,Bargarh — Secondary Market Yard,14,34.4,9,9,1,TRUCK,FARMER_LOCAL_MANDI,2026-09-20,SYNTHETIC_DEMO
FML-7976E7CF3A,LOC-F52D4408FD,MND-61D6244A06,Odisha,Bargarh,C,Bargarh — Regional Wholesale Market,77,92.7,5,5,2,TRUCK,FARMER_LOCAL_MANDI,2026-09-20,SYNTHETIC_DEMO
FML-505508D366,LOC-10E71ABFDD,MND-4EC0258D77,Odisha,Bhadrak,A,Bhadrak — Primary Local Mandi,48,63.8,5,9,2,TRUCK,FARMER_LOCAL_MANDI,2026-09-20,SYNTHETIC_DEMO
FML-A16ACC9FFB,LOC-10E71ABFDD,MND-3F5DB1C664,Odisha,Bhadrak,B,Bhadrak — Secondary Market Yard,19,29.9,7,11,1,TRUCK,FARMER_LOCAL_MANDI,2026-09-20,SYNTHETIC_DEMO
FML-1ADF2FE763,LOC-10E71ABFDD,MND-90B813E15D,Odisha,Bhadrak,C,Bhadrak — Regional Wholesale Market,38,49.8,5,7,1,TRUCK,FARMER_LOCAL_MANDI,2026-09-20,SYNTHETIC_DEMO
FML-A47FF5C398,LOC-6A5108667A,MND-DB06F8EF39,Odisha,Boudh,A,Boudh — Primary Local Mandi,17,26.7,11,5,1,TRUCK,FARMER_LOCAL_MANDI,2026-09-20,SYNTHETIC_DEMO
FML-3A12E8705D,LOC-6A5108667A,MND-E36297978A,Odisha,Boudh,B,Boudh — Secondary Market Yard,58,77.8,8,6,2,TRUCK,FARMER_LOCAL_MANDI,2026-09-20,SYNTHETIC_DEMO
FML-B25CED1EDC,LOC-6A5108667A,MND-F8DF531FE4,Odisha,Boudh,C,Boudh — Regional Wholesale Market,10,24.0,14,8,1,TRUCK,FARMER_LOCAL_MANDI,2026-09-20,SYNTHETIC_DEMO
FML-BC4BF36EDE,LOC-C5899A8364,MND-DD09CAF9C1,Odisha,Cuttack,A,Cuttack — Primary Local Mandi,48,73.8,14,5,2,TRUCK,FARMER_LOCAL_MANDI,2026-09-20,SYNTHETIC_DEMO
FML-CCBD4EEFC8,LOC-C5899A8364,MND-5A747BCBB8,Odisha,Cuttack,B,Cuttack — Secondary Market Yard,47,64.7,9,5,2,TRUCK,FARMER_LOCAL_MANDI,2026-09-20,SYNTHETIC_DEMO
FML-1AA076FDCF,LOC-C5899A8364,MND-09D00068DD,Odisha,Cuttack,C,Cuttack — Regional Wholesale Market,47,60.7,11,6,2,TRUCK,FARMER_LOCAL_MANDI,2026-09-20,SYNTHETIC_DEMO
FML-E62F81D864,LOC-6126DBB8C1,MND-342F753825,Odisha,Deogarh,A,Deogarh — Primary Local Mandi,74,103.4,9,5,2,TRUCK,FARMER_LOCAL_MANDI,2026-09-20,SYNTHETIC_DEMO
FML-49CB3CD041,LOC-6126DBB8C1,MND-4D644A310C,Odisha,Deogarh,B,Deogarh — Secondary Market Yard,37,51.7,7,4,1,TRUCK,FARMER_LOCAL_MANDI,2026-09-20,SYNTHETIC_DEMO
FML-94684DCDF5,LOC-6126DBB8C1,MND-2B6C577111,Odisha,Deogarh,C,Deogarh — Regional Wholesale Market,60,85.0,11,10,2,TRUCK,FARMER_LOCAL_MANDI,2026-09-20,SYNTHETIC_DEMO
FML-48A1A0EEFA,LOC-D3F17B923C,MND-3DC82206F5,Odisha,Dhenkanal,A,Dhenkanal — Primary Local Mandi,53,65.3,5,5,2,TRUCK,FARMER_LOCAL_MANDI,2026-09-20,SYNTHETIC_DEMO
FML-CD2EB3C00D,LOC-D3F17B923C,MND-ADC8EEBEC5,Odisha,Dhenkanal,B,Dhenkanal — Secondary Market Yard,15,26.5,13,4,1,TRUCK,FARMER_LOCAL_MANDI,2026-09-20,SYNTHETIC_DEMO
FML-AC2193E711,LOC-D3F17B923C,MND-A78C23998F,Odisha,Dhenkanal,C,Dhenkanal — Regional Wholesale Market,37,49.7,7,10,1,TRUCK,FARMER_LOCAL_MANDI,2026-09-20,SYNTHETIC_DEMO
FML-DFCC5C1A74,LOC-4CC8FB81DD,MND-D4FBF3A118,Odisha,Gajapati,A,Gajapati — Primary Local Mandi,20,37.0,5,6,1,TRUCK,FARMER_LOCAL_MANDI,2026-09-20,SYNTHETIC_DEMO
FML-99E6A65307,LOC-4CC8FB81DD,MND-E41CF3B707,Odisha,Gajapati,B,Gajapati — Secondary Market Yard,62,84.2,5,8,2,TRUCK,FARMER_LOCAL_MANDI,2026-09-20,SYNTHETIC_DEMO
FML-C3125659DE,LOC-4CC8FB81DD,MND-66AC5300C8,Odisha,Gajapati,C,Gajapati — Regional Wholesale Market,45,67.5,14,5,1,TRUCK,FARMER_LOCAL_MANDI,2026-09-20,SYNTHETIC_DEMO
FML-741723E97C,LOC-1C9C0451CA,MND-74EEF07B2D,Odisha,Ganjam,A,Ganjam — Primary Local Mandi,41,60.1,11,10,1,TRUCK,FARMER_LOCAL_MANDI,2026-09-20,SYNTHETIC_DEMO
FML-906E879093,LOC-1C9C0451CA,MND-92ACEED1FD,Odisha,Ganjam,B,Ganjam — Secondary Market Yard,30,41.0,11,10,1,TRUCK,FARMER_LOCAL_MANDI,2026-09-20,SYNTHETIC_DEMO
FML-FF0BC12C30,LOC-1C9C0451CA,MND-18557B95C6,Odisha,Ganjam,C,Ganjam — Regional Wholesale Market,20,36.0,10,10,1,TRUCK,FARMER_LOCAL_MANDI,2026-09-20,SYNTHETIC_DEMO
FML-148E85104D,LOC-58179FAC3A,MND-A3CBCA9CAA,Odisha,Jagatsinghapur,A,Jagatsinghapur — Primary Local Mandi,39,52.9,5,4,1,TRUCK,FARMER_LOCAL_MANDI,2026-09-20,SYNTHETIC_DEMO
FML-2614A99CD0,LOC-58179FAC3A,MND-4760936CA3,Odisha,Jagatsinghapur,B,Jagatsinghapur — Secondary Market Yard,63,87.3,11,4,2,TRUCK,FARMER_LOCAL_MANDI,2026-09-20,SYNTHETIC_DEMO
FML-60EE81E464,LOC-58179FAC3A,MND-F63722BE4E,Odisha,Jagatsinghapur,C,Jagatsinghapur — Regional Wholesale Market,55,69.5,10,4,2,TRUCK,FARMER_LOCAL_MANDI,2026-09-20,SYNTHETIC_DEMO
FML-A13B54E147,LOC-BE4483777C,MND-1ACFB92968,Odisha,Jajpur,A,Jajpur — Primary Local Mandi,19,38.9,11,9,1,TRUCK,FARMER_LOCAL_MANDI,2026-09-20,SYNTHETIC_DEMO
FML-46F846B791,LOC-BE4483777C,MND-BBC20E7C74,Odisha,Jajpur,B,Jajpur — Secondary Market Yard,60,85.0,13,10,2,TRUCK,FARMER_LOCAL_MANDI,2026-09-20,SYNTHETIC_DEMO
FML-04071F774F,LOC-BE4483777C,MND-BE88F56FDF,Odisha,Jajpur,C,Jajpur — Regional Wholesale Market,11,25.1,7,9,1,TRUCK,FARMER_LOCAL_MANDI,2026-09-20,SYNTHETIC_DEMO
FML-FFF186E03E,LOC-2CAEBA1708,MND-9C5887ADC7,Odisha,Jharsuguda,A,Jharsuguda — Primary Local Mandi,47,63.7,6,7,2,TRUCK,FARMER_LOCAL_MANDI,2026-09-20,SYNTHETIC_DEMO
FML-B6F0D47D21,LOC-2CAEBA1708,MND-A65533A56E,Odisha,Jharsuguda,B,Jharsuguda — Secondary Market Yard,43,60.3,14,9,1,TRUCK,FARMER_LOCAL_MANDI,2026-09-20,SYNTHETIC_DEMO
FML-8259456EB8,LOC-2CAEBA1708,MND-5777911492,Odisha,Jharsuguda,C,Jharsuguda — Regional Wholesale Market,59,79.9,13,9,2,TRUCK,FARMER_LOCAL_MANDI,2026-09-20,SYNTHETIC_DEMO
FML-08AEFDC14E,LOC-A277424419,MND-82585B94B4,Odisha,Kalahandi,A,Kalahandi — Primary Local Mandi,76,96.6,8,6,2,TRUCK,FARMER_LOCAL_MANDI,2026-09-20,SYNTHETIC_DEMO
FML-3FD6D6E120,LOC-A277424419,MND-912A419E41,Odisha,Kalahandi,B,Kalahandi — Secondary Market Yard,69,84.9,12,4,2,TRUCK,FARMER_LOCAL_MANDI,2026-09-20,SYNTHETIC_DEMO
FML-A78EB5D093,LOC-A277424419,MND-CC9616166E,Odisha,Kalahandi,C,Kalahandi — Regional Wholesale Market,24,39.4,14,10,1,TRUCK,FARMER_LOCAL_MANDI,2026-09-20,SYNTHETIC_DEMO
FML-EB2D522BF0,LOC-19157D2505,MND-55D237182F,Odisha,Kandhamal,A,Kandhamal — Primary Local Mandi,25,48.5,7,9,1,TRUCK,FARMER_LOCAL_MANDI,2026-09-20,SYNTHETIC_DEMO
FML-61568A3EF9,LOC-19157D2505,MND-8E1018ACDC,Odisha,Kandhamal,B,Kandhamal — Secondary Market Yard,5,18,14,9,1,TRUCK,FARMER_LOCAL_MANDI,2026-09-20,SYNTHETIC_DEMO
FML-7455473827,LOC-19157D2505,MND-55342DE062,Odisha,Kandhamal,C,Kandhamal — Regional Wholesale Market,19,37.9,8,6,1,TRUCK,FARMER_LOCAL_MANDI,2026-09-20,SYNTHETIC_DEMO
FML-571BECBEE2,LOC-AC3830BCAE,MND-84060C4296,Odisha,Kendrapara,A,Kendrapara — Primary Local Mandi,51,71.1,12,8,2,TRUCK,FARMER_LOCAL_MANDI,2026-09-20,SYNTHETIC_DEMO
FML-30B9EA6316,LOC-AC3830BCAE,MND-697CCF3AA0,Odisha,Kendrapara,B,Kendrapara — Secondary Market Yard,64,80.4,9,4,2,TRUCK,FARMER_LOCAL_MANDI,2026-09-20,SYNTHETIC_DEMO
FML-3E16BD7FE1,LOC-AC3830BCAE,MND-BE4CD18836,Odisha,Kendrapara,C,Kendrapara — Regional Wholesale Market,26,49.6,14,11,1,TRUCK,FARMER_LOCAL_MANDI,2026-09-20,SYNTHETIC_DEMO
FML-BD4C737CF3,LOC-2AF8A2D2B0,MND-B254391B5D,Odisha,Keonjhar,A,Keonjhar — Primary Local Mandi,46,69.6,14,10,2,TRUCK,FARMER_LOCAL_MANDI,2026-09-20,SYNTHETIC_DEMO
FML-034FBBC9D1,LOC-2AF8A2D2B0,MND-D6BEA759D6,Odisha,Keonjhar,B,Keonjhar — Secondary Market Yard,18,41.8,13,9,1,TRUCK,FARMER_LOCAL_MANDI,2026-09-20,SYNTHETIC_DEMO
FML-9FDA700714,LOC-2AF8A2D2B0,MND-5DD948CDFE,Odisha,Keonjhar,C,Keonjhar — Regional Wholesale Market,63,82.3,9,6,2,TRUCK,FARMER_LOCAL_MANDI,2026-09-20,SYNTHETIC_DEMO
FML-DF2131E158,LOC-FD0AA2560C,MND-12C264C013,Odisha,Khordha,A,Khordha — Primary Local Mandi,33,49.3,8,7,1,TRUCK,FARMER_LOCAL_MANDI,2026-09-20,SYNTHETIC_DEMO
FML-91A4B1B08A,LOC-FD0AA2560C,MND-4722391D32,Odisha,Khordha,B,Khordha — Secondary Market Yard,44,65.4,8,6,1,TRUCK,FARMER_LOCAL_MANDI,2026-09-20,SYNTHETIC_DEMO
FML-FF458883BF,LOC-FD0AA2560C,MND-8D9E830B4A,Odisha,Khordha,C,Khordha — Regional Wholesale Market,62,76.2,12,9,2,TRUCK,FARMER_LOCAL_MANDI,2026-09-20,SYNTHETIC_DEMO
FML-1268B66C2F,LOC-9AD6EB10F3,MND-B074BA0225,Odisha,Koraput,A,Koraput — Primary Local Mandi,34,57.4,10,11,1,TRUCK,FARMER_LOCAL_MANDI,2026-09-20,SYNTHETIC_DEMO
FML-925AF8BE12,LOC-9AD6EB10F3,MND-2CAA18A5FA,Odisha,Koraput,B,Koraput — Secondary Market Yard,73,96.3,13,9,2,TRUCK,FARMER_LOCAL_MANDI,2026-09-20,SYNTHETIC_DEMO
FML-9B53FC355D,LOC-9AD6EB10F3,MND-E87B6DD1D7,Odisha,Koraput,C,Koraput — Regional Wholesale Market,26,49.6,14,7,1,TRUCK,FARMER_LOCAL_MANDI,2026-09-20,SYNTHETIC_DEMO
FML-06166F97AB,LOC-FC9F290252,MND-B294A789AC,Odisha,Malkangiri,A,Malkangiri — Primary Local Mandi,25,47.5,10,5,1,TRUCK,FARMER_LOCAL_MANDI,2026-09-20,SYNTHETIC_DEMO
FML-21210C71D3,LOC-FC9F290252,MND-07C3A9CBA3,Odisha,Malkangiri,B,Malkangiri — Secondary Market Yard,60,88.0,10,10,2,TRUCK,FARMER_LOCAL_MANDI,2026-09-20,SYNTHETIC_DEMO
FML-54EB0702B1,LOC-FC9F290252,MND-9131332BFE,Odisha,Malkangiri,C,Malkangiri — Regional Wholesale Market,25,49.5,5,11,1,TRUCK,FARMER_LOCAL_MANDI,2026-09-20,SYNTHETIC_DEMO
FML-7ABEF2F0BA,LOC-2096151791,MND-8C463B1078,Odisha,Mayurbhanj,A,Mayurbhanj — Primary Local Mandi,35,54.5,9,11,1,TRUCK,FARMER_LOCAL_MANDI,2026-09-20,SYNTHETIC_DEMO
FML-D70D4547C5,LOC-2096151791,MND-5675766045,Odisha,Mayurbhanj,B,Mayurbhanj — Secondary Market Yard,35,56.5,6,5,1,TRUCK,FARMER_LOCAL_MANDI,2026-09-20,SYNTHETIC_DEMO
FML-50C4BA8762,LOC-2096151791,MND-DFEE095CF3,Odisha,Mayurbhanj,C,Mayurbhanj — Regional Wholesale Market,51,64.1,9,4,2,TRUCK,FARMER_LOCAL_MANDI,2026-09-20,SYNTHETIC_DEMO
FML-49531EBB35,LOC-80F2265022,MND-21A311FB86,Odisha,Nabarangpur,A,Nabarangpur — Primary Local Mandi,22,36.2,5,10,1,TRUCK,FARMER_LOCAL_MANDI,2026-09-20,SYNTHETIC_DEMO
FML-29360FC3F1,LOC-80F2265022,MND-1E42395FB9,Odisha,Nabarangpur,B,Nabarangpur — Secondary Market Yard,35,51.5,8,10,1,TRUCK,FARMER_LOCAL_MANDI,2026-09-20,SYNTHETIC_DEMO
FML-FA25D39C45,LOC-80F2265022,MND-0FEF55C087,Odisha,Nabarangpur,C,Nabarangpur — Regional Wholesale Market,40,60.0,6,10,1,TRUCK,FARMER_LOCAL_MANDI,2026-09-20,SYNTHETIC_DEMO
FML-86C74A6B6D,LOC-5C9B1AA022,MND-E855934A38,Odisha,Nayagarh,A,Nayagarh — Primary Local Mandi,16,31.6,6,8,1,TRUCK,FARMER_LOCAL_MANDI,2026-09-20,SYNTHETIC_DEMO
FML-C97D50562B,LOC-5C9B1AA022,MND-B4BA471C49,Odisha,Nayagarh,B,Nayagarh — Secondary Market Yard,11,24.1,10,6,1,TRUCK,FARMER_LOCAL_MANDI,2026-09-20,SYNTHETIC_DEMO
FML-3A187305EC,LOC-5C9B1AA022,MND-C0281B8B70,Odisha,Nayagarh,C,Nayagarh — Regional Wholesale Market,44,59.4,6,7,1,TRUCK,FARMER_LOCAL_MANDI,2026-09-20,SYNTHETIC_DEMO
FML-408F1811A2,LOC-6C16C3D33F,MND-3B3AF01B7C,Odisha,Nuapada,A,Nuapada — Primary Local Mandi,50,70.0,14,6,2,TRUCK,FARMER_LOCAL_MANDI,2026-09-20,SYNTHETIC_DEMO
FML-8168419117,LOC-6C16C3D33F,MND-6C61DDA9F0,Odisha,Nuapada,B,Nuapada — Secondary Market Yard,33,44.3,9,6,1,TRUCK,FARMER_LOCAL_MANDI,2026-09-20,SYNTHETIC_DEMO
FML-F105E439F8,LOC-6C16C3D33F,MND-60E2DE2D66,Odisha,Nuapada,C,Nuapada — Regional Wholesale Market,23,32.3,5,6,1,TRUCK,FARMER_LOCAL_MANDI,2026-09-20,SYNTHETIC_DEMO
FML-1F19D674CB,LOC-58DF2B0196,MND-5FB3702772,Odisha,Puri,A,Puri — Primary Local Mandi,74,88.4,12,9,2,TRUCK,FARMER_LOCAL_MANDI,2026-09-20,SYNTHETIC_DEMO
FML-1B52DDB404,LOC-58DF2B0196,MND-195831F172,Odisha,Puri,B,Puri — Secondary Market Yard,14,37.4,10,7,1,TRUCK,FARMER_LOCAL_MANDI,2026-09-20,SYNTHETIC_DEMO
FML-060B34D881,LOC-58DF2B0196,MND-F92B4D1A67,Odisha,Puri,C,Puri — Regional Wholesale Market,22,39.2,10,6,1,TRUCK,FARMER_LOCAL_MANDI,2026-09-20,SYNTHETIC_DEMO
FML-FEFE3D3249,LOC-FF3F5D6A83,MND-9F9B279DD8,Odisha,Rayagada,A,Rayagada — Primary Local Mandi,36,52.6,12,5,1,TRUCK,FARMER_LOCAL_MANDI,2026-09-20,SYNTHETIC_DEMO
FML-41CDC857AC,LOC-FF3F5D6A83,MND-378B1A5C31,Odisha,Rayagada,B,Rayagada — Secondary Market Yard,63,84.3,11,11,2,TRUCK,FARMER_LOCAL_MANDI,2026-09-20,SYNTHETIC_DEMO
FML-325C2461F5,LOC-FF3F5D6A83,MND-E4D8828007,Odisha,Rayagada,C,Rayagada — Regional Wholesale Market,35,49.5,13,4,1,TRUCK,FARMER_LOCAL_MANDI,2026-09-20,SYNTHETIC_DEMO
FML-632458A907,LOC-598B6F227F,MND-A8459002A7,Odisha,Sambalpur,A,Sambalpur — Primary Local Mandi,47,63.7,13,9,2,TRUCK,FARMER_LOCAL_MANDI,2026-09-20,SYNTHETIC_DEMO
FML-A6FA39212E,LOC-598B6F227F,MND-524DE6FB11,Odisha,Sambalpur,B,Sambalpur — Secondary Market Yard,25,41.5,6,4,1,TRUCK,FARMER_LOCAL_MANDI,2026-09-20,SYNTHETIC_DEMO
FML-418B893CF7,LOC-598B6F227F,MND-C9C84F3C28,Odisha,Sambalpur,C,Sambalpur — Regional Wholesale Market,69,85.9,11,4,2,TRUCK,FARMER_LOCAL_MANDI,2026-09-20,SYNTHETIC_DEMO
FML-656C496286,LOC-95AF767D40,MND-A72A696796,Odisha,Subarnapur,A,Subarnapur — Primary Local Mandi,33,57.3,9,11,1,TRUCK,FARMER_LOCAL_MANDI,2026-09-20,SYNTHETIC_DEMO
FML-B834A32EA6,LOC-95AF767D40,MND-DDA9987F95,Odisha,Subarnapur,B,Subarnapur — Secondary Market Yard,14,29.4,7,8,1,TRUCK,FARMER_LOCAL_MANDI,2026-09-20,SYNTHETIC_DEMO
FML-F51E6EB61A,LOC-95AF767D40,MND-369390BE97,Odisha,Subarnapur,C,Subarnapur — Regional Wholesale Market,73,89.3,6,7,2,TRUCK,FARMER_LOCAL_MANDI,2026-09-20,SYNTHETIC_DEMO
FML-B1DF2D242B,LOC-0191C49587,MND-EAC0611962,Odisha,Sundargarh,A,Sundargarh — Primary Local Mandi,5,27.5,13,6,1,TRUCK,FARMER_LOCAL_MANDI,2026-09-20,SYNTHETIC_DEMO
FML-B4B69F2110,LOC-0191C49587,MND-EE1477D7B2,Odisha,Sundargarh,B,Sundargarh — Secondary Market Yard,71,87.1,6,4,2,TRUCK,FARMER_LOCAL_MANDI,2026-09-20,SYNTHETIC_DEMO
FML-4AB49779DC,LOC-0191C49587,MND-199E895C5B,Odisha,Sundargarh,C,Sundargarh — Regional Wholesale Market,22,37.2,6,8,1,TRUCK,FARMER_LOCAL_MANDI,2026-09-20,SYNTHETIC_DEMO
FML-BC74423627,LOC-66CFF19F00,MND-3FEECEC23F,Puducherry,Karaikal,A,Karaikal — Primary Local Mandi,10,24.0,14,9,1,TRUCK,FARMER_LOCAL_MANDI,2026-09-20,SYNTHETIC_DEMO
FML-DC63F5DCF4,LOC-66CFF19F00,MND-7B44A220DE,Puducherry,Karaikal,B,Karaikal — Secondary Market Yard,74,94.4,5,7,2,TRUCK,FARMER_LOCAL_MANDI,2026-09-20,SYNTHETIC_DEMO
FML-C410179B80,LOC-66CFF19F00,MND-550D61EA82,Puducherry,Karaikal,C,Karaikal — Regional Wholesale Market,73,91.3,5,10,2,TRUCK,FARMER_LOCAL_MANDI,2026-09-20,SYNTHETIC_DEMO
FML-C114F4A65B,LOC-96829AA10C,MND-290C12C8D0,Puducherry,Puducherry,A,Puducherry — Primary Local Mandi,45,71.5,12,7,1,TRUCK,FARMER_LOCAL_MANDI,2026-09-20,SYNTHETIC_DEMO
FML-AB557A9836,LOC-96829AA10C,MND-23477049F0,Puducherry,Puducherry,B,Puducherry — Secondary Market Yard,12,23.2,11,8,1,TRUCK,FARMER_LOCAL_MANDI,2026-09-20,SYNTHETIC_DEMO
FML-9671526E7E,LOC-96829AA10C,MND-E1D9CA3C5E,Puducherry,Puducherry,C,Puducherry — Regional Wholesale Market,49,71.9,7,8,2,TRUCK,FARMER_LOCAL_MANDI,2026-09-20,SYNTHETIC_DEMO
FML-DA585A7AA3,LOC-2AD4EC345C,MND-E12F32671C,Punjab,Amritsar,A,Amritsar — Primary Local Mandi,9,20.9,7,6,1,TRUCK,FARMER_LOCAL_MANDI,2026-09-20,SYNTHETIC_DEMO
FML-C1C6718179,LOC-2AD4EC345C,MND-588F46D23D,Punjab,Amritsar,B,Amritsar — Secondary Market Yard,68,88.8,12,10,2,TRUCK,FARMER_LOCAL_MANDI,2026-09-20,SYNTHETIC_DEMO
FML-727C26E95D,LOC-2AD4EC345C,MND-740D8117E7,Punjab,Amritsar,C,Amritsar — Regional Wholesale Market,66,82.6,12,5,2,TRUCK,FARMER_LOCAL_MANDI,2026-09-20,SYNTHETIC_DEMO
FML-1D71BC80BE,LOC-87179C9D85,MND-3E1867EA4C,Punjab,Barnala,A,Barnala — Primary Local Mandi,43,67.3,12,5,1,TRUCK,FARMER_LOCAL_MANDI,2026-09-20,SYNTHETIC_DEMO
FML-517E9AF549,LOC-87179C9D85,MND-F2E5C40D4D,Punjab,Barnala,B,Barnala — Secondary Market Yard,47,69.7,8,7,2,TRUCK,FARMER_LOCAL_MANDI,2026-09-20,SYNTHETIC_DEMO
FML-4C09F6F390,LOC-87179C9D85,MND-2C74DEC4BA,Punjab,Barnala,C,Barnala — Regional Wholesale Market,26,40.6,14,5,1,TRUCK,FARMER_LOCAL_MANDI,2026-09-20,SYNTHETIC_DEMO
FML-C8DFD80095,LOC-D802757332,MND-EE18878C9A,Punjab,Bathinda,A,Bathinda — Primary Local Mandi,13,31.3,6,11,1,TRUCK,FARMER_LOCAL_MANDI,2026-09-20,SYNTHETIC_DEMO
FML-D15F8211CA,LOC-D802757332,MND-8D185D1DD5,Punjab,Bathinda,B,Bathinda — Secondary Market Yard,75,89.5,9,6,2,TRUCK,FARMER_LOCAL_MANDI,2026-09-20,SYNTHETIC_DEMO
FML-72CFB3DEF6,LOC-D802757332,MND-9D749CC919,Punjab,Bathinda,C,Bathinda — Regional Wholesale Market,80,98.0,8,10,2,TRUCK,FARMER_LOCAL_MANDI,2026-09-20,SYNTHETIC_DEMO
FML-A8F14D378F,LOC-6F37221B66,MND-E20F80E057,Punjab,Faridkot,A,Faridkot — Primary Local Mandi,24,35.4,14,4,1,TRUCK,FARMER_LOCAL_MANDI,2026-09-20,SYNTHETIC_DEMO
FML-AD69DF0C56,LOC-6F37221B66,MND-BE4C8E96E8,Punjab,Faridkot,B,Faridkot — Secondary Market Yard,58,82.8,13,11,2,TRUCK,FARMER_LOCAL_MANDI,2026-09-20,SYNTHETIC_DEMO
FML-A6519D5225,LOC-6F37221B66,MND-78EE738337,Punjab,Faridkot,C,Faridkot — Regional Wholesale Market,28,49.8,12,7,1,TRUCK,FARMER_LOCAL_MANDI,2026-09-20,SYNTHETIC_DEMO
FML-20A759AD4B,LOC-AD8DDDE9E2,MND-4EAB83A377,Punjab,Fatehgarh Sahib,A,Fatehgarh Sahib — Primary Local Mandi,45,56.5,7,10,1,TRUCK,FARMER_LOCAL_MANDI,2026-09-20,SYNTHETIC_DEMO
FML-C879E3DAE1,LOC-AD8DDDE9E2,MND-CB34495A54,Punjab,Fatehgarh Sahib,B,Fatehgarh Sahib — Secondary Market Yard,6,18,13,8,1,TRUCK,FARMER_LOCAL_MANDI,2026-09-20,SYNTHETIC_DEMO
FML-581925F6C8,LOC-AD8DDDE9E2,MND-8C550CCFF6,Punjab,Fatehgarh Sahib,C,Fatehgarh Sahib — Regional Wholesale Market,61,87.1,8,7,2,TRUCK,FARMER_LOCAL_MANDI,2026-09-20,SYNTHETIC_DEMO
FML-E06A919244,LOC-A699B811EB,MND-E26DCEECDB,Punjab,Fazilka,A,Fazilka — Primary Local Mandi,45,61.5,14,6,1,TRUCK,FARMER_LOCAL_MANDI,2026-09-20,SYNTHETIC_DEMO
FML-78675AB3D4,LOC-A699B811EB,MND-AF8F950F1E,Punjab,Fazilka,B,Fazilka — Secondary Market Yard,76,98.6,12,8,2,TRUCK,FARMER_LOCAL_MANDI,2026-09-20,SYNTHETIC_DEMO
FML-5431229276,LOC-A699B811EB,MND-B74369375A,Punjab,Fazilka,C,Fazilka — Regional Wholesale Market,11,20.1,8,8,1,TRUCK,FARMER_LOCAL_MANDI,2026-09-20,SYNTHETIC_DEMO
FML-6C6F942046,LOC-49C0913A6B,MND-B4787A769B,Punjab,Ferozepur,A,Ferozepur — Primary Local Mandi,17,31.7,12,11,1,TRUCK,FARMER_LOCAL_MANDI,2026-09-20,SYNTHETIC_DEMO
FML-0E64CF43C5,LOC-49C0913A6B,MND-2C402685E2,Punjab,Ferozepur,B,Ferozepur — Secondary Market Yard,70,91.0,5,6,2,TRUCK,FARMER_LOCAL_MANDI,2026-09-20,SYNTHETIC_DEMO
FML-FC505E07D3,LOC-49C0913A6B,MND-E0D6C48E72,Punjab,Ferozepur,C,Ferozepur — Regional Wholesale Market,46,57.6,6,9,2,TRUCK,FARMER_LOCAL_MANDI,2026-09-20,SYNTHETIC_DEMO
FML-2DE82CA2E4,LOC-A9F7835F13,MND-86ED4D7B15,Punjab,Gurdaspur,A,Gurdaspur — Primary Local Mandi,48,60.8,7,6,2,TRUCK,FARMER_LOCAL_MANDI,2026-09-20,SYNTHETIC_DEMO
FML-A57793DFEE,LOC-A9F7835F13,MND-FC16463F63,Punjab,Gurdaspur,B,Gurdaspur — Secondary Market Yard,33,46.3,8,8,1,TRUCK,FARMER_LOCAL_MANDI,2026-09-20,SYNTHETIC_DEMO
FML-9B2AA38A0F,LOC-A9F7835F13,MND-693CEF85E8,Punjab,Gurdaspur,C,Gurdaspur — Regional Wholesale Market,31,50.1,9,7,1,TRUCK,FARMER_LOCAL_MANDI,2026-09-20,SYNTHETIC_DEMO
FML-2A7814096F,LOC-E8E59CC205,MND-2D81722879,Punjab,Hoshiarpur,A,Hoshiarpur — Primary Local Mandi,11,25.1,13,6,1,TRUCK,FARMER_LOCAL_MANDI,2026-09-20,SYNTHETIC_DEMO
FML-475CBD5532,LOC-E8E59CC205,MND-0F3611CBFD,Punjab,Hoshiarpur,B,Hoshiarpur — Secondary Market Yard,29,51.9,10,9,1,TRUCK,FARMER_LOCAL_MANDI,2026-09-20,SYNTHETIC_DEMO
FML-6457DBFF44,LOC-E8E59CC205,MND-489FA7F33C,Punjab,Hoshiarpur,C,Hoshiarpur — Regional Wholesale Market,31,45.1,6,8,1,TRUCK,FARMER_LOCAL_MANDI,2026-09-20,SYNTHETIC_DEMO
FML-701CBB144E,LOC-853C5C1469,MND-4336FB84E8,Punjab,Jalandhar,A,Jalandhar — Primary Local Mandi,21,36.1,12,11,1,TRUCK,FARMER_LOCAL_MANDI,2026-09-20,SYNTHETIC_DEMO
FML-D0557B674F,LOC-853C5C1469,MND-4107112D2E,Punjab,Jalandhar,B,Jalandhar — Secondary Market Yard,77,102.7,6,8,2,TRUCK,FARMER_LOCAL_MANDI,2026-09-20,SYNTHETIC_DEMO
FML-7B0CCF793B,LOC-853C5C1469,MND-17364600D7,Punjab,Jalandhar,C,Jalandhar — Regional Wholesale Market,75,101.5,5,7,2,TRUCK,FARMER_LOCAL_MANDI,2026-09-20,SYNTHETIC_DEMO
FML-8525EC2ED6,LOC-F3C8CB317E,MND-B6F283ED51,Punjab,Kapurthala,A,Kapurthala — Primary Local Mandi,76,89.6,14,10,2,TRUCK,FARMER_LOCAL_MANDI,2026-09-20,SYNTHETIC_DEMO
FML-F395302FAC,LOC-F3C8CB317E,MND-FED5BE0445,Punjab,Kapurthala,B,Kapurthala — Secondary Market Yard,10,18,13,11,1,TRUCK,FARMER_LOCAL_MANDI,2026-09-20,SYNTHETIC_DEMO
FML-BB91B95DCC,LOC-F3C8CB317E,MND-D76AF42664,Punjab,Kapurthala,C,Kapurthala — Regional Wholesale Market,71,100.1,13,8,2,TRUCK,FARMER_LOCAL_MANDI,2026-09-20,SYNTHETIC_DEMO
FML-75ADC7881C,LOC-123EC5F3A8,MND-537430963C,Punjab,Ludhiana,A,Ludhiana — Primary Local Mandi,66,82.6,11,4,2,TRUCK,FARMER_LOCAL_MANDI,2026-09-20,SYNTHETIC_DEMO
FML-4282F1014D,LOC-123EC5F3A8,MND-F0A60AFD5D,Punjab,Ludhiana,B,Ludhiana — Secondary Market Yard,59,84.9,14,7,2,TRUCK,FARMER_LOCAL_MANDI,2026-09-20,SYNTHETIC_DEMO
FML-6C4D857F2D,LOC-123EC5F3A8,MND-570B429E96,Punjab,Ludhiana,C,Ludhiana — Regional Wholesale Market,40,62.0,13,5,1,TRUCK,FARMER_LOCAL_MANDI,2026-09-20,SYNTHETIC_DEMO
FML-785A2E5FCD,LOC-5088A16B6C,MND-8A6FDB501D,Punjab,Malerkotla,A,Malerkotla — Primary Local Mandi,7,22.7,9,8,1,TRUCK,FARMER_LOCAL_MANDI,2026-09-20,SYNTHETIC_DEMO
FML-41D3958BD6,LOC-5088A16B6C,MND-445CBA06FB,Punjab,Malerkotla,B,Malerkotla — Secondary Market Yard,28,46.8,6,5,1,TRUCK,FARMER_LOCAL_MANDI,2026-09-20,SYNTHETIC_DEMO
FML-1141097EE8,LOC-5088A16B6C,MND-7E04CB3372,Punjab,Malerkotla,C,Malerkotla — Regional Wholesale Market,63,85.3,6,11,2,TRUCK,FARMER_LOCAL_MANDI,2026-09-20,SYNTHETIC_DEMO
FML-CE91DAC5EC,LOC-12531274EE,MND-4DFC3AD89D,Punjab,Mansa,A,Mansa — Primary Local Mandi,76,102.6,13,5,2,TRUCK,FARMER_LOCAL_MANDI,2026-09-20,SYNTHETIC_DEMO
FML-92FFD80053,LOC-12531274EE,MND-8BA80007F4,Punjab,Mansa,B,Mansa — Secondary Market Yard,22,36.2,7,7,1,TRUCK,FARMER_LOCAL_MANDI,2026-09-20,SYNTHETIC_DEMO
FML-1FEC76AC33,LOC-12531274EE,MND-B3471E5AD2,Punjab,Mansa,C,Mansa — Regional Wholesale Market,44,55.4,5,7,1,TRUCK,FARMER_LOCAL_MANDI,2026-09-20,SYNTHETIC_DEMO
FML-34B8C96F41,LOC-16A002BAD4,MND-935FB5A35E,Punjab,Moga,A,Moga — Primary Local Mandi,8,27.8,14,7,1,TRUCK,FARMER_LOCAL_MANDI,2026-09-20,SYNTHETIC_DEMO
FML-E29E49DC4A,LOC-16A002BAD4,MND-F3BBF39D7A,Punjab,Moga,B,Moga — Secondary Market Yard,20,29.0,9,10,1,TRUCK,FARMER_LOCAL_MANDI,2026-09-20,SYNTHETIC_DEMO
FML-08E222354E,LOC-16A002BAD4,MND-DED726862B,Punjab,Moga,C,Moga — Regional Wholesale Market,5,26.5,9,9,1,TRUCK,FARMER_LOCAL_MANDI,2026-09-20,SYNTHETIC_DEMO
FML-B8106DF014,LOC-19F3B098BE,MND-9FA9E24B30,Punjab,Pathankot,A,Pathankot — Primary Local Mandi,76,103.6,14,9,2,TRUCK,FARMER_LOCAL_MANDI,2026-09-20,SYNTHETIC_DEMO
FML-9213933C07,LOC-19F3B098BE,MND-846DE40EAC,Punjab,Pathankot,B,Pathankot — Secondary Market Yard,42,52.2,5,11,1,TRUCK,FARMER_LOCAL_MANDI,2026-09-20,SYNTHETIC_DEMO
FML-FB3D48C134,LOC-19F3B098BE,MND-78752A062F,Punjab,Pathankot,C,Pathankot — Regional Wholesale Market,67,91.7,9,6,2,TRUCK,FARMER_LOCAL_MANDI,2026-09-20,SYNTHETIC_DEMO
FML-4A8398C012,LOC-423014282A,MND-491AD32A3E,Punjab,Patiala,A,Patiala — Primary Local Mandi,12,20.2,11,8,1,TRUCK,FARMER_LOCAL_MANDI,2026-09-20,SYNTHETIC_DEMO
FML-D9027BAC04,LOC-423014282A,MND-1A0D12B09C,Punjab,Patiala,B,Patiala — Secondary Market Yard,27,49.7,6,10,1,TRUCK,FARMER_LOCAL_MANDI,2026-09-20,SYNTHETIC_DEMO
FML-47E4A319BD,LOC-423014282A,MND-BF79DFEE86,Punjab,Patiala,C,Patiala — Regional Wholesale Market,78,101.8,6,10,2,TRUCK,FARMER_LOCAL_MANDI,2026-09-20,SYNTHETIC_DEMO
FML-8251814997,LOC-197B291B09,MND-635F2BF2C0,Punjab,Rupnagar,A,Rupnagar — Primary Local Mandi,68,96.8,8,8,2,TRUCK,FARMER_LOCAL_MANDI,2026-09-20,SYNTHETIC_DEMO
FML-9FE550C23F,LOC-197B291B09,MND-39FC5DAF31,Punjab,Rupnagar,B,Rupnagar — Secondary Market Yard,80,103.0,11,6,2,TRUCK,FARMER_LOCAL_MANDI,2026-09-20,SYNTHETIC_DEMO
FML-4A8583D85A,LOC-197B291B09,MND-45D0BD6882,Punjab,Rupnagar,C,Rupnagar — Regional Wholesale Market,66,90.6,6,8,2,TRUCK,FARMER_LOCAL_MANDI,2026-09-20,SYNTHETIC_DEMO
FML-BA1BE3A0F0,LOC-9F1BC0D552,MND-7C3DC19441,Punjab,S.A.S Nagar,A,S.A.S Nagar — Primary Local Mandi,8,18.8,10,9,1,TRUCK,FARMER_LOCAL_MANDI,2026-09-20,SYNTHETIC_DEMO
FML-48DFA8393F,LOC-9F1BC0D552,MND-FB9B4740F5,Punjab,S.A.S Nagar,B,S.A.S Nagar — Secondary Market Yard,47,59.7,8,9,2,TRUCK,FARMER_LOCAL_MANDI,2026-09-20,SYNTHETIC_DEMO
FML-E57E160FB0,LOC-9F1BC0D552,MND-D787664DD6,Punjab,S.A.S Nagar,C,S.A.S Nagar — Regional Wholesale Market,27,46.7,12,5,1,TRUCK,FARMER_LOCAL_MANDI,2026-09-20,SYNTHETIC_DEMO
FML-5CD58C207E,LOC-538B4BA915,MND-57FE689C40,Punjab,Sangrur,A,Sangrur — Primary Local Mandi,6,25.6,9,6,1,TRUCK,FARMER_LOCAL_MANDI,2026-09-20,SYNTHETIC_DEMO
FML-05E966671A,LOC-538B4BA915,MND-99A2516433,Punjab,Sangrur,B,Sangrur — Secondary Market Yard,37,54.7,8,6,1,TRUCK,FARMER_LOCAL_MANDI,2026-09-20,SYNTHETIC_DEMO
FML-642DC25A21,LOC-538B4BA915,MND-F545712383,Punjab,Sangrur,C,Sangrur — Regional Wholesale Market,77,94.7,5,8,2,TRUCK,FARMER_LOCAL_MANDI,2026-09-20,SYNTHETIC_DEMO
FML-4BF0014186,LOC-A990B0630F,MND-7B257CB1FB,Punjab,Shahid Bhagat Singh Nagar,A,Shahid Bhagat Singh Nagar — Primary Local Mandi,13,30.3,14,5,1,TRUCK,FARMER_LOCAL_MANDI,2026-09-20,SYNTHETIC_DEMO
FML-59B7C28051,LOC-A990B0630F,MND-E81C587074,Punjab,Shahid Bhagat Singh Nagar,B,Shahid Bhagat Singh Nagar — Secondary Market Yard,33,42.3,8,10,1,TRUCK,FARMER_LOCAL_MANDI,2026-09-20,SYNTHETIC_DEMO
FML-4A0050ECF8,LOC-A990B0630F,MND-1BA67C6C89,Punjab,Shahid Bhagat Singh Nagar,C,Shahid Bhagat Singh Nagar — Regional Wholesale Market,14,30.4,11,4,1,TRUCK,FARMER_LOCAL_MANDI,2026-09-20,SYNTHETIC_DEMO
FML-BABDBDF70E,LOC-5B1F4C02AE,MND-4C25227ED9,Punjab,Sri Muktsar Sahib,A,Sri Muktsar Sahib — Primary Local Mandi,70,94.0,9,5,2,TRUCK,FARMER_LOCAL_MANDI,2026-09-20,SYNTHETIC_DEMO
FML-CC0A928027,LOC-5B1F4C02AE,MND-1BFB6060A4,Punjab,Sri Muktsar Sahib,B,Sri Muktsar Sahib — Secondary Market Yard,63,81.3,10,9,2,TRUCK,FARMER_LOCAL_MANDI,2026-09-20,SYNTHETIC_DEMO
FML-1442FE5F04,LOC-5B1F4C02AE,MND-91046BB621,Punjab,Sri Muktsar Sahib,C,Sri Muktsar Sahib — Regional Wholesale Market,75,96.5,14,6,2,TRUCK,FARMER_LOCAL_MANDI,2026-09-20,SYNTHETIC_DEMO
FML-D0B2BFA85B,LOC-33FDBA507A,MND-C9E00C9AFF,Punjab,Tarn Taran,A,Tarn Taran — Primary Local Mandi,19,30.9,7,4,1,TRUCK,FARMER_LOCAL_MANDI,2026-09-20,SYNTHETIC_DEMO
FML-5FC04316EA,LOC-33FDBA507A,MND-005B01CC6F,Punjab,Tarn Taran,B,Tarn Taran — Secondary Market Yard,26,36.6,5,10,1,TRUCK,FARMER_LOCAL_MANDI,2026-09-20,SYNTHETIC_DEMO
FML-CD131B5EA2,LOC-33FDBA507A,MND-198F0B6D9E,Punjab,Tarn Taran,C,Tarn Taran — Regional Wholesale Market,31,55.1,7,9,1,TRUCK,FARMER_LOCAL_MANDI,2026-09-20,SYNTHETIC_DEMO
FML-00CC294EA3,LOC-65BCE400D5,MND-29886EB50E,Rajasthan,Ajmer,A,Ajmer — Primary Local Mandi,23,44.3,11,8,1,TRUCK,FARMER_LOCAL_MANDI,2026-09-20,SYNTHETIC_DEMO
FML-0EEAB82059,LOC-65BCE400D5,MND-EF0F4B6AB9,Rajasthan,Ajmer,B,Ajmer — Secondary Market Yard,40,57.0,12,10,1,TRUCK,FARMER_LOCAL_MANDI,2026-09-20,SYNTHETIC_DEMO
FML-4E77ECD498,LOC-65BCE400D5,MND-B2D5204B97,Rajasthan,Ajmer,C,Ajmer — Regional Wholesale Market,49,59.9,11,11,2,TRUCK,FARMER_LOCAL_MANDI,2026-09-20,SYNTHETIC_DEMO
FML-044EC49506,LOC-47F6BD70E2,MND-817CD6BB74,Rajasthan,Alwar,A,Alwar — Primary Local Mandi,80,102.0,10,5,2,TRUCK,FARMER_LOCAL_MANDI,2026-09-20,SYNTHETIC_DEMO
FML-DC30E4160A,LOC-47F6BD70E2,MND-CA6879BD0C,Rajasthan,Alwar,B,Alwar — Secondary Market Yard,8,27.8,13,8,1,TRUCK,FARMER_LOCAL_MANDI,2026-09-20,SYNTHETIC_DEMO
FML-00A0EE440A,LOC-47F6BD70E2,MND-98FA484E6A,Rajasthan,Alwar,C,Alwar — Regional Wholesale Market,22,39.2,7,6,1,TRUCK,FARMER_LOCAL_MANDI,2026-09-20,SYNTHETIC_DEMO
FML-D17DAA41EC,LOC-30A4064283,MND-46E3AD1CD2,Rajasthan,Balotra,A,Balotra — Primary Local Mandi,47,60.7,7,4,2,TRUCK,FARMER_LOCAL_MANDI,2026-09-20,SYNTHETIC_DEMO
FML-C44FF2767E,LOC-30A4064283,MND-7F5E47DC00,Rajasthan,Balotra,B,Balotra — Secondary Market Yard,43,63.3,13,8,1,TRUCK,FARMER_LOCAL_MANDI,2026-09-20,SYNTHETIC_DEMO
FML-40A1615D1A,LOC-30A4064283,MND-5A1D80F996,Rajasthan,Balotra,C,Balotra — Regional Wholesale Market,57,84.7,13,4,2,TRUCK,FARMER_LOCAL_MANDI,2026-09-20,SYNTHETIC_DEMO
FML-18F3A362FD,LOC-B0BF11E472,MND-CCE0AAC495,Rajasthan,Banswara,A,Banswara — Primary Local Mandi,51,68.1,6,4,2,TRUCK,FARMER_LOCAL_MANDI,2026-09-20,SYNTHETIC_DEMO
FML-2DE9F08063,LOC-B0BF11E472,MND-DB196460B3,Rajasthan,Banswara,B,Banswara — Secondary Market Yard,40,53.0,10,10,1,TRUCK,FARMER_LOCAL_MANDI,2026-09-20,SYNTHETIC_DEMO
FML-04CEC367AD,LOC-B0BF11E472,MND-AE60139558,Rajasthan,Banswara,C,Banswara — Regional Wholesale Market,29,39.9,9,6,1,TRUCK,FARMER_LOCAL_MANDI,2026-09-20,SYNTHETIC_DEMO
FML-033FC797C7,LOC-9CD69F9D0C,MND-035463828B,Rajasthan,Baran,A,Baran — Primary Local Mandi,68,95.8,8,7,2,TRUCK,FARMER_LOCAL_MANDI,2026-09-20,SYNTHETIC_DEMO
FML-DC1B497E64,LOC-9CD69F9D0C,MND-A75F351D0D,Rajasthan,Baran,B,Baran — Secondary Market Yard,65,90.5,7,7,2,TRUCK,FARMER_LOCAL_MANDI,2026-09-20,SYNTHETIC_DEMO
FML-82C56F28E1,LOC-9CD69F9D0C,MND-0788593131,Rajasthan,Baran,C,Baran — Regional Wholesale Market,15,24.5,10,10,1,TRUCK,FARMER_LOCAL_MANDI,2026-09-20,SYNTHETIC_DEMO
FML-C83B0007D4,LOC-CC09CE641F,MND-02D7610F39,Rajasthan,Barmer,A,Barmer — Primary Local Mandi,50,71.0,7,5,2,TRUCK,FARMER_LOCAL_MANDI,2026-09-20,SYNTHETIC_DEMO
FML-56B6590875,LOC-CC09CE641F,MND-B7D857C149,Rajasthan,Barmer,B,Barmer — Secondary Market Yard,32,56.2,7,11,1,TRUCK,FARMER_LOCAL_MANDI,2026-09-20,SYNTHETIC_DEMO
FML-FA8667CF06,LOC-CC09CE641F,MND-52CC043770,Rajasthan,Barmer,C,Barmer — Regional Wholesale Market,8,22.8,12,10,1,TRUCK,FARMER_LOCAL_MANDI,2026-09-20,SYNTHETIC_DEMO
FML-21BBE473BC,LOC-A5EDA37160,MND-6475DB70CB,Rajasthan,Beawar,A,Beawar — Primary Local Mandi,28,43.8,13,11,1,TRUCK,FARMER_LOCAL_MANDI,2026-09-20,SYNTHETIC_DEMO
FML-13E3C59C13,LOC-A5EDA37160,MND-AF7DCDCDA6,Rajasthan,Beawar,B,Beawar — Secondary Market Yard,44,62.4,10,7,1,TRUCK,FARMER_LOCAL_MANDI,2026-09-20,SYNTHETIC_DEMO
FML-5C43F77384,LOC-A5EDA37160,MND-97A7D72C2D,Rajasthan,Beawar,C,Beawar — Regional Wholesale Market,62,87.2,9,5,2,TRUCK,FARMER_LOCAL_MANDI,2026-09-20,SYNTHETIC_DEMO
FML-EA47F7AB3B,LOC-8EE190FCED,MND-B96B2FADC7,Rajasthan,Bharatpur,A,Bharatpur — Primary Local Mandi,10,18,8,6,1,TRUCK,FARMER_LOCAL_MANDI,2026-09-20,SYNTHETIC_DEMO
FML-FBE3EEC097,LOC-8EE190FCED,MND-C8E002A9FE,Rajasthan,Bharatpur,B,Bharatpur — Secondary Market Yard,74,88.4,7,8,2,TRUCK,FARMER_LOCAL_MANDI,2026-09-20,SYNTHETIC_DEMO
FML-4CBDCEFD50,LOC-8EE190FCED,MND-660AB2F8EF,Rajasthan,Bharatpur,C,Bharatpur — Regional Wholesale Market,62,81.2,14,9,2,TRUCK,FARMER_LOCAL_MANDI,2026-09-20,SYNTHETIC_DEMO
FML-4660674089,LOC-B4C7D1876E,MND-DF66F0DAEB,Rajasthan,Bhilwara,A,Bhilwara — Primary Local Mandi,47,63.7,11,9,2,TRUCK,FARMER_LOCAL_MANDI,2026-09-20,SYNTHETIC_DEMO
FML-B638425675,LOC-B4C7D1876E,MND-E58AE42CCC,Rajasthan,Bhilwara,B,Bhilwara — Secondary Market Yard,24,32.4,13,5,1,TRUCK,FARMER_LOCAL_MANDI,2026-09-20,SYNTHETIC_DEMO
FML-F8F7E43B3A,LOC-B4C7D1876E,MND-CCE4E8BDD9,Rajasthan,Bhilwara,C,Bhilwara — Regional Wholesale Market,45,70.5,14,11,1,TRUCK,FARMER_LOCAL_MANDI,2026-09-20,SYNTHETIC_DEMO
FML-5E7D294B5E,LOC-33AD36ACE4,MND-2E35E8235A,Rajasthan,Bikaner,A,Bikaner — Primary Local Mandi,36,59.6,10,6,1,TRUCK,FARMER_LOCAL_MANDI,2026-09-20,SYNTHETIC_DEMO
FML-984A818397,LOC-33AD36ACE4,MND-3E54CAFF66,Rajasthan,Bikaner,B,Bikaner — Secondary Market Yard,46,72.6,7,11,2,TRUCK,FARMER_LOCAL_MANDI,2026-09-20,SYNTHETIC_DEMO
FML-2789CEE83C,LOC-33AD36ACE4,MND-07AAA24CE9,Rajasthan,Bikaner,C,Bikaner — Regional Wholesale Market,33,51.3,8,7,1,TRUCK,FARMER_LOCAL_MANDI,2026-09-20,SYNTHETIC_DEMO
FML-549D83DDFC,LOC-CED89AEE42,MND-E2A73D4AAB,Rajasthan,Bundi,A,Bundi — Primary Local Mandi,61,78.1,8,6,2,TRUCK,FARMER_LOCAL_MANDI,2026-09-20,SYNTHETIC_DEMO
FML-745EE225AB,LOC-CED89AEE42,MND-BFD41E649A,Rajasthan,Bundi,B,Bundi — Secondary Market Yard,78,103.8,5,5,2,TRUCK,FARMER_LOCAL_MANDI,2026-09-20,SYNTHETIC_DEMO
FML-78C0324029,LOC-CED89AEE42,MND-FBC8303F2C,Rajasthan,Bundi,C,Bundi — Regional Wholesale Market,28,43.8,9,7,1,TRUCK,FARMER_LOCAL_MANDI,2026-09-20,SYNTHETIC_DEMO
FML-51FF1F1942,LOC-77986112A6,MND-5513FF0E95,Rajasthan,Chittorgarh,A,Chittorgarh — Primary Local Mandi,14,35.4,7,11,1,TRUCK,FARMER_LOCAL_MANDI,2026-09-20,SYNTHETIC_DEMO
FML-3CEEB2B105,LOC-77986112A6,MND-46B1B0AC4E,Rajasthan,Chittorgarh,B,Chittorgarh — Secondary Market Yard,23,34.3,9,4,1,TRUCK,FARMER_LOCAL_MANDI,2026-09-20,SYNTHETIC_DEMO
FML-B17832DDDF,LOC-77986112A6,MND-163EBA520E,Rajasthan,Chittorgarh,C,Chittorgarh — Regional Wholesale Market,28,47.8,6,8,1,TRUCK,FARMER_LOCAL_MANDI,2026-09-20,SYNTHETIC_DEMO
FML-46B7BA8C1A,LOC-7304590979,MND-89C1F1C62D,Rajasthan,Churu,A,Churu — Primary Local Mandi,26,36.6,14,7,1,TRUCK,FARMER_LOCAL_MANDI,2026-09-20,SYNTHETIC_DEMO
FML-EC99445C17,LOC-7304590979,MND-D7DDF9409C,Rajasthan,Churu,B,Churu — Secondary Market Yard,60,88.0,9,4,2,TRUCK,FARMER_LOCAL_MANDI,2026-09-20,SYNTHETIC_DEMO
FML-DFAE0E12BF,LOC-7304590979,MND-D7DC8B1A87,Rajasthan,Churu,C,Churu — Regional Wholesale Market,78,94.8,5,10,2,TRUCK,FARMER_LOCAL_MANDI,2026-09-20,SYNTHETIC_DEMO
FML-06B9493D64,LOC-FB1524F4C2,MND-41BE76B164,Rajasthan,Dausa,A,Dausa — Primary Local Mandi,74,92.4,12,7,2,TRUCK,FARMER_LOCAL_MANDI,2026-09-20,SYNTHETIC_DEMO
FML-357DF2EDBD,LOC-FB1524F4C2,MND-8608446E90,Rajasthan,Dausa,B,Dausa — Secondary Market Yard,14,27.4,10,7,1,TRUCK,FARMER_LOCAL_MANDI,2026-09-20,SYNTHETIC_DEMO
FML-0E42188210,LOC-FB1524F4C2,MND-3C618FA18B,Rajasthan,Dausa,C,Dausa — Regional Wholesale Market,76,101.6,12,8,2,TRUCK,FARMER_LOCAL_MANDI,2026-09-20,SYNTHETIC_DEMO
FML-BC83A7D080,LOC-377D373421,MND-6FC0EFC3CD,Rajasthan,Deeg,A,Deeg — Primary Local Mandi,55,78.5,7,7,2,TRUCK,FARMER_LOCAL_MANDI,2026-09-20,SYNTHETIC_DEMO
FML-62A355681A,LOC-377D373421,MND-E7F1C247B1,Rajasthan,Deeg,B,Deeg — Secondary Market Yard,17,26.7,9,6,1,TRUCK,FARMER_LOCAL_MANDI,2026-09-20,SYNTHETIC_DEMO
FML-03AC87284A,LOC-377D373421,MND-F893957B7A,Rajasthan,Deeg,C,Deeg — Regional Wholesale Market,17,36.7,7,5,1,TRUCK,FARMER_LOCAL_MANDI,2026-09-20,SYNTHETIC_DEMO
FML-E5322CC4FB,LOC-0343F725D4,MND-A44390240C,Rajasthan,Dholpur,A,Dholpur — Primary Local Mandi,71,89.1,7,5,2,TRUCK,FARMER_LOCAL_MANDI,2026-09-20,SYNTHETIC_DEMO
FML-DFCB36FE2E,LOC-0343F725D4,MND-ED36F2A783,Rajasthan,Dholpur,B,Dholpur — Secondary Market Yard,63,90.3,5,9,2,TRUCK,FARMER_LOCAL_MANDI,2026-09-20,SYNTHETIC_DEMO
FML-8579F7CBA1,LOC-0343F725D4,MND-0F9AB303BD,Rajasthan,Dholpur,C,Dholpur — Regional Wholesale Market,67,95.7,12,5,2,TRUCK,FARMER_LOCAL_MANDI,2026-09-20,SYNTHETIC_DEMO
FML-68CB13743B,LOC-13F811C40C,MND-165E9F9BF5,Rajasthan,Didwana-Kuchaman,A,Didwana-Kuchaman — Primary Local Mandi,78,99.8,6,9,2,TRUCK,FARMER_LOCAL_MANDI,2026-09-20,SYNTHETIC_DEMO
FML-62AF8C8801,LOC-13F811C40C,MND-328711E537,Rajasthan,Didwana-Kuchaman,B,Didwana-Kuchaman — Secondary Market Yard,30,46.0,13,5,1,TRUCK,FARMER_LOCAL_MANDI,2026-09-20,SYNTHETIC_DEMO
FML-0DE2E2E48E,LOC-13F811C40C,MND-625E0C98ED,Rajasthan,Didwana-Kuchaman,C,Didwana-Kuchaman — Regional Wholesale Market,70,86.0,10,11,2,TRUCK,FARMER_LOCAL_MANDI,2026-09-20,SYNTHETIC_DEMO
FML-69712B0878,LOC-BEFE0B65F0,MND-1CC9ABE7D5,Rajasthan,Dungarpur,A,Dungarpur — Primary Local Mandi,36,46.6,5,6,1,TRUCK,FARMER_LOCAL_MANDI,2026-09-20,SYNTHETIC_DEMO
FML-C9A843D4FB,LOC-BEFE0B65F0,MND-6B6EBDDFAE,Rajasthan,Dungarpur,B,Dungarpur — Secondary Market Yard,59,75.9,14,5,2,TRUCK,FARMER_LOCAL_MANDI,2026-09-20,SYNTHETIC_DEMO
FML-DC00D41C8E,LOC-BEFE0B65F0,MND-2EE9CD0723,Rajasthan,Dungarpur,C,Dungarpur — Regional Wholesale Market,69,86.9,7,11,2,TRUCK,FARMER_LOCAL_MANDI,2026-09-20,SYNTHETIC_DEMO
FML-B45D44BCB9,LOC-62227F8E74,MND-C0C969126B,Rajasthan,Ganganagar,A,Ganganagar — Primary Local Mandi,71,86.1,8,8,2,TRUCK,FARMER_LOCAL_MANDI,2026-09-20,SYNTHETIC_DEMO
FML-3A1848A78E,LOC-62227F8E74,MND-081E3CB65F,Rajasthan,Ganganagar,B,Ganganagar — Secondary Market Yard,58,80.8,14,8,2,TRUCK,FARMER_LOCAL_MANDI,2026-09-20,SYNTHETIC_DEMO
FML-8713E83D74,LOC-62227F8E74,MND-B67D552C18,Rajasthan,Ganganagar,C,Ganganagar — Regional Wholesale Market,70,88.0,8,9,2,TRUCK,FARMER_LOCAL_MANDI,2026-09-20,SYNTHETIC_DEMO
FML-354C930438,LOC-786972972E,MND-36B4D5A1A1,Rajasthan,Hanumangarh,A,Hanumangarh — Primary Local Mandi,23,39.3,9,8,1,TRUCK,FARMER_LOCAL_MANDI,2026-09-20,SYNTHETIC_DEMO
FML-95569F4346,LOC-786972972E,MND-EBF65138E9,Rajasthan,Hanumangarh,B,Hanumangarh — Secondary Market Yard,6,18.6,14,4,1,TRUCK,FARMER_LOCAL_MANDI,2026-09-20,SYNTHETIC_DEMO
FML-C6701F9F13,LOC-786972972E,MND-C1B8A63B79,Rajasthan,Hanumangarh,C,Hanumangarh — Regional Wholesale Market,64,86.4,7,7,2,TRUCK,FARMER_LOCAL_MANDI,2026-09-20,SYNTHETIC_DEMO
FML-0C30A377FC,LOC-5343827DFB,MND-E5DA6D4CE8,Rajasthan,Jaipur,A,Jaipur — Primary Local Mandi,57,80.7,7,4,2,TRUCK,FARMER_LOCAL_MANDI,2026-09-20,SYNTHETIC_DEMO
FML-A5AD3AEC1E,LOC-5343827DFB,MND-117FC0D927,Rajasthan,Jaipur,B,Jaipur — Secondary Market Yard,41,60.1,14,8,1,TRUCK,FARMER_LOCAL_MANDI,2026-09-20,SYNTHETIC_DEMO
FML-943E764460,LOC-5343827DFB,MND-7BB216C594,Rajasthan,Jaipur,C,Jaipur — Regional Wholesale Market,29,40.9,13,9,1,TRUCK,FARMER_LOCAL_MANDI,2026-09-20,SYNTHETIC_DEMO
FML-29FB4A7FBF,LOC-32C95BE46B,MND-159000C75C,Rajasthan,Jaisalmer,A,Jaisalmer — Primary Local Mandi,32,55.2,14,5,1,TRUCK,FARMER_LOCAL_MANDI,2026-09-20,SYNTHETIC_DEMO
FML-E504B59FD5,LOC-32C95BE46B,MND-5479315CF1,Rajasthan,Jaisalmer,B,Jaisalmer — Secondary Market Yard,12,27.2,7,4,1,TRUCK,FARMER_LOCAL_MANDI,2026-09-20,SYNTHETIC_DEMO
FML-8FC1A30DA5,LOC-32C95BE46B,MND-B1609A91D6,Rajasthan,Jaisalmer,C,Jaisalmer — Regional Wholesale Market,48,59.8,13,4,2,TRUCK,FARMER_LOCAL_MANDI,2026-09-20,SYNTHETIC_DEMO
FML-3A3D490F63,LOC-1A40010719,MND-20FB8B1470,Rajasthan,Jalore,A,Jalore — Primary Local Mandi,48,68.8,14,9,2,TRUCK,FARMER_LOCAL_MANDI,2026-09-20,SYNTHETIC_DEMO
FML-2C7A2C452F,LOC-1A40010719,MND-5C40029DDA,Rajasthan,Jalore,B,Jalore — Secondary Market Yard,65,77.5,9,10,2,TRUCK,FARMER_LOCAL_MANDI,2026-09-20,SYNTHETIC_DEMO
FML-57FE4948C2,LOC-1A40010719,MND-81053B3A63,Rajasthan,Jalore,C,Jalore — Regional Wholesale Market,30,48.0,6,7,1,TRUCK,FARMER_LOCAL_MANDI,2026-09-20,SYNTHETIC_DEMO
FML-972A0E42FF,LOC-FFCE112D64,MND-368FA5E45B,Rajasthan,Jhalawar,A,Jhalawar — Primary Local Mandi,31,47.1,14,5,1,TRUCK,FARMER_LOCAL_MANDI,2026-09-20,SYNTHETIC_DEMO
FML-215F131EB3,LOC-FFCE112D64,MND-2A63A3F4D1,Rajasthan,Jhalawar,B,Jhalawar — Secondary Market Yard,30,53.0,8,10,1,TRUCK,FARMER_LOCAL_MANDI,2026-09-20,SYNTHETIC_DEMO
FML-2F42763DB9,LOC-FFCE112D64,MND-7ABF1D39EB,Rajasthan,Jhalawar,C,Jhalawar — Regional Wholesale Market,79,102.9,5,11,2,TRUCK,FARMER_LOCAL_MANDI,2026-09-20,SYNTHETIC_DEMO
FML-AD3E8B5514,LOC-67AEE373F8,MND-D9E03ED347,Rajasthan,Jhunjhunu,A,Jhunjhunu — Primary Local Mandi,24,33.4,13,10,1,TRUCK,FARMER_LOCAL_MANDI,2026-09-20,SYNTHETIC_DEMO
FML-7C5749E01A,LOC-67AEE373F8,MND-4141D90DE8,Rajasthan,Jhunjhunu,B,Jhunjhunu — Secondary Market Yard,18,41.8,11,6,1,TRUCK,FARMER_LOCAL_MANDI,2026-09-20,SYNTHETIC_DEMO
FML-86ECD8337D,LOC-67AEE373F8,MND-762389E261,Rajasthan,Jhunjhunu,C,Jhunjhunu — Regional Wholesale Market,27,38.7,6,10,1,TRUCK,FARMER_LOCAL_MANDI,2026-09-20,SYNTHETIC_DEMO
FML-75D589FA94,LOC-30FB69842C,MND-9A6BFA3D36,Rajasthan,Jodhpur,A,Jodhpur — Primary Local Mandi,25,42.5,6,11,1,TRUCK,FARMER_LOCAL_MANDI,2026-09-20,SYNTHETIC_DEMO
FML-DCC160FB31,LOC-30FB69842C,MND-0035EE25F6,Rajasthan,Jodhpur,B,Jodhpur — Secondary Market Yard,53,73.3,11,11,2,TRUCK,FARMER_LOCAL_MANDI,2026-09-20,SYNTHETIC_DEMO
FML-B91E94EDF5,LOC-30FB69842C,MND-79179DCA52,Rajasthan,Jodhpur,C,Jodhpur — Regional Wholesale Market,55,78.5,9,7,2,TRUCK,FARMER_LOCAL_MANDI,2026-09-20,SYNTHETIC_DEMO
FML-54C5114C7C,LOC-3A81EDD012,MND-59EA1DB8E7,Rajasthan,Karauli,A,Karauli — Primary Local Mandi,46,60.6,7,6,2,TRUCK,FARMER_LOCAL_MANDI,2026-09-20,SYNTHETIC_DEMO
FML-577ADBDA90,LOC-3A81EDD012,MND-8671A3B428,Rajasthan,Karauli,B,Karauli — Secondary Market Yard,18,33.8,7,7,1,TRUCK,FARMER_LOCAL_MANDI,2026-09-20,SYNTHETIC_DEMO
FML-011F524AC5,LOC-3A81EDD012,MND-F0BD0D1AA7,Rajasthan,Karauli,C,Karauli — Regional Wholesale Market,22,36.2,14,4,1,TRUCK,FARMER_LOCAL_MANDI,2026-09-20,SYNTHETIC_DEMO
FML-C36BCFC15D,LOC-0F40347DF6,MND-72F250C71D,Rajasthan,Kota,A,Kota — Primary Local Mandi,78,103.8,8,8,2,TRUCK,FARMER_LOCAL_MANDI,2026-09-20,SYNTHETIC_DEMO
FML-5C91CD8DE8,LOC-0F40347DF6,MND-81045B57BA,Rajasthan,Kota,B,Kota — Secondary Market Yard,25,41.5,5,6,1,TRUCK,FARMER_LOCAL_MANDI,2026-09-20,SYNTHETIC_DEMO
FML-F05DB0D8E6,LOC-0F40347DF6,MND-CCE61CC61F,Rajasthan,Kota,C,Kota — Regional Wholesale Market,44,68.4,12,5,1,TRUCK,FARMER_LOCAL_MANDI,2026-09-20,SYNTHETIC_DEMO
FML-A3F2ABCEDC,LOC-C02DF2B400,MND-A1C521511B,Rajasthan,Nagaur,A,Nagaur — Primary Local Mandi,5,19.5,7,8,1,TRUCK,FARMER_LOCAL_MANDI,2026-09-20,SYNTHETIC_DEMO
FML-0A40699CFA,LOC-C02DF2B400,MND-653C231CF0,Rajasthan,Nagaur,B,Nagaur — Secondary Market Yard,65,85.5,7,10,2,TRUCK,FARMER_LOCAL_MANDI,2026-09-20,SYNTHETIC_DEMO
FML-19E2957744,LOC-C02DF2B400,MND-7EB2B6BEF5,Rajasthan,Nagaur,C,Nagaur — Regional Wholesale Market,16,34.6,7,9,1,TRUCK,FARMER_LOCAL_MANDI,2026-09-20,SYNTHETIC_DEMO
FML-718F0891D4,LOC-46A4889765,MND-D2D22608EF,Rajasthan,Pali,A,Pali — Primary Local Mandi,56,77.6,12,10,2,TRUCK,FARMER_LOCAL_MANDI,2026-09-20,SYNTHETIC_DEMO
FML-E0BC034F01,LOC-46A4889765,MND-4AA207E24D,Rajasthan,Pali,B,Pali — Secondary Market Yard,27,44.7,9,8,1,TRUCK,FARMER_LOCAL_MANDI,2026-09-20,SYNTHETIC_DEMO
FML-8A902D8C62,LOC-46A4889765,MND-B8C4414862,Rajasthan,Pali,C,Pali — Regional Wholesale Market,50,69.0,12,11,2,TRUCK,FARMER_LOCAL_MANDI,2026-09-20,SYNTHETIC_DEMO
FML-0C1C0FC9FD,LOC-582696860C,MND-B21272AE06,Rajasthan,Pratapgarh,A,Pratapgarh — Primary Local Mandi,6,28.6,9,7,1,TRUCK,FARMER_LOCAL_MANDI,2026-09-20,SYNTHETIC_DEMO
FML-BC7D9797E0,LOC-582696860C,MND-A5A257DC1C,Rajasthan,Pratapgarh,B,Pratapgarh — Secondary Market Yard,43,61.3,6,8,1,TRUCK,FARMER_LOCAL_MANDI,2026-09-20,SYNTHETIC_DEMO
FML-9309825A63,LOC-582696860C,MND-8D63BE2378,Rajasthan,Pratapgarh,C,Pratapgarh — Regional Wholesale Market,27,45.7,9,6,1,TRUCK,FARMER_LOCAL_MANDI,2026-09-20,SYNTHETIC_DEMO
FML-44472168CE,LOC-DF92CE8700,MND-48FD271AD5,Rajasthan,Rajsamand,A,Rajsamand — Primary Local Mandi,20,35.0,10,7,1,TRUCK,FARMER_LOCAL_MANDI,2026-09-20,SYNTHETIC_DEMO
FML-66853227CD,LOC-DF92CE8700,MND-0E65508402,Rajasthan,Rajsamand,B,Rajsamand — Secondary Market Yard,25,40.5,11,8,1,TRUCK,FARMER_LOCAL_MANDI,2026-09-20,SYNTHETIC_DEMO
FML-C91FEEA9B1,LOC-DF92CE8700,MND-37324564DC,Rajasthan,Rajsamand,C,Rajsamand — Regional Wholesale Market,38,61.8,12,5,1,TRUCK,FARMER_LOCAL_MANDI,2026-09-20,SYNTHETIC_DEMO
FML-04F571222D,LOC-7365680D88,MND-0C0CD19073,Rajasthan,Sawai Madhopur,A,Sawai Madhopur — Primary Local Mandi,72,87.2,12,8,2,TRUCK,FARMER_LOCAL_MANDI,2026-09-20,SYNTHETIC_DEMO
FML-6D1F03DDE7,LOC-7365680D88,MND-2F7490749E,Rajasthan,Sawai Madhopur,B,Sawai Madhopur — Secondary Market Yard,62,83.2,5,5,2,TRUCK,FARMER_LOCAL_MANDI,2026-09-20,SYNTHETIC_DEMO
FML-9872F97148,LOC-7365680D88,MND-F20765C949,Rajasthan,Sawai Madhopur,C,Sawai Madhopur — Regional Wholesale Market,72,93.2,6,4,2,TRUCK,FARMER_LOCAL_MANDI,2026-09-20,SYNTHETIC_DEMO
FML-FA7A7AFD3F,LOC-36B3763FC6,MND-52486D8F82,Rajasthan,Sikar,A,Sikar — Primary Local Mandi,52,74.2,10,5,2,TRUCK,FARMER_LOCAL_MANDI,2026-09-20,SYNTHETIC_DEMO
FML-3FA8BF3483,LOC-36B3763FC6,MND-2029D92697,Rajasthan,Sikar,B,Sikar — Secondary Market Yard,71,85.1,12,10,2,TRUCK,FARMER_LOCAL_MANDI,2026-09-20,SYNTHETIC_DEMO
FML-D835AA4ACB,LOC-36B3763FC6,MND-47D305E7D4,Rajasthan,Sikar,C,Sikar — Regional Wholesale Market,75,91.5,7,5,2,TRUCK,FARMER_LOCAL_MANDI,2026-09-20,SYNTHETIC_DEMO
FML-351BE81518,LOC-D12A4D6CD6,MND-FF21DFC78E,Rajasthan,Sirohi,A,Sirohi — Primary Local Mandi,74,93.4,13,10,2,TRUCK,FARMER_LOCAL_MANDI,2026-09-20,SYNTHETIC_DEMO
FML-5275BB3C47,LOC-D12A4D6CD6,MND-CE87F38FAC,Rajasthan,Sirohi,B,Sirohi — Secondary Market Yard,25,33.5,9,6,1,TRUCK,FARMER_LOCAL_MANDI,2026-09-20,SYNTHETIC_DEMO
FML-FE17A54A25,LOC-D12A4D6CD6,MND-5CB64509F9,Rajasthan,Sirohi,C,Sirohi — Regional Wholesale Market,47,68.7,13,5,2,TRUCK,FARMER_LOCAL_MANDI,2026-09-20,SYNTHETIC_DEMO
FML-451B10A262,LOC-F0CCE13D06,MND-DF4CE26EBA,Rajasthan,Tonk,A,Tonk — Primary Local Mandi,67,92.7,12,11,2,TRUCK,FARMER_LOCAL_MANDI,2026-09-20,SYNTHETIC_DEMO
FML-22B2553081,LOC-F0CCE13D06,MND-DD7F1D4858,Rajasthan,Tonk,B,Tonk — Secondary Market Yard,70,86.0,10,6,2,TRUCK,FARMER_LOCAL_MANDI,2026-09-20,SYNTHETIC_DEMO
FML-1C98028677,LOC-F0CCE13D06,MND-7493B33F1E,Rajasthan,Tonk,C,Tonk — Regional Wholesale Market,31,52.1,10,5,1,TRUCK,FARMER_LOCAL_MANDI,2026-09-20,SYNTHETIC_DEMO
FML-F4630EFABA,LOC-FC82B25FFB,MND-63A4A7C519,Rajasthan,Udaipur,A,Udaipur — Primary Local Mandi,5,18,9,6,1,TRUCK,FARMER_LOCAL_MANDI,2026-09-20,SYNTHETIC_DEMO
FML-1AC6EA5FEA,LOC-FC82B25FFB,MND-4599C7DC59,Rajasthan,Udaipur,B,Udaipur — Secondary Market Yard,51,63.1,14,6,2,TRUCK,FARMER_LOCAL_MANDI,2026-09-20,SYNTHETIC_DEMO
FML-FC849BC316,LOC-FC82B25FFB,MND-78F8DFE9E5,Rajasthan,Udaipur,C,Udaipur — Regional Wholesale Market,39,64.9,12,11,1,TRUCK,FARMER_LOCAL_MANDI,2026-09-20,SYNTHETIC_DEMO
FML-2D316142DD,LOC-ED712BB249,MND-3C5B781240,Sikkim,Gangtok,A,Gangtok — Primary Local Mandi,26,35.6,13,9,1,TRUCK,FARMER_LOCAL_MANDI,2026-09-20,SYNTHETIC_DEMO
FML-87DFB349F5,LOC-ED712BB249,MND-92AFEAFCF1,Sikkim,Gangtok,B,Gangtok — Secondary Market Yard,31,56.1,9,4,1,TRUCK,FARMER_LOCAL_MANDI,2026-09-20,SYNTHETIC_DEMO
FML-59099F9D32,LOC-ED712BB249,MND-EDFAF255F7,Sikkim,Gangtok,C,Gangtok — Regional Wholesale Market,21,45.1,9,5,1,TRUCK,FARMER_LOCAL_MANDI,2026-09-20,SYNTHETIC_DEMO
FML-D4403D16A8,LOC-4E8952F20B,MND-93D8E294EB,Sikkim,Gyalshing,A,Gyalshing — Primary Local Mandi,25,40.5,5,11,1,TRUCK,FARMER_LOCAL_MANDI,2026-09-20,SYNTHETIC_DEMO
FML-87FF70F87F,LOC-4E8952F20B,MND-F52CCF9882,Sikkim,Gyalshing,B,Gyalshing — Secondary Market Yard,10,27.0,14,7,1,TRUCK,FARMER_LOCAL_MANDI,2026-09-20,SYNTHETIC_DEMO
FML-734E74C30C,LOC-4E8952F20B,MND-9944D86EF1,Sikkim,Gyalshing,C,Gyalshing — Regional Wholesale Market,59,81.9,9,6,2,TRUCK,FARMER_LOCAL_MANDI,2026-09-20,SYNTHETIC_DEMO
FML-CD0D8B754D,LOC-8F129DF5D9,MND-4BB6C6ED4D,Sikkim,Mangan,A,Mangan — Primary Local Mandi,31,40.1,13,11,1,TRUCK,FARMER_LOCAL_MANDI,2026-09-20,SYNTHETIC_DEMO
FML-E67876C9C6,LOC-8F129DF5D9,MND-607E30763D,Sikkim,Mangan,B,Mangan — Secondary Market Yard,13,21.3,12,11,1,TRUCK,FARMER_LOCAL_MANDI,2026-09-20,SYNTHETIC_DEMO
FML-9E7F20C92D,LOC-8F129DF5D9,MND-FC8CF47330,Sikkim,Mangan,C,Mangan — Regional Wholesale Market,13,24.3,6,6,1,TRUCK,FARMER_LOCAL_MANDI,2026-09-20,SYNTHETIC_DEMO
FML-8C51B45753,LOC-48C351AFDE,MND-8E0B9B6393,Sikkim,Namchi,A,Namchi — Primary Local Mandi,70,87.0,13,4,2,TRUCK,FARMER_LOCAL_MANDI,2026-09-20,SYNTHETIC_DEMO
FML-35FF972788,LOC-48C351AFDE,MND-24D490B57D,Sikkim,Namchi,B,Namchi — Secondary Market Yard,28,45.8,13,4,1,TRUCK,FARMER_LOCAL_MANDI,2026-09-20,SYNTHETIC_DEMO
FML-8B06005B8D,LOC-48C351AFDE,MND-A685E871EC,Sikkim,Namchi,C,Namchi — Regional Wholesale Market,65,81.5,5,5,2,TRUCK,FARMER_LOCAL_MANDI,2026-09-20,SYNTHETIC_DEMO
FML-84A2C6FB1D,LOC-07A6FDF0FF,MND-BF13BB9198,Sikkim,Pakyong,A,Pakyong — Primary Local Mandi,28,41.8,10,9,1,TRUCK,FARMER_LOCAL_MANDI,2026-09-20,SYNTHETIC_DEMO
FML-2BB6CCF4B0,LOC-07A6FDF0FF,MND-79A212ED2E,Sikkim,Pakyong,B,Pakyong — Secondary Market Yard,50,72.0,5,10,2,TRUCK,FARMER_LOCAL_MANDI,2026-09-20,SYNTHETIC_DEMO
FML-AFC74C544C,LOC-07A6FDF0FF,MND-4313E2470E,Sikkim,Pakyong,C,Pakyong — Regional Wholesale Market,45,70.5,13,11,1,TRUCK,FARMER_LOCAL_MANDI,2026-09-20,SYNTHETIC_DEMO
FML-22FE16FC5D,LOC-DC33B7B632,MND-580FB72F29,Sikkim,Soreng,A,Soreng — Primary Local Mandi,79,96.9,5,9,2,TRUCK,FARMER_LOCAL_MANDI,2026-09-20,SYNTHETIC_DEMO
FML-2F564D1F18,LOC-DC33B7B632,MND-83A7D71A87,Sikkim,Soreng,B,Soreng — Secondary Market Yard,25,46.5,6,7,1,TRUCK,FARMER_LOCAL_MANDI,2026-09-20,SYNTHETIC_DEMO
FML-83A6B83324,LOC-DC33B7B632,MND-F2B0A0450C,Sikkim,Soreng,C,Soreng — Regional Wholesale Market,51,68.1,7,11,2,TRUCK,FARMER_LOCAL_MANDI,2026-09-20,SYNTHETIC_DEMO
FML-4CBC3682A1,LOC-1CE352C1A0,MND-9BC4BBDD26,Tamil Nadu,Ariyalur,A,Ariyalur — Primary Local Mandi,76,97.6,6,7,2,TRUCK,FARMER_LOCAL_MANDI,2026-09-20,SYNTHETIC_DEMO
FML-0E0B482BD9,LOC-1CE352C1A0,MND-C97E6EA987,Tamil Nadu,Ariyalur,B,Ariyalur — Secondary Market Yard,38,54.8,12,8,1,TRUCK,FARMER_LOCAL_MANDI,2026-09-20,SYNTHETIC_DEMO
FML-8885D3D115,LOC-1CE352C1A0,MND-2861FCC7BA,Tamil Nadu,Ariyalur,C,Ariyalur — Regional Wholesale Market,70,88.0,13,8,2,TRUCK,FARMER_LOCAL_MANDI,2026-09-20,SYNTHETIC_DEMO
FML-5BCC06E967,LOC-0333E6EFB7,MND-B30B528044,Tamil Nadu,Chengalpattu,A,Chengalpattu — Primary Local Mandi,58,85.8,7,5,2,TRUCK,FARMER_LOCAL_MANDI,2026-09-20,SYNTHETIC_DEMO
FML-29EB32128F,LOC-0333E6EFB7,MND-EA3864D7B4,Tamil Nadu,Chengalpattu,B,Chengalpattu — Secondary Market Yard,16,24.6,11,5,1,TRUCK,FARMER_LOCAL_MANDI,2026-09-20,SYNTHETIC_DEMO
FML-A43D9A6CA4,LOC-0333E6EFB7,MND-80A5E6EE4B,Tamil Nadu,Chengalpattu,C,Chengalpattu — Regional Wholesale Market,10,22.0,10,9,1,TRUCK,FARMER_LOCAL_MANDI,2026-09-20,SYNTHETIC_DEMO
FML-2B08DECD14,LOC-25B0CF418F,MND-402E378319,Tamil Nadu,Chennai,A,Chennai — Primary Local Mandi,67,90.7,14,8,2,TRUCK,FARMER_LOCAL_MANDI,2026-09-20,SYNTHETIC_DEMO
FML-C2B03EF82C,LOC-25B0CF418F,MND-A7975C9CB5,Tamil Nadu,Chennai,B,Chennai — Secondary Market Yard,58,76.8,9,9,2,TRUCK,FARMER_LOCAL_MANDI,2026-09-20,SYNTHETIC_DEMO
FML-C552C29399,LOC-25B0CF418F,MND-B6F55C6175,Tamil Nadu,Chennai,C,Chennai — Regional Wholesale Market,15,25.5,10,7,1,TRUCK,FARMER_LOCAL_MANDI,2026-09-20,SYNTHETIC_DEMO
FML-BFF5AC65AC,LOC-A1221D57A7,MND-2EC6F348C5,Tamil Nadu,Coimbatore,A,Coimbatore — Primary Local Mandi,8,21.8,5,6,1,TRUCK,FARMER_LOCAL_MANDI,2026-09-20,SYNTHETIC_DEMO
FML-4226601BCF,LOC-A1221D57A7,MND-10F29D50DF,Tamil Nadu,Coimbatore,B,Coimbatore — Secondary Market Yard,48,66.8,9,7,2,TRUCK,FARMER_LOCAL_MANDI,2026-09-20,SYNTHETIC_DEMO
FML-EB884074F1,LOC-A1221D57A7,MND-C562AF0048,Tamil Nadu,Coimbatore,C,Coimbatore — Regional Wholesale Market,55,78.5,6,8,2,TRUCK,FARMER_LOCAL_MANDI,2026-09-20,SYNTHETIC_DEMO
FML-642BBE29B4,LOC-CD97E847BF,MND-0FF2080B91,Tamil Nadu,Cuddalore,A,Cuddalore — Primary Local Mandi,17,38.7,13,6,1,TRUCK,FARMER_LOCAL_MANDI,2026-09-20,SYNTHETIC_DEMO
FML-257EFEC043,LOC-CD97E847BF,MND-209E7AD274,Tamil Nadu,Cuddalore,B,Cuddalore — Secondary Market Yard,48,69.8,9,9,2,TRUCK,FARMER_LOCAL_MANDI,2026-09-20,SYNTHETIC_DEMO
FML-7540590930,LOC-CD97E847BF,MND-91D4B5DEED,Tamil Nadu,Cuddalore,C,Cuddalore — Regional Wholesale Market,62,78.2,11,9,2,TRUCK,FARMER_LOCAL_MANDI,2026-09-20,SYNTHETIC_DEMO
FML-5903226911,LOC-D92F401FF0,MND-CBEE12D11C,Tamil Nadu,Dharmapuri,A,Dharmapuri — Primary Local Mandi,29,40.9,8,11,1,TRUCK,FARMER_LOCAL_MANDI,2026-09-20,SYNTHETIC_DEMO
FML-B22E6BF92C,LOC-D92F401FF0,MND-BF62C43560,Tamil Nadu,Dharmapuri,B,Dharmapuri — Secondary Market Yard,71,98.1,10,5,2,TRUCK,FARMER_LOCAL_MANDI,2026-09-20,SYNTHETIC_DEMO
FML-25008FA8DC,LOC-D92F401FF0,MND-8F2CAF9065,Tamil Nadu,Dharmapuri,C,Dharmapuri — Regional Wholesale Market,50,61.0,8,10,2,TRUCK,FARMER_LOCAL_MANDI,2026-09-20,SYNTHETIC_DEMO
FML-7A014A2F49,LOC-6DD5DD9B32,MND-F90B6F644F,Tamil Nadu,Dindigul,A,Dindigul — Primary Local Mandi,59,70.9,8,4,2,TRUCK,FARMER_LOCAL_MANDI,2026-09-20,SYNTHETIC_DEMO
FML-BB97EB949F,LOC-6DD5DD9B32,MND-35D0B874EB,Tamil Nadu,Dindigul,B,Dindigul — Secondary Market Yard,69,87.9,9,8,2,TRUCK,FARMER_LOCAL_MANDI,2026-09-20,SYNTHETIC_DEMO
FML-101A14A81B,LOC-6DD5DD9B32,MND-BFD4D7E660,Tamil Nadu,Dindigul,C,Dindigul — Regional Wholesale Market,69,92.9,8,7,2,TRUCK,FARMER_LOCAL_MANDI,2026-09-20,SYNTHETIC_DEMO
FML-8BCC062D5D,LOC-9111DD3A9C,MND-7FE2C15CFF,Tamil Nadu,Erode,A,Erode — Primary Local Mandi,23,43.3,12,5,1,TRUCK,FARMER_LOCAL_MANDI,2026-09-20,SYNTHETIC_DEMO
FML-9B359AEF4D,LOC-9111DD3A9C,MND-76AFC4A99B,Tamil Nadu,Erode,B,Erode — Secondary Market Yard,70,84.0,5,9,2,TRUCK,FARMER_LOCAL_MANDI,2026-09-20,SYNTHETIC_DEMO
FML-609D2419DF,LOC-9111DD3A9C,MND-9D19A7A890,Tamil Nadu,Erode,C,Erode — Regional Wholesale Market,52,79.2,6,10,2,TRUCK,FARMER_LOCAL_MANDI,2026-09-20,SYNTHETIC_DEMO
FML-0FA5E92AA8,LOC-F4C2D805B7,MND-99796021D6,Tamil Nadu,Kallakurichi,A,Kallakurichi — Primary Local Mandi,13,28.3,10,9,1,TRUCK,FARMER_LOCAL_MANDI,2026-09-20,SYNTHETIC_DEMO
FML-C5CB71B1E4,LOC-F4C2D805B7,MND-3699F1DF8E,Tamil Nadu,Kallakurichi,B,Kallakurichi — Secondary Market Yard,53,69.3,8,9,2,TRUCK,FARMER_LOCAL_MANDI,2026-09-20,SYNTHETIC_DEMO
FML-17A1E2AD04,LOC-F4C2D805B7,MND-923CEFE4FC,Tamil Nadu,Kallakurichi,C,Kallakurichi — Regional Wholesale Market,66,82.6,12,6,2,TRUCK,FARMER_LOCAL_MANDI,2026-09-20,SYNTHETIC_DEMO
FML-BE13358739,LOC-746DEC858B,MND-CBEA6D2259,Tamil Nadu,Kancheepuram,A,Kancheepuram — Primary Local Mandi,79,106.9,6,11,2,TRUCK,FARMER_LOCAL_MANDI,2026-09-20,SYNTHETIC_DEMO
FML-80D14E345B,LOC-746DEC858B,MND-19F2A8799C,Tamil Nadu,Kancheepuram,B,Kancheepuram — Secondary Market Yard,19,30.9,12,6,1,TRUCK,FARMER_LOCAL_MANDI,2026-09-20,SYNTHETIC_DEMO
FML-82E0164C4A,LOC-746DEC858B,MND-B8E104C76B,Tamil Nadu,Kancheepuram,C,Kancheepuram — Regional Wholesale Market,43,66.3,12,10,1,TRUCK,FARMER_LOCAL_MANDI,2026-09-20,SYNTHETIC_DEMO
FML-CEBB8CCB2B,LOC-4EB7037A7D,MND-D83E233D23,Tamil Nadu,Kanniyakumari,A,Kanniyakumari — Primary Local Mandi,51,70.1,7,4,2,TRUCK,FARMER_LOCAL_MANDI,2026-09-20,SYNTHETIC_DEMO
FML-59A81876D3,LOC-4EB7037A7D,MND-FC60327420,Tamil Nadu,Kanniyakumari,B,Kanniyakumari — Secondary Market Yard,52,77.2,10,10,2,TRUCK,FARMER_LOCAL_MANDI,2026-09-20,SYNTHETIC_DEMO
FML-7738D508D0,LOC-4EB7037A7D,MND-5EDACEF593,Tamil Nadu,Kanniyakumari,C,Kanniyakumari — Regional Wholesale Market,50,62.0,13,11,2,TRUCK,FARMER_LOCAL_MANDI,2026-09-20,SYNTHETIC_DEMO
FML-B58E26E926,LOC-1AABB756FD,MND-78BA34A5F9,Tamil Nadu,Karur,A,Karur — Primary Local Mandi,72,92.2,14,4,2,TRUCK,FARMER_LOCAL_MANDI,2026-09-20,SYNTHETIC_DEMO
FML-F509507010,LOC-1AABB756FD,MND-ABF43C421D,Tamil Nadu,Karur,B,Karur — Secondary Market Yard,64,85.4,13,4,2,TRUCK,FARMER_LOCAL_MANDI,2026-09-20,SYNTHETIC_DEMO
FML-B25BF325AE,LOC-1AABB756FD,MND-C1A53BF0AA,Tamil Nadu,Karur,C,Karur — Regional Wholesale Market,77,103.7,11,10,2,TRUCK,FARMER_LOCAL_MANDI,2026-09-20,SYNTHETIC_DEMO
FML-DD49C17608,LOC-7B3B9F585F,MND-893C31E197,Tamil Nadu,Krishnagiri,A,Krishnagiri — Primary Local Mandi,44,63.4,7,8,1,TRUCK,FARMER_LOCAL_MANDI,2026-09-20,SYNTHETIC_DEMO
FML-92F1121454,LOC-7B3B9F585F,MND-9A53A52D0A,Tamil Nadu,Krishnagiri,B,Krishnagiri — Secondary Market Yard,40,51.0,7,6,1,TRUCK,FARMER_LOCAL_MANDI,2026-09-20,SYNTHETIC_DEMO
FML-46E330519A,LOC-7B3B9F585F,MND-B8EDF41B63,Tamil Nadu,Krishnagiri,C,Krishnagiri — Regional Wholesale Market,17,25.7,5,7,1,TRUCK,FARMER_LOCAL_MANDI,2026-09-20,SYNTHETIC_DEMO
FML-17595C47C0,LOC-65DC8AB67C,MND-4D748FC3AD,Tamil Nadu,Madurai,A,Madurai — Primary Local Mandi,15,35.5,5,4,1,TRUCK,FARMER_LOCAL_MANDI,2026-09-20,SYNTHETIC_DEMO
FML-9686F87509,LOC-65DC8AB67C,MND-AA875C601B,Tamil Nadu,Madurai,B,Madurai — Secondary Market Yard,14,28.4,8,7,1,TRUCK,FARMER_LOCAL_MANDI,2026-09-20,SYNTHETIC_DEMO
FML-5797090802,LOC-65DC8AB67C,MND-B21A8D3413,Tamil Nadu,Madurai,C,Madurai — Regional Wholesale Market,8,27.8,12,5,1,TRUCK,FARMER_LOCAL_MANDI,2026-09-20,SYNTHETIC_DEMO
FML-B4D46CE4FA,LOC-37AE62EC90,MND-CC7CFC2C22,Tamil Nadu,Mayiladuthurai,A,Mayiladuthurai — Primary Local Mandi,52,64.2,11,10,2,TRUCK,FARMER_LOCAL_MANDI,2026-09-20,SYNTHETIC_DEMO
FML-17398896DE,LOC-37AE62EC90,MND-F47686C3F5,Tamil Nadu,Mayiladuthurai,B,Mayiladuthurai — Secondary Market Yard,72,92.2,5,5,2,TRUCK,FARMER_LOCAL_MANDI,2026-09-20,SYNTHETIC_DEMO
FML-E9F4BC3C29,LOC-37AE62EC90,MND-8D0A6124D7,Tamil Nadu,Mayiladuthurai,C,Mayiladuthurai — Regional Wholesale Market,26,40.6,6,6,1,TRUCK,FARMER_LOCAL_MANDI,2026-09-20,SYNTHETIC_DEMO
FML-CA919A7183,LOC-2DBC5350B6,MND-4AF87372D4,Tamil Nadu,Nagapattinam,A,Nagapattinam — Primary Local Mandi,26,46.6,14,9,1,TRUCK,FARMER_LOCAL_MANDI,2026-09-20,SYNTHETIC_DEMO
FML-A32215AA39,LOC-2DBC5350B6,MND-02CFD10B87,Tamil Nadu,Nagapattinam,B,Nagapattinam — Secondary Market Yard,13,23.3,7,9,1,TRUCK,FARMER_LOCAL_MANDI,2026-09-20,SYNTHETIC_DEMO
FML-1151915F46,LOC-2DBC5350B6,MND-4ADDA31ADF,Tamil Nadu,Nagapattinam,C,Nagapattinam — Regional Wholesale Market,15,28.5,9,5,1,TRUCK,FARMER_LOCAL_MANDI,2026-09-20,SYNTHETIC_DEMO
FML-8240E5F388,LOC-FFC0469257,MND-CB0C1285E5,Tamil Nadu,Namakkal,A,Namakkal — Primary Local Mandi,25,47.5,5,7,1,TRUCK,FARMER_LOCAL_MANDI,2026-09-20,SYNTHETIC_DEMO
FML-10CF476403,LOC-FFC0469257,MND-71FFDA7D74,Tamil Nadu,Namakkal,B,Namakkal — Secondary Market Yard,38,50.8,11,7,1,TRUCK,FARMER_LOCAL_MANDI,2026-09-20,SYNTHETIC_DEMO
FML-09C8FAF9AC,LOC-FFC0469257,MND-7CF686B3B1,Tamil Nadu,Namakkal,C,Namakkal — Regional Wholesale Market,52,72.2,5,8,2,TRUCK,FARMER_LOCAL_MANDI,2026-09-20,SYNTHETIC_DEMO
FML-7FDE434C67,LOC-177E978EAA,MND-3513DE4410,Tamil Nadu,Perambalur,A,Perambalur — Primary Local Mandi,47,68.7,8,11,2,TRUCK,FARMER_LOCAL_MANDI,2026-09-20,SYNTHETIC_DEMO
FML-9D56B226E2,LOC-177E978EAA,MND-71A38ADC4E,Tamil Nadu,Perambalur,B,Perambalur — Secondary Market Yard,63,79.3,12,4,2,TRUCK,FARMER_LOCAL_MANDI,2026-09-20,SYNTHETIC_DEMO
FML-874F55DC99,LOC-177E978EAA,MND-C413AF6F11,Tamil Nadu,Perambalur,C,Perambalur — Regional Wholesale Market,74,100.4,9,11,2,TRUCK,FARMER_LOCAL_MANDI,2026-09-20,SYNTHETIC_DEMO
FML-308CBE86AD,LOC-D3A2F8985E,MND-C93BB00A69,Tamil Nadu,Pudukkottai,A,Pudukkottai — Primary Local Mandi,73,99.3,7,4,2,TRUCK,FARMER_LOCAL_MANDI,2026-09-20,SYNTHETIC_DEMO
FML-4A5DAD77A4,LOC-D3A2F8985E,MND-D98A0782A9,Tamil Nadu,Pudukkottai,B,Pudukkottai — Secondary Market Yard,70,98.0,14,4,2,TRUCK,FARMER_LOCAL_MANDI,2026-09-20,SYNTHETIC_DEMO
FML-DB1A561C66,LOC-D3A2F8985E,MND-C2F5DF3ED7,Tamil Nadu,Pudukkottai,C,Pudukkottai — Regional Wholesale Market,62,83.2,9,10,2,TRUCK,FARMER_LOCAL_MANDI,2026-09-20,SYNTHETIC_DEMO
FML-191C8B226E,LOC-87752ECBD7,MND-F969E2C0B2,Tamil Nadu,Ramanathapuram,A,Ramanathapuram — Primary Local Mandi,9,31.9,8,7,1,TRUCK,FARMER_LOCAL_MANDI,2026-09-20,SYNTHETIC_DEMO
FML-7C252C8837,LOC-87752ECBD7,MND-164786F237,Tamil Nadu,Ramanathapuram,B,Ramanathapuram — Secondary Market Yard,69,86.9,12,8,2,TRUCK,FARMER_LOCAL_MANDI,2026-09-20,SYNTHETIC_DEMO
FML-0F257389C5,LOC-87752ECBD7,MND-D541EB498B,Tamil Nadu,Ramanathapuram,C,Ramanathapuram — Regional Wholesale Market,57,69.7,5,4,2,TRUCK,FARMER_LOCAL_MANDI,2026-09-20,SYNTHETIC_DEMO
FML-D36503DCD1,LOC-1A3A4BD57B,MND-9EB7DFB9D8,Tamil Nadu,Ranipet,A,Ranipet — Primary Local Mandi,13,33.3,9,7,1,TRUCK,FARMER_LOCAL_MANDI,2026-09-20,SYNTHETIC_DEMO
FML-A1B526403F,LOC-1A3A4BD57B,MND-BAB5B97708,Tamil Nadu,Ranipet,B,Ranipet — Secondary Market Yard,21,38.1,14,6,1,TRUCK,FARMER_LOCAL_MANDI,2026-09-20,SYNTHETIC_DEMO
FML-86F7233C03,LOC-1A3A4BD57B,MND-26A5605F3E,Tamil Nadu,Ranipet,C,Ranipet — Regional Wholesale Market,33,45.3,7,9,1,TRUCK,FARMER_LOCAL_MANDI,2026-09-20,SYNTHETIC_DEMO
FML-5277CD9CEE,LOC-45934CA7B8,MND-014B2D71CE,Tamil Nadu,Salem,A,Salem — Primary Local Mandi,14,26.4,5,7,1,TRUCK,FARMER_LOCAL_MANDI,2026-09-20,SYNTHETIC_DEMO
FML-67805EF194,LOC-45934CA7B8,MND-398EC52748,Tamil Nadu,Salem,B,Salem — Secondary Market Yard,33,43.3,9,8,1,TRUCK,FARMER_LOCAL_MANDI,2026-09-20,SYNTHETIC_DEMO
FML-9FD68DD24E,LOC-45934CA7B8,MND-A422CC62BA,Tamil Nadu,Salem,C,Salem — Regional Wholesale Market,67,79.7,10,9,2,TRUCK,FARMER_LOCAL_MANDI,2026-09-20,SYNTHETIC_DEMO
FML-881ADACA92,LOC-9694E1CA2E,MND-CA44C3E1FB,Tamil Nadu,Sivaganga,A,Sivaganga — Primary Local Mandi,21,34.1,7,5,1,TRUCK,FARMER_LOCAL_MANDI,2026-09-20,SYNTHETIC_DEMO
FML-B832DF30FC,LOC-9694E1CA2E,MND-CA688DC939,Tamil Nadu,Sivaganga,B,Sivaganga — Secondary Market Yard,12,26.2,7,9,1,TRUCK,FARMER_LOCAL_MANDI,2026-09-20,SYNTHETIC_DEMO
FML-E1A5C79E3C,LOC-9694E1CA2E,MND-1F1B78D217,Tamil Nadu,Sivaganga,C,Sivaganga — Regional Wholesale Market,63,76.3,8,6,2,TRUCK,FARMER_LOCAL_MANDI,2026-09-20,SYNTHETIC_DEMO
FML-2827793AE2,LOC-7C9B0AEDA3,MND-560EB2AAAE,Tamil Nadu,Tenkasi,A,Tenkasi — Primary Local Mandi,33,49.3,13,5,1,TRUCK,FARMER_LOCAL_MANDI,2026-09-20,SYNTHETIC_DEMO
FML-2D091CD137,LOC-7C9B0AEDA3,MND-17C93D46A6,Tamil Nadu,Tenkasi,B,Tenkasi — Secondary Market Yard,60,81.0,11,10,2,TRUCK,FARMER_LOCAL_MANDI,2026-09-20,SYNTHETIC_DEMO
FML-235C617C2C,LOC-7C9B0AEDA3,MND-D83B2D874C,Tamil Nadu,Tenkasi,C,Tenkasi — Regional Wholesale Market,50,76.0,8,9,2,TRUCK,FARMER_LOCAL_MANDI,2026-09-20,SYNTHETIC_DEMO
FML-55FB65214A,LOC-D1D1784388,MND-C8AECF2F34,Tamil Nadu,Thanjavur,A,Thanjavur — Primary Local Mandi,71,92.1,10,5,2,TRUCK,FARMER_LOCAL_MANDI,2026-09-20,SYNTHETIC_DEMO
FML-B7832866A2,LOC-D1D1784388,MND-6903A2886E,Tamil Nadu,Thanjavur,B,Thanjavur — Secondary Market Yard,22,33.2,12,5,1,TRUCK,FARMER_LOCAL_MANDI,2026-09-20,SYNTHETIC_DEMO
FML-8C93C37329,LOC-D1D1784388,MND-A13EDED4A9,Tamil Nadu,Thanjavur,C,Thanjavur — Regional Wholesale Market,39,52.9,7,11,1,TRUCK,FARMER_LOCAL_MANDI,2026-09-20,SYNTHETIC_DEMO
FML-A7B4AB7953,LOC-502A359851,MND-E37B12A59F,Tamil Nadu,The Nilgiris,A,The Nilgiris — Primary Local Mandi,9,29.9,10,11,1,TRUCK,FARMER_LOCAL_MANDI,2026-09-20,SYNTHETIC_DEMO
FML-6EDBBEF534,LOC-502A359851,MND-9D0A892692,Tamil Nadu,The Nilgiris,B,The Nilgiris — Secondary Market Yard,31,41.1,8,10,1,TRUCK,FARMER_LOCAL_MANDI,2026-09-20,SYNTHETIC_DEMO
FML-F576A0E6BD,LOC-502A359851,MND-6217CC06EC,Tamil Nadu,The Nilgiris,C,The Nilgiris — Regional Wholesale Market,77,100.7,7,7,2,TRUCK,FARMER_LOCAL_MANDI,2026-09-20,SYNTHETIC_DEMO
FML-65603956FE,LOC-771D8D6D63,MND-C127C34787,Tamil Nadu,Theni,A,Theni — Primary Local Mandi,43,58.3,12,4,1,TRUCK,FARMER_LOCAL_MANDI,2026-09-20,SYNTHETIC_DEMO
FML-17C9ECD608,LOC-771D8D6D63,MND-84E60F836A,Tamil Nadu,Theni,B,Theni — Secondary Market Yard,8,18,10,8,1,TRUCK,FARMER_LOCAL_MANDI,2026-09-20,SYNTHETIC_DEMO
FML-7601F9C64C,LOC-771D8D6D63,MND-980036F629,Tamil Nadu,Theni,C,Theni — Regional Wholesale Market,52,70.2,14,4,2,TRUCK,FARMER_LOCAL_MANDI,2026-09-20,SYNTHETIC_DEMO
FML-3358B29C91,LOC-9B8F88305E,MND-E0D608964B,Tamil Nadu,Thoothukudi,A,Thoothukudi — Primary Local Mandi,8,18,12,10,1,TRUCK,FARMER_LOCAL_MANDI,2026-09-20,SYNTHETIC_DEMO
FML-46A310E42B,LOC-9B8F88305E,MND-4854EF04D7,Tamil Nadu,Thoothukudi,B,Thoothukudi — Secondary Market Yard,43,69.3,5,9,1,TRUCK,FARMER_LOCAL_MANDI,2026-09-20,SYNTHETIC_DEMO
FML-65E5E5B52F,LOC-9B8F88305E,MND-D3D683AF48,Tamil Nadu,Thoothukudi,C,Thoothukudi — Regional Wholesale Market,39,56.9,7,9,1,TRUCK,FARMER_LOCAL_MANDI,2026-09-20,SYNTHETIC_DEMO
FML-39CC52C550,LOC-DA153D7B60,MND-AF15AD3327,Tamil Nadu,Tiruchirappalli,A,Tiruchirappalli — Primary Local Mandi,44,65.4,12,5,1,TRUCK,FARMER_LOCAL_MANDI,2026-09-20,SYNTHETIC_DEMO
FML-856DA8E387,LOC-DA153D7B60,MND-79A02CE87E,Tamil Nadu,Tiruchirappalli,B,Tiruchirappalli — Secondary Market Yard,41,52.1,11,11,1,TRUCK,FARMER_LOCAL_MANDI,2026-09-20,SYNTHETIC_DEMO
FML-24B84685AE,LOC-DA153D7B60,MND-E76B90C615,Tamil Nadu,Tiruchirappalli,C,Tiruchirappalli — Regional Wholesale Market,25,35.5,6,9,1,TRUCK,FARMER_LOCAL_MANDI,2026-09-20,SYNTHETIC_DEMO
FML-11C9A37F75,LOC-C864130042,MND-9C5701D16D,Tamil Nadu,Tirunelveli,A,Tirunelveli — Primary Local Mandi,46,71.6,10,10,2,TRUCK,FARMER_LOCAL_MANDI,2026-09-20,SYNTHETIC_DEMO
FML-1A92BA94C8,LOC-C864130042,MND-5ACD3A6341,Tamil Nadu,Tirunelveli,B,Tirunelveli — Secondary Market Yard,31,50.1,9,6,1,TRUCK,FARMER_LOCAL_MANDI,2026-09-20,SYNTHETIC_DEMO
FML-F43E71CBAD,LOC-C864130042,MND-B044CD1C56,Tamil Nadu,Tirunelveli,C,Tirunelveli — Regional Wholesale Market,43,53.3,10,8,1,TRUCK,FARMER_LOCAL_MANDI,2026-09-20,SYNTHETIC_DEMO
FML-F52E470247,LOC-EAF0BF1C99,MND-8B9CD27A3F,Tamil Nadu,Tirupathur,A,Tirupathur — Primary Local Mandi,56,76.6,5,10,2,TRUCK,FARMER_LOCAL_MANDI,2026-09-20,SYNTHETIC_DEMO
FML-D64D5B40E3,LOC-EAF0BF1C99,MND-3553C928D8,Tamil Nadu,Tirupathur,B,Tirupathur — Secondary Market Yard,11,23.1,10,9,1,TRUCK,FARMER_LOCAL_MANDI,2026-09-20,SYNTHETIC_DEMO
FML-AC9CD41EA8,LOC-EAF0BF1C99,MND-9A5B3BAF27,Tamil Nadu,Tirupathur,C,Tirupathur — Regional Wholesale Market,32,47.2,14,9,1,TRUCK,FARMER_LOCAL_MANDI,2026-09-20,SYNTHETIC_DEMO
FML-609AE59A2F,LOC-AE889E3269,MND-286B40B3D1,Tamil Nadu,Tiruppur,A,Tiruppur — Primary Local Mandi,53,73.3,10,6,2,TRUCK,FARMER_LOCAL_MANDI,2026-09-20,SYNTHETIC_DEMO
FML-DACA190B76,LOC-AE889E3269,MND-53DA17DD3E,Tamil Nadu,Tiruppur,B,Tiruppur — Secondary Market Yard,27,36.7,8,4,1,TRUCK,FARMER_LOCAL_MANDI,2026-09-20,SYNTHETIC_DEMO
FML-1594984B61,LOC-AE889E3269,MND-6A684FF7CC,Tamil Nadu,Tiruppur,C,Tiruppur — Regional Wholesale Market,17,38.7,10,11,1,TRUCK,FARMER_LOCAL_MANDI,2026-09-20,SYNTHETIC_DEMO
FML-5A0493F00A,LOC-55F14248D3,MND-CB45DA46EA,Tamil Nadu,Tiruvallur,A,Tiruvallur — Primary Local Mandi,29,42.9,7,6,1,TRUCK,FARMER_LOCAL_MANDI,2026-09-20,SYNTHETIC_DEMO
FML-3DF15A6F7F,LOC-55F14248D3,MND-981D9B5034,Tamil Nadu,Tiruvallur,B,Tiruvallur — Secondary Market Yard,38,55.8,9,10,1,TRUCK,FARMER_LOCAL_MANDI,2026-09-20,SYNTHETIC_DEMO
FML-F75536C2F0,LOC-55F14248D3,MND-8C7ABFA74D,Tamil Nadu,Tiruvallur,C,Tiruvallur — Regional Wholesale Market,65,78.5,10,11,2,TRUCK,FARMER_LOCAL_MANDI,2026-09-20,SYNTHETIC_DEMO
FML-B39572B1D5,LOC-ACAB2D1816,MND-3E36B3E48A,Tamil Nadu,Tiruvarur,A,Tiruvarur — Primary Local Mandi,33,49.3,12,5,1,TRUCK,FARMER_LOCAL_MANDI,2026-09-20,SYNTHETIC_DEMO
FML-DE28939F49,LOC-ACAB2D1816,MND-2498443C3C,Tamil Nadu,Tiruvarur,B,Tiruvarur — Secondary Market Yard,14,27.4,10,7,1,TRUCK,FARMER_LOCAL_MANDI,2026-09-20,SYNTHETIC_DEMO
FML-C8F9821626,LOC-ACAB2D1816,MND-3AF6299856,Tamil Nadu,Tiruvarur,C,Tiruvarur — Regional Wholesale Market,6,25.6,12,8,1,TRUCK,FARMER_LOCAL_MANDI,2026-09-20,SYNTHETIC_DEMO
FML-5B41CCBBEE,LOC-45844C8E74,MND-887EDAAFFE,Tamil Nadu,Vellore,A,Vellore — Primary Local Mandi,18,26.8,8,7,1,TRUCK,FARMER_LOCAL_MANDI,2026-09-20,SYNTHETIC_DEMO
FML-E6F44B87D4,LOC-45844C8E74,MND-8C163CFB1F,Tamil Nadu,Vellore,B,Vellore — Secondary Market Yard,64,76.4,8,6,2,TRUCK,FARMER_LOCAL_MANDI,2026-09-20,SYNTHETIC_DEMO
FML-BE4A42B4EE,LOC-45844C8E74,MND-3E5C28C6A0,Tamil Nadu,Vellore,C,Vellore — Regional Wholesale Market,39,49.9,11,8,1,TRUCK,FARMER_LOCAL_MANDI,2026-09-20,SYNTHETIC_DEMO
FML-6854E1885B,LOC-F2A2D59472,MND-800E90AD3B,Tamil Nadu,Viluppuram,A,Viluppuram — Primary Local Mandi,12,29.2,9,8,1,TRUCK,FARMER_LOCAL_MANDI,2026-09-20,SYNTHETIC_DEMO
FML-443B21CBE2,LOC-F2A2D59472,MND-9F6BE698AB,Tamil Nadu,Viluppuram,B,Viluppuram — Secondary Market Yard,60,85.0,5,11,2,TRUCK,FARMER_LOCAL_MANDI,2026-09-20,SYNTHETIC_DEMO
FML-23EFD2CC39,LOC-F2A2D59472,MND-D49353FA5D,Tamil Nadu,Viluppuram,C,Viluppuram — Regional Wholesale Market,24,37.4,10,11,1,TRUCK,FARMER_LOCAL_MANDI,2026-09-20,SYNTHETIC_DEMO
FML-01E0B24D87,LOC-80A2019822,MND-FB3201B6AF,Tamil Nadu,Virudhunagar,A,Virudhunagar — Primary Local Mandi,37,59.7,7,10,1,TRUCK,FARMER_LOCAL_MANDI,2026-09-20,SYNTHETIC_DEMO
FML-FC948A2EE2,LOC-80A2019822,MND-0E561E4418,Tamil Nadu,Virudhunagar,B,Virudhunagar — Secondary Market Yard,80,108.0,9,7,2,TRUCK,FARMER_LOCAL_MANDI,2026-09-20,SYNTHETIC_DEMO
FML-4DD2D4A04E,LOC-80A2019822,MND-DEE132A1ED,Tamil Nadu,Virudhunagar,C,Virudhunagar — Regional Wholesale Market,70,90.0,7,10,2,TRUCK,FARMER_LOCAL_MANDI,2026-09-20,SYNTHETIC_DEMO
FML-BB2F01920C,LOC-B4E76294C9,MND-F5669D97E7,Telangana,Adilabad,A,Adilabad — Primary Local Mandi,39,49.9,11,11,1,TRUCK,FARMER_LOCAL_MANDI,2026-09-20,SYNTHETIC_DEMO
FML-29A5785776,LOC-B4E76294C9,MND-A27168FD3F,Telangana,Adilabad,B,Adilabad — Secondary Market Yard,65,81.5,10,8,2,TRUCK,FARMER_LOCAL_MANDI,2026-09-20,SYNTHETIC_DEMO
FML-8145C84CDD,LOC-B4E76294C9,MND-098BEECC4E,Telangana,Adilabad,C,Adilabad — Regional Wholesale Market,42,62.2,12,10,1,TRUCK,FARMER_LOCAL_MANDI,2026-09-20,SYNTHETIC_DEMO
FML-C8B2AB07C7,LOC-A3EC26E042,MND-4A96B31F26,Telangana,Bhadradri Kothagudem,A,Bhadradri Kothagudem — Primary Local Mandi,7,18.7,9,8,1,TRUCK,FARMER_LOCAL_MANDI,2026-09-20,SYNTHETIC_DEMO
FML-FDDBE9695E,LOC-A3EC26E042,MND-A0034BD63E,Telangana,Bhadradri Kothagudem,B,Bhadradri Kothagudem — Secondary Market Yard,7,26.7,13,6,1,TRUCK,FARMER_LOCAL_MANDI,2026-09-20,SYNTHETIC_DEMO
FML-F8E1DC42B2,LOC-A3EC26E042,MND-C4C59BC3CD,Telangana,Bhadradri Kothagudem,C,Bhadradri Kothagudem — Regional Wholesale Market,34,56.4,11,5,1,TRUCK,FARMER_LOCAL_MANDI,2026-09-20,SYNTHETIC_DEMO
FML-DE01241317,LOC-51F3214ED6,MND-CC66F7D2F5,Telangana,Hanumakonda,A,Hanumakonda — Primary Local Mandi,66,86.6,5,7,2,TRUCK,FARMER_LOCAL_MANDI,2026-09-20,SYNTHETIC_DEMO
FML-7A1D403870,LOC-51F3214ED6,MND-611664E124,Telangana,Hanumakonda,B,Hanumakonda — Secondary Market Yard,65,83.5,11,9,2,TRUCK,FARMER_LOCAL_MANDI,2026-09-20,SYNTHETIC_DEMO
FML-0075708762,LOC-51F3214ED6,MND-461D1FB959,Telangana,Hanumakonda,C,Hanumakonda — Regional Wholesale Market,53,65.3,8,7,2,TRUCK,FARMER_LOCAL_MANDI,2026-09-20,SYNTHETIC_DEMO
FML-226CDE39BB,LOC-A3E1FDB7DB,MND-EA922DA232,Telangana,Hyderabad,A,Hyderabad — Primary Local Mandi,38,48.8,5,11,1,TRUCK,FARMER_LOCAL_MANDI,2026-09-20,SYNTHETIC_DEMO
FML-CD10E350C3,LOC-A3E1FDB7DB,MND-235E26985F,Telangana,Hyderabad,B,Hyderabad — Secondary Market Yard,72,99.2,10,6,2,TRUCK,FARMER_LOCAL_MANDI,2026-09-20,SYNTHETIC_DEMO
FML-AA19CC5387,LOC-A3E1FDB7DB,MND-EDFF068CB2,Telangana,Hyderabad,C,Hyderabad — Regional Wholesale Market,30,42.0,6,7,1,TRUCK,FARMER_LOCAL_MANDI,2026-09-20,SYNTHETIC_DEMO
FML-15187C5CC6,LOC-401BC943AA,MND-8D8B30EFF2,Telangana,Jagitial,A,Jagitial — Primary Local Mandi,27,51.7,12,9,1,TRUCK,FARMER_LOCAL_MANDI,2026-09-20,SYNTHETIC_DEMO
FML-A69606CB8B,LOC-401BC943AA,MND-3212368A13,Telangana,Jagitial,B,Jagitial — Secondary Market Yard,73,92.3,12,11,2,TRUCK,FARMER_LOCAL_MANDI,2026-09-20,SYNTHETIC_DEMO
FML-1E87B5B2D5,LOC-401BC943AA,MND-DC3361C0C0,Telangana,Jagitial,C,Jagitial — Regional Wholesale Market,36,46.6,7,9,1,TRUCK,FARMER_LOCAL_MANDI,2026-09-20,SYNTHETIC_DEMO
FML-A966B6BBD4,LOC-75B016EDB1,MND-4A1193CC1F,Telangana,Jangoan,A,Jangoan — Primary Local Mandi,7,18,6,10,1,TRUCK,FARMER_LOCAL_MANDI,2026-09-20,SYNTHETIC_DEMO
FML-7B672E756B,LOC-75B016EDB1,MND-7E6C139AC4,Telangana,Jangoan,B,Jangoan — Secondary Market Yard,9,26.9,8,4,1,TRUCK,FARMER_LOCAL_MANDI,2026-09-20,SYNTHETIC_DEMO
FML-99F58CECF7,LOC-75B016EDB1,MND-3EB2793928,Telangana,Jangoan,C,Jangoan — Regional Wholesale Market,79,97.9,12,6,2,TRUCK,FARMER_LOCAL_MANDI,2026-09-20,SYNTHETIC_DEMO
FML-1236CACB44,LOC-4EEE112DCA,MND-3489F22E79,Telangana,Jayashankar Bhupalapally,A,Jayashankar Bhupalapally — Primary Local Mandi,46,69.6,12,7,2,TRUCK,FARMER_LOCAL_MANDI,2026-09-20,SYNTHETIC_DEMO
FML-9BFF2CF1B6,LOC-4EEE112DCA,MND-BC8FBF9A3C,Telangana,Jayashankar Bhupalapally,B,Jayashankar Bhupalapally — Secondary Market Yard,62,88.2,13,9,2,TRUCK,FARMER_LOCAL_MANDI,2026-09-20,SYNTHETIC_DEMO
FML-0D467B1622,LOC-4EEE112DCA,MND-5D3623716A,Telangana,Jayashankar Bhupalapally,C,Jayashankar Bhupalapally — Regional Wholesale Market,77,94.7,9,10,2,TRUCK,FARMER_LOCAL_MANDI,2026-09-20,SYNTHETIC_DEMO
FML-FBBF850392,LOC-7178BDECC5,MND-4AA543C231,Telangana,Jogulamba Gadwal,A,Jogulamba Gadwal — Primary Local Mandi,27,36.7,6,9,1,TRUCK,FARMER_LOCAL_MANDI,2026-09-20,SYNTHETIC_DEMO
FML-187FB3EC48,LOC-7178BDECC5,MND-A9C49DC121,Telangana,Jogulamba Gadwal,B,Jogulamba Gadwal — Secondary Market Yard,66,92.6,10,5,2,TRUCK,FARMER_LOCAL_MANDI,2026-09-20,SYNTHETIC_DEMO
FML-16171C4CB4,LOC-7178BDECC5,MND-21FDF3F0E7,Telangana,Jogulamba Gadwal,C,Jogulamba Gadwal — Regional Wholesale Market,18,31.8,6,11,1,TRUCK,FARMER_LOCAL_MANDI,2026-09-20,SYNTHETIC_DEMO
FML-3CDB92F9EB,LOC-56B5C38C03,MND-5F039E0D87,Telangana,Kamareddy,A,Kamareddy — Primary Local Mandi,14,29.4,5,5,1,TRUCK,FARMER_LOCAL_MANDI,2026-09-20,SYNTHETIC_DEMO
FML-4EEDD881AE,LOC-56B5C38C03,MND-C2F55D1216,Telangana,Kamareddy,B,Kamareddy — Secondary Market Yard,8,30.8,9,7,1,TRUCK,FARMER_LOCAL_MANDI,2026-09-20,SYNTHETIC_DEMO
FML-0562C58BE7,LOC-56B5C38C03,MND-5AE606B6FC,Telangana,Kamareddy,C,Kamareddy — Regional Wholesale Market,26,39.6,5,11,1,TRUCK,FARMER_LOCAL_MANDI,2026-09-20,SYNTHETIC_DEMO
FML-7C23802CB1,LOC-8C30C2F4B9,MND-FFB2B1AC8E,Telangana,Karimnagar,A,Karimnagar — Primary Local Mandi,63,82.3,14,11,2,TRUCK,FARMER_LOCAL_MANDI,2026-09-20,SYNTHETIC_DEMO
FML-912BDB913A,LOC-8C30C2F4B9,MND-FAC63DEF5B,Telangana,Karimnagar,B,Karimnagar — Secondary Market Yard,11,26.1,11,4,1,TRUCK,FARMER_LOCAL_MANDI,2026-09-20,SYNTHETIC_DEMO
FML-DE6789FF40,LOC-8C30C2F4B9,MND-D261FAD5C7,Telangana,Karimnagar,C,Karimnagar — Regional Wholesale Market,39,51.9,9,10,1,TRUCK,FARMER_LOCAL_MANDI,2026-09-20,SYNTHETIC_DEMO
FML-4A64805402,LOC-474657F250,MND-7224283954,Telangana,Khammam,A,Khammam — Primary Local Mandi,6,19.6,5,5,1,TRUCK,FARMER_LOCAL_MANDI,2026-09-20,SYNTHETIC_DEMO
FML-351D0DA5E7,LOC-474657F250,MND-753C461527,Telangana,Khammam,B,Khammam — Secondary Market Yard,38,47.8,11,5,1,TRUCK,FARMER_LOCAL_MANDI,2026-09-20,SYNTHETIC_DEMO
FML-4ABDD0F17C,LOC-474657F250,MND-A0925691A6,Telangana,Khammam,C,Khammam — Regional Wholesale Market,7,22.7,12,6,1,TRUCK,FARMER_LOCAL_MANDI,2026-09-20,SYNTHETIC_DEMO
FML-EE8A27F403,LOC-25B291B8AA,MND-61A204917E,Telangana,Kumuram Bheem Asifabad,A,Kumuram Bheem Asifabad — Primary Local Mandi,7,25.7,13,5,1,TRUCK,FARMER_LOCAL_MANDI,2026-09-20,SYNTHETIC_DEMO
FML-42C6DF346C,LOC-25B291B8AA,MND-65770F1CF1,Telangana,Kumuram Bheem Asifabad,B,Kumuram Bheem Asifabad — Secondary Market Yard,73,87.3,6,7,2,TRUCK,FARMER_LOCAL_MANDI,2026-09-20,SYNTHETIC_DEMO
FML-B2C2A15F05,LOC-25B291B8AA,MND-4F36AFBBFB,Telangana,Kumuram Bheem Asifabad,C,Kumuram Bheem Asifabad — Regional Wholesale Market,77,100.7,8,11,2,TRUCK,FARMER_LOCAL_MANDI,2026-09-20,SYNTHETIC_DEMO
FML-5437DF4B7B,LOC-E8BC2748B0,MND-6F340E9B6F,Telangana,Mahabubabad,A,Mahabubabad — Primary Local Mandi,51,62.1,8,8,2,TRUCK,FARMER_LOCAL_MANDI,2026-09-20,SYNTHETIC_DEMO
FML-3ABC43D0D4,LOC-E8BC2748B0,MND-33025AF92D,Telangana,Mahabubabad,B,Mahabubabad — Secondary Market Yard,29,52.9,12,7,1,TRUCK,FARMER_LOCAL_MANDI,2026-09-20,SYNTHETIC_DEMO
FML-45B0FB5CD0,LOC-E8BC2748B0,MND-4658B17ECC,Telangana,Mahabubabad,C,Mahabubabad — Regional Wholesale Market,34,46.4,9,8,1,TRUCK,FARMER_LOCAL_MANDI,2026-09-20,SYNTHETIC_DEMO
FML-A0C172EE7E,LOC-0F52BF9028,MND-9EA5BB3085,Telangana,Mahabubnagar,A,Mahabubnagar — Primary Local Mandi,15,30.5,12,6,1,TRUCK,FARMER_LOCAL_MANDI,2026-09-20,SYNTHETIC_DEMO
FML-5AC6FB7908,LOC-0F52BF9028,MND-2524227266,Telangana,Mahabubnagar,B,Mahabubnagar — Secondary Market Yard,64,85.4,13,5,2,TRUCK,FARMER_LOCAL_MANDI,2026-09-20,SYNTHETIC_DEMO
FML-C452782C39,LOC-0F52BF9028,MND-585F30FADA,Telangana,Mahabubnagar,C,Mahabubnagar — Regional Wholesale Market,11,18.1,6,11,1,TRUCK,FARMER_LOCAL_MANDI,2026-09-20,SYNTHETIC_DEMO
FML-F3B0383CCA,LOC-4EFAA33DDE,MND-59283FA4B6,Telangana,Mancherial,A,Mancherial — Primary Local Mandi,13,24.3,11,4,1,TRUCK,FARMER_LOCAL_MANDI,2026-09-20,SYNTHETIC_DEMO
FML-C37BEA4720,LOC-4EFAA33DDE,MND-FCD7D11C76,Telangana,Mancherial,B,Mancherial — Secondary Market Yard,69,82.9,14,4,2,TRUCK,FARMER_LOCAL_MANDI,2026-09-20,SYNTHETIC_DEMO
FML-8E7051C002,LOC-4EFAA33DDE,MND-B482BAF31E,Telangana,Mancherial,C,Mancherial — Regional Wholesale Market,49,65.9,7,11,2,TRUCK,FARMER_LOCAL_MANDI,2026-09-20,SYNTHETIC_DEMO
FML-0AA3519642,LOC-4768E7A747,MND-DDAE2FBF5E,Telangana,Medak,A,Medak — Primary Local Mandi,31,44.1,14,6,1,TRUCK,FARMER_LOCAL_MANDI,2026-09-20,SYNTHETIC_DEMO
FML-B5229E578F,LOC-4768E7A747,MND-2688C52691,Telangana,Medak,B,Medak — Secondary Market Yard,51,76.1,5,8,2,TRUCK,FARMER_LOCAL_MANDI,2026-09-20,SYNTHETIC_DEMO
FML-D83812D832,LOC-4768E7A747,MND-A7B76633F4,Telangana,Medak,C,Medak — Regional Wholesale Market,75,102.5,10,11,2,TRUCK,FARMER_LOCAL_MANDI,2026-09-20,SYNTHETIC_DEMO
FML-0D5F5A9352,LOC-714F171F09,MND-4C91BAC065,Telangana,Medchal Malkajgiri,A,Medchal Malkajgiri — Primary Local Mandi,57,81.7,8,7,2,TRUCK,FARMER_LOCAL_MANDI,2026-09-20,SYNTHETIC_DEMO
FML-B86C38782E,LOC-714F171F09,MND-86E22566CC,Telangana,Medchal Malkajgiri,B,Medchal Malkajgiri — Secondary Market Yard,57,73.7,7,11,2,TRUCK,FARMER_LOCAL_MANDI,2026-09-20,SYNTHETIC_DEMO
FML-C7EE5A1C2E,LOC-714F171F09,MND-BB7B29FC3A,Telangana,Medchal Malkajgiri,C,Medchal Malkajgiri — Regional Wholesale Market,51,66.1,7,5,2,TRUCK,FARMER_LOCAL_MANDI,2026-09-20,SYNTHETIC_DEMO
FML-3B1F8D952D,LOC-D869DE7DE4,MND-BA8CFFE9F5,Telangana,Mulugu,A,Mulugu — Primary Local Mandi,41,57.1,9,4,1,TRUCK,FARMER_LOCAL_MANDI,2026-09-20,SYNTHETIC_DEMO
FML-F0C147048C,LOC-D869DE7DE4,MND-24BAE67711,Telangana,Mulugu,B,Mulugu — Secondary Market Yard,13,22.3,12,4,1,TRUCK,FARMER_LOCAL_MANDI,2026-09-20,SYNTHETIC_DEMO
FML-30AFE8362E,LOC-D869DE7DE4,MND-251F73B80C,Telangana,Mulugu,C,Mulugu — Regional Wholesale Market,46,72.6,8,7,2,TRUCK,FARMER_LOCAL_MANDI,2026-09-20,SYNTHETIC_DEMO
FML-31E16B68AA,LOC-9DC6777BEE,MND-D48F95B292,Telangana,Nagarkurnool,A,Nagarkurnool — Primary Local Mandi,70,97.0,5,7,2,TRUCK,FARMER_LOCAL_MANDI,2026-09-20,SYNTHETIC_DEMO
FML-341A1A3D4D,LOC-9DC6777BEE,MND-87505DCC7D,Telangana,Nagarkurnool,B,Nagarkurnool — Secondary Market Yard,19,33.9,6,4,1,TRUCK,FARMER_LOCAL_MANDI,2026-09-20,SYNTHETIC_DEMO
FML-AB0A440AA9,LOC-9DC6777BEE,MND-37258488DF,Telangana,Nagarkurnool,C,Nagarkurnool — Regional Wholesale Market,34,53.4,14,9,1,TRUCK,FARMER_LOCAL_MANDI,2026-09-20,SYNTHETIC_DEMO
FML-BF040E0128,LOC-8B74C9C572,MND-81549C3AAB,Telangana,Nalgonda,A,Nalgonda — Primary Local Mandi,53,67.3,6,10,2,TRUCK,FARMER_LOCAL_MANDI,2026-09-20,SYNTHETIC_DEMO
FML-3489B2C809,LOC-8B74C9C572,MND-8D1D646D9D,Telangana,Nalgonda,B,Nalgonda — Secondary Market Yard,48,58.8,12,7,2,TRUCK,FARMER_LOCAL_MANDI,2026-09-20,SYNTHETIC_DEMO
FML-B14C226EC2,LOC-8B74C9C572,MND-60826AAF5D,Telangana,Nalgonda,C,Nalgonda — Regional Wholesale Market,11,33.1,6,8,1,TRUCK,FARMER_LOCAL_MANDI,2026-09-20,SYNTHETIC_DEMO
FML-D81177AE57,LOC-A25029B53B,MND-041D64EE94,Telangana,Narayanpet,A,Narayanpet — Primary Local Mandi,68,93.8,7,4,2,TRUCK,FARMER_LOCAL_MANDI,2026-09-20,SYNTHETIC_DEMO
FML-F1EF4A051C,LOC-A25029B53B,MND-E187BAD813,Telangana,Narayanpet,B,Narayanpet — Secondary Market Yard,68,86.8,14,4,2,TRUCK,FARMER_LOCAL_MANDI,2026-09-20,SYNTHETIC_DEMO
FML-A64C6D53AC,LOC-A25029B53B,MND-A063F23F38,Telangana,Narayanpet,C,Narayanpet — Regional Wholesale Market,21,38.1,5,7,1,TRUCK,FARMER_LOCAL_MANDI,2026-09-20,SYNTHETIC_DEMO
FML-2CA9C0F68E,LOC-F1FAAE5128,MND-B7CE3AFDE6,Telangana,Nirmal,A,Nirmal — Primary Local Mandi,61,82.1,12,6,2,TRUCK,FARMER_LOCAL_MANDI,2026-09-20,SYNTHETIC_DEMO
FML-2038BC2562,LOC-F1FAAE5128,MND-C138D7597C,Telangana,Nirmal,B,Nirmal — Secondary Market Yard,6,25.6,5,4,1,TRUCK,FARMER_LOCAL_MANDI,2026-09-20,SYNTHETIC_DEMO
FML-571E3D2032,LOC-F1FAAE5128,MND-A1F1F8092D,Telangana,Nirmal,C,Nirmal — Regional Wholesale Market,21,34.1,11,9,1,TRUCK,FARMER_LOCAL_MANDI,2026-09-20,SYNTHETIC_DEMO
FML-66A7192A10,LOC-1D78E767D2,MND-A340E58F4A,Telangana,Nizamabad,A,Nizamabad — Primary Local Mandi,43,59.3,5,8,1,TRUCK,FARMER_LOCAL_MANDI,2026-09-20,SYNTHETIC_DEMO
FML-DA84D9F684,LOC-1D78E767D2,MND-270C1C86B7,Telangana,Nizamabad,B,Nizamabad — Secondary Market Yard,6,22.6,11,5,1,TRUCK,FARMER_LOCAL_MANDI,2026-09-20,SYNTHETIC_DEMO
FML-F419F814EF,LOC-1D78E767D2,MND-03F610F020,Telangana,Nizamabad,C,Nizamabad — Regional Wholesale Market,12,32.2,11,5,1,TRUCK,FARMER_LOCAL_MANDI,2026-09-20,SYNTHETIC_DEMO
FML-3F6D840B90,LOC-2335161FB7,MND-D12B91A520,Telangana,Peddapalli,A,Peddapalli — Primary Local Mandi,56,77.6,8,9,2,TRUCK,FARMER_LOCAL_MANDI,2026-09-20,SYNTHETIC_DEMO
FML-0DCD2EA7BE,LOC-2335161FB7,MND-F5FD21AE17,Telangana,Peddapalli,B,Peddapalli — Secondary Market Yard,32,41.2,5,11,1,TRUCK,FARMER_LOCAL_MANDI,2026-09-20,SYNTHETIC_DEMO
FML-21C0B41093,LOC-2335161FB7,MND-DD412AA295,Telangana,Peddapalli,C,Peddapalli — Regional Wholesale Market,48,60.8,7,6,2,TRUCK,FARMER_LOCAL_MANDI,2026-09-20,SYNTHETIC_DEMO
FML-8B397B5E87,LOC-5ECF20FB60,MND-5FD7D9072F,Telangana,Rajanna Sircilla,A,Rajanna Sircilla — Primary Local Mandi,23,37.3,12,11,1,TRUCK,FARMER_LOCAL_MANDI,2026-09-20,SYNTHETIC_DEMO
FML-2ABE6C6D8E,LOC-5ECF20FB60,MND-9880A4A960,Telangana,Rajanna Sircilla,B,Rajanna Sircilla — Secondary Market Yard,33,45.3,13,6,1,TRUCK,FARMER_LOCAL_MANDI,2026-09-20,SYNTHETIC_DEMO
FML-44EC124D22,LOC-5ECF20FB60,MND-1F7DE2BFCC,Telangana,Rajanna Sircilla,C,Rajanna Sircilla — Regional Wholesale Market,28,48.8,12,5,1,TRUCK,FARMER_LOCAL_MANDI,2026-09-20,SYNTHETIC_DEMO
FML-20234CF505,LOC-1590961D63,MND-8497662AB2,Telangana,Rangareddy,A,Rangareddy — Primary Local Mandi,28,45.8,10,9,1,TRUCK,FARMER_LOCAL_MANDI,2026-09-20,SYNTHETIC_DEMO
FML-DE3E84BB5E,LOC-1590961D63,MND-248707FF15,Telangana,Rangareddy,B,Rangareddy — Secondary Market Yard,58,81.8,5,10,2,TRUCK,FARMER_LOCAL_MANDI,2026-09-20,SYNTHETIC_DEMO
FML-EAFC1C9234,LOC-1590961D63,MND-F90E643080,Telangana,Rangareddy,C,Rangareddy — Regional Wholesale Market,26,47.6,14,10,1,TRUCK,FARMER_LOCAL_MANDI,2026-09-20,SYNTHETIC_DEMO
FML-67E7E79E4B,LOC-D4F764FC4E,MND-E9CC341F3A,Telangana,Sangareddy,A,Sangareddy — Primary Local Mandi,16,37.6,10,6,1,TRUCK,FARMER_LOCAL_MANDI,2026-09-20,SYNTHETIC_DEMO
FML-C8BA38A675,LOC-D4F764FC4E,MND-E44978120B,Telangana,Sangareddy,B,Sangareddy — Secondary Market Yard,5,25.5,6,10,1,TRUCK,FARMER_LOCAL_MANDI,2026-09-20,SYNTHETIC_DEMO
FML-6D89AACEE2,LOC-D4F764FC4E,MND-92CC1CEB08,Telangana,Sangareddy,C,Sangareddy — Regional Wholesale Market,9,18.9,8,4,1,TRUCK,FARMER_LOCAL_MANDI,2026-09-20,SYNTHETIC_DEMO
FML-BFB7141EDA,LOC-C2172A405A,MND-A4C5BF808E,Telangana,Siddipet,A,Siddipet — Primary Local Mandi,68,80.8,12,11,2,TRUCK,FARMER_LOCAL_MANDI,2026-09-20,SYNTHETIC_DEMO
FML-34D26BA317,LOC-C2172A405A,MND-75859FF14A,Telangana,Siddipet,B,Siddipet — Secondary Market Yard,13,26.3,11,11,1,TRUCK,FARMER_LOCAL_MANDI,2026-09-20,SYNTHETIC_DEMO
FML-2DC4EBDBFA,LOC-C2172A405A,MND-09FA3BA6D4,Telangana,Siddipet,C,Siddipet — Regional Wholesale Market,40,61.0,7,9,1,TRUCK,FARMER_LOCAL_MANDI,2026-09-20,SYNTHETIC_DEMO
FML-5A23A115C1,LOC-8ADB0BD112,MND-6FB189AC3F,Telangana,Suryapet,A,Suryapet — Primary Local Mandi,6,18.6,7,7,1,TRUCK,FARMER_LOCAL_MANDI,2026-09-20,SYNTHETIC_DEMO
FML-82E4D74613,LOC-8ADB0BD112,MND-7BBD89EDD5,Telangana,Suryapet,B,Suryapet — Secondary Market Yard,74,102.4,7,10,2,TRUCK,FARMER_LOCAL_MANDI,2026-09-20,SYNTHETIC_DEMO
FML-3A5ED73414,LOC-8ADB0BD112,MND-AA4B7512AB,Telangana,Suryapet,C,Suryapet — Regional Wholesale Market,33,51.3,12,10,1,TRUCK,FARMER_LOCAL_MANDI,2026-09-20,SYNTHETIC_DEMO
FML-A6ECA850F9,LOC-EE643B7729,MND-03739F513F,Telangana,Vikarabad,A,Vikarabad — Primary Local Mandi,77,93.7,7,9,2,TRUCK,FARMER_LOCAL_MANDI,2026-09-20,SYNTHETIC_DEMO
FML-D9225A8497,LOC-EE643B7729,MND-CCBD99F808,Telangana,Vikarabad,B,Vikarabad — Secondary Market Yard,70,83.0,6,7,2,TRUCK,FARMER_LOCAL_MANDI,2026-09-20,SYNTHETIC_DEMO
FML-77397C0384,LOC-EE643B7729,MND-CC7BEE95D4,Telangana,Vikarabad,C,Vikarabad — Regional Wholesale Market,53,74.3,9,11,2,TRUCK,FARMER_LOCAL_MANDI,2026-09-20,SYNTHETIC_DEMO
FML-E78BD62579,LOC-C6900559E7,MND-FB4C829C33,Telangana,Wanaparthy,A,Wanaparthy — Primary Local Mandi,57,71.7,8,6,2,TRUCK,FARMER_LOCAL_MANDI,2026-09-20,SYNTHETIC_DEMO
FML-75205DA94C,LOC-C6900559E7,MND-90F343AAD3,Telangana,Wanaparthy,B,Wanaparthy — Secondary Market Yard,52,73.2,8,10,2,TRUCK,FARMER_LOCAL_MANDI,2026-09-20,SYNTHETIC_DEMO
FML-3D8A0A73D9,LOC-C6900559E7,MND-2297C6DF36,Telangana,Wanaparthy,C,Wanaparthy — Regional Wholesale Market,76,91.6,6,8,2,TRUCK,FARMER_LOCAL_MANDI,2026-09-20,SYNTHETIC_DEMO
FML-998DED4180,LOC-23F939AC1A,MND-8614012009,Telangana,Warangal,A,Warangal — Primary Local Mandi,10,23.0,13,4,1,TRUCK,FARMER_LOCAL_MANDI,2026-09-20,SYNTHETIC_DEMO
FML-83B21FD83E,LOC-23F939AC1A,MND-FB00622163,Telangana,Warangal,B,Warangal — Secondary Market Yard,68,93.8,12,8,2,TRUCK,FARMER_LOCAL_MANDI,2026-09-20,SYNTHETIC_DEMO
FML-49E85A11E5,LOC-23F939AC1A,MND-BA72D93E6C,Telangana,Warangal,C,Warangal — Regional Wholesale Market,40,55.0,14,10,1,TRUCK,FARMER_LOCAL_MANDI,2026-09-20,SYNTHETIC_DEMO
FML-5DA65DC453,LOC-E8DB0933C1,MND-EAFDB5627C,Telangana,Yadadri Bhuvanagiri,A,Yadadri Bhuvanagiri — Primary Local Mandi,70,95.0,9,9,2,TRUCK,FARMER_LOCAL_MANDI,2026-09-20,SYNTHETIC_DEMO
FML-E057A96B1E,LOC-E8DB0933C1,MND-9FE93ED12C,Telangana,Yadadri Bhuvanagiri,B,Yadadri Bhuvanagiri — Secondary Market Yard,25,46.5,7,11,1,TRUCK,FARMER_LOCAL_MANDI,2026-09-20,SYNTHETIC_DEMO
FML-50B6053683,LOC-E8DB0933C1,MND-380559F4B9,Telangana,Yadadri Bhuvanagiri,C,Yadadri Bhuvanagiri — Regional Wholesale Market,75,88.5,11,4,2,TRUCK,FARMER_LOCAL_MANDI,2026-09-20,SYNTHETIC_DEMO
FML-F5BAC8491B,LOC-B1C3B6C4F8,MND-57FA2768D8,Tripura,Dhalai,A,Dhalai — Primary Local Mandi,69,90.9,9,8,2,TRUCK,FARMER_LOCAL_MANDI,2026-09-20,SYNTHETIC_DEMO
FML-B6C66ACA17,LOC-B1C3B6C4F8,MND-60C854D6F7,Tripura,Dhalai,B,Dhalai — Secondary Market Yard,49,62.9,14,5,2,TRUCK,FARMER_LOCAL_MANDI,2026-09-20,SYNTHETIC_DEMO
FML-3FA5B2BBB0,LOC-B1C3B6C4F8,MND-B607C3CF28,Tripura,Dhalai,C,Dhalai — Regional Wholesale Market,52,77.2,7,10,2,TRUCK,FARMER_LOCAL_MANDI,2026-09-20,SYNTHETIC_DEMO
FML-6AE5169F4A,LOC-C0E60DCA1E,MND-86B5309A64,Tripura,Gomati,A,Gomati — Primary Local Mandi,34,53.4,5,5,1,TRUCK,FARMER_LOCAL_MANDI,2026-09-20,SYNTHETIC_DEMO
FML-4213228B2F,LOC-C0E60DCA1E,MND-0E1108F4B1,Tripura,Gomati,B,Gomati — Secondary Market Yard,31,48.1,7,9,1,TRUCK,FARMER_LOCAL_MANDI,2026-09-20,SYNTHETIC_DEMO
FML-CAE549717A,LOC-C0E60DCA1E,MND-5295D5281F,Tripura,Gomati,C,Gomati — Regional Wholesale Market,56,82.6,10,8,2,TRUCK,FARMER_LOCAL_MANDI,2026-09-20,SYNTHETIC_DEMO
FML-BE163A7FC1,LOC-8013E3F297,MND-EBD526C7A4,Tripura,Khowai,A,Khowai — Primary Local Mandi,25,39.5,8,11,1,TRUCK,FARMER_LOCAL_MANDI,2026-09-20,SYNTHETIC_DEMO
FML-816A007B80,LOC-8013E3F297,MND-8C887A6D36,Tripura,Khowai,B,Khowai — Secondary Market Yard,69,95.9,9,10,2,TRUCK,FARMER_LOCAL_MANDI,2026-09-20,SYNTHETIC_DEMO
FML-0FFEB5057D,LOC-8013E3F297,MND-8BEBAE0EC4,Tripura,Khowai,C,Khowai — Regional Wholesale Market,74,97.4,11,8,2,TRUCK,FARMER_LOCAL_MANDI,2026-09-20,SYNTHETIC_DEMO
FML-81140AE072,LOC-322032EF55,MND-6BE19801B6,Tripura,North Tripura,A,North Tripura — Primary Local Mandi,28,37.8,7,4,1,TRUCK,FARMER_LOCAL_MANDI,2026-09-20,SYNTHETIC_DEMO
FML-84CAAC1076,LOC-322032EF55,MND-DFE420B3C6,Tripura,North Tripura,B,North Tripura — Secondary Market Yard,10,23.0,12,7,1,TRUCK,FARMER_LOCAL_MANDI,2026-09-20,SYNTHETIC_DEMO
FML-DA417088D5,LOC-322032EF55,MND-3F63A1F360,Tripura,North Tripura,C,North Tripura — Regional Wholesale Market,33,52.3,5,7,1,TRUCK,FARMER_LOCAL_MANDI,2026-09-20,SYNTHETIC_DEMO
FML-C67F70B8CE,LOC-AD54C5E804,MND-4AA8140CCA,Tripura,Sepahijala,A,Sepahijala — Primary Local Mandi,22,38.2,14,11,1,TRUCK,FARMER_LOCAL_MANDI,2026-09-20,SYNTHETIC_DEMO
FML-D0D6E13D3C,LOC-AD54C5E804,MND-B0E7DBA794,Tripura,Sepahijala,B,Sepahijala — Secondary Market Yard,9,28.9,7,5,1,TRUCK,FARMER_LOCAL_MANDI,2026-09-20,SYNTHETIC_DEMO
FML-75F4FBE3F1,LOC-AD54C5E804,MND-52F33F810C,Tripura,Sepahijala,C,Sepahijala — Regional Wholesale Market,80,95.0,9,11,2,TRUCK,FARMER_LOCAL_MANDI,2026-09-20,SYNTHETIC_DEMO
FML-3CE16CC2F7,LOC-B0D056DE4D,MND-89D2035F17,Tripura,South Tripura,A,South Tripura — Primary Local Mandi,48,66.8,8,11,2,TRUCK,FARMER_LOCAL_MANDI,2026-09-20,SYNTHETIC_DEMO
FML-22AA810224,LOC-B0D056DE4D,MND-0DDF38284A,Tripura,South Tripura,B,South Tripura — Secondary Market Yard,13,35.3,9,11,1,TRUCK,FARMER_LOCAL_MANDI,2026-09-20,SYNTHETIC_DEMO
FML-BA6CD4EB5D,LOC-B0D056DE4D,MND-420262DAFA,Tripura,South Tripura,C,South Tripura — Regional Wholesale Market,42,57.2,6,10,1,TRUCK,FARMER_LOCAL_MANDI,2026-09-20,SYNTHETIC_DEMO
FML-7D1579E285,LOC-4732FF4FD0,MND-62F0A9A740,Tripura,Unakoti,A,Unakoti — Primary Local Mandi,36,61.6,10,9,1,TRUCK,FARMER_LOCAL_MANDI,2026-09-20,SYNTHETIC_DEMO
FML-B3C102CB29,LOC-4732FF4FD0,MND-9BAC29807B,Tripura,Unakoti,B,Unakoti — Secondary Market Yard,64,77.4,10,9,2,TRUCK,FARMER_LOCAL_MANDI,2026-09-20,SYNTHETIC_DEMO
FML-7852D8877D,LOC-4732FF4FD0,MND-B7840444C8,Tripura,Unakoti,C,Unakoti — Regional Wholesale Market,47,65.7,9,4,2,TRUCK,FARMER_LOCAL_MANDI,2026-09-20,SYNTHETIC_DEMO
FML-ACE7B19FB5,LOC-A570E13395,MND-6A739A0868,Tripura,West Tripura,A,West Tripura — Primary Local Mandi,61,77.1,13,4,2,TRUCK,FARMER_LOCAL_MANDI,2026-09-20,SYNTHETIC_DEMO
FML-A1C6C830AC,LOC-A570E13395,MND-8CF204C02D,Tripura,West Tripura,B,West Tripura — Secondary Market Yard,60,82.0,11,11,2,TRUCK,FARMER_LOCAL_MANDI,2026-09-20,SYNTHETIC_DEMO
FML-BC4F6C8631,LOC-A570E13395,MND-8A1CCE14C5,Tripura,West Tripura,C,West Tripura — Regional Wholesale Market,18,27.8,10,4,1,TRUCK,FARMER_LOCAL_MANDI,2026-09-20,SYNTHETIC_DEMO
FML-1BD93CA565,LOC-D90BDEEDDA,MND-3681341C54,Uttar Pradesh,Agra,A,Agra — Primary Local Mandi,52,72.2,10,8,2,TRUCK,FARMER_LOCAL_MANDI,2026-09-20,SYNTHETIC_DEMO
FML-7CA7F28500,LOC-D90BDEEDDA,MND-10D31013F9,Uttar Pradesh,Agra,B,Agra — Secondary Market Yard,46,63.6,13,9,2,TRUCK,FARMER_LOCAL_MANDI,2026-09-20,SYNTHETIC_DEMO
FML-DD748EB9DD,LOC-D90BDEEDDA,MND-14AAD86936,Uttar Pradesh,Agra,C,Agra — Regional Wholesale Market,51,71.1,5,6,2,TRUCK,FARMER_LOCAL_MANDI,2026-09-20,SYNTHETIC_DEMO
FML-EA20FBC872,LOC-CE48232434,MND-EB7B549D3B,Uttar Pradesh,Aligarh,A,Aligarh — Primary Local Mandi,60,85.0,7,7,2,TRUCK,FARMER_LOCAL_MANDI,2026-09-20,SYNTHETIC_DEMO
FML-7F2B5F9C8F,LOC-CE48232434,MND-1323B3078E,Uttar Pradesh,Aligarh,B,Aligarh — Secondary Market Yard,37,52.7,7,8,1,TRUCK,FARMER_LOCAL_MANDI,2026-09-20,SYNTHETIC_DEMO
FML-3AB193158A,LOC-CE48232434,MND-BA2E104AA2,Uttar Pradesh,Aligarh,C,Aligarh — Regional Wholesale Market,12,34.2,11,7,1,TRUCK,FARMER_LOCAL_MANDI,2026-09-20,SYNTHETIC_DEMO
FML-F7D2AA4C3B,LOC-BCD98C9FD9,MND-A1CC618295,Uttar Pradesh,Ambedkar Nagar,A,Ambedkar Nagar — Primary Local Mandi,70,85.0,14,8,2,TRUCK,FARMER_LOCAL_MANDI,2026-09-20,SYNTHETIC_DEMO
FML-71B76E6475,LOC-BCD98C9FD9,MND-B67D81570D,Uttar Pradesh,Ambedkar Nagar,B,Ambedkar Nagar — Secondary Market Yard,77,90.7,7,8,2,TRUCK,FARMER_LOCAL_MANDI,2026-09-20,SYNTHETIC_DEMO
FML-98C13637AF,LOC-BCD98C9FD9,MND-13DA78D9CD,Uttar Pradesh,Ambedkar Nagar,C,Ambedkar Nagar — Regional Wholesale Market,39,57.9,12,11,1,TRUCK,FARMER_LOCAL_MANDI,2026-09-20,SYNTHETIC_DEMO
FML-BCBD62D821,LOC-41A2C4BF5C,MND-22A0F92D15,Uttar Pradesh,Amethi,A,Amethi — Primary Local Mandi,64,85.4,5,6,2,TRUCK,FARMER_LOCAL_MANDI,2026-09-20,SYNTHETIC_DEMO
FML-1EF243537E,LOC-41A2C4BF5C,MND-0CF46146E8,Uttar Pradesh,Amethi,B,Amethi — Secondary Market Yard,80,106.0,13,11,2,TRUCK,FARMER_LOCAL_MANDI,2026-09-20,SYNTHETIC_DEMO
FML-1A65DD3AA1,LOC-41A2C4BF5C,MND-6393877221,Uttar Pradesh,Amethi,C,Amethi — Regional Wholesale Market,38,61.8,13,5,1,TRUCK,FARMER_LOCAL_MANDI,2026-09-20,SYNTHETIC_DEMO
FML-DD2595C072,LOC-C806F252AA,MND-D2B11D3755,Uttar Pradesh,Amroha,A,Amroha — Primary Local Mandi,49,60.9,10,6,2,TRUCK,FARMER_LOCAL_MANDI,2026-09-20,SYNTHETIC_DEMO
FML-36BDA747AC,LOC-C806F252AA,MND-053BE29D18,Uttar Pradesh,Amroha,B,Amroha — Secondary Market Yard,72,100.2,9,10,2,TRUCK,FARMER_LOCAL_MANDI,2026-09-20,SYNTHETIC_DEMO
FML-F2E5706A9F,LOC-C806F252AA,MND-403036C6F4,Uttar Pradesh,Amroha,C,Amroha — Regional Wholesale Market,64,79.4,14,11,2,TRUCK,FARMER_LOCAL_MANDI,2026-09-20,SYNTHETIC_DEMO
FML-0BC3E6496F,LOC-36A059082E,MND-50E7114F35,Uttar Pradesh,Auraiya,A,Auraiya — Primary Local Mandi,18,38.8,8,11,1,TRUCK,FARMER_LOCAL_MANDI,2026-09-20,SYNTHETIC_DEMO
FML-9D1A2A0989,LOC-36A059082E,MND-6ADF9FD3F3,Uttar Pradesh,Auraiya,B,Auraiya — Secondary Market Yard,47,69.7,12,11,2,TRUCK,FARMER_LOCAL_MANDI,2026-09-20,SYNTHETIC_DEMO
FML-1E0BF6FB44,LOC-36A059082E,MND-02F3789E48,Uttar Pradesh,Auraiya,C,Auraiya — Regional Wholesale Market,55,77.5,10,8,2,TRUCK,FARMER_LOCAL_MANDI,2026-09-20,SYNTHETIC_DEMO
FML-5ABB5BD78F,LOC-7F3BDD3161,MND-1DAC2633CD,Uttar Pradesh,Ayodhya,A,Ayodhya — Primary Local Mandi,69,83.9,14,7,2,TRUCK,FARMER_LOCAL_MANDI,2026-09-20,SYNTHETIC_DEMO
FML-B3552F8849,LOC-7F3BDD3161,MND-6BB2BA984F,Uttar Pradesh,Ayodhya,B,Ayodhya — Secondary Market Yard,53,66.3,14,11,2,TRUCK,FARMER_LOCAL_MANDI,2026-09-20,SYNTHETIC_DEMO
FML-CCBB565948,LOC-7F3BDD3161,MND-93645134A9,Uttar Pradesh,Ayodhya,C,Ayodhya — Regional Wholesale Market,42,58.2,8,10,1,TRUCK,FARMER_LOCAL_MANDI,2026-09-20,SYNTHETIC_DEMO
FML-620676FEBA,LOC-5D1FA78E9D,MND-ADD3EECC6D,Uttar Pradesh,Azamgarh,A,Azamgarh — Primary Local Mandi,59,73.9,9,9,2,TRUCK,FARMER_LOCAL_MANDI,2026-09-20,SYNTHETIC_DEMO
FML-30F5354AEE,LOC-5D1FA78E9D,MND-F9399901B4,Uttar Pradesh,Azamgarh,B,Azamgarh — Secondary Market Yard,58,82.8,9,5,2,TRUCK,FARMER_LOCAL_MANDI,2026-09-20,SYNTHETIC_DEMO
FML-9D8EE561C3,LOC-5D1FA78E9D,MND-C1FA00EDA1,Uttar Pradesh,Azamgarh,C,Azamgarh — Regional Wholesale Market,36,57.6,9,10,1,TRUCK,FARMER_LOCAL_MANDI,2026-09-20,SYNTHETIC_DEMO
FML-A7D63005F4,LOC-30EEB2CD3B,MND-ACCD975716,Uttar Pradesh,Baghpat,A,Baghpat — Primary Local Mandi,64,87.4,6,5,2,TRUCK,FARMER_LOCAL_MANDI,2026-09-20,SYNTHETIC_DEMO
FML-ABAA75B09C,LOC-30EEB2CD3B,MND-FECC35DA4D,Uttar Pradesh,Baghpat,B,Baghpat — Secondary Market Yard,78,94.8,10,8,2,TRUCK,FARMER_LOCAL_MANDI,2026-09-20,SYNTHETIC_DEMO
FML-ADBA51E5D0,LOC-30EEB2CD3B,MND-607CE6B8FC,Uttar Pradesh,Baghpat,C,Baghpat — Regional Wholesale Market,45,61.5,12,6,1,TRUCK,FARMER_LOCAL_MANDI,2026-09-20,SYNTHETIC_DEMO
FML-C429AD4798,LOC-C1AFB2A4DD,MND-AC7FC944DC,Uttar Pradesh,Bahraich,A,Bahraich — Primary Local Mandi,71,85.1,13,5,2,TRUCK,FARMER_LOCAL_MANDI,2026-09-20,SYNTHETIC_DEMO
FML-24D8879043,LOC-C1AFB2A4DD,MND-011C78C24C,Uttar Pradesh,Bahraich,B,Bahraich — Secondary Market Yard,65,83.5,7,6,2,TRUCK,FARMER_LOCAL_MANDI,2026-09-20,SYNTHETIC_DEMO
FML-A69ED99A10,LOC-C1AFB2A4DD,MND-E85742ED84,Uttar Pradesh,Bahraich,C,Bahraich — Regional Wholesale Market,38,52.8,14,10,1,TRUCK,FARMER_LOCAL_MANDI,2026-09-20,SYNTHETIC_DEMO
FML-2507A98268,LOC-522D8C0D65,MND-DDF43AB7D3,Uttar Pradesh,Ballia,A,Ballia — Primary Local Mandi,56,82.6,13,4,2,TRUCK,FARMER_LOCAL_MANDI,2026-09-20,SYNTHETIC_DEMO
FML-04D20E4B97,LOC-522D8C0D65,MND-3A3ABDE80E,Uttar Pradesh,Ballia,B,Ballia — Secondary Market Yard,33,48.3,11,8,1,TRUCK,FARMER_LOCAL_MANDI,2026-09-20,SYNTHETIC_DEMO
FML-0D4B754B9F,LOC-522D8C0D65,MND-DCB9CE2459,Uttar Pradesh,Ballia,C,Ballia — Regional Wholesale Market,7,28.7,9,10,1,TRUCK,FARMER_LOCAL_MANDI,2026-09-20,SYNTHETIC_DEMO
FML-28B43A9911,LOC-6971A0CAE0,MND-3C2B9DE5E7,Uttar Pradesh,Balrampur,A,Balrampur — Primary Local Mandi,74,95.4,5,11,2,TRUCK,FARMER_LOCAL_MANDI,2026-09-20,SYNTHETIC_DEMO
FML-54DEB7345A,LOC-6971A0CAE0,MND-5BFF20504D,Uttar Pradesh,Balrampur,B,Balrampur — Secondary Market Yard,28,40.8,11,9,1,TRUCK,FARMER_LOCAL_MANDI,2026-09-20,SYNTHETIC_DEMO
FML-4549FB4865,LOC-6971A0CAE0,MND-81FCABA59C,Uttar Pradesh,Balrampur,C,Balrampur — Regional Wholesale Market,5,18,10,8,1,TRUCK,FARMER_LOCAL_MANDI,2026-09-20,SYNTHETIC_DEMO
FML-9FAC5C7344,LOC-E8FD6181A7,MND-7FEB6AEA94,Uttar Pradesh,Banda,A,Banda — Primary Local Mandi,39,51.9,11,10,1,TRUCK,FARMER_LOCAL_MANDI,2026-09-20,SYNTHETIC_DEMO
FML-4953AF2FDF,LOC-E8FD6181A7,MND-81E2EB17F5,Uttar Pradesh,Banda,B,Banda — Secondary Market Yard,24,35.4,7,5,1,TRUCK,FARMER_LOCAL_MANDI,2026-09-20,SYNTHETIC_DEMO
FML-2298D07028,LOC-E8FD6181A7,MND-1035CDE334,Uttar Pradesh,Banda,C,Banda — Regional Wholesale Market,57,81.7,5,6,2,TRUCK,FARMER_LOCAL_MANDI,2026-09-20,SYNTHETIC_DEMO
FML-942BADDE0A,LOC-AD290B9DF9,MND-573F57B5CA,Uttar Pradesh,Barabanki,A,Barabanki — Primary Local Mandi,76,91.6,9,4,2,TRUCK,FARMER_LOCAL_MANDI,2026-09-20,SYNTHETIC_DEMO
FML-049AE7B00B,LOC-AD290B9DF9,MND-8B2A14B3B7,Uttar Pradesh,Barabanki,B,Barabanki — Secondary Market Yard,56,75.6,12,11,2,TRUCK,FARMER_LOCAL_MANDI,2026-09-20,SYNTHETIC_DEMO
FML-3477C4864F,LOC-AD290B9DF9,MND-9050173A9C,Uttar Pradesh,Barabanki,C,Barabanki — Regional Wholesale Market,47,63.7,10,8,2,TRUCK,FARMER_LOCAL_MANDI,2026-09-20,SYNTHETIC_DEMO
FML-E7481A88BD,LOC-6831BD5981,MND-78272B78F7,Uttar Pradesh,Bareilly,A,Bareilly — Primary Local Mandi,34,53.4,5,5,1,TRUCK,FARMER_LOCAL_MANDI,2026-09-20,SYNTHETIC_DEMO
FML-E91667404D,LOC-6831BD5981,MND-29CCF78074,Uttar Pradesh,Bareilly,B,Bareilly — Secondary Market Yard,73,89.3,6,8,2,TRUCK,FARMER_LOCAL_MANDI,2026-09-20,SYNTHETIC_DEMO
FML-70012879A8,LOC-6831BD5981,MND-03351C3C9D,Uttar Pradesh,Bareilly,C,Bareilly — Regional Wholesale Market,11,18.1,6,7,1,TRUCK,FARMER_LOCAL_MANDI,2026-09-20,SYNTHETIC_DEMO
FML-6038901465,LOC-F089E6B97A,MND-7B4F6D1843,Uttar Pradesh,Basti,A,Basti — Primary Local Mandi,30,45.0,13,9,1,TRUCK,FARMER_LOCAL_MANDI,2026-09-20,SYNTHETIC_DEMO
FML-F0C83E20E9,LOC-F089E6B97A,MND-6822DF291C,Uttar Pradesh,Basti,B,Basti — Secondary Market Yard,15,32.5,11,7,1,TRUCK,FARMER_LOCAL_MANDI,2026-09-20,SYNTHETIC_DEMO
FML-166CCB9A0C,LOC-F089E6B97A,MND-5232B5FE28,Uttar Pradesh,Basti,C,Basti — Regional Wholesale Market,78,101.8,7,7,2,TRUCK,FARMER_LOCAL_MANDI,2026-09-20,SYNTHETIC_DEMO
FML-085AA3DF34,LOC-40CEC84C63,MND-3AD08EC8EB,Uttar Pradesh,Bhadohi,A,Bhadohi — Primary Local Mandi,52,66.2,11,9,2,TRUCK,FARMER_LOCAL_MANDI,2026-09-20,SYNTHETIC_DEMO
FML-B028AA16A1,LOC-40CEC84C63,MND-5D99DB3323,Uttar Pradesh,Bhadohi,B,Bhadohi — Secondary Market Yard,14,33.4,5,8,1,TRUCK,FARMER_LOCAL_MANDI,2026-09-20,SYNTHETIC_DEMO
FML-7D84E35E34,LOC-40CEC84C63,MND-8CEE497F81,Uttar Pradesh,Bhadohi,C,Bhadohi — Regional Wholesale Market,51,70.1,13,10,2,TRUCK,FARMER_LOCAL_MANDI,2026-09-20,SYNTHETIC_DEMO
FML-DEC6B1FCE1,LOC-7CC9F7D74E,MND-A9EB350CD3,Uttar Pradesh,Bijnor,A,Bijnor — Primary Local Mandi,10,18,10,7,1,TRUCK,FARMER_LOCAL_MANDI,2026-09-20,SYNTHETIC_DEMO
FML-C7F27E4DCA,LOC-7CC9F7D74E,MND-BA19E19FFF,Uttar Pradesh,Bijnor,B,Bijnor — Secondary Market Yard,7,18,9,8,1,TRUCK,FARMER_LOCAL_MANDI,2026-09-20,SYNTHETIC_DEMO
FML-0692862103,LOC-7CC9F7D74E,MND-9E82494FBD,Uttar Pradesh,Bijnor,C,Bijnor — Regional Wholesale Market,59,85.9,5,5,2,TRUCK,FARMER_LOCAL_MANDI,2026-09-20,SYNTHETIC_DEMO
FML-E7C91CE7EE,LOC-0BAB688EFB,MND-2CB4FEEF21,Uttar Pradesh,Budaun,A,Budaun — Primary Local Mandi,52,64.2,9,7,2,TRUCK,FARMER_LOCAL_MANDI,2026-09-20,SYNTHETIC_DEMO
FML-67E2A09B3B,LOC-0BAB688EFB,MND-A21991DE66,Uttar Pradesh,Budaun,B,Budaun — Secondary Market Yard,43,68.3,14,6,1,TRUCK,FARMER_LOCAL_MANDI,2026-09-20,SYNTHETIC_DEMO
FML-71C1308277,LOC-0BAB688EFB,MND-CA8F034C8C,Uttar Pradesh,Budaun,C,Budaun — Regional Wholesale Market,32,46.2,9,8,1,TRUCK,FARMER_LOCAL_MANDI,2026-09-20,SYNTHETIC_DEMO
FML-EEC36481E5,LOC-FFF2C39B16,MND-2168E725A1,Uttar Pradesh,Bulandshahr,A,Bulandshahr — Primary Local Mandi,74,89.4,13,9,2,TRUCK,FARMER_LOCAL_MANDI,2026-09-20,SYNTHETIC_DEMO
FML-D0421A532E,LOC-FFF2C39B16,MND-E367ED014A,Uttar Pradesh,Bulandshahr,B,Bulandshahr — Secondary Market Yard,69,85.9,12,10,2,TRUCK,FARMER_LOCAL_MANDI,2026-09-20,SYNTHETIC_DEMO
FML-1DC8D66028,LOC-FFF2C39B16,MND-271FC42525,Uttar Pradesh,Bulandshahr,C,Bulandshahr — Regional Wholesale Market,38,51.8,10,10,1,TRUCK,FARMER_LOCAL_MANDI,2026-09-20,SYNTHETIC_DEMO
FML-81B78A587A,LOC-B4B1787D58,MND-AD48C546F6,Uttar Pradesh,Chandauli,A,Chandauli — Primary Local Mandi,52,74.2,11,10,2,TRUCK,FARMER_LOCAL_MANDI,2026-09-20,SYNTHETIC_DEMO
FML-066F3CA5C9,LOC-B4B1787D58,MND-6C94B4F632,Uttar Pradesh,Chandauli,B,Chandauli — Secondary Market Yard,73,92.3,7,5,2,TRUCK,FARMER_LOCAL_MANDI,2026-09-20,SYNTHETIC_DEMO
FML-7B071B10A8,LOC-B4B1787D58,MND-5390DB1BC3,Uttar Pradesh,Chandauli,C,Chandauli — Regional Wholesale Market,36,56.6,10,11,1,TRUCK,FARMER_LOCAL_MANDI,2026-09-20,SYNTHETIC_DEMO
FML-EA6337A22B,LOC-CEB07A2AED,MND-C506A46A62,Uttar Pradesh,Chitrakoot,A,Chitrakoot — Primary Local Mandi,53,79.3,7,11,2,TRUCK,FARMER_LOCAL_MANDI,2026-09-20,SYNTHETIC_DEMO
FML-36DA8BA54F,LOC-CEB07A2AED,MND-867EEA7E21,Uttar Pradesh,Chitrakoot,B,Chitrakoot — Secondary Market Yard,73,100.3,5,8,2,TRUCK,FARMER_LOCAL_MANDI,2026-09-20,SYNTHETIC_DEMO
FML-BFE9E22C0C,LOC-CEB07A2AED,MND-E03EE5EC4D,Uttar Pradesh,Chitrakoot,C,Chitrakoot — Regional Wholesale Market,76,89.6,8,4,2,TRUCK,FARMER_LOCAL_MANDI,2026-09-20,SYNTHETIC_DEMO
FML-A3CA1C323D,LOC-30090849C7,MND-B50BF20726,Uttar Pradesh,Deoria,A,Deoria — Primary Local Mandi,47,67.7,12,11,2,TRUCK,FARMER_LOCAL_MANDI,2026-09-20,SYNTHETIC_DEMO
FML-525FC7CF99,LOC-30090849C7,MND-0FBD6D736F,Uttar Pradesh,Deoria,B,Deoria — Secondary Market Yard,75,91.5,10,5,2,TRUCK,FARMER_LOCAL_MANDI,2026-09-20,SYNTHETIC_DEMO
FML-EFBD4343A8,LOC-30090849C7,MND-74BAF9CEA0,Uttar Pradesh,Deoria,C,Deoria — Regional Wholesale Market,39,57.9,10,8,1,TRUCK,FARMER_LOCAL_MANDI,2026-09-20,SYNTHETIC_DEMO
FML-70AC1C95AC,LOC-883E0E90EC,MND-987909D75F,Uttar Pradesh,Etah,A,Etah — Primary Local Mandi,44,54.4,6,6,1,TRUCK,FARMER_LOCAL_MANDI,2026-09-20,SYNTHETIC_DEMO
FML-C07D5BB576,LOC-883E0E90EC,MND-C816247857,Uttar Pradesh,Etah,B,Etah — Secondary Market Yard,66,90.6,6,10,2,TRUCK,FARMER_LOCAL_MANDI,2026-09-20,SYNTHETIC_DEMO
FML-38821D85A7,LOC-883E0E90EC,MND-713DF55492,Uttar Pradesh,Etah,C,Etah — Regional Wholesale Market,53,74.3,13,7,2,TRUCK,FARMER_LOCAL_MANDI,2026-09-20,SYNTHETIC_DEMO
FML-0BF0452EC2,LOC-62D2613F0A,MND-473B9FCEB1,Uttar Pradesh,Etawah,A,Etawah — Primary Local Mandi,13,28.3,10,4,1,TRUCK,FARMER_LOCAL_MANDI,2026-09-20,SYNTHETIC_DEMO
FML-76F620961C,LOC-62D2613F0A,MND-5172A5D481,Uttar Pradesh,Etawah,B,Etawah — Secondary Market Yard,68,92.8,11,4,2,TRUCK,FARMER_LOCAL_MANDI,2026-09-20,SYNTHETIC_DEMO
FML-0A381D5A36,LOC-62D2613F0A,MND-246226145F,Uttar Pradesh,Etawah,C,Etawah — Regional Wholesale Market,38,60.8,12,6,1,TRUCK,FARMER_LOCAL_MANDI,2026-09-20,SYNTHETIC_DEMO
FML-491ECC3E8E,LOC-A67A4F969B,MND-3779F98429,Uttar Pradesh,Farrukhabad,A,Farrukhabad — Primary Local Mandi,38,51.8,6,9,1,TRUCK,FARMER_LOCAL_MANDI,2026-09-20,SYNTHETIC_DEMO
FML-884994EC2F,LOC-A67A4F969B,MND-BF6C7E3561,Uttar Pradesh,Farrukhabad,B,Farrukhabad — Secondary Market Yard,37,59.7,10,8,1,TRUCK,FARMER_LOCAL_MANDI,2026-09-20,SYNTHETIC_DEMO
FML-33AE89CA5C,LOC-A67A4F969B,MND-E4FFF4E428,Uttar Pradesh,Farrukhabad,C,Farrukhabad — Regional Wholesale Market,57,72.7,6,4,2,TRUCK,FARMER_LOCAL_MANDI,2026-09-20,SYNTHETIC_DEMO
FML-4795B43F04,LOC-EE0A485AD2,MND-B42573FC94,Uttar Pradesh,Fatehpur,A,Fatehpur — Primary Local Mandi,7,22.7,5,9,1,TRUCK,FARMER_LOCAL_MANDI,2026-09-20,SYNTHETIC_DEMO
FML-D22BE7ACD4,LOC-EE0A485AD2,MND-1F62D63A2F,Uttar Pradesh,Fatehpur,B,Fatehpur — Secondary Market Yard,11,19.1,13,5,1,TRUCK,FARMER_LOCAL_MANDI,2026-09-20,SYNTHETIC_DEMO
FML-0548725A38,LOC-EE0A485AD2,MND-608BF8E158,Uttar Pradesh,Fatehpur,C,Fatehpur — Regional Wholesale Market,17,31.7,13,11,1,TRUCK,FARMER_LOCAL_MANDI,2026-09-20,SYNTHETIC_DEMO
FML-EC32C42BC6,LOC-6F6AA54F30,MND-CFCA96E14B,Uttar Pradesh,Firozabad,A,Firozabad — Primary Local Mandi,31,40.1,14,5,1,TRUCK,FARMER_LOCAL_MANDI,2026-09-20,SYNTHETIC_DEMO
FML-AF6C0AE94D,LOC-6F6AA54F30,MND-5D6B5DBA9C,Uttar Pradesh,Firozabad,B,Firozabad — Secondary Market Yard,72,87.2,9,4,2,TRUCK,FARMER_LOCAL_MANDI,2026-09-20,SYNTHETIC_DEMO
FML-21AFFC7316,LOC-6F6AA54F30,MND-F8BB97E929,Uttar Pradesh,Firozabad,C,Firozabad — Regional Wholesale Market,43,54.3,11,8,1,TRUCK,FARMER_LOCAL_MANDI,2026-09-20,SYNTHETIC_DEMO
FML-DDD74ED83C,LOC-5DBC1960B8,MND-FD23738629,Uttar Pradesh,Gautam Buddha Nagar,A,Gautam Buddha Nagar — Primary Local Mandi,26,38.6,6,11,1,TRUCK,FARMER_LOCAL_MANDI,2026-09-20,SYNTHETIC_DEMO
FML-C741BA3620,LOC-5DBC1960B8,MND-911A1E5D83,Uttar Pradesh,Gautam Buddha Nagar,B,Gautam Buddha Nagar — Secondary Market Yard,64,87.4,7,5,2,TRUCK,FARMER_LOCAL_MANDI,2026-09-20,SYNTHETIC_DEMO
FML-EFF2B1893B,LOC-5DBC1960B8,MND-081274E4ED,Uttar Pradesh,Gautam Buddha Nagar,C,Gautam Buddha Nagar — Regional Wholesale Market,24,47.4,10,9,1,TRUCK,FARMER_LOCAL_MANDI,2026-09-20,SYNTHETIC_DEMO
FML-72259D2BAA,LOC-474CDF1260,MND-3D206313DE,Uttar Pradesh,Ghaziabad,A,Ghaziabad — Primary Local Mandi,69,81.9,9,7,2,TRUCK,FARMER_LOCAL_MANDI,2026-09-20,SYNTHETIC_DEMO
FML-5D6043CBA7,LOC-474CDF1260,MND-634F4D6028,Uttar Pradesh,Ghaziabad,B,Ghaziabad — Secondary Market Yard,44,60.4,5,6,1,TRUCK,FARMER_LOCAL_MANDI,2026-09-20,SYNTHETIC_DEMO
FML-ADA600EAF3,LOC-474CDF1260,MND-D4C381E688,Uttar Pradesh,Ghaziabad,C,Ghaziabad — Regional Wholesale Market,54,69.4,6,9,2,TRUCK,FARMER_LOCAL_MANDI,2026-09-20,SYNTHETIC_DEMO
FML-9F7A5F1E68,LOC-62AA7CA224,MND-5CB7CA6BE1,Uttar Pradesh,Ghazipur,A,Ghazipur — Primary Local Mandi,70,91.0,7,8,2,TRUCK,FARMER_LOCAL_MANDI,2026-09-20,SYNTHETIC_DEMO
FML-764C728C00,LOC-62AA7CA224,MND-38A0CF1505,Uttar Pradesh,Ghazipur,B,Ghazipur — Secondary Market Yard,62,76.2,6,11,2,TRUCK,FARMER_LOCAL_MANDI,2026-09-20,SYNTHETIC_DEMO
FML-D8E88344E3,LOC-62AA7CA224,MND-B3E78B8E6A,Uttar Pradesh,Ghazipur,C,Ghazipur — Regional Wholesale Market,46,72.6,6,10,2,TRUCK,FARMER_LOCAL_MANDI,2026-09-20,SYNTHETIC_DEMO
FML-5EE8F947FC,LOC-B5FDDA8CC9,MND-2FF2665D4A,Uttar Pradesh,Gonda,A,Gonda — Primary Local Mandi,37,49.7,9,11,1,TRUCK,FARMER_LOCAL_MANDI,2026-09-20,SYNTHETIC_DEMO
FML-1DE9F29CA4,LOC-B5FDDA8CC9,MND-0E3C6E7D47,Uttar Pradesh,Gonda,B,Gonda — Secondary Market Yard,42,57.2,11,10,1,TRUCK,FARMER_LOCAL_MANDI,2026-09-20,SYNTHETIC_DEMO
FML-B9D9038B7D,LOC-B5FDDA8CC9,MND-7BE80EDA48,Uttar Pradesh,Gonda,C,Gonda — Regional Wholesale Market,41,53.1,5,6,1,TRUCK,FARMER_LOCAL_MANDI,2026-09-20,SYNTHETIC_DEMO
FML-BD8DCAF2D1,LOC-22F1391CDD,MND-1E1BC8958C,Uttar Pradesh,Gorakhpur,A,Gorakhpur — Primary Local Mandi,27,51.7,9,10,1,TRUCK,FARMER_LOCAL_MANDI,2026-09-20,SYNTHETIC_DEMO
FML-2ABF9DC50D,LOC-22F1391CDD,MND-38AD6CE64C,Uttar Pradesh,Gorakhpur,B,Gorakhpur — Secondary Market Yard,73,92.3,11,8,2,TRUCK,FARMER_LOCAL_MANDI,2026-09-20,SYNTHETIC_DEMO
FML-442C154005,LOC-22F1391CDD,MND-0C40378CEE,Uttar Pradesh,Gorakhpur,C,Gorakhpur — Regional Wholesale Market,48,68.8,13,11,2,TRUCK,FARMER_LOCAL_MANDI,2026-09-20,SYNTHETIC_DEMO
FML-389980F095,LOC-AAA99597C5,MND-AF2E5CA35D,Uttar Pradesh,Hapur,A,Hapur — Primary Local Mandi,29,42.9,6,10,1,TRUCK,FARMER_LOCAL_MANDI,2026-09-20,SYNTHETIC_DEMO
FML-8E6578453B,LOC-AAA99597C5,MND-5ABEEFB0AC,Uttar Pradesh,Hapur,B,Hapur — Secondary Market Yard,71,89.1,10,4,2,TRUCK,FARMER_LOCAL_MANDI,2026-09-20,SYNTHETIC_DEMO
FML-9A0E2F416C,LOC-AAA99597C5,MND-49F6032B33,Uttar Pradesh,Hapur,C,Hapur — Regional Wholesale Market,70,90.0,10,6,2,TRUCK,FARMER_LOCAL_MANDI,2026-09-20,SYNTHETIC_DEMO
FML-4FA1C30FE9,LOC-800D1F2349,MND-25C4FBF4B1,Uttar Pradesh,Hardoi,A,Hardoi — Primary Local Mandi,76,93.6,9,5,2,TRUCK,FARMER_LOCAL_MANDI,2026-09-20,SYNTHETIC_DEMO
FML-6C682B2EAF,LOC-800D1F2349,MND-4A371FD87A,Uttar Pradesh,Hardoi,B,Hardoi — Secondary Market Yard,22,35.2,12,10,1,TRUCK,FARMER_LOCAL_MANDI,2026-09-20,SYNTHETIC_DEMO
FML-E72FEF3E9B,LOC-800D1F2349,MND-496754BA85,Uttar Pradesh,Hardoi,C,Hardoi — Regional Wholesale Market,25,38.5,9,7,1,TRUCK,FARMER_LOCAL_MANDI,2026-09-20,SYNTHETIC_DEMO
FML-A6422517CD,LOC-8AAC9F10EE,MND-798F589406,Uttar Pradesh,Hathras,A,Hathras — Primary Local Mandi,68,94.8,11,9,2,TRUCK,FARMER_LOCAL_MANDI,2026-09-20,SYNTHETIC_DEMO
FML-87A5D69FF7,LOC-8AAC9F10EE,MND-8D34B6AAC0,Uttar Pradesh,Hathras,B,Hathras — Secondary Market Yard,5,25.5,12,11,1,TRUCK,FARMER_LOCAL_MANDI,2026-09-20,SYNTHETIC_DEMO
FML-D2E2E0B98B,LOC-8AAC9F10EE,MND-064E8C2779,Uttar Pradesh,Hathras,C,Hathras — Regional Wholesale Market,9,19.9,12,8,1,TRUCK,FARMER_LOCAL_MANDI,2026-09-20,SYNTHETIC_DEMO
FML-468912D370,LOC-9519431673,MND-8AF5849B94,Uttar Pradesh,Jalaun,A,Jalaun — Primary Local Mandi,17,29.7,11,10,1,TRUCK,FARMER_LOCAL_MANDI,2026-09-20,SYNTHETIC_DEMO
FML-4CB9A2CDA0,LOC-9519431673,MND-950079D281,Uttar Pradesh,Jalaun,B,Jalaun — Secondary Market Yard,50,69.0,6,10,2,TRUCK,FARMER_LOCAL_MANDI,2026-09-20,SYNTHETIC_DEMO
FML-55E69C8049,LOC-9519431673,MND-83D7CBD783,Uttar Pradesh,Jalaun,C,Jalaun — Regional Wholesale Market,53,65.3,9,8,2,TRUCK,FARMER_LOCAL_MANDI,2026-09-20,SYNTHETIC_DEMO
FML-100D0B7D23,LOC-75A98296F0,MND-C5824069A3,Uttar Pradesh,Jaunpur,A,Jaunpur — Primary Local Mandi,17,38.7,6,5,1,TRUCK,FARMER_LOCAL_MANDI,2026-09-20,SYNTHETIC_DEMO
FML-B93539F36E,LOC-75A98296F0,MND-6E73E28D22,Uttar Pradesh,Jaunpur,B,Jaunpur — Secondary Market Yard,33,54.3,14,8,1,TRUCK,FARMER_LOCAL_MANDI,2026-09-20,SYNTHETIC_DEMO
FML-DD80F9DBD7,LOC-75A98296F0,MND-2DEF770245,Uttar Pradesh,Jaunpur,C,Jaunpur — Regional Wholesale Market,45,71.5,7,8,1,TRUCK,FARMER_LOCAL_MANDI,2026-09-20,SYNTHETIC_DEMO
FML-03C72DBE36,LOC-39C28D77F4,MND-ED45A9BE8A,Uttar Pradesh,Jhansi,A,Jhansi — Primary Local Mandi,59,73.9,14,11,2,TRUCK,FARMER_LOCAL_MANDI,2026-09-20,SYNTHETIC_DEMO
FML-97424E0B8D,LOC-39C28D77F4,MND-28E9EF2BB0,Uttar Pradesh,Jhansi,B,Jhansi — Secondary Market Yard,8,22.8,12,9,1,TRUCK,FARMER_LOCAL_MANDI,2026-09-20,SYNTHETIC_DEMO
FML-4EA61B1D03,LOC-39C28D77F4,MND-33A818180F,Uttar Pradesh,Jhansi,C,Jhansi — Regional Wholesale Market,14,37.4,6,6,1,TRUCK,FARMER_LOCAL_MANDI,2026-09-20,SYNTHETIC_DEMO
FML-EE636FFEB6,LOC-6EBCF5D96A,MND-5AFBBD875F,Uttar Pradesh,Kannauj,A,Kannauj — Primary Local Mandi,16,24.6,10,10,1,TRUCK,FARMER_LOCAL_MANDI,2026-09-20,SYNTHETIC_DEMO
FML-5D359309B6,LOC-6EBCF5D96A,MND-EB54351925,Uttar Pradesh,Kannauj,B,Kannauj — Secondary Market Yard,69,85.9,8,6,2,TRUCK,FARMER_LOCAL_MANDI,2026-09-20,SYNTHETIC_DEMO
FML-4F53CDA1BA,LOC-6EBCF5D96A,MND-801955FC58,Uttar Pradesh,Kannauj,C,Kannauj — Regional Wholesale Market,18,27.8,11,11,1,TRUCK,FARMER_LOCAL_MANDI,2026-09-20,SYNTHETIC_DEMO
FML-A576D356CC,LOC-F72BACD1EF,MND-CD0029E5A6,Uttar Pradesh,Kanpur Dehat,A,Kanpur Dehat — Primary Local Mandi,21,37.1,11,6,1,TRUCK,FARMER_LOCAL_MANDI,2026-09-20,SYNTHETIC_DEMO
FML-706EFE5D5B,LOC-F72BACD1EF,MND-9E87C517CB,Uttar Pradesh,Kanpur Dehat,B,Kanpur Dehat — Secondary Market Yard,9,27.9,14,6,1,TRUCK,FARMER_LOCAL_MANDI,2026-09-20,SYNTHETIC_DEMO
FML-0780EF60E0,LOC-F72BACD1EF,MND-87D9D7BB39,Uttar Pradesh,Kanpur Dehat,C,Kanpur Dehat — Regional Wholesale Market,59,85.9,11,6,2,TRUCK,FARMER_LOCAL_MANDI,2026-09-20,SYNTHETIC_DEMO
FML-119128A9FB,LOC-D2B2DAEDC6,MND-97ABB158BE,Uttar Pradesh,Kanpur Nagar,A,Kanpur Nagar — Primary Local Mandi,54,66.4,10,6,2,TRUCK,FARMER_LOCAL_MANDI,2026-09-20,SYNTHETIC_DEMO
FML-36D46BF025,LOC-D2B2DAEDC6,MND-1ECC182132,Uttar Pradesh,Kanpur Nagar,B,Kanpur Nagar — Secondary Market Yard,63,81.3,8,7,2,TRUCK,FARMER_LOCAL_MANDI,2026-09-20,SYNTHETIC_DEMO
FML-ED770D4983,LOC-D2B2DAEDC6,MND-54850E0970,Uttar Pradesh,Kanpur Nagar,C,Kanpur Nagar — Regional Wholesale Market,24,41.4,12,4,1,TRUCK,FARMER_LOCAL_MANDI,2026-09-20,SYNTHETIC_DEMO
FML-8A020D3F66,LOC-97C125E657,MND-EBFEECF9EE,Uttar Pradesh,Kasganj,A,Kasganj — Primary Local Mandi,6,21.6,6,5,1,TRUCK,FARMER_LOCAL_MANDI,2026-09-20,SYNTHETIC_DEMO
FML-CB2AE0D315,LOC-97C125E657,MND-53A279592E,Uttar Pradesh,Kasganj,B,Kasganj — Secondary Market Yard,63,91.3,14,10,2,TRUCK,FARMER_LOCAL_MANDI,2026-09-20,SYNTHETIC_DEMO
FML-ABBEA2F2B6,LOC-97C125E657,MND-5A73DA5D46,Uttar Pradesh,Kasganj,C,Kasganj — Regional Wholesale Market,37,53.7,14,4,1,TRUCK,FARMER_LOCAL_MANDI,2026-09-20,SYNTHETIC_DEMO
FML-3ED9C998D4,LOC-518D7A6536,MND-867E93D23F,Uttar Pradesh,Kaushambi,A,Kaushambi — Primary Local Mandi,10,30.0,11,11,1,TRUCK,FARMER_LOCAL_MANDI,2026-09-20,SYNTHETIC_DEMO
FML-36A65F3F9F,LOC-518D7A6536,MND-682FD2C235,Uttar Pradesh,Kaushambi,B,Kaushambi — Secondary Market Yard,31,44.1,7,9,1,TRUCK,FARMER_LOCAL_MANDI,2026-09-20,SYNTHETIC_DEMO
FML-D41FC36371,LOC-518D7A6536,MND-69249BC0C3,Uttar Pradesh,Kaushambi,C,Kaushambi — Regional Wholesale Market,60,80.0,5,10,2,TRUCK,FARMER_LOCAL_MANDI,2026-09-20,SYNTHETIC_DEMO
FML-656ECC62CA,LOC-16A9BDE164,MND-B3F3BB0A22,Uttar Pradesh,Kheri,A,Kheri — Primary Local Mandi,65,90.5,5,7,2,TRUCK,FARMER_LOCAL_MANDI,2026-09-20,SYNTHETIC_DEMO
FML-7436EB5D64,LOC-16A9BDE164,MND-B33358F5F1,Uttar Pradesh,Kheri,B,Kheri — Secondary Market Yard,70,97.0,5,11,2,TRUCK,FARMER_LOCAL_MANDI,2026-09-20,SYNTHETIC_DEMO
FML-7438E6274F,LOC-16A9BDE164,MND-AD3F8E8CA9,Uttar Pradesh,Kheri,C,Kheri — Regional Wholesale Market,29,45.9,11,5,1,TRUCK,FARMER_LOCAL_MANDI,2026-09-20,SYNTHETIC_DEMO
FML-7361B1FBFB,LOC-9B5707360F,MND-8820BCEA9F,Uttar Pradesh,Kushinagar,A,Kushinagar — Primary Local Mandi,11,20.1,13,10,1,TRUCK,FARMER_LOCAL_MANDI,2026-09-20,SYNTHETIC_DEMO
FML-B99E331C44,LOC-9B5707360F,MND-352EDD854B,Uttar Pradesh,Kushinagar,B,Kushinagar — Secondary Market Yard,76,94.6,11,11,2,TRUCK,FARMER_LOCAL_MANDI,2026-09-20,SYNTHETIC_DEMO
FML-73162CD140,LOC-9B5707360F,MND-0FB01D2C9E,Uttar Pradesh,Kushinagar,C,Kushinagar — Regional Wholesale Market,20,44.0,12,7,1,TRUCK,FARMER_LOCAL_MANDI,2026-09-20,SYNTHETIC_DEMO
FML-02A023CD6E,LOC-59205C4D6E,MND-1960558CB0,Uttar Pradesh,Lalitpur,A,Lalitpur — Primary Local Mandi,55,74.5,10,8,2,TRUCK,FARMER_LOCAL_MANDI,2026-09-20,SYNTHETIC_DEMO
FML-0FC2AA7313,LOC-59205C4D6E,MND-D2D8FDF062,Uttar Pradesh,Lalitpur,B,Lalitpur — Secondary Market Yard,71,91.1,6,9,2,TRUCK,FARMER_LOCAL_MANDI,2026-09-20,SYNTHETIC_DEMO
FML-DA0198FA50,LOC-59205C4D6E,MND-B528A538A2,Uttar Pradesh,Lalitpur,C,Lalitpur — Regional Wholesale Market,7,23.7,7,8,1,TRUCK,FARMER_LOCAL_MANDI,2026-09-20,SYNTHETIC_DEMO
FML-7E8FC3E252,LOC-DC4ACED1FF,MND-6C5E15407D,Uttar Pradesh,Lucknow,A,Lucknow — Primary Local Mandi,23,47.3,11,8,1,TRUCK,FARMER_LOCAL_MANDI,2026-09-20,SYNTHETIC_DEMO
FML-D7888B3153,LOC-DC4ACED1FF,MND-89956C010D,Uttar Pradesh,Lucknow,B,Lucknow — Secondary Market Yard,74,99.4,12,8,2,TRUCK,FARMER_LOCAL_MANDI,2026-09-20,SYNTHETIC_DEMO
FML-24AA4290E5,LOC-DC4ACED1FF,MND-A1CFC4DC8F,Uttar Pradesh,Lucknow,C,Lucknow — Regional Wholesale Market,53,71.3,12,5,2,TRUCK,FARMER_LOCAL_MANDI,2026-09-20,SYNTHETIC_DEMO
FML-977BF889F2,LOC-B07188788C,MND-9B5C196BEC,Uttar Pradesh,Maharajganj,A,Maharajganj — Primary Local Mandi,6,18,6,4,1,TRUCK,FARMER_LOCAL_MANDI,2026-09-20,SYNTHETIC_DEMO
FML-5C672EFEF4,LOC-B07188788C,MND-4BC2839B8D,Uttar Pradesh,Maharajganj,B,Maharajganj — Secondary Market Yard,26,47.6,5,4,1,TRUCK,FARMER_LOCAL_MANDI,2026-09-20,SYNTHETIC_DEMO
FML-861F8F4421,LOC-B07188788C,MND-6722178581,Uttar Pradesh,Maharajganj,C,Maharajganj — Regional Wholesale Market,17,31.7,14,4,1,TRUCK,FARMER_LOCAL_MANDI,2026-09-20,SYNTHETIC_DEMO
FML-74A660BD31,LOC-D6262297CF,MND-8C2A1B90C2,Uttar Pradesh,Mainpuri,A,Mainpuri — Primary Local Mandi,11,34.1,14,8,1,TRUCK,FARMER_LOCAL_MANDI,2026-09-20,SYNTHETIC_DEMO
FML-EBB70C29F3,LOC-D6262297CF,MND-620AE68928,Uttar Pradesh,Mainpuri,B,Mainpuri — Secondary Market Yard,41,52.1,12,10,1,TRUCK,FARMER_LOCAL_MANDI,2026-09-20,SYNTHETIC_DEMO
FML-4D309E3C38,LOC-D6262297CF,MND-A69BD759E2,Uttar Pradesh,Mainpuri,C,Mainpuri — Regional Wholesale Market,49,75.9,6,5,2,TRUCK,FARMER_LOCAL_MANDI,2026-09-20,SYNTHETIC_DEMO
FML-D1997E0E92,LOC-E25B3067CE,MND-26118B6ED6,Uttar Pradesh,Mathura,A,Mathura — Primary Local Mandi,43,64.3,7,6,1,TRUCK,FARMER_LOCAL_MANDI,2026-09-20,SYNTHETIC_DEMO
FML-AF27608394,LOC-E25B3067CE,MND-7357C0B085,Uttar Pradesh,Mathura,B,Mathura — Secondary Market Yard,32,46.2,8,10,1,TRUCK,FARMER_LOCAL_MANDI,2026-09-20,SYNTHETIC_DEMO
FML-143A808B9D,LOC-E25B3067CE,MND-53CAB82AC2,Uttar Pradesh,Mathura,C,Mathura — Regional Wholesale Market,63,75.3,11,7,2,TRUCK,FARMER_LOCAL_MANDI,2026-09-20,SYNTHETIC_DEMO
FML-5CD8097FE6,LOC-8B31A12EE8,MND-657F393055,Uttar Pradesh,Mau,A,Mau — Primary Local Mandi,7,18,5,9,1,TRUCK,FARMER_LOCAL_MANDI,2026-09-20,SYNTHETIC_DEMO
FML-48AF8CC913,LOC-8B31A12EE8,MND-7A0D11A76A,Uttar Pradesh,Mau,B,Mau — Secondary Market Yard,21,29.1,10,10,1,TRUCK,FARMER_LOCAL_MANDI,2026-09-20,SYNTHETIC_DEMO
FML-36C590AB50,LOC-8B31A12EE8,MND-FC2FDD3E8A,Uttar Pradesh,Mau,C,Mau — Regional Wholesale Market,68,80.8,8,8,2,TRUCK,FARMER_LOCAL_MANDI,2026-09-20,SYNTHETIC_DEMO
FML-A51C50BFE5,LOC-2C16300496,MND-948510680E,Uttar Pradesh,Meerut,A,Meerut — Primary Local Mandi,60,86.0,8,11,2,TRUCK,FARMER_LOCAL_MANDI,2026-09-20,SYNTHETIC_DEMO
FML-6480AD3380,LOC-2C16300496,MND-B4F1D89566,Uttar Pradesh,Meerut,B,Meerut — Secondary Market Yard,41,55.1,8,6,1,TRUCK,FARMER_LOCAL_MANDI,2026-09-20,SYNTHETIC_DEMO
FML-E832A2A1BD,LOC-2C16300496,MND-01C9916230,Uttar Pradesh,Meerut,C,Meerut — Regional Wholesale Market,50,74.0,6,11,2,TRUCK,FARMER_LOCAL_MANDI,2026-09-20,SYNTHETIC_DEMO
FML-AF84268CDD,LOC-BC52D8580D,MND-4C95BCCD73,Uttar Pradesh,Mirzapur,A,Mirzapur — Primary Local Mandi,64,86.4,11,5,2,TRUCK,FARMER_LOCAL_MANDI,2026-09-20,SYNTHETIC_DEMO
FML-5B2AA24947,LOC-BC52D8580D,MND-0FC38D19BD,Uttar Pradesh,Mirzapur,B,Mirzapur — Secondary Market Yard,25,33.5,9,9,1,TRUCK,FARMER_LOCAL_MANDI,2026-09-20,SYNTHETIC_DEMO
FML-70ECF94DDB,LOC-BC52D8580D,MND-5CFC217F8F,Uttar Pradesh,Mirzapur,C,Mirzapur — Regional Wholesale Market,61,83.1,9,8,2,TRUCK,FARMER_LOCAL_MANDI,2026-09-20,SYNTHETIC_DEMO
FML-C556C7BC69,LOC-F253726F35,MND-F3DB617078,Uttar Pradesh,Moradabad,A,Moradabad — Primary Local Mandi,32,48.2,9,11,1,TRUCK,FARMER_LOCAL_MANDI,2026-09-20,SYNTHETIC_DEMO
FML-DE034898A2,LOC-F253726F35,MND-F1039DEAAE,Uttar Pradesh,Moradabad,B,Moradabad — Secondary Market Yard,26,42.6,9,7,1,TRUCK,FARMER_LOCAL_MANDI,2026-09-20,SYNTHETIC_DEMO
FML-AB385E9F8C,LOC-F253726F35,MND-700DF6BFED,Uttar Pradesh,Moradabad,C,Moradabad — Regional Wholesale Market,58,73.8,12,10,2,TRUCK,FARMER_LOCAL_MANDI,2026-09-20,SYNTHETIC_DEMO
FML-894410490F,LOC-C830BA834D,MND-592A50D010,Uttar Pradesh,Muzaffarnagar,A,Muzaffarnagar — Primary Local Mandi,26,46.6,7,10,1,TRUCK,FARMER_LOCAL_MANDI,2026-09-20,SYNTHETIC_DEMO
FML-B5849DDD5A,LOC-C830BA834D,MND-4CDC96FC0C,Uttar Pradesh,Muzaffarnagar,B,Muzaffarnagar — Secondary Market Yard,17,27.7,5,6,1,TRUCK,FARMER_LOCAL_MANDI,2026-09-20,SYNTHETIC_DEMO
FML-765241182B,LOC-C830BA834D,MND-EECC026975,Uttar Pradesh,Muzaffarnagar,C,Muzaffarnagar — Regional Wholesale Market,72,87.2,12,8,2,TRUCK,FARMER_LOCAL_MANDI,2026-09-20,SYNTHETIC_DEMO
FML-BA33B8D68F,LOC-A93C94C858,MND-9B20928BB2,Uttar Pradesh,Pilibhit,A,Pilibhit — Primary Local Mandi,31,47.1,13,9,1,TRUCK,FARMER_LOCAL_MANDI,2026-09-20,SYNTHETIC_DEMO
FML-C9AC18638B,LOC-A93C94C858,MND-9E26BCF4E2,Uttar Pradesh,Pilibhit,B,Pilibhit — Secondary Market Yard,55,66.5,10,4,2,TRUCK,FARMER_LOCAL_MANDI,2026-09-20,SYNTHETIC_DEMO
FML-095BA9B654,LOC-A93C94C858,MND-F977DA70FC,Uttar Pradesh,Pilibhit,C,Pilibhit — Regional Wholesale Market,20,28.0,9,7,1,TRUCK,FARMER_LOCAL_MANDI,2026-09-20,SYNTHETIC_DEMO
FML-971E9CFACB,LOC-B7975ECBF7,MND-BD607A2A42,Uttar Pradesh,Pratapgarh,A,Pratapgarh — Primary Local Mandi,56,79.6,11,11,2,TRUCK,FARMER_LOCAL_MANDI,2026-09-20,SYNTHETIC_DEMO
FML-2DD25C9B10,LOC-B7975ECBF7,MND-D90106159C,Uttar Pradesh,Pratapgarh,B,Pratapgarh — Secondary Market Yard,5,24.5,6,4,1,TRUCK,FARMER_LOCAL_MANDI,2026-09-20,SYNTHETIC_DEMO
FML-A647C66C75,LOC-B7975ECBF7,MND-E8D0BF85E0,Uttar Pradesh,Pratapgarh,C,Pratapgarh — Regional Wholesale Market,18,31.8,11,10,1,TRUCK,FARMER_LOCAL_MANDI,2026-09-20,SYNTHETIC_DEMO
FML-235B56198E,LOC-459202F2C8,MND-219C485145,Uttar Pradesh,Prayagraj,A,Prayagraj — Primary Local Mandi,78,96.8,6,8,2,TRUCK,FARMER_LOCAL_MANDI,2026-09-20,SYNTHETIC_DEMO
FML-EDEF22ABD7,LOC-459202F2C8,MND-CD9F29F351,Uttar Pradesh,Prayagraj,B,Prayagraj — Secondary Market Yard,39,48.9,11,10,1,TRUCK,FARMER_LOCAL_MANDI,2026-09-20,SYNTHETIC_DEMO
FML-5A391EC27A,LOC-459202F2C8,MND-EE6E2C82D2,Uttar Pradesh,Prayagraj,C,Prayagraj — Regional Wholesale Market,38,56.8,6,4,1,TRUCK,FARMER_LOCAL_MANDI,2026-09-20,SYNTHETIC_DEMO
FML-9E7EE4F613,LOC-58EA63D864,MND-18A63E1D87,Uttar Pradesh,Rae Bareli,A,Rae Bareli — Primary Local Mandi,25,37.5,7,11,1,TRUCK,FARMER_LOCAL_MANDI,2026-09-20,SYNTHETIC_DEMO
FML-9F25113F74,LOC-58EA63D864,MND-C63D92AB05,Uttar Pradesh,Rae Bareli,B,Rae Bareli — Secondary Market Yard,40,59.0,10,11,1,TRUCK,FARMER_LOCAL_MANDI,2026-09-20,SYNTHETIC_DEMO
FML-202F7BFADF,LOC-58EA63D864,MND-EAC6627BC5,Uttar Pradesh,Rae Bareli,C,Rae Bareli — Regional Wholesale Market,12,32.2,14,10,1,TRUCK,FARMER_LOCAL_MANDI,2026-09-20,SYNTHETIC_DEMO
FML-CF14871214,LOC-6385A90548,MND-CF012BABB3,Uttar Pradesh,Rampur,A,Rampur — Primary Local Mandi,63,85.3,5,7,2,TRUCK,FARMER_LOCAL_MANDI,2026-09-20,SYNTHETIC_DEMO
FML-D5D950AE9D,LOC-6385A90548,MND-A257BAA069,Uttar Pradesh,Rampur,B,Rampur — Secondary Market Yard,48,72.8,10,8,2,TRUCK,FARMER_LOCAL_MANDI,2026-09-20,SYNTHETIC_DEMO
FML-F829706321,LOC-6385A90548,MND-FCFCBE2C23,Uttar Pradesh,Rampur,C,Rampur — Regional Wholesale Market,32,48.2,14,9,1,TRUCK,FARMER_LOCAL_MANDI,2026-09-20,SYNTHETIC_DEMO
FML-0358A2AEB0,LOC-DAEAFBEED8,MND-5519ECD108,Uttar Pradesh,Saharanpur,A,Saharanpur — Primary Local Mandi,39,60.9,11,9,1,TRUCK,FARMER_LOCAL_MANDI,2026-09-20,SYNTHETIC_DEMO
FML-B0EBECC7B2,LOC-DAEAFBEED8,MND-BD3E5D890C,Uttar Pradesh,Saharanpur,B,Saharanpur — Secondary Market Yard,37,57.7,6,6,1,TRUCK,FARMER_LOCAL_MANDI,2026-09-20,SYNTHETIC_DEMO
FML-6D93BD4825,LOC-DAEAFBEED8,MND-B1C0AB3C7A,Uttar Pradesh,Saharanpur,C,Saharanpur — Regional Wholesale Market,66,79.6,6,7,2,TRUCK,FARMER_LOCAL_MANDI,2026-09-20,SYNTHETIC_DEMO
FML-443578FEE4,LOC-529C814C65,MND-EED1E86A71,Uttar Pradesh,Sambhal,A,Sambhal — Primary Local Mandi,60,85.0,5,5,2,TRUCK,FARMER_LOCAL_MANDI,2026-09-20,SYNTHETIC_DEMO
FML-55EF5BEEF4,LOC-529C814C65,MND-DAD9EFDFF4,Uttar Pradesh,Sambhal,B,Sambhal — Secondary Market Yard,37,49.7,8,6,1,TRUCK,FARMER_LOCAL_MANDI,2026-09-20,SYNTHETIC_DEMO
FML-26EDABA805,LOC-529C814C65,MND-24B772BEC4,Uttar Pradesh,Sambhal,C,Sambhal — Regional Wholesale Market,50,62.0,9,5,2,TRUCK,FARMER_LOCAL_MANDI,2026-09-20,SYNTHETIC_DEMO
FML-8C03A90E74,LOC-71B89295CF,MND-1BFBAD8764,Uttar Pradesh,Sant Kabir Nagar,A,Sant Kabir Nagar — Primary Local Mandi,56,79.6,5,9,2,TRUCK,FARMER_LOCAL_MANDI,2026-09-20,SYNTHETIC_DEMO
FML-822CCC79C8,LOC-71B89295CF,MND-67625679D5,Uttar Pradesh,Sant Kabir Nagar,B,Sant Kabir Nagar — Secondary Market Yard,31,50.1,11,6,1,TRUCK,FARMER_LOCAL_MANDI,2026-09-20,SYNTHETIC_DEMO
FML-93DFA7E087,LOC-71B89295CF,MND-86C051498B,Uttar Pradesh,Sant Kabir Nagar,C,Sant Kabir Nagar — Regional Wholesale Market,15,30.5,12,9,1,TRUCK,FARMER_LOCAL_MANDI,2026-09-20,SYNTHETIC_DEMO
FML-B4C9C19AF5,LOC-4ECB86E375,MND-75395ECBA8,Uttar Pradesh,Sant Ravidas Nagar,A,Sant Ravidas Nagar — Primary Local Mandi,41,65.1,9,11,1,TRUCK,FARMER_LOCAL_MANDI,2026-09-20,SYNTHETIC_DEMO
FML-A9EBC149EC,LOC-4ECB86E375,MND-52E7DC2A05,Uttar Pradesh,Sant Ravidas Nagar,B,Sant Ravidas Nagar — Secondary Market Yard,35,55.5,14,7,1,TRUCK,FARMER_LOCAL_MANDI,2026-09-20,SYNTHETIC_DEMO
FML-92502D7662,LOC-4ECB86E375,MND-74AEA19F2B,Uttar Pradesh,Sant Ravidas Nagar,C,Sant Ravidas Nagar — Regional Wholesale Market,40,50.0,14,7,1,TRUCK,FARMER_LOCAL_MANDI,2026-09-20,SYNTHETIC_DEMO
FML-9F460BE887,LOC-0A44262975,MND-559D7268D9,Uttar Pradesh,Shahjahanpur,A,Shahjahanpur — Primary Local Mandi,12,23.2,5,5,1,TRUCK,FARMER_LOCAL_MANDI,2026-09-20,SYNTHETIC_DEMO
FML-801BBEC279,LOC-0A44262975,MND-5F8D8686A0,Uttar Pradesh,Shahjahanpur,B,Shahjahanpur — Secondary Market Yard,59,78.9,6,8,2,TRUCK,FARMER_LOCAL_MANDI,2026-09-20,SYNTHETIC_DEMO
FML-A180F36D25,LOC-0A44262975,MND-52067A7615,Uttar Pradesh,Shahjahanpur,C,Shahjahanpur — Regional Wholesale Market,50,67.0,13,9,2,TRUCK,FARMER_LOCAL_MANDI,2026-09-20,SYNTHETIC_DEMO
FML-74476F361D,LOC-73FF2DC771,MND-F73AB6B2B4,Uttar Pradesh,Shamli,A,Shamli — Primary Local Mandi,31,54.1,12,9,1,TRUCK,FARMER_LOCAL_MANDI,2026-09-20,SYNTHETIC_DEMO
FML-B3DE7E4DE5,LOC-73FF2DC771,MND-DB28435ADB,Uttar Pradesh,Shamli,B,Shamli — Secondary Market Yard,19,34.9,5,7,1,TRUCK,FARMER_LOCAL_MANDI,2026-09-20,SYNTHETIC_DEMO
FML-369AF10C95,LOC-73FF2DC771,MND-4BCAE1BD9F,Uttar Pradesh,Shamli,C,Shamli — Regional Wholesale Market,41,67.1,11,7,1,TRUCK,FARMER_LOCAL_MANDI,2026-09-20,SYNTHETIC_DEMO
FML-DEE8AD5F63,LOC-EAAC47E219,MND-487D7EAA73,Uttar Pradesh,Shrawasti,A,Shrawasti — Primary Local Mandi,50,68.0,12,4,2,TRUCK,FARMER_LOCAL_MANDI,2026-09-20,SYNTHETIC_DEMO
FML-8A57E66DF6,LOC-EAAC47E219,MND-8B9DE69AF2,Uttar Pradesh,Shrawasti,B,Shrawasti — Secondary Market Yard,25,34.5,11,4,1,TRUCK,FARMER_LOCAL_MANDI,2026-09-20,SYNTHETIC_DEMO
FML-2F392AFC9C,LOC-EAAC47E219,MND-C2FBCD3118,Uttar Pradesh,Shrawasti,C,Shrawasti — Regional Wholesale Market,23,47.3,13,8,1,TRUCK,FARMER_LOCAL_MANDI,2026-09-20,SYNTHETIC_DEMO
FML-9519E6A440,LOC-3C2C6FDE36,MND-9E45428BF8,Uttar Pradesh,Siddharthnagar,A,Siddharthnagar — Primary Local Mandi,41,53.1,8,8,1,TRUCK,FARMER_LOCAL_MANDI,2026-09-20,SYNTHETIC_DEMO
FML-02EB2AFD59,LOC-3C2C6FDE36,MND-9E0616EC5A,Uttar Pradesh,Siddharthnagar,B,Siddharthnagar — Secondary Market Yard,47,57.7,9,8,2,TRUCK,FARMER_LOCAL_MANDI,2026-09-20,SYNTHETIC_DEMO
FML-D9CEB93AB2,LOC-3C2C6FDE36,MND-E4C3F85A08,Uttar Pradesh,Siddharthnagar,C,Siddharthnagar — Regional Wholesale Market,14,29.4,13,8,1,TRUCK,FARMER_LOCAL_MANDI,2026-09-20,SYNTHETIC_DEMO
FML-4F568C6E16,LOC-F5F3FD2938,MND-4FF18E23FF,Uttar Pradesh,Sitapur,A,Sitapur — Primary Local Mandi,76,91.6,5,4,2,TRUCK,FARMER_LOCAL_MANDI,2026-09-20,SYNTHETIC_DEMO
FML-EC51F17ED6,LOC-F5F3FD2938,MND-F40881E758,Uttar Pradesh,Sitapur,B,Sitapur — Secondary Market Yard,47,64.7,10,6,2,TRUCK,FARMER_LOCAL_MANDI,2026-09-20,SYNTHETIC_DEMO
FML-9AB5452CEF,LOC-F5F3FD2938,MND-8FF9DCF4A6,Uttar Pradesh,Sitapur,C,Sitapur — Regional Wholesale Market,57,75.7,5,8,2,TRUCK,FARMER_LOCAL_MANDI,2026-09-20,SYNTHETIC_DEMO
FML-6CFE763F06,LOC-58BA2187F8,MND-FD73CA12ED,Uttar Pradesh,Sonbhadra,A,Sonbhadra — Primary Local Mandi,68,96.8,14,4,2,TRUCK,FARMER_LOCAL_MANDI,2026-09-20,SYNTHETIC_DEMO
FML-C386C50231,LOC-58BA2187F8,MND-68F29F9848,Uttar Pradesh,Sonbhadra,B,Sonbhadra — Secondary Market Yard,69,85.9,8,11,2,TRUCK,FARMER_LOCAL_MANDI,2026-09-20,SYNTHETIC_DEMO
FML-A0D47BA61A,LOC-58BA2187F8,MND-FA157BA9F3,Uttar Pradesh,Sonbhadra,C,Sonbhadra — Regional Wholesale Market,58,71.8,8,9,2,TRUCK,FARMER_LOCAL_MANDI,2026-09-20,SYNTHETIC_DEMO
FML-86E9F7C29D,LOC-6DDE512872,MND-84C2B88793,Uttar Pradesh,Sultanpur,A,Sultanpur — Primary Local Mandi,46,68.6,12,8,2,TRUCK,FARMER_LOCAL_MANDI,2026-09-20,SYNTHETIC_DEMO
FML-D239F90E89,LOC-6DDE512872,MND-623FD8356E,Uttar Pradesh,Sultanpur,B,Sultanpur — Secondary Market Yard,56,78.6,6,5,2,TRUCK,FARMER_LOCAL_MANDI,2026-09-20,SYNTHETIC_DEMO
FML-C396850808,LOC-6DDE512872,MND-0A95F83BE9,Uttar Pradesh,Sultanpur,C,Sultanpur — Regional Wholesale Market,70,95.0,13,9,2,TRUCK,FARMER_LOCAL_MANDI,2026-09-20,SYNTHETIC_DEMO
FML-3E26716C06,LOC-6C406ABDEF,MND-B606E31824,Uttar Pradesh,Unnao,A,Unnao — Primary Local Mandi,47,59.7,9,6,2,TRUCK,FARMER_LOCAL_MANDI,2026-09-20,SYNTHETIC_DEMO
FML-26115CBC6C,LOC-6C406ABDEF,MND-23B5CF28D3,Uttar Pradesh,Unnao,B,Unnao — Secondary Market Yard,11,24.1,13,9,1,TRUCK,FARMER_LOCAL_MANDI,2026-09-20,SYNTHETIC_DEMO
FML-BD34A4A819,LOC-6C406ABDEF,MND-F93222FE72,Uttar Pradesh,Unnao,C,Unnao — Regional Wholesale Market,17,40.7,13,9,1,TRUCK,FARMER_LOCAL_MANDI,2026-09-20,SYNTHETIC_DEMO
FML-0ECF04F68F,LOC-3E890B3C1B,MND-2B762100FD,Uttar Pradesh,Varanasi,A,Varanasi — Primary Local Mandi,18,39.8,5,10,1,TRUCK,FARMER_LOCAL_MANDI,2026-09-20,SYNTHETIC_DEMO
FML-83D473A9FA,LOC-3E890B3C1B,MND-6F84260E49,Uttar Pradesh,Varanasi,B,Varanasi — Secondary Market Yard,64,77.4,12,6,2,TRUCK,FARMER_LOCAL_MANDI,2026-09-20,SYNTHETIC_DEMO
FML-A4190E8D22,LOC-3E890B3C1B,MND-EE7D8A64FC,Uttar Pradesh,Varanasi,C,Varanasi — Regional Wholesale Market,12,22.2,9,5,1,TRUCK,FARMER_LOCAL_MANDI,2026-09-20,SYNTHETIC_DEMO
FML-4577375B7B,LOC-C8281FAC42,MND-63CA206EE4,Uttarakhand,Almora,A,Almora — Primary Local Mandi,67,86.7,5,10,2,TRUCK,FARMER_LOCAL_MANDI,2026-09-20,SYNTHETIC_DEMO
FML-B43CB50550,LOC-C8281FAC42,MND-F667EBD75A,Uttarakhand,Almora,B,Almora — Secondary Market Yard,75,100.5,14,11,2,TRUCK,FARMER_LOCAL_MANDI,2026-09-20,SYNTHETIC_DEMO
FML-49624425D4,LOC-C8281FAC42,MND-C4F67DA5D6,Uttarakhand,Almora,C,Almora — Regional Wholesale Market,48,74.8,12,9,2,TRUCK,FARMER_LOCAL_MANDI,2026-09-20,SYNTHETIC_DEMO
FML-5B59D75A5A,LOC-CAF516E2EF,MND-338A9A2AB3,Uttarakhand,Bageshwar,A,Bageshwar — Primary Local Mandi,23,38.3,14,7,1,TRUCK,FARMER_LOCAL_MANDI,2026-09-20,SYNTHETIC_DEMO
FML-38868E2951,LOC-CAF516E2EF,MND-1E8B61EE32,Uttarakhand,Bageshwar,B,Bageshwar — Secondary Market Yard,61,73.1,7,10,2,TRUCK,FARMER_LOCAL_MANDI,2026-09-20,SYNTHETIC_DEMO
FML-C6CD4E728E,LOC-CAF516E2EF,MND-C19A002D8B,Uttarakhand,Bageshwar,C,Bageshwar — Regional Wholesale Market,6,18,6,6,1,TRUCK,FARMER_LOCAL_MANDI,2026-09-20,SYNTHETIC_DEMO
FML-516C352171,LOC-84E8A2569A,MND-BCC7ECF83C,Uttarakhand,Chamoli,A,Chamoli — Primary Local Mandi,64,82.4,5,7,2,TRUCK,FARMER_LOCAL_MANDI,2026-09-20,SYNTHETIC_DEMO
FML-703A2F089D,LOC-84E8A2569A,MND-5008FE841F,Uttarakhand,Chamoli,B,Chamoli — Secondary Market Yard,18,34.8,6,9,1,TRUCK,FARMER_LOCAL_MANDI,2026-09-20,SYNTHETIC_DEMO
FML-938CEDF834,LOC-84E8A2569A,MND-FE1BB41264,Uttarakhand,Chamoli,C,Chamoli — Regional Wholesale Market,77,91.7,6,10,2,TRUCK,FARMER_LOCAL_MANDI,2026-09-20,SYNTHETIC_DEMO
FML-5F69B18929,LOC-AEE592E301,MND-8CD4BC6A94,Uttarakhand,Champawat,A,Champawat — Primary Local Mandi,29,39.9,5,4,1,TRUCK,FARMER_LOCAL_MANDI,2026-09-20,SYNTHETIC_DEMO
FML-EE4C8E6FEA,LOC-AEE592E301,MND-A225AF1631,Uttarakhand,Champawat,B,Champawat — Secondary Market Yard,22,37.2,5,10,1,TRUCK,FARMER_LOCAL_MANDI,2026-09-20,SYNTHETIC_DEMO
FML-20CA1D5337,LOC-AEE592E301,MND-B67B33273F,Uttarakhand,Champawat,C,Champawat — Regional Wholesale Market,66,81.6,11,5,2,TRUCK,FARMER_LOCAL_MANDI,2026-09-20,SYNTHETIC_DEMO
FML-FDB2A81705,LOC-E9EA5D6ED0,MND-EA3D08D353,Uttarakhand,Dehradun,A,Dehradun — Primary Local Mandi,39,63.9,8,10,1,TRUCK,FARMER_LOCAL_MANDI,2026-09-20,SYNTHETIC_DEMO
FML-42CE12C737,LOC-E9EA5D6ED0,MND-9861F56E30,Uttarakhand,Dehradun,B,Dehradun — Secondary Market Yard,73,102.3,12,4,2,TRUCK,FARMER_LOCAL_MANDI,2026-09-20,SYNTHETIC_DEMO
FML-C845D83980,LOC-E9EA5D6ED0,MND-BECF58BE1F,Uttarakhand,Dehradun,C,Dehradun — Regional Wholesale Market,65,86.5,14,10,2,TRUCK,FARMER_LOCAL_MANDI,2026-09-20,SYNTHETIC_DEMO
FML-A57A465163,LOC-0036077A7E,MND-CE084FB023,Uttarakhand,Haridwar,A,Haridwar — Primary Local Mandi,10,26.0,13,9,1,TRUCK,FARMER_LOCAL_MANDI,2026-09-20,SYNTHETIC_DEMO
FML-4BD7983A89,LOC-0036077A7E,MND-E2D18EB316,Uttarakhand,Haridwar,B,Haridwar — Secondary Market Yard,65,92.5,9,7,2,TRUCK,FARMER_LOCAL_MANDI,2026-09-20,SYNTHETIC_DEMO
FML-FAE9F257A4,LOC-0036077A7E,MND-D9EF020694,Uttarakhand,Haridwar,C,Haridwar — Regional Wholesale Market,40,61.0,11,4,1,TRUCK,FARMER_LOCAL_MANDI,2026-09-20,SYNTHETIC_DEMO
FML-49D5898F95,LOC-F204DCEC0E,MND-EE56F67858,Uttarakhand,Nainital,A,Nainital — Primary Local Mandi,9,19.9,8,9,1,TRUCK,FARMER_LOCAL_MANDI,2026-09-20,SYNTHETIC_DEMO
FML-0BC402FE4E,LOC-F204DCEC0E,MND-6F586BDF84,Uttarakhand,Nainital,B,Nainital — Secondary Market Yard,51,75.1,14,11,2,TRUCK,FARMER_LOCAL_MANDI,2026-09-20,SYNTHETIC_DEMO
FML-11D4A74CAB,LOC-F204DCEC0E,MND-D1B0C9EF04,Uttarakhand,Nainital,C,Nainital — Regional Wholesale Market,11,18.1,10,7,1,TRUCK,FARMER_LOCAL_MANDI,2026-09-20,SYNTHETIC_DEMO
FML-EBD86056FE,LOC-72966EDFC2,MND-1FC855EAB7,Uttarakhand,Pauri Garhwal,A,Pauri Garhwal — Primary Local Mandi,37,57.7,13,8,1,TRUCK,FARMER_LOCAL_MANDI,2026-09-20,SYNTHETIC_DEMO
FML-09C65452C5,LOC-72966EDFC2,MND-5B54264F81,Uttarakhand,Pauri Garhwal,B,Pauri Garhwal — Secondary Market Yard,46,70.6,14,6,2,TRUCK,FARMER_LOCAL_MANDI,2026-09-20,SYNTHETIC_DEMO
FML-856A2036F1,LOC-72966EDFC2,MND-502EDDC2DF,Uttarakhand,Pauri Garhwal,C,Pauri Garhwal — Regional Wholesale Market,46,66.6,9,7,2,TRUCK,FARMER_LOCAL_MANDI,2026-09-20,SYNTHETIC_DEMO
FML-7F6D51BAF5,LOC-CE3FB514C4,MND-9403B4287C,Uttarakhand,Pithoragarh,A,Pithoragarh — Primary Local Mandi,11,18.1,14,9,1,TRUCK,FARMER_LOCAL_MANDI,2026-09-20,SYNTHETIC_DEMO
FML-3848F1F0C4,LOC-CE3FB514C4,MND-41D18E7E69,Uttarakhand,Pithoragarh,B,Pithoragarh — Secondary Market Yard,25,35.5,13,6,1,TRUCK,FARMER_LOCAL_MANDI,2026-09-20,SYNTHETIC_DEMO
FML-38E3A1C3BA,LOC-CE3FB514C4,MND-869934938E,Uttarakhand,Pithoragarh,C,Pithoragarh — Regional Wholesale Market,21,37.1,14,6,1,TRUCK,FARMER_LOCAL_MANDI,2026-09-20,SYNTHETIC_DEMO
FML-52993B000E,LOC-308B04DE40,MND-AF22E852F0,Uttarakhand,Rudraprayag,A,Rudraprayag — Primary Local Mandi,19,32.9,9,9,1,TRUCK,FARMER_LOCAL_MANDI,2026-09-20,SYNTHETIC_DEMO
FML-D19A28195D,LOC-308B04DE40,MND-B537A8232E,Uttarakhand,Rudraprayag,B,Rudraprayag — Secondary Market Yard,29,40.9,7,6,1,TRUCK,FARMER_LOCAL_MANDI,2026-09-20,SYNTHETIC_DEMO
FML-04661E9739,LOC-308B04DE40,MND-B0794BECDD,Uttarakhand,Rudraprayag,C,Rudraprayag — Regional Wholesale Market,33,44.3,14,9,1,TRUCK,FARMER_LOCAL_MANDI,2026-09-20,SYNTHETIC_DEMO
FML-0AACE5BC5F,LOC-87AA3C02CB,MND-43FF9974F3,Uttarakhand,Tehri Garhwal,A,Tehri Garhwal — Primary Local Mandi,18,38.8,11,10,1,TRUCK,FARMER_LOCAL_MANDI,2026-09-20,SYNTHETIC_DEMO
FML-9A087C749E,LOC-87AA3C02CB,MND-623C84853C,Uttarakhand,Tehri Garhwal,B,Tehri Garhwal — Secondary Market Yard,6,18.6,11,4,1,TRUCK,FARMER_LOCAL_MANDI,2026-09-20,SYNTHETIC_DEMO
FML-FD2AE206ED,LOC-87AA3C02CB,MND-0AA83C3182,Uttarakhand,Tehri Garhwal,C,Tehri Garhwal — Regional Wholesale Market,22,38.2,8,5,1,TRUCK,FARMER_LOCAL_MANDI,2026-09-20,SYNTHETIC_DEMO
FML-C6AE7731BD,LOC-F92482C3E1,MND-CBC4A03B66,Uttarakhand,Udham Singh Nagar,A,Udham Singh Nagar — Primary Local Mandi,5,25.5,8,10,1,TRUCK,FARMER_LOCAL_MANDI,2026-09-20,SYNTHETIC_DEMO
FML-76942C5BC4,LOC-F92482C3E1,MND-436FFF3107,Uttarakhand,Udham Singh Nagar,B,Udham Singh Nagar — Secondary Market Yard,35,60.5,9,5,1,TRUCK,FARMER_LOCAL_MANDI,2026-09-20,SYNTHETIC_DEMO
FML-E6FD35C6D2,LOC-F92482C3E1,MND-2862D57256,Uttarakhand,Udham Singh Nagar,C,Udham Singh Nagar — Regional Wholesale Market,11,25.1,13,6,1,TRUCK,FARMER_LOCAL_MANDI,2026-09-20,SYNTHETIC_DEMO
FML-6E4A8F5B4B,LOC-D0E3A22098,MND-9E30C0348E,Uttarakhand,Uttarkashi,A,Uttarkashi — Primary Local Mandi,59,73.9,14,9,2,TRUCK,FARMER_LOCAL_MANDI,2026-09-20,SYNTHETIC_DEMO
FML-21D9E4537A,LOC-D0E3A22098,MND-6C3BE13834,Uttarakhand,Uttarkashi,B,Uttarkashi — Secondary Market Yard,51,76.1,13,4,2,TRUCK,FARMER_LOCAL_MANDI,2026-09-20,SYNTHETIC_DEMO
FML-A582C8F1E7,LOC-D0E3A22098,MND-B1E9D05D22,Uttarakhand,Uttarkashi,C,Uttarkashi — Regional Wholesale Market,27,44.7,12,6,1,TRUCK,FARMER_LOCAL_MANDI,2026-09-20,SYNTHETIC_DEMO
FML-5E3AD2AD12,LOC-4B00C86F80,MND-D64116E1A3,West Bengal,Alipurduar,A,Alipurduar — Primary Local Mandi,50,75.0,6,7,2,TRUCK,FARMER_LOCAL_MANDI,2026-09-20,SYNTHETIC_DEMO
FML-B00C6A6A1D,LOC-4B00C86F80,MND-136FC0B853,West Bengal,Alipurduar,B,Alipurduar — Secondary Market Yard,53,78.3,11,10,2,TRUCK,FARMER_LOCAL_MANDI,2026-09-20,SYNTHETIC_DEMO
FML-5EE00A159F,LOC-4B00C86F80,MND-9252F82EFD,West Bengal,Alipurduar,C,Alipurduar — Regional Wholesale Market,53,71.3,10,5,2,TRUCK,FARMER_LOCAL_MANDI,2026-09-20,SYNTHETIC_DEMO
FML-9014EA1D74,LOC-1FE2E8C219,MND-6989D51A65,West Bengal,Bankura,A,Bankura — Primary Local Mandi,66,93.6,14,6,2,TRUCK,FARMER_LOCAL_MANDI,2026-09-20,SYNTHETIC_DEMO
FML-AF97F8C3DC,LOC-1FE2E8C219,MND-7D2EEEB0B2,West Bengal,Bankura,B,Bankura — Secondary Market Yard,33,55.3,11,4,1,TRUCK,FARMER_LOCAL_MANDI,2026-09-20,SYNTHETIC_DEMO
FML-41C21AB922,LOC-1FE2E8C219,MND-FE5DECA326,West Bengal,Bankura,C,Bankura — Regional Wholesale Market,8,26.8,12,10,1,TRUCK,FARMER_LOCAL_MANDI,2026-09-20,SYNTHETIC_DEMO
FML-DD9513AD57,LOC-889656289C,MND-5A0B98781F,West Bengal,Birbhum,A,Birbhum — Primary Local Mandi,68,92.8,8,9,2,TRUCK,FARMER_LOCAL_MANDI,2026-09-20,SYNTHETIC_DEMO
FML-46F857FDD6,LOC-889656289C,MND-C6D316C387,West Bengal,Birbhum,B,Birbhum — Secondary Market Yard,25,36.5,13,11,1,TRUCK,FARMER_LOCAL_MANDI,2026-09-20,SYNTHETIC_DEMO
FML-BE29C3EB93,LOC-889656289C,MND-920FCF49E1,West Bengal,Birbhum,C,Birbhum — Regional Wholesale Market,35,55.5,9,6,1,TRUCK,FARMER_LOCAL_MANDI,2026-09-20,SYNTHETIC_DEMO
FML-8B278AA8CB,LOC-D669EE419C,MND-6FF2D8F17E,West Bengal,Cooch Behar,A,Cooch Behar — Primary Local Mandi,40,53.0,5,7,1,TRUCK,FARMER_LOCAL_MANDI,2026-09-20,SYNTHETIC_DEMO
FML-1D576685A4,LOC-D669EE419C,MND-2CD61AFF8B,West Bengal,Cooch Behar,B,Cooch Behar — Secondary Market Yard,49,63.9,8,6,2,TRUCK,FARMER_LOCAL_MANDI,2026-09-20,SYNTHETIC_DEMO
FML-22A263050B,LOC-D669EE419C,MND-43C3A17776,West Bengal,Cooch Behar,C,Cooch Behar — Regional Wholesale Market,22,31.2,12,10,1,TRUCK,FARMER_LOCAL_MANDI,2026-09-20,SYNTHETIC_DEMO
FML-380CDDCF5B,LOC-56BC757727,MND-FA49141148,West Bengal,Dakshin Dinajpur,A,Dakshin Dinajpur — Primary Local Mandi,47,71.7,6,8,2,TRUCK,FARMER_LOCAL_MANDI,2026-09-20,SYNTHETIC_DEMO
FML-F3534D929F,LOC-56BC757727,MND-EC573F900C,West Bengal,Dakshin Dinajpur,B,Dakshin Dinajpur — Secondary Market Yard,34,51.4,8,10,1,TRUCK,FARMER_LOCAL_MANDI,2026-09-20,SYNTHETIC_DEMO
FML-CC6992CD4F,LOC-56BC757727,MND-AF6516375B,West Bengal,Dakshin Dinajpur,C,Dakshin Dinajpur — Regional Wholesale Market,45,61.5,14,9,1,TRUCK,FARMER_LOCAL_MANDI,2026-09-20,SYNTHETIC_DEMO
FML-6E5BFF9331,LOC-44958D9A68,MND-30761DA595,West Bengal,Darjeeling,A,Darjeeling — Primary Local Mandi,30,46.0,13,10,1,TRUCK,FARMER_LOCAL_MANDI,2026-09-20,SYNTHETIC_DEMO
FML-F25CBCBB71,LOC-44958D9A68,MND-8DB8B912EB,West Bengal,Darjeeling,B,Darjeeling — Secondary Market Yard,44,66.4,6,8,1,TRUCK,FARMER_LOCAL_MANDI,2026-09-20,SYNTHETIC_DEMO
FML-B90C46649A,LOC-44958D9A68,MND-ADCEAFC2F2,West Bengal,Darjeeling,C,Darjeeling — Regional Wholesale Market,77,102.7,11,5,2,TRUCK,FARMER_LOCAL_MANDI,2026-09-20,SYNTHETIC_DEMO
FML-D2D54882B6,LOC-0E89468381,MND-98FC19096E,West Bengal,Hooghly,A,Hooghly — Primary Local Mandi,49,73.9,13,5,2,TRUCK,FARMER_LOCAL_MANDI,2026-09-20,SYNTHETIC_DEMO
FML-6B410E20A2,LOC-0E89468381,MND-A1CD0FD642,West Bengal,Hooghly,B,Hooghly — Secondary Market Yard,7,18.7,13,5,1,TRUCK,FARMER_LOCAL_MANDI,2026-09-20,SYNTHETIC_DEMO
FML-51F1ECF472,LOC-0E89468381,MND-D39B854859,West Bengal,Hooghly,C,Hooghly — Regional Wholesale Market,42,58.2,5,8,1,TRUCK,FARMER_LOCAL_MANDI,2026-09-20,SYNTHETIC_DEMO
FML-1887967006,LOC-6AC9D403DB,MND-9906D114B8,West Bengal,Howrah,A,Howrah — Primary Local Mandi,52,67.2,9,8,2,TRUCK,FARMER_LOCAL_MANDI,2026-09-20,SYNTHETIC_DEMO
FML-AEDFEE0F38,LOC-6AC9D403DB,MND-B146E17AF8,West Bengal,Howrah,B,Howrah — Secondary Market Yard,15,28.5,12,10,1,TRUCK,FARMER_LOCAL_MANDI,2026-09-20,SYNTHETIC_DEMO
FML-FF072B7240,LOC-6AC9D403DB,MND-81247AB6B2,West Bengal,Howrah,C,Howrah — Regional Wholesale Market,65,86.5,7,5,2,TRUCK,FARMER_LOCAL_MANDI,2026-09-20,SYNTHETIC_DEMO
FML-2134A28A2C,LOC-787B141186,MND-DEFB5DCADF,West Bengal,Jalpaiguri,A,Jalpaiguri — Primary Local Mandi,53,73.3,8,11,2,TRUCK,FARMER_LOCAL_MANDI,2026-09-20,SYNTHETIC_DEMO
FML-89B5AC285E,LOC-787B141186,MND-7AFEB4A51C,West Bengal,Jalpaiguri,B,Jalpaiguri — Secondary Market Yard,32,44.2,8,11,1,TRUCK,FARMER_LOCAL_MANDI,2026-09-20,SYNTHETIC_DEMO
FML-46CC136A72,LOC-787B141186,MND-2AE13FACA6,West Bengal,Jalpaiguri,C,Jalpaiguri — Regional Wholesale Market,34,47.4,7,6,1,TRUCK,FARMER_LOCAL_MANDI,2026-09-20,SYNTHETIC_DEMO
FML-9F7F742E45,LOC-A959F88479,MND-D026172BE7,West Bengal,Jhargram,A,Jhargram — Primary Local Mandi,52,74.2,11,9,2,TRUCK,FARMER_LOCAL_MANDI,2026-09-20,SYNTHETIC_DEMO
FML-C42E326596,LOC-A959F88479,MND-DEE6D35122,West Bengal,Jhargram,B,Jhargram — Secondary Market Yard,65,77.5,14,9,2,TRUCK,FARMER_LOCAL_MANDI,2026-09-20,SYNTHETIC_DEMO
FML-FF22EF9413,LOC-A959F88479,MND-854F59C662,West Bengal,Jhargram,C,Jhargram — Regional Wholesale Market,32,56.2,9,4,1,TRUCK,FARMER_LOCAL_MANDI,2026-09-20,SYNTHETIC_DEMO
FML-2211145C60,LOC-6EC79ACB8A,MND-BCF24F6C14,West Bengal,Kalimpong,A,Kalimpong — Primary Local Mandi,73,87.3,11,6,2,TRUCK,FARMER_LOCAL_MANDI,2026-09-20,SYNTHETIC_DEMO
FML-2DA2B6C769,LOC-6EC79ACB8A,MND-82BF6EC0E5,West Bengal,Kalimpong,B,Kalimpong — Secondary Market Yard,66,91.6,7,10,2,TRUCK,FARMER_LOCAL_MANDI,2026-09-20,SYNTHETIC_DEMO
FML-9F6F105D63,LOC-6EC79ACB8A,MND-0AD6063FED,West Bengal,Kalimpong,C,Kalimpong — Regional Wholesale Market,16,33.6,6,10,1,TRUCK,FARMER_LOCAL_MANDI,2026-09-20,SYNTHETIC_DEMO
FML-9E43C04DFF,LOC-87340E1D62,MND-B34CAFDDD6,West Bengal,Kolkata,A,Kolkata — Primary Local Mandi,59,82.9,7,7,2,TRUCK,FARMER_LOCAL_MANDI,2026-09-20,SYNTHETIC_DEMO
FML-ED0AEF5B78,LOC-87340E1D62,MND-F3AD793D35,West Bengal,Kolkata,B,Kolkata — Secondary Market Yard,72,95.2,8,10,2,TRUCK,FARMER_LOCAL_MANDI,2026-09-20,SYNTHETIC_DEMO
FML-249B735B47,LOC-87340E1D62,MND-F6645D869F,West Bengal,Kolkata,C,Kolkata — Regional Wholesale Market,21,42.1,5,6,1,TRUCK,FARMER_LOCAL_MANDI,2026-09-20,SYNTHETIC_DEMO
FML-2EEE90B145,LOC-4B5854CE87,MND-8F1A24AB23,West Bengal,Malda,A,Malda — Primary Local Mandi,32,42.2,8,10,1,TRUCK,FARMER_LOCAL_MANDI,2026-09-20,SYNTHETIC_DEMO
FML-91C9AD7B35,LOC-4B5854CE87,MND-4F639E3878,West Bengal,Malda,B,Malda — Secondary Market Yard,69,90.9,13,5,2,TRUCK,FARMER_LOCAL_MANDI,2026-09-20,SYNTHETIC_DEMO
FML-0419B8EEA7,LOC-4B5854CE87,MND-B51C0C4C04,West Bengal,Malda,C,Malda — Regional Wholesale Market,17,39.7,8,5,1,TRUCK,FARMER_LOCAL_MANDI,2026-09-20,SYNTHETIC_DEMO
FML-163A437EC3,LOC-D28CF3087C,MND-DD1496F752,West Bengal,Murshidabad,A,Murshidabad — Primary Local Mandi,46,71.6,5,8,2,TRUCK,FARMER_LOCAL_MANDI,2026-09-20,SYNTHETIC_DEMO
FML-4913A39568,LOC-D28CF3087C,MND-77DB9E5704,West Bengal,Murshidabad,B,Murshidabad — Secondary Market Yard,8,28.8,5,5,1,TRUCK,FARMER_LOCAL_MANDI,2026-09-20,SYNTHETIC_DEMO
FML-799EDC99CB,LOC-D28CF3087C,MND-0E5BEABC9E,West Bengal,Murshidabad,C,Murshidabad — Regional Wholesale Market,48,62.8,14,7,2,TRUCK,FARMER_LOCAL_MANDI,2026-09-20,SYNTHETIC_DEMO
FML-44163C84D0,LOC-759AD7A938,MND-6395733E92,West Bengal,Nadia,A,Nadia — Primary Local Mandi,23,33.3,13,5,1,TRUCK,FARMER_LOCAL_MANDI,2026-09-20,SYNTHETIC_DEMO
FML-9BB8C00592,LOC-759AD7A938,MND-52DE4D8613,West Bengal,Nadia,B,Nadia — Secondary Market Yard,29,37.9,13,4,1,TRUCK,FARMER_LOCAL_MANDI,2026-09-20,SYNTHETIC_DEMO
FML-B92772FEF1,LOC-759AD7A938,MND-B0915161F3,West Bengal,Nadia,C,Nadia — Regional Wholesale Market,10,26.0,9,4,1,TRUCK,FARMER_LOCAL_MANDI,2026-09-20,SYNTHETIC_DEMO
FML-B8BEB637DF,LOC-FEB4C33EE0,MND-0EDFE176D7,West Bengal,North 24 Parganas,A,North 24 Parganas — Primary Local Mandi,40,52.0,11,7,1,TRUCK,FARMER_LOCAL_MANDI,2026-09-20,SYNTHETIC_DEMO
FML-30405E5F63,LOC-FEB4C33EE0,MND-F9EE3D809C,West Bengal,North 24 Parganas,B,North 24 Parganas — Secondary Market Yard,9,22.9,9,7,1,TRUCK,FARMER_LOCAL_MANDI,2026-09-20,SYNTHETIC_DEMO
FML-1E5411F2B3,LOC-FEB4C33EE0,MND-FA478DF193,West Bengal,North 24 Parganas,C,North 24 Parganas — Regional Wholesale Market,5,20.5,13,8,1,TRUCK,FARMER_LOCAL_MANDI,2026-09-20,SYNTHETIC_DEMO
FML-97397A4091,LOC-63DC933361,MND-F968F2B049,West Bengal,Paschim Bardhaman,A,Paschim Bardhaman — Primary Local Mandi,45,66.5,5,10,1,TRUCK,FARMER_LOCAL_MANDI,2026-09-20,SYNTHETIC_DEMO
FML-03E7965235,LOC-63DC933361,MND-5E5A148747,West Bengal,Paschim Bardhaman,B,Paschim Bardhaman — Secondary Market Yard,45,68.5,5,4,1,TRUCK,FARMER_LOCAL_MANDI,2026-09-20,SYNTHETIC_DEMO
FML-492CA796CE,LOC-63DC933361,MND-59960219CA,West Bengal,Paschim Bardhaman,C,Paschim Bardhaman — Regional Wholesale Market,74,91.4,8,8,2,TRUCK,FARMER_LOCAL_MANDI,2026-09-20,SYNTHETIC_DEMO
FML-D46C17B70C,LOC-0CE41EBF95,MND-F9A907AE37,West Bengal,Paschim Medinipur,A,Paschim Medinipur — Primary Local Mandi,36,51.6,10,5,1,TRUCK,FARMER_LOCAL_MANDI,2026-09-20,SYNTHETIC_DEMO
FML-EA04A552C6,LOC-0CE41EBF95,MND-D981B83C2A,West Bengal,Paschim Medinipur,B,Paschim Medinipur — Secondary Market Yard,54,78.4,9,10,2,TRUCK,FARMER_LOCAL_MANDI,2026-09-20,SYNTHETIC_DEMO
FML-BD8F9FB47B,LOC-0CE41EBF95,MND-7C4D815752,West Bengal,Paschim Medinipur,C,Paschim Medinipur — Regional Wholesale Market,26,47.6,5,9,1,TRUCK,FARMER_LOCAL_MANDI,2026-09-20,SYNTHETIC_DEMO
FML-41A6A6D82B,LOC-1B2E7B4118,MND-82BCEDBD69,West Bengal,Purba Bardhaman,A,Purba Bardhaman — Primary Local Mandi,77,94.7,11,4,2,TRUCK,FARMER_LOCAL_MANDI,2026-09-20,SYNTHETIC_DEMO
FML-CB444DB4C9,LOC-1B2E7B4118,MND-B0F6B50592,West Bengal,Purba Bardhaman,B,Purba Bardhaman — Secondary Market Yard,18,40.8,14,10,1,TRUCK,FARMER_LOCAL_MANDI,2026-09-20,SYNTHETIC_DEMO
FML-C382506077,LOC-1B2E7B4118,MND-D42C7CA881,West Bengal,Purba Bardhaman,C,Purba Bardhaman — Regional Wholesale Market,32,51.2,14,10,1,TRUCK,FARMER_LOCAL_MANDI,2026-09-20,SYNTHETIC_DEMO
FML-D51CB3A66F,LOC-6895D349E0,MND-636CA3A6C8,West Bengal,Purba Medinipur,A,Purba Medinipur — Primary Local Mandi,76,91.6,5,9,2,TRUCK,FARMER_LOCAL_MANDI,2026-09-20,SYNTHETIC_DEMO
FML-D0D4955376,LOC-6895D349E0,MND-3A1A93DEC3,West Bengal,Purba Medinipur,B,Purba Medinipur — Secondary Market Yard,16,32.6,10,4,1,TRUCK,FARMER_LOCAL_MANDI,2026-09-20,SYNTHETIC_DEMO
FML-F525F6FC49,LOC-6895D349E0,MND-F79582DDFD,West Bengal,Purba Medinipur,C,Purba Medinipur — Regional Wholesale Market,32,45.2,14,9,1,TRUCK,FARMER_LOCAL_MANDI,2026-09-20,SYNTHETIC_DEMO
FML-F80E7D5459,LOC-7A82A9BE80,MND-62FB78807D,West Bengal,Purulia,A,Purulia — Primary Local Mandi,41,60.1,8,7,1,TRUCK,FARMER_LOCAL_MANDI,2026-09-20,SYNTHETIC_DEMO
FML-EE185004D4,LOC-7A82A9BE80,MND-DAE7491773,West Bengal,Purulia,B,Purulia — Secondary Market Yard,52,64.2,10,9,2,TRUCK,FARMER_LOCAL_MANDI,2026-09-20,SYNTHETIC_DEMO
FML-F10D4A08E9,LOC-7A82A9BE80,MND-CA9B4D027F,West Bengal,Purulia,C,Purulia — Regional Wholesale Market,20,41.0,11,8,1,TRUCK,FARMER_LOCAL_MANDI,2026-09-20,SYNTHETIC_DEMO
FML-D8FE514269,LOC-BA5176068F,MND-5AD2D07543,West Bengal,South 24 Parganas,A,South 24 Parganas — Primary Local Mandi,6,18,13,8,1,TRUCK,FARMER_LOCAL_MANDI,2026-09-20,SYNTHETIC_DEMO
FML-50A29A1CA5,LOC-BA5176068F,MND-EFAA2219D2,West Bengal,South 24 Parganas,B,South 24 Parganas — Secondary Market Yard,12,26.2,13,11,1,TRUCK,FARMER_LOCAL_MANDI,2026-09-20,SYNTHETIC_DEMO
FML-B1DE23AA4F,LOC-BA5176068F,MND-2FAB417B09,West Bengal,South 24 Parganas,C,South 24 Parganas — Regional Wholesale Market,12,34.2,14,10,1,TRUCK,FARMER_LOCAL_MANDI,2026-09-20,SYNTHETIC_DEMO
FML-BE7E3F5C06,LOC-7C0BAFE190,MND-53F861CBEC,West Bengal,Uttar Dinajpur,A,Uttar Dinajpur — Primary Local Mandi,25,47.5,12,6,1,TRUCK,FARMER_LOCAL_MANDI,2026-09-20,SYNTHETIC_DEMO
FML-B2198FFED6,LOC-7C0BAFE190,MND-6177BB9850,West Bengal,Uttar Dinajpur,B,Uttar Dinajpur — Secondary Market Yard,60,80.0,13,11,2,TRUCK,FARMER_LOCAL_MANDI,2026-09-20,SYNTHETIC_DEMO
FML-A02F3CD11E,LOC-7C0BAFE190,MND-C44878DC26,West Bengal,Uttar Dinajpur,C,Uttar Dinajpur — Regional Wholesale Market,33,42.3,5,5,1,TRUCK,FARMER_LOCAL_MANDI,2026-09-20,SYNTHETIC_DEMO
